{
  "meta": {
    "data_version": "1.0.0",
    "created": "2020-10-26",
    "revision": 1
  },
  "info": {
    "balls_per_over": 6,
    "city": "Bendigo",
    "dates": [
      "2017-02-19"
    ],
    "event": {
      "name": "ICC World Cricket League East Asia-Pacific Region Qualifiers",
      "match_number": 2
    },
    "gender": "male",
    "match_type": "ODM",
    "officials": {
      "reserve_umpires": [
        "Suresh Subramanian"
      ],
      "umpires": [
        "Sarika Prasad",
        "C Thurgate"
      ]
    },
    "outcome": {
      "winner": "Vanuatu",
      "by": {
        "wickets": 10
      }
    },
    "overs": 50,
    "player_of_match": [
      "JW Chilia"
    ],
    "players": {
      "Indonesia": [
        "Anjar Tadarus",
        "Muhaddis Muhaddis",
        "VC Bhammar",
        "RT Rubbi",
        "IK Gamantika",
        "IDGP Kisawa",
        "Ahmad Ramdoni",
        "AH Kapadia",
        "Gaurav Tiwari",
        "F Shony",
        "IW Budiarta"
      ],
      "Vanuatu": [
        "J Dunn",
        "J Rasu",
        "PK Matautaava",
        "T Langa",
        "W Viraliliu",
        "N Nipiko",
        "JW Chilia",
        "A Mansale",
        "R Tari",
        "W Nalisa",
        "AL Stephen"
      ]
    },
    "registry": {
      "people": {
        "A Mansale": "a22b4f3f",
        "AH Kapadia": "a21fa4b7",
        "AL Stephen": "49f6d023",
        "Ahmad Ramdoni": "b5f30525",
        "Anjar Tadarus": "72275237",
        "C Thurgate": "4d8ad58c",
        "F Shony": "85712af4",
        "Gaurav Tiwari": "cab3f89a",
        "IDGP Kisawa": "1d683ea3",
        "IK Gamantika": "4d7c5b56",
        "IW Budiarta": "27320242",
        "J Dunn": "136848e6",
        "J Rasu": "1021b6e5",
        "JW Chilia": "479da8f9",
        "Muhaddis Muhaddis": "32cff598",
        "N Nipiko": "c498c510",
        "PK Matautaava": "af19aa66",
        "R Tari": "c4d19735",
        "RT Rubbi": "17f68661",
        "Sarika Prasad": "8ff397fa",
        "Suresh Subramanian": "4e869e23",
        "T Langa": "ffb59fe6",
        "VC Bhammar": "a5703688",
        "W Nalisa": "673be48f",
        "W Viraliliu": "a89730a9"
      }
    },
    "season": "2016/17",
    "team_type": "international",
    "teams": [
      "Indonesia",
      "Vanuatu"
    ],
    "toss": {
      "decision": "field",
      "winner": "Vanuatu"
    },
    "venue": "Dower Park"
  },
  "innings": [
    {
      "team": "Indonesia",
      "overs": [
        {
          "over": 0,
          "deliveries": [
            {
              "batter": "Muhaddis Muhaddis",
              "bowler": "PK Matautaava",
              "non_striker": "Anjar Tadarus",
              "runs": {
                "batter": 0,
                "extras": 0,
                "total": 0
              }
            },
            {
              "batter": "Muhaddis Muhaddis",
              "bowler": "PK Matautaava",
              "non_striker": "Anjar Tadarus",
              "runs": {
                "batter": 0,
                "extras": 0,
                "total": 0
              }
            },
            {
              "batter": "Muhaddis Muhaddis",
              "bowler": "PK Matautaava",
              "non_striker": "Anjar Tadarus",
              "runs": {
                "batter": 2,
                "extras": 0,
                "total": 2
              }
            },
            {
              "batter": "Muhaddis Muhaddis",
              "bowler": "PK Matautaava",
              "non_striker": "Anjar Tadarus",
              "runs": {
                "batter": 0,
                "extras": 0,
                "total": 0
              }
            },
            {
              "batter": "Muhaddis Muhaddis",
              "bowler": "PK Matautaava",
              "non_striker": "Anjar Tadarus",
              "runs": {
                "batter": 0,
                "extras": 0,
                "total": 0
              }
            },
            {
              "batter": "Muhaddis Muhaddis",
              "bowler": "PK Matautaava",
              "non_striker": "Anjar Tadarus",
              "runs": {
                "batter": 0,
                "extras": 0,
                "total": 0
              }
            }
          ]
        },
        {
          "over": 1,
          "deliveries": [
            {
              "batter": "Anjar Tadarus",
              "bowler": "AL Stephen",
              "non_striker": "Muhaddis Muhaddis",
              "runs": {
                "batter": 0,
                "extras": 0,
                "total": 0
              }
            },
            {
              "batter": "Anjar Tadarus",
              "bowler": "AL Stephen",
              "non_striker": "Muhaddis Muhaddis",
              "runs": {
                "batter": 0,
                "extras": 0,
                "total": 0
              }
            },
            {
              "batter": "Anjar Tadarus",
              "bowler": "AL Stephen",
              "non_striker": "Muhaddis Muhaddis",
              "runs": {
                "batter": 0,
                "extras": 0,
                "total": 0
              }
            },
            {
              "batter": "Anjar Tadarus",
              "bowler": "AL Stephen",
              "non_striker": "Muhaddis Muhaddis",
              "runs": {
                "batter": 0,
                "extras": 0,
                "total": 0
              }
            },
            {
              "batter": "Anjar Tadarus",
              "bowler": "AL Stephen",
              "non_striker": "Muhaddis Muhaddis",
              "runs": {
                "batter": 0,
                "extras": 0,
                "total": 0
              }
            },
            {
              "batter": "Anjar Tadarus",
              "bowler": "AL Stephen",
              "non_striker": "Muhaddis Muhaddis",
              "runs": {
                "batter": 0,
                "extras": 0,
                "total": 0
              },
              "wickets": [
                {
                  "player_out": "Anjar Tadarus",
                  "kind": "bowled"
                }
              ]
            }
          ]
        },
        {
          "over": 2,
          "deliveries": [
            {
              "batter": "Muhaddis Muhaddis",
              "bowler": "PK Matautaava",
              "non_striker": "VC Bhammar",
              "runs": {
                "batter": 0,
                "extras": 0,
                "total": 0
              }
            },
            {
              "batter": "Muhaddis Muhaddis",
              "bowler": "PK Matautaava",
              "non_striker": "VC Bhammar",
              "runs": {
                "batter": 0,
                "extras": 0,
                "total": 0
              }
            },
            {
              "batter": "Muhaddis Muhaddis",
              "bowler": "PK Matautaava",
              "extras": {
                "wides": 1
              },
              "non_striker": "VC Bhammar",
              "runs": {
                "batter": 0,
                "extras": 1,
                "total": 1
              }
            },
            {
              "batter": "Muhaddis Muhaddis",
              "bowler": "PK Matautaava",
              "non_striker": "VC Bhammar",
              "runs": {
                "batter": 0,
                "extras": 0,
                "total": 0
              }
            },
            {
              "batter": "Muhaddis Muhaddis",
              "bowler": "PK Matautaava",
              "non_striker": "VC Bhammar",
              "runs": {
                "batter": 0,
                "extras": 0,
                "total": 0
              }
            },
            {
              "batter": "Muhaddis Muhaddis",
              "bowler": "PK Matautaava",
              "non_striker": "VC Bhammar",
              "runs": {
                "batter": 0,
                "extras": 0,
                "total": 0
              }
            },
            {
              "batter": "Muhaddis Muhaddis",
              "bowler": "PK Matautaava",
              "non_striker": "VC Bhammar",
              "runs": {
                "batter": 0,
                "extras": 0,
                "total": 0
              }
            }
          ]
        },
        {
          "over": 3,
          "deliveries": [
            {
              "batter": "VC Bhammar",
              "bowler": "AL Stephen",
              "non_striker": "Muhaddis Muhaddis",
              "runs": {
                "batter": 0,
                "extras": 0,
                "total": 0
              }
            },
            {
              "batter": "VC Bhammar",
              "bowler": "AL Stephen",
              "non_striker": "Muhaddis Muhaddis",
              "runs": {
                "batter": 2,
                "extras": 0,
                "total": 2
              }
            },
            {
              "batter": "VC Bhammar",
              "bowler": "AL Stephen",
              "non_striker": "Muhaddis Muhaddis",
              "runs": {
                "batter": 0,
                "extras": 0,
                "total": 0
              }
            },
            {
              "batter": "VC Bhammar",
              "bowler": "AL Stephen",
              "non_striker": "Muhaddis Muhaddis",
              "runs": {
                "batter": 0,
                "extras": 0,
                "total": 0
              }
            },
            {
              "batter": "VC Bhammar",
              "bowler": "AL Stephen",
              "non_striker": "Muhaddis Muhaddis",
              "runs": {
                "batter": 0,
                "extras": 0,
                "total": 0
              }
            },
            {
              "batter": "VC Bhammar",
              "bowler": "AL Stephen",
              "non_striker": "Muhaddis Muhaddis",
              "runs": {
                "batter": 0,
                "extras": 0,
                "total": 0
              }
            }
          ]
        },
        {
          "over": 4,
          "deliveries": [
            {
              "batter": "Muhaddis Muhaddis",
              "bowler": "PK Matautaava",
              "non_striker": "VC Bhammar",
              "runs": {
                "batter": 0,
                "extras": 0,
                "total": 0
              }
            },
            {
              "batter": "Muhaddis Muhaddis",
              "bowler": "PK Matautaava",
              "non_striker": "VC Bhammar",
              "runs": {
                "batter": 2,
                "extras": 0,
                "total": 2
              }
            },
            {
              "batter": "Muhaddis Muhaddis",
              "bowler": "PK Matautaava",
              "non_striker": "VC Bhammar",
              "runs": {
                "batter": 0,
                "extras": 0,
                "total": 0
              }
            },
            {
              "batter": "Muhaddis Muhaddis",
              "bowler": "PK Matautaava",
              "non_striker": "VC Bhammar",
              "runs": {
                "batter": 0,
                "extras": 0,
                "total": 0
              }
            },
            {
              "batter": "Muhaddis Muhaddis",
              "bowler": "PK Matautaava",
              "non_striker": "VC Bhammar",
              "runs": {
                "batter": 0,
                "extras": 0,
                "total": 0
              }
            },
            {
              "batter": "Muhaddis Muhaddis",
              "bowler": "PK Matautaava",
              "non_striker": "VC Bhammar",
              "runs": {
                "batter": 0,
                "extras": 0,
                "total": 0
              }
            }
          ]
        },
        {
          "over": 5,
          "deliveries": [
            {
              "batter": "VC Bhammar",
              "bowler": "AL Stephen",
              "non_striker": "Muhaddis Muhaddis",
              "runs": {
                "batter": 0,
                "extras": 0,
                "total": 0
              }
            },
            {
              "batter": "VC Bhammar",
              "bowler": "AL Stephen",
              "extras": {
                "wides": 1
              },
              "non_striker": "Muhaddis Muhaddis",
              "runs": {
                "batter": 0,
                "extras": 1,
                "total": 1
              }
            },
            {
              "batter": "VC Bhammar",
              "bowler": "AL Stephen",
              "non_striker": "Muhaddis Muhaddis",
              "runs": {
                "batter": 2,
                "extras": 0,
                "total": 2
              }
            },
            {
              "batter": "VC Bhammar",
              "bowler": "AL Stephen",
              "non_striker": "Muhaddis Muhaddis",
              "runs": {
                "batter": 0,
                "extras": 0,
                "total": 0
              }
            },
            {
              "batter": "VC Bhammar",
              "bowler": "AL Stephen",
              "non_striker": "Muhaddis Muhaddis",
              "runs": {
                "batter": 0,
                "extras": 0,
                "total": 0
              }
            },
            {
              "batter": "VC Bhammar",
              "bowler": "AL Stephen",
              "non_striker": "Muhaddis Muhaddis",
              "runs": {
                "batter": 0,
                "extras": 0,
                "total": 0
              }
            },
            {
              "batter": "VC Bhammar",
              "bowler": "AL Stephen",
              "non_striker": "Muhaddis Muhaddis",
              "runs": {
                "batter": 0,
                "extras": 0,
                "total": 0
              }
            }
          ]
        },
        {
          "over": 6,
          "deliveries": [
            {
              "batter": "Muhaddis Muhaddis",
              "bowler": "PK Matautaava",
              "non_striker": "VC Bhammar",
              "runs": {
                "batter": 4,
                "extras": 0,
                "total": 4
              }
            },
            {
              "batter": "Muhaddis Muhaddis",
              "bowler": "PK Matautaava",
              "non_striker": "VC Bhammar",
              "runs": {
                "batter": 0,
                "extras": 0,
                "total": 0
              }
            },
            {
              "batter": "Muhaddis Muhaddis",
              "bowler": "PK Matautaava",
              "non_striker": "VC Bhammar",
              "runs": {
                "batter": 0,
                "extras": 0,
                "total": 0
              }
            },
            {
              "batter": "Muhaddis Muhaddis",
              "bowler": "PK Matautaava",
              "non_striker": "VC Bhammar",
              "runs": {
                "batter": 1,
                "extras": 0,
                "total": 1
              }
            },
            {
              "batter": "VC Bhammar",
              "bowler": "PK Matautaava",
              "non_striker": "Muhaddis Muhaddis",
              "runs": {
                "batter": 0,
                "extras": 0,
                "total": 0
              }
            },
            {
              "batter": "VC Bhammar",
              "bowler": "PK Matautaava",
              "non_striker": "Muhaddis Muhaddis",
              "runs": {
                "batter": 0,
                "extras": 0,
                "total": 0
              }
            }
          ]
        },
        {
          "over": 7,
          "deliveries": [
            {
              "batter": "Muhaddis Muhaddis",
              "bowler": "AL Stephen",
              "non_striker": "VC Bhammar",
              "runs": {
                "batter": 0,
                "extras": 0,
                "total": 0
              }
            },
            {
              "batter": "Muhaddis Muhaddis",
              "bowler": "AL Stephen",
              "non_striker": "VC Bhammar",
              "runs": {
                "batter": 1,
                "extras": 0,
                "total": 1
              }
            },
            {
              "batter": "VC Bhammar",
              "bowler": "AL Stephen",
              "non_striker": "Muhaddis Muhaddis",
              "runs": {
                "batter": 0,
                "extras": 0,
                "total": 0
              }
            },
            {
              "batter": "VC Bhammar",
              "bowler": "AL Stephen",
              "non_striker": "Muhaddis Muhaddis",
              "runs": {
                "batter": 0,
                "extras": 0,
                "total": 0
              }
            },
            {
              "batter": "VC Bhammar",
              "bowler": "AL Stephen",
              "non_striker": "Muhaddis Muhaddis",
              "runs": {
                "batter": 0,
                "extras": 0,
                "total": 0
              }
            },
            {
              "batter": "VC Bhammar",
              "bowler": "AL Stephen",
              "non_striker": "Muhaddis Muhaddis",
              "runs": {
                "batter": 0,
                "extras": 0,
                "total": 0
              }
            }
          ]
        },
        {
          "over": 8,
          "deliveries": [
            {
              "batter": "Muhaddis Muhaddis",
              "bowler": "PK Matautaava",
              "non_striker": "VC Bhammar",
              "runs": {
                "batter": 4,
                "extras": 0,
                "total": 4
              }
            },
            {
              "batter": "Muhaddis Muhaddis",
              "bowler": "PK Matautaava",
              "non_striker": "VC Bhammar",
              "runs": {
                "batter": 0,
                "extras": 0,
                "total": 0
              }
            },
            {
              "batter": "Muhaddis Muhaddis",
              "bowler": "PK Matautaava",
              "non_striker": "VC Bhammar",
              "runs": {
                "batter": 0,
                "extras": 0,
                "total": 0
              }
            },
            {
              "batter": "Muhaddis Muhaddis",
              "bowler": "PK Matautaava",
              "non_striker": "VC Bhammar",
              "runs": {
                "batter": 4,
                "extras": 0,
                "total": 4
              }
            },
            {
              "batter": "Muhaddis Muhaddis",
              "bowler": "PK Matautaava",
              "non_striker": "VC Bhammar",
              "runs": {
                "batter": 0,
                "extras": 0,
                "total": 0
              },
              "wickets": [
                {
                  "player_out": "Muhaddis Muhaddis",
                  "kind": "lbw"
                }
              ]
            },
            {
              "batter": "RT Rubbi",
              "bowler": "PK Matautaava",
              "non_striker": "VC Bhammar",
              "runs": {
                "batter": 0,
                "extras": 0,
                "total": 0
              }
            }
          ]
        },
        {
          "over": 9,
          "deliveries": [
            {
              "batter": "VC Bhammar",
              "bowler": "AL Stephen",
              "extras": {
                "wides": 1
              },
              "non_striker": "RT Rubbi",
              "runs": {
                "batter": 0,
                "extras": 1,
                "total": 1
              }
            },
            {
              "batter": "VC Bhammar",
              "bowler": "AL Stephen",
              "non_striker": "RT Rubbi",
              "runs": {
                "batter": 0,
                "extras": 0,
                "total": 0
              }
            },
            {
              "batter": "VC Bhammar",
              "bowler": "AL Stephen",
              "non_striker": "RT Rubbi",
              "runs": {
                "batter": 0,
                "extras": 0,
                "total": 0
              }
            },
            {
              "batter": "VC Bhammar",
              "bowler": "AL Stephen",
              "non_striker": "RT Rubbi",
              "runs": {
                "batter": 0,
                "extras": 0,
                "total": 0
              }
            },
            {
              "batter": "VC Bhammar",
              "bowler": "AL Stephen",
              "non_striker": "RT Rubbi",
              "runs": {
                "batter": 2,
                "extras": 0,
                "total": 2
              }
            },
            {
              "batter": "VC Bhammar",
              "bowler": "AL Stephen",
              "non_striker": "RT Rubbi",
              "runs": {
                "batter": 0,
                "extras": 0,
                "total": 0
              }
            },
            {
              "batter": "VC Bhammar",
              "bowler": "AL Stephen",
              "non_striker": "RT Rubbi",
              "runs": {
                "batter": 0,
                "extras": 0,
                "total": 0
              }
            }
          ]
        },
        {
          "over": 10,
          "deliveries": [
            {
              "batter": "RT Rubbi",
              "bowler": "PK Matautaava",
              "non_striker": "VC Bhammar",
              "runs": {
                "batter": 0,
                "extras": 0,
                "total": 0
              }
            },
            {
              "batter": "RT Rubbi",
              "bowler": "PK Matautaava",
              "extras": {
                "wides": 1
              },
              "non_striker": "VC Bhammar",
              "runs": {
                "batter": 0,
                "extras": 1,
                "total": 1
              }
            },
            {
              "batter": "RT Rubbi",
              "bowler": "PK Matautaava",
              "non_striker": "VC Bhammar",
              "runs": {
                "batter": 0,
                "extras": 0,
                "total": 0
              }
            },
            {
              "batter": "RT Rubbi",
              "bowler": "PK Matautaava",
              "non_striker": "VC Bhammar",
              "runs": {
                "batter": 0,
                "extras": 0,
                "total": 0
              }
            },
            {
              "batter": "RT Rubbi",
              "bowler": "PK Matautaava",
              "non_striker": "VC Bhammar",
              "runs": {
                "batter": 0,
                "extras": 0,
                "total": 0
              }
            },
            {
              "batter": "RT Rubbi",
              "bowler": "PK Matautaava",
              "non_striker": "VC Bhammar",
              "runs": {
                "batter": 0,
                "extras": 0,
                "total": 0
              }
            },
            {
              "batter": "RT Rubbi",
              "bowler": "PK Matautaava",
              "non_striker": "VC Bhammar",
              "runs": {
                "batter": 0,
                "extras": 0,
                "total": 0
              }
            }
          ]
        },
        {
          "over": 11,
          "deliveries": [
            {
              "batter": "VC Bhammar",
              "bowler": "AL Stephen",
              "non_striker": "RT Rubbi",
              "runs": {
                "batter": 0,
                "extras": 0,
                "total": 0
              }
            },
            {
              "batter": "VC Bhammar",
              "bowler": "AL Stephen",
              "non_striker": "RT Rubbi",
              "runs": {
                "batter": 0,
                "extras": 0,
                "total": 0
              }
            },
            {
              "batter": "VC Bhammar",
              "bowler": "AL Stephen",
              "extras": {
                "wides": 1
              },
              "non_striker": "RT Rubbi",
              "runs": {
                "batter": 0,
                "extras": 1,
                "total": 1
              }
            },
            {
              "batter": "VC Bhammar",
              "bowler": "AL Stephen",
              "non_striker": "RT Rubbi",
              "runs": {
                "batter": 0,
                "extras": 0,
                "total": 0
              }
            },
            {
              "batter": "VC Bhammar",
              "bowler": "AL Stephen",
              "non_striker": "RT Rubbi",
              "runs": {
                "batter": 0,
                "extras": 0,
                "total": 0
              }
            },
            {
              "batter": "VC Bhammar",
              "bowler": "AL Stephen",
              "non_striker": "RT Rubbi",
              "runs": {
                "batter": 0,
                "extras": 0,
                "total": 0
              }
            },
            {
              "batter": "VC Bhammar",
              "bowler": "AL Stephen",
              "non_striker": "RT Rubbi",
              "runs": {
                "batter": 0,
                "extras": 0,
                "total": 0
              }
            }
          ]
        },
        {
          "over": 12,
          "deliveries": [
            {
              "batter": "RT Rubbi",
              "bowler": "PK Matautaava",
              "extras": {
                "wides": 1
              },
              "non_striker": "VC Bhammar",
              "runs": {
                "batter": 0,
                "extras": 1,
                "total": 1
              }
            },
            {
              "batter": "RT Rubbi",
              "bowler": "PK Matautaava",
              "non_striker": "VC Bhammar",
              "runs": {
                "batter": 0,
                "extras": 0,
                "total": 0
              }
            },
            {
              "batter": "RT Rubbi",
              "bowler": "PK Matautaava",
              "non_striker": "VC Bhammar",
              "runs": {
                "batter": 0,
                "extras": 0,
                "total": 0
              }
            },
            {
              "batter": "RT Rubbi",
              "bowler": "PK Matautaava",
              "non_striker": "VC Bhammar",
              "runs": {
                "batter": 0,
                "extras": 0,
                "total": 0
              }
            },
            {
              "batter": "RT Rubbi",
              "bowler": "PK Matautaava",
              "non_striker": "VC Bhammar",
              "runs": {
                "batter": 1,
                "extras": 0,
                "total": 1
              }
            },
            {
              "batter": "VC Bhammar",
              "bowler": "PK Matautaava",
              "non_striker": "RT Rubbi",
              "runs": {
                "batter": 0,
                "extras": 0,
                "total": 0
              }
            },
            {
              "batter": "VC Bhammar",
              "bowler": "PK Matautaava",
              "non_striker": "RT Rubbi",
              "runs": {
                "batter": 0,
                "extras": 0,
                "total": 0
              }
            }
          ]
        },
        {
          "over": 13,
          "deliveries": [
            {
              "batter": "RT Rubbi",
              "bowler": "AL Stephen",
              "non_striker": "VC Bhammar",
              "runs": {
                "batter": 0,
                "extras": 0,
                "total": 0
              }
            },
            {
              "batter": "RT Rubbi",
              "bowler": "AL Stephen",
              "non_striker": "VC Bhammar",
              "runs": {
                "batter": 0,
                "extras": 0,
                "total": 0
              }
            },
            {
              "batter": "RT Rubbi",
              "bowler": "AL Stephen",
              "non_striker": "VC Bhammar",
              "runs": {
                "batter": 0,
                "extras": 0,
                "total": 0
              }
            },
            {
              "batter": "RT Rubbi",
              "bowler": "AL Stephen",
              "non_striker": "VC Bhammar",
              "runs": {
                "batter": 1,
                "extras": 0,
                "total": 1
              }
            },
            {
              "batter": "VC Bhammar",
              "bowler": "AL Stephen",
              "non_striker": "RT Rubbi",
              "runs": {
                "batter": 0,
                "extras": 0,
                "total": 0
              }
            },
            {
              "batter": "VC Bhammar",
              "bowler": "AL Stephen",
              "non_striker": "RT Rubbi",
              "runs": {
                "batter": 1,
                "extras": 0,
                "total": 1
              }
            }
          ]
        },
        {
          "over": 14,
          "deliveries": [
            {
              "batter": "VC Bhammar",
              "bowler": "PK Matautaava",
              "non_striker": "RT Rubbi",
              "runs": {
                "batter": 0,
                "extras": 0,
                "total": 0
              }
            },
            {
              "batter": "VC Bhammar",
              "bowler": "PK Matautaava",
              "non_striker": "RT Rubbi",
              "runs": {
                "batter": 1,
                "extras": 0,
                "total": 1
              }
            },
            {
              "batter": "RT Rubbi",
              "bowler": "PK Matautaava",
              "non_striker": "VC Bhammar",
              "runs": {
                "batter": 0,
                "extras": 0,
                "total": 0
              }
            },
            {
              "batter": "RT Rubbi",
              "bowler": "PK Matautaava",
              "non_striker": "VC Bhammar",
              "runs": {
                "batter": 0,
                "extras": 0,
                "total": 0
              }
            },
            {
              "batter": "RT Rubbi",
              "bowler": "PK Matautaava",
              "non_striker": "VC Bhammar",
              "runs": {
                "batter": 0,
                "extras": 0,
                "total": 0
              }
            },
            {
              "batter": "RT Rubbi",
              "bowler": "PK Matautaava",
              "non_striker": "VC Bhammar",
              "runs": {
                "batter": 2,
                "extras": 0,
                "total": 2
              }
            }
          ]
        },
        {
          "over": 15,
          "deliveries": [
            {
              "batter": "VC Bhammar",
              "bowler": "W Viraliliu",
              "non_striker": "RT Rubbi",
              "runs": {
                "batter": 1,
                "extras": 0,
                "total": 1
              }
            },
            {
              "batter": "RT Rubbi",
              "bowler": "W Viraliliu",
              "non_striker": "VC Bhammar",
              "runs": {
                "batter": 2,
                "extras": 0,
                "total": 2
              }
            },
            {
              "batter": "RT Rubbi",
              "bowler": "W Viraliliu",
              "non_striker": "VC Bhammar",
              "runs": {
                "batter": 0,
                "extras": 0,
                "total": 0
              }
            },
            {
              "batter": "RT Rubbi",
              "bowler": "W Viraliliu",
              "non_striker": "VC Bhammar",
              "runs": {
                "batter": 0,
                "extras": 0,
                "total": 0
              }
            },
            {
              "batter": "RT Rubbi",
              "bowler": "W Viraliliu",
              "non_striker": "VC Bhammar",
              "runs": {
                "batter": 0,
                "extras": 0,
                "total": 0
              }
            },
            {
              "batter": "RT Rubbi",
              "bowler": "W Viraliliu",
              "non_striker": "VC Bhammar",
              "runs": {
                "batter": 0,
                "extras": 0,
                "total": 0
              }
            }
          ]
        },
        {
          "over": 16,
          "deliveries": [
            {
              "batter": "VC Bhammar",
              "bowler": "N Nipiko",
              "extras": {
                "wides": 1
              },
              "non_striker": "RT Rubbi",
              "runs": {
                "batter": 0,
                "extras": 1,
                "total": 1
              }
            },
            {
              "batter": "VC Bhammar",
              "bowler": "N Nipiko",
              "non_striker": "RT Rubbi",
              "runs": {
                "batter": 0,
                "extras": 0,
                "total": 0
              }
            },
            {
              "batter": "VC Bhammar",
              "bowler": "N Nipiko",
              "extras": {
                "wides": 1
              },
              "non_striker": "RT Rubbi",
              "runs": {
                "batter": 0,
                "extras": 1,
                "total": 1
              }
            },
            {
              "batter": "VC Bhammar",
              "bowler": "N Nipiko",
              "non_striker": "RT Rubbi",
              "runs": {
                "batter": 0,
                "extras": 0,
                "total": 0
              }
            },
            {
              "batter": "VC Bhammar",
              "bowler": "N Nipiko",
              "extras": {
                "wides": 1
              },
              "non_striker": "RT Rubbi",
              "runs": {
                "batter": 0,
                "extras": 1,
                "total": 1
              }
            },
            {
              "batter": "VC Bhammar",
              "bowler": "N Nipiko",
              "non_striker": "RT Rubbi",
              "runs": {
                "batter": 0,
                "extras": 0,
                "total": 0
              }
            },
            {
              "batter": "VC Bhammar",
              "bowler": "N Nipiko",
              "non_striker": "RT Rubbi",
              "runs": {
                "batter": 0,
                "extras": 0,
                "total": 0
              }
            },
            {
              "batter": "VC Bhammar",
              "bowler": "N Nipiko",
              "non_striker": "RT Rubbi",
              "runs": {
                "batter": 0,
                "extras": 0,
                "total": 0
              }
            },
            {
              "batter": "VC Bhammar",
              "bowler": "N Nipiko",
              "non_striker": "RT Rubbi",
              "runs": {
                "batter": 0,
                "extras": 0,
                "total": 0
              }
            }
          ]
        },
        {
          "over": 17,
          "deliveries": [
            {
              "batter": "RT Rubbi",
              "bowler": "W Viraliliu",
              "non_striker": "VC Bhammar",
              "runs": {
                "batter": 0,
                "extras": 0,
                "total": 0
              }
            },
            {
              "batter": "RT Rubbi",
              "bowler": "W Viraliliu",
              "non_striker": "VC Bhammar",
              "runs": {
                "batter": 0,
                "extras": 0,
                "total": 0
              }
            },
            {
              "batter": "RT Rubbi",
              "bowler": "W Viraliliu",
              "non_striker": "VC Bhammar",
              "runs": {
                "batter": 0,
                "extras": 0,
                "total": 0
              }
            },
            {
              "batter": "RT Rubbi",
              "bowler": "W Viraliliu",
              "non_striker": "VC Bhammar",
              "runs": {
                "batter": 0,
                "extras": 0,
                "total": 0
              }
            },
            {
              "batter": "RT Rubbi",
              "bowler": "W Viraliliu",
              "non_striker": "VC Bhammar",
              "runs": {
                "batter": 0,
                "extras": 0,
                "total": 0
              }
            },
            {
              "batter": "RT Rubbi",
              "bowler": "W Viraliliu",
              "non_striker": "VC Bhammar",
              "runs": {
                "batter": 1,
                "extras": 0,
                "total": 1
              }
            }
          ]
        },
        {
          "over": 18,
          "deliveries": [
            {
              "batter": "RT Rubbi",
              "bowler": "N Nipiko",
              "non_striker": "VC Bhammar",
              "runs": {
                "batter": 0,
                "extras": 0,
                "total": 0
              }
            },
            {
              "batter": "RT Rubbi",
              "bowler": "N Nipiko",
              "non_striker": "VC Bhammar",
              "runs": {
                "batter": 0,
                "extras": 0,
                "total": 0
              }
            },
            {
              "batter": "RT Rubbi",
              "bowler": "N Nipiko",
              "non_striker": "VC Bhammar",
              "runs": {
                "batter": 0,
                "extras": 0,
                "total": 0
              },
              "wickets": [
                {
                  "player_out": "RT Rubbi",
                  "fielders": [
                    {
                      "name": "JW Chilia"
                    }
                  ],
                  "kind": "caught"
                }
              ]
            },
            {
              "batter": "IK Gamantika",
              "bowler": "N Nipiko",
              "non_striker": "VC Bhammar",
              "runs": {
                "batter": 0,
                "extras": 0,
                "total": 0
              }
            },
            {
              "batter": "IK Gamantika",
              "bowler": "N Nipiko",
              "non_striker": "VC Bhammar",
              "runs": {
                "batter": 0,
                "extras": 0,
                "total": 0
              }
            },
            {
              "batter": "IK Gamantika",
              "bowler": "N Nipiko",
              "non_striker": "VC Bhammar",
              "runs": {
                "batter": 0,
                "extras": 0,
                "total": 0
              }
            }
          ]
        },
        {
          "over": 19,
          "deliveries": [
            {
              "batter": "VC Bhammar",
              "bowler": "W Viraliliu",
              "non_striker": "IK Gamantika",
              "runs": {
                "batter": 1,
                "extras": 0,
                "total": 1
              }
            },
            {
              "batter": "IK Gamantika",
              "bowler": "W Viraliliu",
              "non_striker": "VC Bhammar",
              "runs": {
                "batter": 0,
                "extras": 0,
                "total": 0
              }
            },
            {
              "batter": "IK Gamantika",
              "bowler": "W Viraliliu",
              "non_striker": "VC Bhammar",
              "runs": {
                "batter": 0,
                "extras": 0,
                "total": 0
              }
            },
            {
              "batter": "IK Gamantika",
              "bowler": "W Viraliliu",
              "non_striker": "VC Bhammar",
              "runs": {
                "batter": 0,
                "extras": 0,
                "total": 0
              }
            },
            {
              "batter": "IK Gamantika",
              "bowler": "W Viraliliu",
              "non_striker": "VC Bhammar",
              "runs": {
                "batter": 0,
                "extras": 0,
                "total": 0
              }
            },
            {
              "batter": "IK Gamantika",
              "bowler": "W Viraliliu",
              "non_striker": "VC Bhammar",
              "runs": {
                "batter": 2,
                "extras": 0,
                "total": 2
              }
            }
          ]
        },
        {
          "over": 20,
          "deliveries": [
            {
              "batter": "VC Bhammar",
              "bowler": "N Nipiko",
              "non_striker": "IK Gamantika",
              "runs": {
                "batter": 1,
                "extras": 0,
                "total": 1
              }
            },
            {
              "batter": "IK Gamantika",
              "bowler": "N Nipiko",
              "non_striker": "VC Bhammar",
              "runs": {
                "batter": 0,
                "extras": 0,
                "total": 0
              }
            },
            {
              "batter": "IK Gamantika",
              "bowler": "N Nipiko",
              "non_striker": "VC Bhammar",
              "runs": {
                "batter": 0,
                "extras": 0,
                "total": 0
              }
            },
            {
              "batter": "IK Gamantika",
              "bowler": "N Nipiko",
              "non_striker": "VC Bhammar",
              "runs": {
                "batter": 0,
                "extras": 0,
                "total": 0
              }
            },
            {
              "batter": "IK Gamantika",
              "bowler": "N Nipiko",
              "non_striker": "VC Bhammar",
              "runs": {
                "batter": 0,
                "extras": 0,
                "total": 0
              }
            },
            {
              "batter": "IK Gamantika",
              "bowler": "N Nipiko",
              "non_striker": "VC Bhammar",
              "runs": {
                "batter": 1,
                "extras": 0,
                "total": 1
              }
            }
          ]
        },
        {
          "over": 21,
          "deliveries": [
            {
              "batter": "IK Gamantika",
              "bowler": "W Viraliliu",
              "non_striker": "VC Bhammar",
              "runs": {
                "batter": 0,
                "extras": 0,
                "total": 0
              }
            },
            {
              "batter": "IK Gamantika",
              "bowler": "W Viraliliu",
              "non_striker": "VC Bhammar",
              "runs": {
                "batter": 0,
                "extras": 0,
                "total": 0
              }
            },
            {
              "batter": "IK Gamantika",
              "bowler": "W Viraliliu",
              "non_striker": "VC Bhammar",
              "runs": {
                "batter": 0,
                "extras": 0,
                "total": 0
              }
            },
            {
              "batter": "IK Gamantika",
              "bowler": "W Viraliliu",
              "non_striker": "VC Bhammar",
              "runs": {
                "batter": 0,
                "extras": 0,
                "total": 0
              }
            },
            {
              "batter": "IK Gamantika",
              "bowler": "W Viraliliu",
              "non_striker": "VC Bhammar",
              "runs": {
                "batter": 0,
                "extras": 0,
                "total": 0
              }
            },
            {
              "batter": "IK Gamantika",
              "bowler": "W Viraliliu",
              "extras": {
                "wides": 1
              },
              "non_striker": "VC Bhammar",
              "runs": {
                "batter": 0,
                "extras": 1,
                "total": 1
              }
            },
            {
              "batter": "IK Gamantika",
              "bowler": "W Viraliliu",
              "non_striker": "VC Bhammar",
              "runs": {
                "batter": 0,
                "extras": 0,
                "total": 0
              }
            }
          ]
        },
        {
          "over": 22,
          "deliveries": [
            {
              "batter": "VC Bhammar",
              "bowler": "JW Chilia",
              "non_striker": "IK Gamantika",
              "runs": {
                "batter": 1,
                "extras": 0,
                "total": 1
              }
            },
            {
              "batter": "IK Gamantika",
              "bowler": "JW Chilia",
              "non_striker": "VC Bhammar",
              "runs": {
                "batter": 0,
                "extras": 0,
                "total": 0
              }
            },
            {
              "batter": "IK Gamantika",
              "bowler": "JW Chilia",
              "non_striker": "VC Bhammar",
              "runs": {
                "batter": 0,
                "extras": 0,
                "total": 0
              }
            },
            {
              "batter": "IK Gamantika",
              "bowler": "JW Chilia",
              "non_striker": "VC Bhammar",
              "runs": {
                "batter": 0,
                "extras": 0,
                "total": 0
              }
            },
            {
              "batter": "IK Gamantika",
              "bowler": "JW Chilia",
              "non_striker": "VC Bhammar",
              "runs": {
                "batter": 0,
                "extras": 0,
                "total": 0
              }
            },
            {
              "batter": "IK Gamantika",
              "bowler": "JW Chilia",
              "non_striker": "VC Bhammar",
              "runs": {
                "batter": 0,
                "extras": 0,
                "total": 0
              }
            }
          ]
        },
        {
          "over": 23,
          "deliveries": [
            {
              "batter": "VC Bhammar",
              "bowler": "N Nipiko",
              "non_striker": "IK Gamantika",
              "runs": {
                "batter": 0,
                "extras": 0,
                "total": 0
              }
            },
            {
              "batter": "VC Bhammar",
              "bowler": "N Nipiko",
              "non_striker": "IK Gamantika",
              "runs": {
                "batter": 0,
                "extras": 0,
                "total": 0
              }
            },
            {
              "batter": "VC Bhammar",
              "bowler": "N Nipiko",
              "non_striker": "IK Gamantika",
              "runs": {
                "batter": 0,
                "extras": 0,
                "total": 0
              }
            },
            {
              "batter": "VC Bhammar",
              "bowler": "N Nipiko",
              "non_striker": "IK Gamantika",
              "runs": {
                "batter": 1,
                "extras": 0,
                "total": 1
              }
            },
            {
              "batter": "IK Gamantika",
              "bowler": "N Nipiko",
              "extras": {
                "legbyes": 1
              },
              "non_striker": "VC Bhammar",
              "runs": {
                "batter": 0,
                "extras": 1,
                "total": 1
              }
            },
            {
              "batter": "VC Bhammar",
              "bowler": "N Nipiko",
              "non_striker": "IK Gamantika",
              "runs": {
                "batter": 0,
                "extras": 0,
                "total": 0
              }
            }
          ]
        },
        {
          "over": 24,
          "deliveries": [
            {
              "batter": "IK Gamantika",
              "bowler": "JW Chilia",
              "non_striker": "VC Bhammar",
              "runs": {
                "batter": 0,
                "extras": 0,
                "total": 0
              }
            },
            {
              "batter": "IK Gamantika",
              "bowler": "JW Chilia",
              "non_striker": "VC Bhammar",
              "runs": {
                "batter": 0,
                "extras": 0,
                "total": 0
              }
            },
            {
              "batter": "IK Gamantika",
              "bowler": "JW Chilia",
              "non_striker": "VC Bhammar",
              "runs": {
                "batter": 0,
                "extras": 0,
                "total": 0
              }
            },
            {
              "batter": "IK Gamantika",
              "bowler": "JW Chilia",
              "non_striker": "VC Bhammar",
              "runs": {
                "batter": 0,
                "extras": 0,
                "total": 0
              }
            },
            {
              "batter": "IK Gamantika",
              "bowler": "JW Chilia",
              "non_striker": "VC Bhammar",
              "runs": {
                "batter": 0,
                "extras": 0,
                "total": 0
              }
            },
            {
              "batter": "IK Gamantika",
              "bowler": "JW Chilia",
              "non_striker": "VC Bhammar",
              "runs": {
                "batter": 1,
                "extras": 0,
                "total": 1
              }
            }
          ]
        },
        {
          "over": 25,
          "deliveries": [
            {
              "batter": "IK Gamantika",
              "bowler": "N Nipiko",
              "non_striker": "VC Bhammar",
              "runs": {
                "batter": 0,
                "extras": 0,
                "total": 0
              }
            },
            {
              "batter": "IK Gamantika",
              "bowler": "N Nipiko",
              "non_striker": "VC Bhammar",
              "runs": {
                "batter": 0,
                "extras": 0,
                "total": 0
              }
            },
            {
              "batter": "IK Gamantika",
              "bowler": "N Nipiko",
              "non_striker": "VC Bhammar",
              "runs": {
                "batter": 2,
                "extras": 0,
                "total": 2
              }
            },
            {
              "batter": "IK Gamantika",
              "bowler": "N Nipiko",
              "non_striker": "VC Bhammar",
              "runs": {
                "batter": 4,
                "extras": 0,
                "total": 4
              }
            },
            {
              "batter": "IK Gamantika",
              "bowler": "N Nipiko",
              "non_striker": "VC Bhammar",
              "runs": {
                "batter": 0,
                "extras": 0,
                "total": 0
              }
            },
            {
              "batter": "IK Gamantika",
              "bowler": "N Nipiko",
              "non_striker": "VC Bhammar",
              "runs": {
                "batter": 0,
                "extras": 0,
                "total": 0
              }
            }
          ]
        },
        {
          "over": 26,
          "deliveries": [
            {
              "batter": "VC Bhammar",
              "bowler": "JW Chilia",
              "non_striker": "IK Gamantika",
              "runs": {
                "batter": 0,
                "extras": 0,
                "total": 0
              }
            },
            {
              "batter": "VC Bhammar",
              "bowler": "JW Chilia",
              "non_striker": "IK Gamantika",
              "runs": {
                "batter": 0,
                "extras": 0,
                "total": 0
              }
            },
            {
              "batter": "VC Bhammar",
              "bowler": "JW Chilia",
              "non_striker": "IK Gamantika",
              "runs": {
                "batter": 0,
                "extras": 0,
                "total": 0
              }
            },
            {
              "batter": "VC Bhammar",
              "bowler": "JW Chilia",
              "non_striker": "IK Gamantika",
              "runs": {
                "batter": 0,
                "extras": 0,
                "total": 0
              }
            },
            {
              "batter": "VC Bhammar",
              "bowler": "JW Chilia",
              "non_striker": "IK Gamantika",
              "runs": {
                "batter": 0,
                "extras": 0,
                "total": 0
              }
            },
            {
              "batter": "VC Bhammar",
              "bowler": "JW Chilia",
              "non_striker": "IK Gamantika",
              "runs": {
                "batter": 0,
                "extras": 0,
                "total": 0
              },
              "wickets": [
                {
                  "player_out": "VC Bhammar",
                  "kind": "bowled"
                }
              ]
            }
          ]
        },
        {
          "over": 27,
          "deliveries": [
            {
              "batter": "IK Gamantika",
              "bowler": "A Mansale",
              "non_striker": "IDGP Kisawa",
              "runs": {
                "batter": 0,
                "extras": 0,
                "total": 0
              }
            },
            {
              "batter": "IK Gamantika",
              "bowler": "A Mansale",
              "non_striker": "IDGP Kisawa",
              "runs": {
                "batter": 0,
                "extras": 0,
                "total": 0
              }
            },
            {
              "batter": "IK Gamantika",
              "bowler": "A Mansale",
              "non_striker": "IDGP Kisawa",
              "runs": {
                "batter": 1,
                "extras": 0,
                "total": 1
              }
            },
            {
              "batter": "IDGP Kisawa",
              "bowler": "A Mansale",
              "non_striker": "IK Gamantika",
              "runs": {
                "batter": 0,
                "extras": 0,
                "total": 0
              }
            },
            {
              "batter": "IDGP Kisawa",
              "bowler": "A Mansale",
              "non_striker": "IK Gamantika",
              "runs": {
                "batter": 0,
                "extras": 0,
                "total": 0
              }
            },
            {
              "batter": "IDGP Kisawa",
              "bowler": "A Mansale",
              "non_striker": "IK Gamantika",
              "runs": {
                "batter": 0,
                "extras": 0,
                "total": 0
              }
            }
          ]
        },
        {
          "over": 28,
          "deliveries": [
            {
              "batter": "IK Gamantika",
              "bowler": "JW Chilia",
              "non_striker": "IDGP Kisawa",
              "runs": {
                "batter": 0,
                "extras": 0,
                "total": 0
              }
            },
            {
              "batter": "IK Gamantika",
              "bowler": "JW Chilia",
              "non_striker": "IDGP Kisawa",
              "runs": {
                "batter": 0,
                "extras": 0,
                "total": 0
              }
            },
            {
              "batter": "IK Gamantika",
              "bowler": "JW Chilia",
              "non_striker": "IDGP Kisawa",
              "runs": {
                "batter": 1,
                "extras": 0,
                "total": 1
              }
            },
            {
              "batter": "IDGP Kisawa",
              "bowler": "JW Chilia",
              "non_striker": "IK Gamantika",
              "runs": {
                "batter": 0,
                "extras": 0,
                "total": 0
              }
            },
            {
              "batter": "IDGP Kisawa",
              "bowler": "JW Chilia",
              "non_striker": "IK Gamantika",
              "runs": {
                "batter": 0,
                "extras": 0,
                "total": 0
              }
            },
            {
              "batter": "IDGP Kisawa",
              "bowler": "JW Chilia",
              "non_striker": "IK Gamantika",
              "runs": {
                "batter": 0,
                "extras": 0,
                "total": 0
              }
            }
          ]
        },
        {
          "over": 29,
          "deliveries": [
            {
              "batter": "IK Gamantika",
              "bowler": "A Mansale",
              "non_striker": "IDGP Kisawa",
              "runs": {
                "batter": 0,
                "extras": 0,
                "total": 0
              }
            },
            {
              "batter": "IK Gamantika",
              "bowler": "A Mansale",
              "non_striker": "IDGP Kisawa",
              "runs": {
                "batter": 0,
                "extras": 0,
                "total": 0
              }
            },
            {
              "batter": "IK Gamantika",
              "bowler": "A Mansale",
              "non_striker": "IDGP Kisawa",
              "runs": {
                "batter": 0,
                "extras": 0,
                "total": 0
              }
            },
            {
              "batter": "IK Gamantika",
              "bowler": "A Mansale",
              "non_striker": "IDGP Kisawa",
              "runs": {
                "batter": 0,
                "extras": 0,
                "total": 0
              }
            },
            {
              "batter": "IK Gamantika",
              "bowler": "A Mansale",
              "non_striker": "IDGP Kisawa",
              "runs": {
                "batter": 0,
                "extras": 0,
                "total": 0
              }
            },
            {
              "batter": "IK Gamantika",
              "bowler": "A Mansale",
              "non_striker": "IDGP Kisawa",
              "runs": {
                "batter": 0,
                "extras": 0,
                "total": 0
              }
            }
          ]
        },
        {
          "over": 30,
          "deliveries": [
            {
              "batter": "IDGP Kisawa",
              "bowler": "JW Chilia",
              "non_striker": "IK Gamantika",
              "runs": {
                "batter": 0,
                "extras": 0,
                "total": 0
              }
            },
            {
              "batter": "IDGP Kisawa",
              "bowler": "JW Chilia",
              "non_striker": "IK Gamantika",
              "runs": {
                "batter": 0,
                "extras": 0,
                "total": 0
              }
            },
            {
              "batter": "IDGP Kisawa",
              "bowler": "JW Chilia",
              "non_striker": "IK Gamantika",
              "runs": {
                "batter": 0,
                "extras": 0,
                "total": 0
              }
            },
            {
              "batter": "IDGP Kisawa",
              "bowler": "JW Chilia",
              "non_striker": "IK Gamantika",
              "runs": {
                "batter": 0,
                "extras": 0,
                "total": 0
              }
            },
            {
              "batter": "IDGP Kisawa",
              "bowler": "JW Chilia",
              "non_striker": "IK Gamantika",
              "runs": {
                "batter": 0,
                "extras": 0,
                "total": 0
              }
            },
            {
              "batter": "IDGP Kisawa",
              "bowler": "JW Chilia",
              "non_striker": "IK Gamantika",
              "runs": {
                "batter": 0,
                "extras": 0,
                "total": 0
              },
              "wickets": [
                {
                  "player_out": "IDGP Kisawa",
                  "fielders": [
                    {
                      "name": "PK Matautaava"
                    }
                  ],
                  "kind": "caught"
                }
              ]
            }
          ]
        },
        {
          "over": 31,
          "deliveries": [
            {
              "batter": "IK Gamantika",
              "bowler": "A Mansale",
              "non_striker": "Ahmad Ramdoni",
              "runs": {
                "batter": 0,
                "extras": 0,
                "total": 0
              }
            },
            {
              "batter": "IK Gamantika",
              "bowler": "A Mansale",
              "non_striker": "Ahmad Ramdoni",
              "runs": {
                "batter": 0,
                "extras": 0,
                "total": 0
              }
            },
            {
              "batter": "IK Gamantika",
              "bowler": "A Mansale",
              "non_striker": "Ahmad Ramdoni",
              "runs": {
                "batter": 0,
                "extras": 0,
                "total": 0
              }
            },
            {
              "batter": "IK Gamantika",
              "bowler": "A Mansale",
              "non_striker": "Ahmad Ramdoni",
              "runs": {
                "batter": 0,
                "extras": 0,
                "total": 0
              },
              "wickets": [
                {
                  "player_out": "IK Gamantika",
                  "kind": "caught and bowled"
                }
              ]
            },
            {
              "batter": "AH Kapadia",
              "bowler": "A Mansale",
              "non_striker": "Ahmad Ramdoni",
              "runs": {
                "batter": 0,
                "extras": 0,
                "total": 0
              }
            },
            {
              "batter": "AH Kapadia",
              "bowler": "A Mansale",
              "non_striker": "Ahmad Ramdoni",
              "runs": {
                "batter": 0,
                "extras": 0,
                "total": 0
              }
            }
          ]
        },
        {
          "over": 32,
          "deliveries": [
            {
              "batter": "Ahmad Ramdoni",
              "bowler": "JW Chilia",
              "non_striker": "AH Kapadia",
              "runs": {
                "batter": 0,
                "extras": 0,
                "total": 0
              }
            },
            {
              "batter": "Ahmad Ramdoni",
              "bowler": "JW Chilia",
              "non_striker": "AH Kapadia",
              "runs": {
                "batter": 0,
                "extras": 0,
                "total": 0
              }
            },
            {
              "batter": "Ahmad Ramdoni",
              "bowler": "JW Chilia",
              "non_striker": "AH Kapadia",
              "runs": {
                "batter": 0,
                "extras": 0,
                "total": 0
              }
            },
            {
              "batter": "Ahmad Ramdoni",
              "bowler": "JW Chilia",
              "non_striker": "AH Kapadia",
              "runs": {
                "batter": 0,
                "extras": 0,
                "total": 0
              }
            },
            {
              "batter": "Ahmad Ramdoni",
              "bowler": "JW Chilia",
              "non_striker": "AH Kapadia",
              "runs": {
                "batter": 1,
                "extras": 0,
                "total": 1
              }
            },
            {
              "batter": "AH Kapadia",
              "bowler": "JW Chilia",
              "non_striker": "Ahmad Ramdoni",
              "runs": {
                "batter": 0,
                "extras": 0,
                "total": 0
              }
            }
          ]
        },
        {
          "over": 33,
          "deliveries": [
            {
              "batter": "Ahmad Ramdoni",
              "bowler": "A Mansale",
              "non_striker": "AH Kapadia",
              "runs": {
                "batter": 0,
                "extras": 0,
                "total": 0
              }
            },
            {
              "batter": "Ahmad Ramdoni",
              "bowler": "A Mansale",
              "non_striker": "AH Kapadia",
              "runs": {
                "batter": 6,
                "extras": 0,
                "total": 6
              }
            },
            {
              "batter": "Ahmad Ramdoni",
              "bowler": "A Mansale",
              "non_striker": "AH Kapadia",
              "runs": {
                "batter": 0,
                "extras": 0,
                "total": 0
              }
            },
            {
              "batter": "Ahmad Ramdoni",
              "bowler": "A Mansale",
              "non_striker": "AH Kapadia",
              "runs": {
                "batter": 1,
                "extras": 0,
                "total": 1
              }
            },
            {
              "batter": "AH Kapadia",
              "bowler": "A Mansale",
              "non_striker": "Ahmad Ramdoni",
              "runs": {
                "batter": 0,
                "extras": 0,
                "total": 0
              }
            },
            {
              "batter": "AH Kapadia",
              "bowler": "A Mansale",
              "non_striker": "Ahmad Ramdoni",
              "runs": {
                "batter": 0,
                "extras": 0,
                "total": 0
              }
            }
          ]
        },
        {
          "over": 34,
          "deliveries": [
            {
              "batter": "Ahmad Ramdoni",
              "bowler": "JW Chilia",
              "non_striker": "AH Kapadia",
              "runs": {
                "batter": 0,
                "extras": 0,
                "total": 0
              }
            },
            {
              "batter": "Ahmad Ramdoni",
              "bowler": "JW Chilia",
              "non_striker": "AH Kapadia",
              "runs": {
                "batter": 0,
                "extras": 0,
                "total": 0
              }
            },
            {
              "batter": "Ahmad Ramdoni",
              "bowler": "JW Chilia",
              "non_striker": "AH Kapadia",
              "runs": {
                "batter": 1,
                "extras": 0,
                "total": 1
              }
            },
            {
              "batter": "AH Kapadia",
              "bowler": "JW Chilia",
              "non_striker": "Ahmad Ramdoni",
              "runs": {
                "batter": 0,
                "extras": 0,
                "total": 0
              }
            },
            {
              "batter": "AH Kapadia",
              "bowler": "JW Chilia",
              "non_striker": "Ahmad Ramdoni",
              "runs": {
                "batter": 0,
                "extras": 0,
                "total": 0
              }
            },
            {
              "batter": "AH Kapadia",
              "bowler": "JW Chilia",
              "non_striker": "Ahmad Ramdoni",
              "runs": {
                "batter": 0,
                "extras": 0,
                "total": 0
              }
            }
          ]
        },
        {
          "over": 35,
          "deliveries": [
            {
              "batter": "Ahmad Ramdoni",
              "bowler": "A Mansale",
              "non_striker": "AH Kapadia",
              "runs": {
                "batter": 0,
                "extras": 0,
                "total": 0
              }
            },
            {
              "batter": "Ahmad Ramdoni",
              "bowler": "A Mansale",
              "non_striker": "AH Kapadia",
              "runs": {
                "batter": 0,
                "extras": 0,
                "total": 0
              }
            },
            {
              "batter": "Ahmad Ramdoni",
              "bowler": "A Mansale",
              "non_striker": "AH Kapadia",
              "runs": {
                "batter": 0,
                "extras": 0,
                "total": 0
              },
              "wickets": [
                {
                  "player_out": "Ahmad Ramdoni",
                  "kind": "bowled"
                }
              ]
            },
            {
              "batter": "Gaurav Tiwari",
              "bowler": "A Mansale",
              "non_striker": "AH Kapadia",
              "runs": {
                "batter": 0,
                "extras": 0,
                "total": 0
              }
            },
            {
              "batter": "Gaurav Tiwari",
              "bowler": "A Mansale",
              "non_striker": "AH Kapadia",
              "runs": {
                "batter": 0,
                "extras": 0,
                "total": 0
              }
            },
            {
              "batter": "Gaurav Tiwari",
              "bowler": "A Mansale",
              "non_striker": "AH Kapadia",
              "runs": {
                "batter": 0,
                "extras": 0,
                "total": 0
              }
            }
          ]
        },
        {
          "over": 36,
          "deliveries": [
            {
              "batter": "AH Kapadia",
              "bowler": "JW Chilia",
              "non_striker": "Gaurav Tiwari",
              "runs": {
                "batter": 0,
                "extras": 0,
                "total": 0
              }
            },
            {
              "batter": "AH Kapadia",
              "bowler": "JW Chilia",
              "non_striker": "Gaurav Tiwari",
              "runs": {
                "batter": 0,
                "extras": 0,
                "total": 0
              }
            },
            {
              "batter": "AH Kapadia",
              "bowler": "JW Chilia",
              "non_striker": "Gaurav Tiwari",
              "runs": {
                "batter": 1,
                "extras": 0,
                "total": 1
              }
            },
            {
              "batter": "Gaurav Tiwari",
              "bowler": "JW Chilia",
              "non_striker": "AH Kapadia",
              "runs": {
                "batter": 0,
                "extras": 0,
                "total": 0
              }
            },
            {
              "batter": "Gaurav Tiwari",
              "bowler": "JW Chilia",
              "non_striker": "AH Kapadia",
              "runs": {
                "batter": 0,
                "extras": 0,
                "total": 0
              }
            },
            {
              "batter": "Gaurav Tiwari",
              "bowler": "JW Chilia",
              "non_striker": "AH Kapadia",
              "runs": {
                "batter": 0,
                "extras": 0,
                "total": 0
              }
            }
          ]
        },
        {
          "over": 37,
          "deliveries": [
            {
              "batter": "AH Kapadia",
              "bowler": "W Nalisa",
              "extras": {
                "wides": 1
              },
              "non_striker": "Gaurav Tiwari",
              "runs": {
                "batter": 0,
                "extras": 1,
                "total": 1
              },
              "wickets": [
                {
                  "player_out": "AH Kapadia",
                  "fielders": [
                    {
                      "name": "T Langa"
                    }
                  ],
                  "kind": "stumped"
                }
              ]
            },
            {
              "batter": "F Shony",
              "bowler": "W Nalisa",
              "non_striker": "Gaurav Tiwari",
              "runs": {
                "batter": 0,
                "extras": 0,
                "total": 0
              }
            },
            {
              "batter": "F Shony",
              "bowler": "W Nalisa",
              "non_striker": "Gaurav Tiwari",
              "runs": {
                "batter": 0,
                "extras": 0,
                "total": 0
              }
            },
            {
              "batter": "F Shony",
              "bowler": "W Nalisa",
              "non_striker": "Gaurav Tiwari",
              "runs": {
                "batter": 0,
                "extras": 0,
                "total": 0
              }
            },
            {
              "batter": "F Shony",
              "bowler": "W Nalisa",
              "non_striker": "Gaurav Tiwari",
              "runs": {
                "batter": 2,
                "extras": 0,
                "total": 2
              }
            },
            {
              "batter": "F Shony",
              "bowler": "W Nalisa",
              "non_striker": "Gaurav Tiwari",
              "runs": {
                "batter": 0,
                "extras": 0,
                "total": 0
              }
            },
            {
              "batter": "F Shony",
              "bowler": "W Nalisa",
              "non_striker": "Gaurav Tiwari",
              "runs": {
                "batter": 0,
                "extras": 0,
                "total": 0
              }
            }
          ]
        },
        {
          "over": 38,
          "deliveries": [
            {
              "batter": "Gaurav Tiwari",
              "bowler": "JW Chilia",
              "non_striker": "F Shony",
              "runs": {
                "batter": 0,
                "extras": 0,
                "total": 0
              }
            },
            {
              "batter": "Gaurav Tiwari",
              "bowler": "JW Chilia",
              "non_striker": "F Shony",
              "runs": {
                "batter": 0,
                "extras": 0,
                "total": 0
              }
            },
            {
              "batter": "Gaurav Tiwari",
              "bowler": "JW Chilia",
              "non_striker": "F Shony",
              "runs": {
                "batter": 4,
                "extras": 0,
                "total": 4
              }
            },
            {
              "batter": "Gaurav Tiwari",
              "bowler": "JW Chilia",
              "non_striker": "F Shony",
              "runs": {
                "batter": 0,
                "extras": 0,
                "total": 0
              }
            },
            {
              "batter": "Gaurav Tiwari",
              "bowler": "JW Chilia",
              "non_striker": "F Shony",
              "runs": {
                "batter": 0,
                "extras": 0,
                "total": 0
              }
            },
            {
              "batter": "Gaurav Tiwari",
              "bowler": "JW Chilia",
              "non_striker": "F Shony",
              "runs": {
                "batter": 0,
                "extras": 0,
                "total": 0
              }
            }
          ]
        },
        {
          "over": 39,
          "deliveries": [
            {
              "batter": "F Shony",
              "bowler": "W Nalisa",
              "extras": {
                "wides": 1
              },
              "non_striker": "Gaurav Tiwari",
              "runs": {
                "batter": 0,
                "extras": 1,
                "total": 1
              }
            },
            {
              "batter": "F Shony",
              "bowler": "W Nalisa",
              "non_striker": "Gaurav Tiwari",
              "runs": {
                "batter": 0,
                "extras": 0,
                "total": 0
              },
              "wickets": [
                {
                  "player_out": "F Shony",
                  "kind": "bowled"
                }
              ]
            },
            {
              "batter": "IW Budiarta",
              "bowler": "W Nalisa",
              "extras": {
                "wides": 2
              },
              "non_striker": "Gaurav Tiwari",
              "runs": {
                "batter": 0,
                "extras": 2,
                "total": 2
              }
            },
            {
              "batter": "Gaurav Tiwari",
              "bowler": "W Nalisa",
              "non_striker": "IW Budiarta",
              "runs": {
                "batter": 1,
                "extras": 0,
                "total": 1
              }
            },
            {
              "batter": "IW Budiarta",
              "bowler": "W Nalisa",
              "non_striker": "Gaurav Tiwari",
              "runs": {
                "batter": 0,
                "extras": 0,
                "total": 0
              }
            },
            {
              "batter": "IW Budiarta",
              "bowler": "W Nalisa",
              "non_striker": "Gaurav Tiwari",
              "runs": {
                "batter": 0,
                "extras": 0,
                "total": 0
              }
            },
            {
              "batter": "IW Budiarta",
              "bowler": "W Nalisa",
              "non_striker": "Gaurav Tiwari",
              "runs": {
                "batter": 0,
                "extras": 0,
                "total": 0
              }
            },
            {
              "batter": "IW Budiarta",
              "bowler": "W Nalisa",
              "non_striker": "Gaurav Tiwari",
              "runs": {
                "batter": 0,
                "extras": 0,
                "total": 0
              }
            }
          ]
        },
        {
          "over": 40,
          "deliveries": [
            {
              "batter": "Gaurav Tiwari",
              "bowler": "JW Chilia",
              "non_striker": "IW Budiarta",
              "runs": {
                "batter": 0,
                "extras": 0,
                "total": 0
              }
            },
            {
              "batter": "Gaurav Tiwari",
              "bowler": "JW Chilia",
              "non_striker": "IW Budiarta",
              "runs": {
                "batter": 0,
                "extras": 0,
                "total": 0
              },
              "wickets": [
                {
                  "player_out": "Gaurav Tiwari",
                  "fielders": [
                    {
                      "name": "R Tari"
                    }
                  ],
                  "kind": "caught"
                }
              ]
            }
          ]
        }
      ],
      "powerplays": [
        {
          "from": 0.1,
          "to": 9.7,
          "type": "mandatory"
        },
        {
          "from": 10.1,
          "to": 39.8,
          "type": "mandatory"
        },
        {
          "from": 40.1,
          "to": 40.2,
          "type": "mandatory"
        }
      ]
    },
    {
      "team": "Vanuatu",
      "overs": [
        {
          "over": 0,
          "deliveries": [
            {
              "batter": "J Dunn",
              "bowler": "IDGP Kisawa",
              "non_striker": "J Rasu",
              "runs": {
                "batter": 0,
                "extras": 0,
                "total": 0
              }
            },
            {
              "batter": "J Dunn",
              "bowler": "IDGP Kisawa",
              "non_striker": "J Rasu",
              "runs": {
                "batter": 0,
                "extras": 0,
                "total": 0
              }
            },
            {
              "batter": "J Dunn",
              "bowler": "IDGP Kisawa",
              "non_striker": "J Rasu",
              "runs": {
                "batter": 0,
                "extras": 0,
                "total": 0
              }
            },
            {
              "batter": "J Dunn",
              "bowler": "IDGP Kisawa",
              "non_striker": "J Rasu",
              "runs": {
                "batter": 6,
                "extras": 0,
                "total": 6
              }
            },
            {
              "batter": "J Dunn",
              "bowler": "IDGP Kisawa",
              "extras": {
                "wides": 1
              },
              "non_striker": "J Rasu",
              "runs": {
                "batter": 0,
                "extras": 1,
                "total": 1
              }
            },
            {
              "batter": "J Dunn",
              "bowler": "IDGP Kisawa",
              "non_striker": "J Rasu",
              "runs": {
                "batter": 0,
                "extras": 0,
                "total": 0
              }
            },
            {
              "batter": "J Dunn",
              "bowler": "IDGP Kisawa",
              "non_striker": "J Rasu",
              "runs": {
                "batter": 0,
                "extras": 0,
                "total": 0
              }
            }
          ]
        },
        {
          "over": 1,
          "deliveries": [
            {
              "batter": "J Rasu",
              "bowler": "Gaurav Tiwari",
              "non_striker": "J Dunn",
              "runs": {
                "batter": 0,
                "extras": 0,
                "total": 0
              }
            },
            {
              "batter": "J Rasu",
              "bowler": "Gaurav Tiwari",
              "extras": {
                "wides": 1
              },
              "non_striker": "J Dunn",
              "runs": {
                "batter": 0,
                "extras": 1,
                "total": 1
              }
            },
            {
              "batter": "J Rasu",
              "bowler": "Gaurav Tiwari",
              "non_striker": "J Dunn",
              "runs": {
                "batter": 4,
                "extras": 0,
                "total": 4
              }
            },
            {
              "batter": "J Rasu",
              "bowler": "Gaurav Tiwari",
              "non_striker": "J Dunn",
              "runs": {
                "batter": 0,
                "extras": 0,
                "total": 0
              }
            },
            {
              "batter": "J Rasu",
              "bowler": "Gaurav Tiwari",
              "non_striker": "J Dunn",
              "runs": {
                "batter": 0,
                "extras": 0,
                "total": 0
              }
            },
            {
              "batter": "J Rasu",
              "bowler": "Gaurav Tiwari",
              "non_striker": "J Dunn",
              "runs": {
                "batter": 0,
                "extras": 0,
                "total": 0
              }
            },
            {
              "batter": "J Rasu",
              "bowler": "Gaurav Tiwari",
              "non_striker": "J Dunn",
              "runs": {
                "batter": 1,
                "extras": 0,
                "total": 1
              }
            }
          ]
        },
        {
          "over": 2,
          "deliveries": [
            {
              "batter": "J Rasu",
              "bowler": "IDGP Kisawa",
              "non_striker": "J Dunn",
              "runs": {
                "batter": 0,
                "extras": 0,
                "total": 0
              }
            },
            {
              "batter": "J Rasu",
              "bowler": "IDGP Kisawa",
              "non_striker": "J Dunn",
              "runs": {
                "batter": 0,
                "extras": 0,
                "total": 0
              }
            },
            {
              "batter": "J Rasu",
              "bowler": "IDGP Kisawa",
              "non_striker": "J Dunn",
              "runs": {
                "batter": 0,
                "extras": 0,
                "total": 0
              }
            },
            {
              "batter": "J Rasu",
              "bowler": "IDGP Kisawa",
              "non_striker": "J Dunn",
              "runs": {
                "batter": 4,
                "extras": 0,
                "total": 4
              }
            },
            {
              "batter": "J Rasu",
              "bowler": "IDGP Kisawa",
              "non_striker": "J Dunn",
              "runs": {
                "batter": 1,
                "extras": 0,
                "total": 1
              }
            },
            {
              "batter": "J Dunn",
              "bowler": "IDGP Kisawa",
              "non_striker": "J Rasu",
              "runs": {
                "batter": 0,
                "extras": 0,
                "total": 0
              }
            }
          ]
        },
        {
          "over": 3,
          "deliveries": [
            {
              "batter": "J Rasu",
              "bowler": "Gaurav Tiwari",
              "non_striker": "J Dunn",
              "runs": {
                "batter": 0,
                "extras": 0,
                "total": 0
              }
            },
            {
              "batter": "J Rasu",
              "bowler": "Gaurav Tiwari",
              "extras": {
                "wides": 1
              },
              "non_striker": "J Dunn",
              "runs": {
                "batter": 0,
                "extras": 1,
                "total": 1
              }
            },
            {
              "batter": "J Rasu",
              "bowler": "Gaurav Tiwari",
              "non_striker": "J Dunn",
              "runs": {
                "batter": 0,
                "extras": 0,
                "total": 0
              }
            },
            {
              "batter": "J Rasu",
              "bowler": "Gaurav Tiwari",
              "non_striker": "J Dunn",
              "runs": {
                "batter": 0,
                "extras": 0,
                "total": 0
              }
            },
            {
              "batter": "J Rasu",
              "bowler": "Gaurav Tiwari",
              "non_striker": "J Dunn",
              "runs": {
                "batter": 1,
                "extras": 0,
                "total": 1
              }
            },
            {
              "batter": "J Dunn",
              "bowler": "Gaurav Tiwari",
              "non_striker": "J Rasu",
              "runs": {
                "batter": 1,
                "extras": 0,
                "total": 1
              }
            },
            {
              "batter": "J Rasu",
              "bowler": "Gaurav Tiwari",
              "non_striker": "J Dunn",
              "runs": {
                "batter": 0,
                "extras": 0,
                "total": 0
              }
            }
          ]
        },
        {
          "over": 4,
          "deliveries": [
            {
              "batter": "J Dunn",
              "bowler": "IDGP Kisawa",
              "non_striker": "J Rasu",
              "runs": {
                "batter": 2,
                "extras": 0,
                "total": 2
              }
            },
            {
              "batter": "J Dunn",
              "bowler": "IDGP Kisawa",
              "non_striker": "J Rasu",
              "runs": {
                "batter": 0,
                "extras": 0,
                "total": 0
              }
            },
            {
              "batter": "J Dunn",
              "bowler": "IDGP Kisawa",
              "non_striker": "J Rasu",
              "runs": {
                "batter": 2,
                "extras": 0,
                "total": 2
              }
            },
            {
              "batter": "J Dunn",
              "bowler": "IDGP Kisawa",
              "non_striker": "J Rasu",
              "runs": {
                "batter": 4,
                "extras": 0,
                "total": 4
              }
            },
            {
              "batter": "J Dunn",
              "bowler": "IDGP Kisawa",
              "non_striker": "J Rasu",
              "runs": {
                "batter": 0,
                "extras": 0,
                "total": 0
              }
            },
            {
              "batter": "J Dunn",
              "bowler": "IDGP Kisawa",
              "non_striker": "J Rasu",
              "runs": {
                "batter": 0,
                "extras": 0,
                "total": 0
              }
            }
          ]
        },
        {
          "over": 5,
          "deliveries": [
            {
              "batter": "J Rasu",
              "bowler": "Gaurav Tiwari",
              "non_striker": "J Dunn",
              "runs": {
                "batter": 0,
                "extras": 0,
                "total": 0
              }
            },
            {
              "batter": "J Rasu",
              "bowler": "Gaurav Tiwari",
              "extras": {
                "wides": 1
              },
              "non_striker": "J Dunn",
              "runs": {
                "batter": 0,
                "extras": 1,
                "total": 1
              }
            },
            {
              "batter": "J Rasu",
              "bowler": "Gaurav Tiwari",
              "non_striker": "J Dunn",
              "runs": {
                "batter": 0,
                "extras": 0,
                "total": 0
              }
            },
            {
              "batter": "J Rasu",
              "bowler": "Gaurav Tiwari",
              "non_striker": "J Dunn",
              "runs": {
                "batter": 0,
                "extras": 0,
                "total": 0
              }
            },
            {
              "batter": "J Rasu",
              "bowler": "Gaurav Tiwari",
              "non_striker": "J Dunn",
              "runs": {
                "batter": 4,
                "extras": 0,
                "total": 4,
                "non_boundary": true
              }
            },
            {
              "batter": "J Rasu",
              "bowler": "Gaurav Tiwari",
              "non_striker": "J Dunn",
              "runs": {
                "batter": 1,
                "extras": 0,
                "total": 1
              }
            },
            {
              "batter": "J Dunn",
              "bowler": "Gaurav Tiwari",
              "non_striker": "J Rasu",
              "runs": {
                "batter": 0,
                "extras": 0,
                "total": 0
              }
            }
          ]
        },
        {
          "over": 6,
          "deliveries": [
            {
              "batter": "J Rasu",
              "bowler": "IDGP Kisawa",
              "non_striker": "J Dunn",
              "runs": {
                "batter": 4,
                "extras": 0,
                "total": 4
              }
            },
            {
              "batter": "J Rasu",
              "bowler": "IDGP Kisawa",
              "non_striker": "J Dunn",
              "runs": {
                "batter": 1,
                "extras": 0,
                "total": 1
              }
            },
            {
              "batter": "J Dunn",
              "bowler": "IDGP Kisawa",
              "non_striker": "J Rasu",
              "runs": {
                "batter": 4,
                "extras": 0,
                "total": 4
              }
            },
            {
              "batter": "J Dunn",
              "bowler": "IDGP Kisawa",
              "non_striker": "J Rasu",
              "runs": {
                "batter": 1,
                "extras": 0,
                "total": 1
              }
            },
            {
              "batter": "J Rasu",
              "bowler": "IDGP Kisawa",
              "non_striker": "J Dunn",
              "runs": {
                "batter": 1,
                "extras": 0,
                "total": 1
              }
            },
            {
              "batter": "J Dunn",
              "bowler": "IDGP Kisawa",
              "non_striker": "J Rasu",
              "runs": {
                "batter": 0,
                "extras": 0,
                "total": 0
              }
            }
          ]
        },
        {
          "over": 7,
          "deliveries": [
            {
              "batter": "J Rasu",
              "bowler": "Gaurav Tiwari",
              "non_striker": "J Dunn",
              "runs": {
                "batter": 0,
                "extras": 0,
                "total": 0
              }
            },
            {
              "batter": "J Rasu",
              "bowler": "Gaurav Tiwari",
              "non_striker": "J Dunn",
              "runs": {
                "batter": 0,
                "extras": 0,
                "total": 0
              }
            },
            {
              "batter": "J Rasu",
              "bowler": "Gaurav Tiwari",
              "non_striker": "J Dunn",
              "runs": {
                "batter": 4,
                "extras": 0,
                "total": 4
              }
            },
            {
              "batter": "J Rasu",
              "bowler": "Gaurav Tiwari",
              "non_striker": "J Dunn",
              "runs": {
                "batter": 0,
                "extras": 0,
                "total": 0
              }
            },
            {
              "batter": "J Rasu",
              "bowler": "Gaurav Tiwari",
              "non_striker": "J Dunn",
              "runs": {
                "batter": 4,
                "extras": 0,
                "total": 4
              }
            },
            {
              "batter": "J Rasu",
              "bowler": "Gaurav Tiwari",
              "extras": {
                "noballs": 1
              },
              "non_striker": "J Dunn",
              "runs": {
                "batter": 0,
                "extras": 1,
                "total": 1
              }
            },
            {
              "batter": "J Rasu",
              "bowler": "Gaurav Tiwari",
              "extras": {
                "noballs": 1
              },
              "non_striker": "J Dunn",
              "runs": {
                "batter": 4,
                "extras": 1,
                "total": 5
              }
            },
            {
              "batter": "J Rasu",
              "bowler": "Gaurav Tiwari",
              "non_striker": "J Dunn",
              "runs": {
                "batter": 4,
                "extras": 0,
                "total": 4
              }
            }
          ]
        },
        {
          "over": 8,
          "deliveries": [
            {
              "batter": "J Dunn",
              "bowler": "IW Budiarta",
              "non_striker": "J Rasu",
              "runs": {
                "batter": 0,
                "extras": 0,
                "total": 0
              }
            },
            {
              "batter": "J Dunn",
              "bowler": "IW Budiarta",
              "non_striker": "J Rasu",
              "runs": {
                "batter": 2,
                "extras": 0,
                "total": 2
              }
            },
            {
              "batter": "J Dunn",
              "bowler": "IW Budiarta",
              "non_striker": "J Rasu",
              "runs": {
                "batter": 1,
                "extras": 0,
                "total": 1
              }
            },
            {
              "batter": "J Rasu",
              "bowler": "IW Budiarta",
              "non_striker": "J Dunn",
              "runs": {
                "batter": 0,
                "extras": 0,
                "total": 0
              }
            },
            {
              "batter": "J Rasu",
              "bowler": "IW Budiarta",
              "non_striker": "J Dunn",
              "runs": {
                "batter": 6,
                "extras": 0,
                "total": 6
              }
            },
            {
              "batter": "J Rasu",
              "bowler": "IW Budiarta",
              "non_striker": "J Dunn",
              "runs": {
                "batter": 2,
                "extras": 0,
                "total": 2
              }
            }
          ]
        },
        {
          "over": 9,
          "deliveries": [
            {
              "batter": "J Dunn",
              "bowler": "Anjar Tadarus",
              "extras": {
                "noballs": 1
              },
              "non_striker": "J Rasu",
              "runs": {
                "batter": 1,
                "extras": 1,
                "total": 2
              }
            },
            {
              "batter": "J Rasu",
              "bowler": "Anjar Tadarus",
              "non_striker": "J Dunn",
              "runs": {
                "batter": 6,
                "extras": 0,
                "total": 6
              }
            }
          ]
        }
      ],
      "powerplays": [
        {
          "from": 0.1,
          "to": 9.2,
          "type": "mandatory"
        }
      ],
      "target": {
        "overs": 50,
        "runs": 83
      }
    }
  ]
}