{
  "meta": {
    "data_version": "1.0.0",
    "created": "2020-10-26",
    "revision": 1
  },
  "info": {
    "balls_per_over": 6,
    "city": "Bendigo",
    "dates": [
      "2017-02-23"
    ],
    "event": {
      "name": "ICC World Cricket League East Asia-Pacific Region Qualifiers",
      "match_number": 11
    },
    "gender": "male",
    "match_type": "ODM",
    "officials": {
      "match_referees": [
        "M Lane"
      ],
      "tv_umpires": [
        "V Kalidas"
      ],
      "umpires": [
        "Suresh Subramanian",
        "C Howard"
      ]
    },
    "outcome": {
      "winner": "Vanuatu",
      "by": {
        "wickets": 6
      }
    },
    "overs": 50,
    "player_of_match": [
      "N Nipiko"
    ],
    "players": {
      "Japan": [
        "R Kano",
        "M Taniyama",
        "M Kobayashi",
        "K Okoshi",
        "T Takada",
        "J Yamashita",
        "M Thurgate",
        "MM Siddique",
        "N Tomizawa",
        "K Wakita",
        "R Matsumura"
      ],
      "Vanuatu": [
        "J Dunn",
        "J Rasu",
        "PK Matautaava",
        "N Nipiko",
        "A Mansale",
        "R Tari",
        "G Kaltongga",
        "JW Chilia",
        "J Vira",
        "AL Stephen",
        "CC Blake"
      ]
    },
    "registry": {
      "people": {
        "A Mansale": "a22b4f3f",
        "AL Stephen": "49f6d023",
        "C Howard": "47f2d735",
        "CC Blake": "e91933cb",
        "G Kaltongga": "edae74d8",
        "J Dunn": "136848e6",
        "J Rasu": "1021b6e5",
        "J Vira": "2090e94d",
        "J Yamashita": "6cb6215d",
        "JW Chilia": "479da8f9",
        "K Okoshi": "5175c730",
        "K Wakita": "97da4ec9",
        "M Kobayashi": "96084621",
        "M Lane": "1455f4bb",
        "M Taniyama": "cbd91942",
        "M Thurgate": "98aaa3f3",
        "MM Siddique": "48024cf4",
        "N Nipiko": "c498c510",
        "N Tomizawa": "089e1c2a",
        "PK Matautaava": "af19aa66",
        "R Kano": "cc00a786",
        "R Matsumura": "cc9b822c",
        "R Tari": "c4d19735",
        "Suresh Subramanian": "4e869e23",
        "T Takada": "bd3c364d",
        "V Kalidas": "42d76418"
      }
    },
    "season": "2016/17",
    "team_type": "international",
    "teams": [
      "Japan",
      "Vanuatu"
    ],
    "toss": {
      "decision": "bat",
      "winner": "Japan"
    },
    "venue": "Strathfieldsaye"
  },
  "innings": [
    {
      "team": "Japan",
      "overs": [
        {
          "over": 0,
          "deliveries": [
            {
              "batter": "R Kano",
              "bowler": "PK Matautaava",
              "non_striker": "M Taniyama",
              "runs": {
                "batter": 0,
                "extras": 0,
                "total": 0
              }
            },
            {
              "batter": "R Kano",
              "bowler": "PK Matautaava",
              "non_striker": "M Taniyama",
              "runs": {
                "batter": 0,
                "extras": 0,
                "total": 0
              }
            },
            {
              "batter": "R Kano",
              "bowler": "PK Matautaava",
              "non_striker": "M Taniyama",
              "runs": {
                "batter": 0,
                "extras": 0,
                "total": 0
              }
            },
            {
              "batter": "R Kano",
              "bowler": "PK Matautaava",
              "non_striker": "M Taniyama",
              "runs": {
                "batter": 1,
                "extras": 0,
                "total": 1
              }
            },
            {
              "batter": "M Taniyama",
              "bowler": "PK Matautaava",
              "non_striker": "R Kano",
              "runs": {
                "batter": 1,
                "extras": 0,
                "total": 1
              }
            },
            {
              "batter": "R Kano",
              "bowler": "PK Matautaava",
              "non_striker": "M Taniyama",
              "runs": {
                "batter": 0,
                "extras": 0,
                "total": 0
              }
            }
          ]
        },
        {
          "over": 1,
          "deliveries": [
            {
              "batter": "M Taniyama",
              "bowler": "CC Blake",
              "non_striker": "R Kano",
              "runs": {
                "batter": 0,
                "extras": 0,
                "total": 0
              }
            },
            {
              "batter": "M Taniyama",
              "bowler": "CC Blake",
              "non_striker": "R Kano",
              "runs": {
                "batter": 4,
                "extras": 0,
                "total": 4
              }
            },
            {
              "batter": "M Taniyama",
              "bowler": "CC Blake",
              "non_striker": "R Kano",
              "runs": {
                "batter": 0,
                "extras": 0,
                "total": 0
              }
            },
            {
              "batter": "M Taniyama",
              "bowler": "CC Blake",
              "non_striker": "R Kano",
              "runs": {
                "batter": 0,
                "extras": 0,
                "total": 0
              }
            },
            {
              "batter": "M Taniyama",
              "bowler": "CC Blake",
              "non_striker": "R Kano",
              "runs": {
                "batter": 0,
                "extras": 0,
                "total": 0
              }
            },
            {
              "batter": "M Taniyama",
              "bowler": "CC Blake",
              "non_striker": "R Kano",
              "runs": {
                "batter": 1,
                "extras": 0,
                "total": 1
              }
            }
          ]
        },
        {
          "over": 2,
          "deliveries": [
            {
              "batter": "M Taniyama",
              "bowler": "PK Matautaava",
              "non_striker": "R Kano",
              "runs": {
                "batter": 0,
                "extras": 0,
                "total": 0
              }
            },
            {
              "batter": "M Taniyama",
              "bowler": "PK Matautaava",
              "non_striker": "R Kano",
              "runs": {
                "batter": 0,
                "extras": 0,
                "total": 0
              }
            },
            {
              "batter": "M Taniyama",
              "bowler": "PK Matautaava",
              "non_striker": "R Kano",
              "runs": {
                "batter": 0,
                "extras": 0,
                "total": 0
              }
            },
            {
              "batter": "M Taniyama",
              "bowler": "PK Matautaava",
              "non_striker": "R Kano",
              "runs": {
                "batter": 4,
                "extras": 0,
                "total": 4
              }
            },
            {
              "batter": "M Taniyama",
              "bowler": "PK Matautaava",
              "non_striker": "R Kano",
              "runs": {
                "batter": 1,
                "extras": 0,
                "total": 1
              }
            },
            {
              "batter": "R Kano",
              "bowler": "PK Matautaava",
              "non_striker": "M Taniyama",
              "runs": {
                "batter": 4,
                "extras": 0,
                "total": 4
              }
            }
          ]
        },
        {
          "over": 3,
          "deliveries": [
            {
              "batter": "M Taniyama",
              "bowler": "CC Blake",
              "non_striker": "R Kano",
              "runs": {
                "batter": 4,
                "extras": 0,
                "total": 4
              }
            },
            {
              "batter": "M Taniyama",
              "bowler": "CC Blake",
              "non_striker": "R Kano",
              "runs": {
                "batter": 2,
                "extras": 0,
                "total": 2
              }
            },
            {
              "batter": "M Taniyama",
              "bowler": "CC Blake",
              "non_striker": "R Kano",
              "runs": {
                "batter": 0,
                "extras": 0,
                "total": 0
              }
            },
            {
              "batter": "M Taniyama",
              "bowler": "CC Blake",
              "non_striker": "R Kano",
              "runs": {
                "batter": 4,
                "extras": 0,
                "total": 4
              }
            },
            {
              "batter": "M Taniyama",
              "bowler": "CC Blake",
              "non_striker": "R Kano",
              "runs": {
                "batter": 0,
                "extras": 0,
                "total": 0
              },
              "wickets": [
                {
                  "player_out": "M Taniyama",
                  "fielders": [
                    {
                      "name": "JW Chilia"
                    }
                  ],
                  "kind": "caught"
                }
              ]
            },
            {
              "batter": "R Kano",
              "bowler": "CC Blake",
              "non_striker": "M Kobayashi",
              "runs": {
                "batter": 0,
                "extras": 0,
                "total": 0
              }
            }
          ]
        },
        {
          "over": 4,
          "deliveries": [
            {
              "batter": "M Kobayashi",
              "bowler": "N Nipiko",
              "non_striker": "R Kano",
              "runs": {
                "batter": 0,
                "extras": 0,
                "total": 0
              }
            },
            {
              "batter": "M Kobayashi",
              "bowler": "N Nipiko",
              "non_striker": "R Kano",
              "runs": {
                "batter": 0,
                "extras": 0,
                "total": 0
              }
            },
            {
              "batter": "M Kobayashi",
              "bowler": "N Nipiko",
              "non_striker": "R Kano",
              "runs": {
                "batter": 0,
                "extras": 0,
                "total": 0
              }
            },
            {
              "batter": "M Kobayashi",
              "bowler": "N Nipiko",
              "non_striker": "R Kano",
              "runs": {
                "batter": 0,
                "extras": 0,
                "total": 0
              }
            },
            {
              "batter": "M Kobayashi",
              "bowler": "N Nipiko",
              "non_striker": "R Kano",
              "runs": {
                "batter": 0,
                "extras": 0,
                "total": 0
              }
            },
            {
              "batter": "M Kobayashi",
              "bowler": "N Nipiko",
              "non_striker": "R Kano",
              "runs": {
                "batter": 2,
                "extras": 0,
                "total": 2
              }
            }
          ]
        },
        {
          "over": 5,
          "deliveries": [
            {
              "batter": "R Kano",
              "bowler": "CC Blake",
              "extras": {
                "legbyes": 1
              },
              "non_striker": "M Kobayashi",
              "runs": {
                "batter": 0,
                "extras": 1,
                "total": 1
              }
            },
            {
              "batter": "M Kobayashi",
              "bowler": "CC Blake",
              "non_striker": "R Kano",
              "runs": {
                "batter": 0,
                "extras": 0,
                "total": 0
              }
            },
            {
              "batter": "M Kobayashi",
              "bowler": "CC Blake",
              "non_striker": "R Kano",
              "runs": {
                "batter": 1,
                "extras": 0,
                "total": 1
              }
            },
            {
              "batter": "R Kano",
              "bowler": "CC Blake",
              "non_striker": "M Kobayashi",
              "runs": {
                "batter": 0,
                "extras": 0,
                "total": 0
              }
            },
            {
              "batter": "R Kano",
              "bowler": "CC Blake",
              "non_striker": "M Kobayashi",
              "runs": {
                "batter": 0,
                "extras": 0,
                "total": 0
              }
            },
            {
              "batter": "R Kano",
              "bowler": "CC Blake",
              "non_striker": "M Kobayashi",
              "runs": {
                "batter": 0,
                "extras": 0,
                "total": 0
              }
            }
          ]
        },
        {
          "over": 6,
          "deliveries": [
            {
              "batter": "M Kobayashi",
              "bowler": "N Nipiko",
              "non_striker": "R Kano",
              "runs": {
                "batter": 1,
                "extras": 0,
                "total": 1
              }
            },
            {
              "batter": "R Kano",
              "bowler": "N Nipiko",
              "non_striker": "M Kobayashi",
              "runs": {
                "batter": 0,
                "extras": 0,
                "total": 0
              }
            },
            {
              "batter": "R Kano",
              "bowler": "N Nipiko",
              "extras": {
                "wides": 1
              },
              "non_striker": "M Kobayashi",
              "runs": {
                "batter": 0,
                "extras": 1,
                "total": 1
              }
            },
            {
              "batter": "R Kano",
              "bowler": "N Nipiko",
              "non_striker": "M Kobayashi",
              "runs": {
                "batter": 0,
                "extras": 0,
                "total": 0
              }
            },
            {
              "batter": "R Kano",
              "bowler": "N Nipiko",
              "non_striker": "M Kobayashi",
              "runs": {
                "batter": 1,
                "extras": 0,
                "total": 1
              }
            },
            {
              "batter": "M Kobayashi",
              "bowler": "N Nipiko",
              "extras": {
                "wides": 1
              },
              "non_striker": "R Kano",
              "runs": {
                "batter": 0,
                "extras": 1,
                "total": 1
              }
            },
            {
              "batter": "M Kobayashi",
              "bowler": "N Nipiko",
              "non_striker": "R Kano",
              "runs": {
                "batter": 0,
                "extras": 0,
                "total": 0
              }
            },
            {
              "batter": "M Kobayashi",
              "bowler": "N Nipiko",
              "non_striker": "R Kano",
              "runs": {
                "batter": 0,
                "extras": 0,
                "total": 0
              }
            }
          ]
        },
        {
          "over": 7,
          "deliveries": [
            {
              "batter": "R Kano",
              "bowler": "CC Blake",
              "non_striker": "M Kobayashi",
              "runs": {
                "batter": 4,
                "extras": 0,
                "total": 4
              }
            },
            {
              "batter": "R Kano",
              "bowler": "CC Blake",
              "non_striker": "M Kobayashi",
              "runs": {
                "batter": 0,
                "extras": 0,
                "total": 0
              }
            },
            {
              "batter": "R Kano",
              "bowler": "CC Blake",
              "non_striker": "M Kobayashi",
              "runs": {
                "batter": 0,
                "extras": 0,
                "total": 0
              }
            },
            {
              "batter": "R Kano",
              "bowler": "CC Blake",
              "non_striker": "M Kobayashi",
              "runs": {
                "batter": 0,
                "extras": 0,
                "total": 0
              }
            },
            {
              "batter": "R Kano",
              "bowler": "CC Blake",
              "extras": {
                "noballs": 1
              },
              "non_striker": "M Kobayashi",
              "runs": {
                "batter": 0,
                "extras": 1,
                "total": 1
              }
            },
            {
              "batter": "R Kano",
              "bowler": "CC Blake",
              "non_striker": "M Kobayashi",
              "runs": {
                "batter": 2,
                "extras": 0,
                "total": 2
              }
            },
            {
              "batter": "R Kano",
              "bowler": "CC Blake",
              "non_striker": "M Kobayashi",
              "runs": {
                "batter": 0,
                "extras": 0,
                "total": 0
              }
            }
          ]
        },
        {
          "over": 8,
          "deliveries": [
            {
              "batter": "M Kobayashi",
              "bowler": "N Nipiko",
              "non_striker": "R Kano",
              "runs": {
                "batter": 0,
                "extras": 0,
                "total": 0
              }
            },
            {
              "batter": "M Kobayashi",
              "bowler": "N Nipiko",
              "non_striker": "R Kano",
              "runs": {
                "batter": 1,
                "extras": 0,
                "total": 1
              }
            },
            {
              "batter": "R Kano",
              "bowler": "N Nipiko",
              "non_striker": "M Kobayashi",
              "runs": {
                "batter": 0,
                "extras": 0,
                "total": 0
              }
            },
            {
              "batter": "R Kano",
              "bowler": "N Nipiko",
              "extras": {
                "wides": 1
              },
              "non_striker": "M Kobayashi",
              "runs": {
                "batter": 0,
                "extras": 1,
                "total": 1
              }
            },
            {
              "batter": "R Kano",
              "bowler": "N Nipiko",
              "non_striker": "M Kobayashi",
              "runs": {
                "batter": 0,
                "extras": 0,
                "total": 0
              }
            },
            {
              "batter": "R Kano",
              "bowler": "N Nipiko",
              "non_striker": "M Kobayashi",
              "runs": {
                "batter": 0,
                "extras": 0,
                "total": 0
              }
            },
            {
              "batter": "R Kano",
              "bowler": "N Nipiko",
              "non_striker": "M Kobayashi",
              "runs": {
                "batter": 0,
                "extras": 0,
                "total": 0
              }
            }
          ]
        },
        {
          "over": 9,
          "deliveries": [
            {
              "batter": "M Kobayashi",
              "bowler": "AL Stephen",
              "non_striker": "R Kano",
              "runs": {
                "batter": 3,
                "extras": 0,
                "total": 3
              }
            },
            {
              "batter": "R Kano",
              "bowler": "AL Stephen",
              "non_striker": "M Kobayashi",
              "runs": {
                "batter": 0,
                "extras": 0,
                "total": 0
              },
              "wickets": [
                {
                  "player_out": "R Kano",
                  "kind": "bowled"
                }
              ]
            },
            {
              "batter": "K Okoshi",
              "bowler": "AL Stephen",
              "non_striker": "M Kobayashi",
              "runs": {
                "batter": 0,
                "extras": 0,
                "total": 0
              }
            },
            {
              "batter": "K Okoshi",
              "bowler": "AL Stephen",
              "non_striker": "M Kobayashi",
              "runs": {
                "batter": 0,
                "extras": 0,
                "total": 0
              }
            },
            {
              "batter": "K Okoshi",
              "bowler": "AL Stephen",
              "non_striker": "M Kobayashi",
              "runs": {
                "batter": 0,
                "extras": 0,
                "total": 0
              }
            },
            {
              "batter": "K Okoshi",
              "bowler": "AL Stephen",
              "non_striker": "M Kobayashi",
              "runs": {
                "batter": 0,
                "extras": 0,
                "total": 0
              }
            }
          ]
        },
        {
          "over": 10,
          "deliveries": [
            {
              "batter": "M Kobayashi",
              "bowler": "N Nipiko",
              "non_striker": "K Okoshi",
              "runs": {
                "batter": 0,
                "extras": 0,
                "total": 0
              }
            },
            {
              "batter": "M Kobayashi",
              "bowler": "N Nipiko",
              "non_striker": "K Okoshi",
              "runs": {
                "batter": 0,
                "extras": 0,
                "total": 0
              }
            },
            {
              "batter": "M Kobayashi",
              "bowler": "N Nipiko",
              "non_striker": "K Okoshi",
              "runs": {
                "batter": 0,
                "extras": 0,
                "total": 0
              }
            },
            {
              "batter": "M Kobayashi",
              "bowler": "N Nipiko",
              "non_striker": "K Okoshi",
              "runs": {
                "batter": 1,
                "extras": 0,
                "total": 1
              }
            },
            {
              "batter": "K Okoshi",
              "bowler": "N Nipiko",
              "non_striker": "M Kobayashi",
              "runs": {
                "batter": 0,
                "extras": 0,
                "total": 0
              }
            },
            {
              "batter": "K Okoshi",
              "bowler": "N Nipiko",
              "non_striker": "M Kobayashi",
              "runs": {
                "batter": 0,
                "extras": 0,
                "total": 0
              }
            }
          ]
        },
        {
          "over": 11,
          "deliveries": [
            {
              "batter": "M Kobayashi",
              "bowler": "AL Stephen",
              "non_striker": "K Okoshi",
              "runs": {
                "batter": 0,
                "extras": 0,
                "total": 0
              }
            },
            {
              "batter": "M Kobayashi",
              "bowler": "AL Stephen",
              "non_striker": "K Okoshi",
              "runs": {
                "batter": 0,
                "extras": 0,
                "total": 0
              }
            },
            {
              "batter": "M Kobayashi",
              "bowler": "AL Stephen",
              "non_striker": "K Okoshi",
              "runs": {
                "batter": 0,
                "extras": 0,
                "total": 0
              }
            },
            {
              "batter": "M Kobayashi",
              "bowler": "AL Stephen",
              "non_striker": "K Okoshi",
              "runs": {
                "batter": 0,
                "extras": 0,
                "total": 0
              }
            },
            {
              "batter": "M Kobayashi",
              "bowler": "AL Stephen",
              "non_striker": "K Okoshi",
              "runs": {
                "batter": 1,
                "extras": 0,
                "total": 1
              }
            },
            {
              "batter": "K Okoshi",
              "bowler": "AL Stephen",
              "non_striker": "M Kobayashi",
              "runs": {
                "batter": 0,
                "extras": 0,
                "total": 0
              }
            }
          ]
        },
        {
          "over": 12,
          "deliveries": [
            {
              "batter": "M Kobayashi",
              "bowler": "N Nipiko",
              "non_striker": "K Okoshi",
              "runs": {
                "batter": 0,
                "extras": 0,
                "total": 0
              }
            },
            {
              "batter": "M Kobayashi",
              "bowler": "N Nipiko",
              "non_striker": "K Okoshi",
              "runs": {
                "batter": 0,
                "extras": 0,
                "total": 0
              },
              "wickets": [
                {
                  "player_out": "K Okoshi",
                  "kind": "run out"
                }
              ]
            },
            {
              "batter": "T Takada",
              "bowler": "N Nipiko",
              "non_striker": "M Kobayashi",
              "runs": {
                "batter": 0,
                "extras": 0,
                "total": 0
              }
            },
            {
              "batter": "T Takada",
              "bowler": "N Nipiko",
              "extras": {
                "wides": 1
              },
              "non_striker": "M Kobayashi",
              "runs": {
                "batter": 0,
                "extras": 1,
                "total": 1
              }
            },
            {
              "batter": "T Takada",
              "bowler": "N Nipiko",
              "non_striker": "M Kobayashi",
              "runs": {
                "batter": 5,
                "extras": 0,
                "total": 5
              }
            },
            {
              "batter": "M Kobayashi",
              "bowler": "N Nipiko",
              "non_striker": "T Takada",
              "runs": {
                "batter": 0,
                "extras": 0,
                "total": 0
              }
            },
            {
              "batter": "M Kobayashi",
              "bowler": "N Nipiko",
              "non_striker": "T Takada",
              "runs": {
                "batter": 0,
                "extras": 0,
                "total": 0
              }
            }
          ]
        },
        {
          "over": 13,
          "deliveries": [
            {
              "batter": "T Takada",
              "bowler": "AL Stephen",
              "non_striker": "M Kobayashi",
              "runs": {
                "batter": 0,
                "extras": 0,
                "total": 0
              }
            },
            {
              "batter": "T Takada",
              "bowler": "AL Stephen",
              "non_striker": "M Kobayashi",
              "runs": {
                "batter": 0,
                "extras": 0,
                "total": 0
              }
            },
            {
              "batter": "T Takada",
              "bowler": "AL Stephen",
              "non_striker": "M Kobayashi",
              "runs": {
                "batter": 0,
                "extras": 0,
                "total": 0
              }
            },
            {
              "batter": "T Takada",
              "bowler": "AL Stephen",
              "non_striker": "M Kobayashi",
              "runs": {
                "batter": 0,
                "extras": 0,
                "total": 0
              }
            },
            {
              "batter": "T Takada",
              "bowler": "AL Stephen",
              "non_striker": "M Kobayashi",
              "runs": {
                "batter": 1,
                "extras": 0,
                "total": 1
              }
            },
            {
              "batter": "M Kobayashi",
              "bowler": "AL Stephen",
              "non_striker": "T Takada",
              "runs": {
                "batter": 0,
                "extras": 0,
                "total": 0
              }
            }
          ]
        },
        {
          "over": 14,
          "deliveries": [
            {
              "batter": "T Takada",
              "bowler": "N Nipiko",
              "non_striker": "M Kobayashi",
              "runs": {
                "batter": 0,
                "extras": 0,
                "total": 0
              }
            },
            {
              "batter": "T Takada",
              "bowler": "N Nipiko",
              "non_striker": "M Kobayashi",
              "runs": {
                "batter": 1,
                "extras": 0,
                "total": 1
              },
              "wickets": [
                {
                  "player_out": "M Kobayashi",
                  "kind": "run out"
                }
              ]
            },
            {
              "batter": "J Yamashita",
              "bowler": "N Nipiko",
              "non_striker": "T Takada",
              "runs": {
                "batter": 0,
                "extras": 0,
                "total": 0
              }
            },
            {
              "batter": "J Yamashita",
              "bowler": "N Nipiko",
              "non_striker": "T Takada",
              "runs": {
                "batter": 0,
                "extras": 0,
                "total": 0
              }
            },
            {
              "batter": "J Yamashita",
              "bowler": "N Nipiko",
              "non_striker": "T Takada",
              "runs": {
                "batter": 0,
                "extras": 0,
                "total": 0
              },
              "wickets": [
                {
                  "player_out": "J Yamashita",
                  "kind": "bowled"
                }
              ]
            },
            {
              "batter": "M Thurgate",
              "bowler": "N Nipiko",
              "non_striker": "T Takada",
              "runs": {
                "batter": 0,
                "extras": 0,
                "total": 0
              }
            }
          ]
        },
        {
          "over": 15,
          "deliveries": [
            {
              "batter": "T Takada",
              "bowler": "AL Stephen",
              "non_striker": "M Thurgate",
              "runs": {
                "batter": 0,
                "extras": 0,
                "total": 0
              }
            },
            {
              "batter": "T Takada",
              "bowler": "AL Stephen",
              "non_striker": "M Thurgate",
              "runs": {
                "batter": 2,
                "extras": 0,
                "total": 2
              }
            },
            {
              "batter": "T Takada",
              "bowler": "AL Stephen",
              "non_striker": "M Thurgate",
              "runs": {
                "batter": 0,
                "extras": 0,
                "total": 0
              }
            },
            {
              "batter": "T Takada",
              "bowler": "AL Stephen",
              "non_striker": "M Thurgate",
              "runs": {
                "batter": 0,
                "extras": 0,
                "total": 0
              }
            },
            {
              "batter": "T Takada",
              "bowler": "AL Stephen",
              "non_striker": "M Thurgate",
              "runs": {
                "batter": 0,
                "extras": 0,
                "total": 0
              }
            },
            {
              "batter": "T Takada",
              "bowler": "AL Stephen",
              "non_striker": "M Thurgate",
              "runs": {
                "batter": 0,
                "extras": 0,
                "total": 0
              }
            }
          ]
        },
        {
          "over": 16,
          "deliveries": [
            {
              "batter": "M Thurgate",
              "bowler": "N Nipiko",
              "non_striker": "T Takada",
              "runs": {
                "batter": 0,
                "extras": 0,
                "total": 0
              }
            },
            {
              "batter": "M Thurgate",
              "bowler": "N Nipiko",
              "extras": {
                "legbyes": 1
              },
              "non_striker": "T Takada",
              "runs": {
                "batter": 0,
                "extras": 1,
                "total": 1
              }
            },
            {
              "batter": "T Takada",
              "bowler": "N Nipiko",
              "non_striker": "M Thurgate",
              "runs": {
                "batter": 0,
                "extras": 0,
                "total": 0
              }
            },
            {
              "batter": "T Takada",
              "bowler": "N Nipiko",
              "non_striker": "M Thurgate",
              "runs": {
                "batter": 0,
                "extras": 0,
                "total": 0
              }
            },
            {
              "batter": "T Takada",
              "bowler": "N Nipiko",
              "non_striker": "M Thurgate",
              "runs": {
                "batter": 0,
                "extras": 0,
                "total": 0
              }
            },
            {
              "batter": "T Takada",
              "bowler": "N Nipiko",
              "non_striker": "M Thurgate",
              "runs": {
                "batter": 0,
                "extras": 0,
                "total": 0
              }
            }
          ]
        },
        {
          "over": 17,
          "deliveries": [
            {
              "batter": "M Thurgate",
              "bowler": "AL Stephen",
              "non_striker": "T Takada",
              "runs": {
                "batter": 0,
                "extras": 0,
                "total": 0
              }
            },
            {
              "batter": "M Thurgate",
              "bowler": "AL Stephen",
              "non_striker": "T Takada",
              "runs": {
                "batter": 0,
                "extras": 0,
                "total": 0
              }
            },
            {
              "batter": "M Thurgate",
              "bowler": "AL Stephen",
              "non_striker": "T Takada",
              "runs": {
                "batter": 0,
                "extras": 0,
                "total": 0
              }
            },
            {
              "batter": "M Thurgate",
              "bowler": "AL Stephen",
              "non_striker": "T Takada",
              "runs": {
                "batter": 0,
                "extras": 0,
                "total": 0
              },
              "wickets": [
                {
                  "player_out": "M Thurgate",
                  "kind": "bowled"
                }
              ]
            },
            {
              "batter": "MM Siddique",
              "bowler": "AL Stephen",
              "non_striker": "T Takada",
              "runs": {
                "batter": 0,
                "extras": 0,
                "total": 0
              }
            },
            {
              "batter": "MM Siddique",
              "bowler": "AL Stephen",
              "non_striker": "T Takada",
              "runs": {
                "batter": 0,
                "extras": 0,
                "total": 0
              }
            }
          ]
        },
        {
          "over": 18,
          "deliveries": [
            {
              "batter": "T Takada",
              "bowler": "N Nipiko",
              "non_striker": "MM Siddique",
              "runs": {
                "batter": 1,
                "extras": 0,
                "total": 1
              }
            },
            {
              "batter": "MM Siddique",
              "bowler": "N Nipiko",
              "non_striker": "T Takada",
              "runs": {
                "batter": 0,
                "extras": 0,
                "total": 0
              }
            },
            {
              "batter": "MM Siddique",
              "bowler": "N Nipiko",
              "non_striker": "T Takada",
              "runs": {
                "batter": 0,
                "extras": 0,
                "total": 0
              }
            },
            {
              "batter": "MM Siddique",
              "bowler": "N Nipiko",
              "extras": {
                "wides": 1
              },
              "non_striker": "T Takada",
              "runs": {
                "batter": 0,
                "extras": 1,
                "total": 1
              }
            },
            {
              "batter": "MM Siddique",
              "bowler": "N Nipiko",
              "non_striker": "T Takada",
              "runs": {
                "batter": 4,
                "extras": 0,
                "total": 4
              }
            },
            {
              "batter": "MM Siddique",
              "bowler": "N Nipiko",
              "non_striker": "T Takada",
              "runs": {
                "batter": 0,
                "extras": 0,
                "total": 0
              },
              "wickets": [
                {
                  "player_out": "MM Siddique",
                  "kind": "bowled"
                }
              ]
            },
            {
              "batter": "N Tomizawa",
              "bowler": "N Nipiko",
              "non_striker": "T Takada",
              "runs": {
                "batter": 0,
                "extras": 0,
                "total": 0
              }
            }
          ]
        },
        {
          "over": 19,
          "deliveries": [
            {
              "batter": "T Takada",
              "bowler": "AL Stephen",
              "non_striker": "N Tomizawa",
              "runs": {
                "batter": 0,
                "extras": 0,
                "total": 0
              }
            },
            {
              "batter": "T Takada",
              "bowler": "AL Stephen",
              "non_striker": "N Tomizawa",
              "runs": {
                "batter": 0,
                "extras": 0,
                "total": 0
              }
            },
            {
              "batter": "T Takada",
              "bowler": "AL Stephen",
              "non_striker": "N Tomizawa",
              "runs": {
                "batter": 0,
                "extras": 0,
                "total": 0
              }
            },
            {
              "batter": "T Takada",
              "bowler": "AL Stephen",
              "non_striker": "N Tomizawa",
              "runs": {
                "batter": 0,
                "extras": 0,
                "total": 0
              }
            },
            {
              "batter": "T Takada",
              "bowler": "AL Stephen",
              "non_striker": "N Tomizawa",
              "runs": {
                "batter": 0,
                "extras": 0,
                "total": 0
              }
            },
            {
              "batter": "T Takada",
              "bowler": "AL Stephen",
              "non_striker": "N Tomizawa",
              "runs": {
                "batter": 0,
                "extras": 0,
                "total": 0
              }
            }
          ]
        },
        {
          "over": 20,
          "deliveries": [
            {
              "batter": "N Tomizawa",
              "bowler": "N Nipiko",
              "non_striker": "T Takada",
              "runs": {
                "batter": 2,
                "extras": 0,
                "total": 2
              }
            },
            {
              "batter": "N Tomizawa",
              "bowler": "N Nipiko",
              "non_striker": "T Takada",
              "runs": {
                "batter": 1,
                "extras": 0,
                "total": 1
              }
            },
            {
              "batter": "T Takada",
              "bowler": "N Nipiko",
              "non_striker": "N Tomizawa",
              "runs": {
                "batter": 0,
                "extras": 0,
                "total": 0
              }
            },
            {
              "batter": "T Takada",
              "bowler": "N Nipiko",
              "non_striker": "N Tomizawa",
              "runs": {
                "batter": 0,
                "extras": 0,
                "total": 0
              }
            },
            {
              "batter": "T Takada",
              "bowler": "N Nipiko",
              "non_striker": "N Tomizawa",
              "runs": {
                "batter": 0,
                "extras": 0,
                "total": 0
              }
            },
            {
              "batter": "T Takada",
              "bowler": "N Nipiko",
              "non_striker": "N Tomizawa",
              "runs": {
                "batter": 0,
                "extras": 0,
                "total": 0
              }
            }
          ]
        },
        {
          "over": 21,
          "deliveries": [
            {
              "batter": "N Tomizawa",
              "bowler": "AL Stephen",
              "non_striker": "T Takada",
              "runs": {
                "batter": 0,
                "extras": 0,
                "total": 0
              }
            },
            {
              "batter": "N Tomizawa",
              "bowler": "AL Stephen",
              "non_striker": "T Takada",
              "runs": {
                "batter": 0,
                "extras": 0,
                "total": 0
              }
            },
            {
              "batter": "N Tomizawa",
              "bowler": "AL Stephen",
              "non_striker": "T Takada",
              "runs": {
                "batter": 0,
                "extras": 0,
                "total": 0
              }
            },
            {
              "batter": "N Tomizawa",
              "bowler": "AL Stephen",
              "non_striker": "T Takada",
              "runs": {
                "batter": 0,
                "extras": 0,
                "total": 0
              }
            },
            {
              "batter": "N Tomizawa",
              "bowler": "AL Stephen",
              "non_striker": "T Takada",
              "runs": {
                "batter": 1,
                "extras": 0,
                "total": 1
              }
            },
            {
              "batter": "T Takada",
              "bowler": "AL Stephen",
              "non_striker": "N Tomizawa",
              "runs": {
                "batter": 1,
                "extras": 0,
                "total": 1
              }
            }
          ]
        },
        {
          "over": 22,
          "deliveries": [
            {
              "batter": "T Takada",
              "bowler": "N Nipiko",
              "non_striker": "N Tomizawa",
              "runs": {
                "batter": 1,
                "extras": 0,
                "total": 1
              }
            },
            {
              "batter": "N Tomizawa",
              "bowler": "N Nipiko",
              "extras": {
                "wides": 1
              },
              "non_striker": "T Takada",
              "runs": {
                "batter": 0,
                "extras": 1,
                "total": 1
              }
            },
            {
              "batter": "N Tomizawa",
              "bowler": "N Nipiko",
              "non_striker": "T Takada",
              "runs": {
                "batter": 0,
                "extras": 0,
                "total": 0
              }
            },
            {
              "batter": "N Tomizawa",
              "bowler": "N Nipiko",
              "non_striker": "T Takada",
              "runs": {
                "batter": 0,
                "extras": 0,
                "total": 0
              }
            },
            {
              "batter": "N Tomizawa",
              "bowler": "N Nipiko",
              "non_striker": "T Takada",
              "runs": {
                "batter": 0,
                "extras": 0,
                "total": 0
              }
            },
            {
              "batter": "N Tomizawa",
              "bowler": "N Nipiko",
              "non_striker": "T Takada",
              "runs": {
                "batter": 0,
                "extras": 0,
                "total": 0
              }
            },
            {
              "batter": "N Tomizawa",
              "bowler": "N Nipiko",
              "non_striker": "T Takada",
              "runs": {
                "batter": 0,
                "extras": 0,
                "total": 0
              }
            }
          ]
        },
        {
          "over": 23,
          "deliveries": [
            {
              "batter": "T Takada",
              "bowler": "AL Stephen",
              "non_striker": "N Tomizawa",
              "runs": {
                "batter": 0,
                "extras": 0,
                "total": 0
              }
            },
            {
              "batter": "T Takada",
              "bowler": "AL Stephen",
              "non_striker": "N Tomizawa",
              "runs": {
                "batter": 0,
                "extras": 0,
                "total": 0
              }
            },
            {
              "batter": "T Takada",
              "bowler": "AL Stephen",
              "non_striker": "N Tomizawa",
              "runs": {
                "batter": 0,
                "extras": 0,
                "total": 0
              }
            },
            {
              "batter": "T Takada",
              "bowler": "AL Stephen",
              "non_striker": "N Tomizawa",
              "runs": {
                "batter": 0,
                "extras": 0,
                "total": 0
              }
            },
            {
              "batter": "T Takada",
              "bowler": "AL Stephen",
              "non_striker": "N Tomizawa",
              "runs": {
                "batter": 0,
                "extras": 0,
                "total": 0
              },
              "wickets": [
                {
                  "player_out": "T Takada",
                  "fielders": [
                    {
                      "name": "JW Chilia"
                    }
                  ],
                  "kind": "caught"
                }
              ]
            },
            {
              "batter": "K Wakita",
              "bowler": "AL Stephen",
              "non_striker": "N Tomizawa",
              "runs": {
                "batter": 0,
                "extras": 0,
                "total": 0
              }
            }
          ]
        },
        {
          "over": 24,
          "deliveries": [
            {
              "batter": "N Tomizawa",
              "bowler": "JW Chilia",
              "non_striker": "K Wakita",
              "runs": {
                "batter": 0,
                "extras": 0,
                "total": 0
              }
            },
            {
              "batter": "N Tomizawa",
              "bowler": "JW Chilia",
              "non_striker": "K Wakita",
              "runs": {
                "batter": 0,
                "extras": 0,
                "total": 0
              },
              "wickets": [
                {
                  "player_out": "N Tomizawa",
                  "kind": "lbw"
                }
              ]
            },
            {
              "batter": "R Matsumura",
              "bowler": "JW Chilia",
              "non_striker": "K Wakita",
              "runs": {
                "batter": 0,
                "extras": 0,
                "total": 0
              }
            },
            {
              "batter": "R Matsumura",
              "bowler": "JW Chilia",
              "non_striker": "K Wakita",
              "runs": {
                "batter": 0,
                "extras": 0,
                "total": 0
              }
            },
            {
              "batter": "R Matsumura",
              "bowler": "JW Chilia",
              "non_striker": "K Wakita",
              "runs": {
                "batter": 0,
                "extras": 0,
                "total": 0
              }
            },
            {
              "batter": "R Matsumura",
              "bowler": "JW Chilia",
              "non_striker": "K Wakita",
              "runs": {
                "batter": 0,
                "extras": 0,
                "total": 0
              }
            }
          ]
        },
        {
          "over": 25,
          "deliveries": [
            {
              "batter": "K Wakita",
              "bowler": "AL Stephen",
              "non_striker": "R Matsumura",
              "runs": {
                "batter": 4,
                "extras": 0,
                "total": 4
              }
            },
            {
              "batter": "K Wakita",
              "bowler": "AL Stephen",
              "non_striker": "R Matsumura",
              "runs": {
                "batter": 0,
                "extras": 0,
                "total": 0
              }
            },
            {
              "batter": "K Wakita",
              "bowler": "AL Stephen",
              "non_striker": "R Matsumura",
              "runs": {
                "batter": 1,
                "extras": 0,
                "total": 1
              }
            },
            {
              "batter": "R Matsumura",
              "bowler": "AL Stephen",
              "non_striker": "K Wakita",
              "runs": {
                "batter": 0,
                "extras": 0,
                "total": 0
              }
            },
            {
              "batter": "R Matsumura",
              "bowler": "AL Stephen",
              "non_striker": "K Wakita",
              "runs": {
                "batter": 1,
                "extras": 0,
                "total": 1
              }
            },
            {
              "batter": "K Wakita",
              "bowler": "AL Stephen",
              "non_striker": "R Matsumura",
              "runs": {
                "batter": 1,
                "extras": 0,
                "total": 1
              }
            }
          ]
        },
        {
          "over": 26,
          "deliveries": [
            {
              "batter": "K Wakita",
              "bowler": "JW Chilia",
              "non_striker": "R Matsumura",
              "runs": {
                "batter": 0,
                "extras": 0,
                "total": 0
              }
            },
            {
              "batter": "K Wakita",
              "bowler": "JW Chilia",
              "non_striker": "R Matsumura",
              "runs": {
                "batter": 0,
                "extras": 0,
                "total": 0
              },
              "wickets": [
                {
                  "player_out": "K Wakita",
                  "kind": "bowled"
                }
              ]
            }
          ]
        }
      ],
      "powerplays": [
        {
          "from": 0.1,
          "to": 9.6,
          "type": "mandatory"
        },
        {
          "from": 10.1,
          "to": 26.2,
          "type": "mandatory"
        }
      ]
    },
    {
      "team": "Vanuatu",
      "overs": [
        {
          "over": 0,
          "deliveries": [
            {
              "batter": "J Dunn",
              "bowler": "T Takada",
              "non_striker": "J Rasu",
              "runs": {
                "batter": 1,
                "extras": 0,
                "total": 1
              }
            },
            {
              "batter": "J Rasu",
              "bowler": "T Takada",
              "non_striker": "J Dunn",
              "runs": {
                "batter": 0,
                "extras": 0,
                "total": 0
              }
            },
            {
              "batter": "J Rasu",
              "bowler": "T Takada",
              "non_striker": "J Dunn",
              "runs": {
                "batter": 1,
                "extras": 0,
                "total": 1
              }
            },
            {
              "batter": "J Dunn",
              "bowler": "T Takada",
              "extras": {
                "legbyes": 1
              },
              "non_striker": "J Rasu",
              "runs": {
                "batter": 0,
                "extras": 1,
                "total": 1
              }
            },
            {
              "batter": "J Rasu",
              "bowler": "T Takada",
              "non_striker": "J Dunn",
              "runs": {
                "batter": 0,
                "extras": 0,
                "total": 0
              }
            },
            {
              "batter": "J Rasu",
              "bowler": "T Takada",
              "non_striker": "J Dunn",
              "runs": {
                "batter": 0,
                "extras": 0,
                "total": 0
              }
            }
          ]
        },
        {
          "over": 1,
          "deliveries": [
            {
              "batter": "J Dunn",
              "bowler": "R Matsumura",
              "non_striker": "J Rasu",
              "runs": {
                "batter": 0,
                "extras": 0,
                "total": 0
              }
            },
            {
              "batter": "J Dunn",
              "bowler": "R Matsumura",
              "non_striker": "J Rasu",
              "runs": {
                "batter": 2,
                "extras": 0,
                "total": 2
              }
            },
            {
              "batter": "J Dunn",
              "bowler": "R Matsumura",
              "non_striker": "J Rasu",
              "runs": {
                "batter": 0,
                "extras": 0,
                "total": 0
              },
              "wickets": [
                {
                  "player_out": "J Dunn",
                  "fielders": [
                    {
                      "name": "M Thurgate"
                    }
                  ],
                  "kind": "caught"
                }
              ]
            },
            {
              "batter": "PK Matautaava",
              "bowler": "R Matsumura",
              "non_striker": "J Rasu",
              "runs": {
                "batter": 0,
                "extras": 0,
                "total": 0
              }
            },
            {
              "batter": "PK Matautaava",
              "bowler": "R Matsumura",
              "non_striker": "J Rasu",
              "runs": {
                "batter": 0,
                "extras": 0,
                "total": 0
              }
            },
            {
              "batter": "PK Matautaava",
              "bowler": "R Matsumura",
              "non_striker": "J Rasu",
              "runs": {
                "batter": 0,
                "extras": 0,
                "total": 0
              }
            }
          ]
        },
        {
          "over": 2,
          "deliveries": [
            {
              "batter": "J Rasu",
              "bowler": "T Takada",
              "non_striker": "PK Matautaava",
              "runs": {
                "batter": 2,
                "extras": 0,
                "total": 2
              }
            },
            {
              "batter": "J Rasu",
              "bowler": "T Takada",
              "non_striker": "PK Matautaava",
              "runs": {
                "batter": 0,
                "extras": 0,
                "total": 0
              },
              "wickets": [
                {
                  "player_out": "J Rasu",
                  "fielders": [
                    {
                      "name": "R Matsumura"
                    }
                  ],
                  "kind": "caught"
                }
              ]
            },
            {
              "batter": "N Nipiko",
              "bowler": "T Takada",
              "non_striker": "PK Matautaava",
              "runs": {
                "batter": 0,
                "extras": 0,
                "total": 0
              }
            },
            {
              "batter": "N Nipiko",
              "bowler": "T Takada",
              "non_striker": "PK Matautaava",
              "runs": {
                "batter": 0,
                "extras": 0,
                "total": 0
              }
            },
            {
              "batter": "N Nipiko",
              "bowler": "T Takada",
              "non_striker": "PK Matautaava",
              "runs": {
                "batter": 0,
                "extras": 0,
                "total": 0
              }
            },
            {
              "batter": "N Nipiko",
              "bowler": "T Takada",
              "non_striker": "PK Matautaava",
              "runs": {
                "batter": 0,
                "extras": 0,
                "total": 0
              }
            }
          ]
        },
        {
          "over": 3,
          "deliveries": [
            {
              "batter": "PK Matautaava",
              "bowler": "R Matsumura",
              "non_striker": "N Nipiko",
              "runs": {
                "batter": 0,
                "extras": 0,
                "total": 0
              }
            },
            {
              "batter": "PK Matautaava",
              "bowler": "R Matsumura",
              "non_striker": "N Nipiko",
              "runs": {
                "batter": 0,
                "extras": 0,
                "total": 0
              }
            },
            {
              "batter": "PK Matautaava",
              "bowler": "R Matsumura",
              "non_striker": "N Nipiko",
              "runs": {
                "batter": 0,
                "extras": 0,
                "total": 0
              }
            },
            {
              "batter": "PK Matautaava",
              "bowler": "R Matsumura",
              "non_striker": "N Nipiko",
              "runs": {
                "batter": 6,
                "extras": 0,
                "total": 6
              }
            },
            {
              "batter": "PK Matautaava",
              "bowler": "R Matsumura",
              "non_striker": "N Nipiko",
              "runs": {
                "batter": 2,
                "extras": 0,
                "total": 2
              }
            },
            {
              "batter": "PK Matautaava",
              "bowler": "R Matsumura",
              "non_striker": "N Nipiko",
              "runs": {
                "batter": 0,
                "extras": 0,
                "total": 0
              }
            }
          ]
        },
        {
          "over": 4,
          "deliveries": [
            {
              "batter": "N Nipiko",
              "bowler": "T Takada",
              "non_striker": "PK Matautaava",
              "runs": {
                "batter": 0,
                "extras": 0,
                "total": 0
              }
            },
            {
              "batter": "N Nipiko",
              "bowler": "T Takada",
              "non_striker": "PK Matautaava",
              "runs": {
                "batter": 0,
                "extras": 0,
                "total": 0
              }
            },
            {
              "batter": "N Nipiko",
              "bowler": "T Takada",
              "non_striker": "PK Matautaava",
              "runs": {
                "batter": 0,
                "extras": 0,
                "total": 0
              }
            },
            {
              "batter": "N Nipiko",
              "bowler": "T Takada",
              "non_striker": "PK Matautaava",
              "runs": {
                "batter": 4,
                "extras": 0,
                "total": 4
              }
            },
            {
              "batter": "N Nipiko",
              "bowler": "T Takada",
              "non_striker": "PK Matautaava",
              "runs": {
                "batter": 0,
                "extras": 0,
                "total": 0
              }
            },
            {
              "batter": "N Nipiko",
              "bowler": "T Takada",
              "non_striker": "PK Matautaava",
              "runs": {
                "batter": 0,
                "extras": 0,
                "total": 0
              }
            }
          ]
        },
        {
          "over": 5,
          "deliveries": [
            {
              "batter": "PK Matautaava",
              "bowler": "MM Siddique",
              "extras": {
                "noballs": 1
              },
              "non_striker": "N Nipiko",
              "runs": {
                "batter": 0,
                "extras": 1,
                "total": 1
              }
            },
            {
              "batter": "PK Matautaava",
              "bowler": "MM Siddique",
              "non_striker": "N Nipiko",
              "runs": {
                "batter": 6,
                "extras": 0,
                "total": 6
              }
            },
            {
              "batter": "PK Matautaava",
              "bowler": "MM Siddique",
              "non_striker": "N Nipiko",
              "runs": {
                "batter": 0,
                "extras": 0,
                "total": 0
              }
            },
            {
              "batter": "PK Matautaava",
              "bowler": "MM Siddique",
              "non_striker": "N Nipiko",
              "runs": {
                "batter": 0,
                "extras": 0,
                "total": 0
              }
            },
            {
              "batter": "PK Matautaava",
              "bowler": "MM Siddique",
              "non_striker": "N Nipiko",
              "runs": {
                "batter": 4,
                "extras": 0,
                "total": 4
              }
            },
            {
              "batter": "PK Matautaava",
              "bowler": "MM Siddique",
              "non_striker": "N Nipiko",
              "runs": {
                "batter": 2,
                "extras": 0,
                "total": 2
              }
            },
            {
              "batter": "PK Matautaava",
              "bowler": "MM Siddique",
              "non_striker": "N Nipiko",
              "runs": {
                "batter": 0,
                "extras": 0,
                "total": 0
              }
            }
          ]
        },
        {
          "over": 6,
          "deliveries": [
            {
              "batter": "N Nipiko",
              "bowler": "N Tomizawa",
              "non_striker": "PK Matautaava",
              "runs": {
                "batter": 0,
                "extras": 0,
                "total": 0
              }
            },
            {
              "batter": "N Nipiko",
              "bowler": "N Tomizawa",
              "non_striker": "PK Matautaava",
              "runs": {
                "batter": 4,
                "extras": 0,
                "total": 4
              }
            },
            {
              "batter": "N Nipiko",
              "bowler": "N Tomizawa",
              "non_striker": "PK Matautaava",
              "runs": {
                "batter": 0,
                "extras": 0,
                "total": 0
              }
            },
            {
              "batter": "N Nipiko",
              "bowler": "N Tomizawa",
              "non_striker": "PK Matautaava",
              "runs": {
                "batter": 2,
                "extras": 0,
                "total": 2
              }
            },
            {
              "batter": "N Nipiko",
              "bowler": "N Tomizawa",
              "non_striker": "PK Matautaava",
              "runs": {
                "batter": 4,
                "extras": 0,
                "total": 4
              }
            },
            {
              "batter": "N Nipiko",
              "bowler": "N Tomizawa",
              "non_striker": "PK Matautaava",
              "runs": {
                "batter": 1,
                "extras": 0,
                "total": 1
              }
            }
          ]
        },
        {
          "over": 7,
          "deliveries": [
            {
              "batter": "N Nipiko",
              "bowler": "K Wakita",
              "non_striker": "PK Matautaava",
              "runs": {
                "batter": 1,
                "extras": 0,
                "total": 1
              }
            },
            {
              "batter": "PK Matautaava",
              "bowler": "K Wakita",
              "non_striker": "N Nipiko",
              "runs": {
                "batter": 0,
                "extras": 0,
                "total": 0
              }
            },
            {
              "batter": "PK Matautaava",
              "bowler": "K Wakita",
              "non_striker": "N Nipiko",
              "runs": {
                "batter": 0,
                "extras": 0,
                "total": 0
              }
            },
            {
              "batter": "PK Matautaava",
              "bowler": "K Wakita",
              "extras": {
                "wides": 1
              },
              "non_striker": "N Nipiko",
              "runs": {
                "batter": 0,
                "extras": 1,
                "total": 1
              }
            },
            {
              "batter": "PK Matautaava",
              "bowler": "K Wakita",
              "non_striker": "N Nipiko",
              "runs": {
                "batter": 2,
                "extras": 0,
                "total": 2
              }
            },
            {
              "batter": "PK Matautaava",
              "bowler": "K Wakita",
              "non_striker": "N Nipiko",
              "runs": {
                "batter": 0,
                "extras": 0,
                "total": 0
              }
            },
            {
              "batter": "PK Matautaava",
              "bowler": "K Wakita",
              "non_striker": "N Nipiko",
              "runs": {
                "batter": 0,
                "extras": 0,
                "total": 0
              }
            }
          ]
        },
        {
          "over": 8,
          "deliveries": [
            {
              "batter": "N Nipiko",
              "bowler": "N Tomizawa",
              "non_striker": "PK Matautaava",
              "runs": {
                "batter": 0,
                "extras": 0,
                "total": 0
              }
            },
            {
              "batter": "N Nipiko",
              "bowler": "N Tomizawa",
              "non_striker": "PK Matautaava",
              "runs": {
                "batter": 2,
                "extras": 0,
                "total": 2
              }
            },
            {
              "batter": "N Nipiko",
              "bowler": "N Tomizawa",
              "non_striker": "PK Matautaava",
              "runs": {
                "batter": 2,
                "extras": 0,
                "total": 2
              }
            },
            {
              "batter": "N Nipiko",
              "bowler": "N Tomizawa",
              "non_striker": "PK Matautaava",
              "runs": {
                "batter": 1,
                "extras": 0,
                "total": 1
              }
            },
            {
              "batter": "PK Matautaava",
              "bowler": "N Tomizawa",
              "non_striker": "N Nipiko",
              "runs": {
                "batter": 0,
                "extras": 0,
                "total": 0
              }
            },
            {
              "batter": "PK Matautaava",
              "bowler": "N Tomizawa",
              "non_striker": "N Nipiko",
              "runs": {
                "batter": 0,
                "extras": 0,
                "total": 0
              }
            }
          ]
        },
        {
          "over": 9,
          "deliveries": [
            {
              "batter": "N Nipiko",
              "bowler": "M Taniyama",
              "non_striker": "PK Matautaava",
              "runs": {
                "batter": 0,
                "extras": 0,
                "total": 0
              }
            },
            {
              "batter": "N Nipiko",
              "bowler": "M Taniyama",
              "non_striker": "PK Matautaava",
              "runs": {
                "batter": 1,
                "extras": 0,
                "total": 1
              }
            },
            {
              "batter": "PK Matautaava",
              "bowler": "M Taniyama",
              "non_striker": "N Nipiko",
              "runs": {
                "batter": 1,
                "extras": 0,
                "total": 1
              }
            },
            {
              "batter": "N Nipiko",
              "bowler": "M Taniyama",
              "non_striker": "PK Matautaava",
              "runs": {
                "batter": 0,
                "extras": 0,
                "total": 0
              }
            },
            {
              "batter": "N Nipiko",
              "bowler": "M Taniyama",
              "non_striker": "PK Matautaava",
              "runs": {
                "batter": 0,
                "extras": 0,
                "total": 0
              }
            },
            {
              "batter": "N Nipiko",
              "bowler": "M Taniyama",
              "non_striker": "PK Matautaava",
              "runs": {
                "batter": 4,
                "extras": 0,
                "total": 4
              }
            }
          ]
        },
        {
          "over": 10,
          "deliveries": [
            {
              "batter": "PK Matautaava",
              "bowler": "T Takada",
              "non_striker": "N Nipiko",
              "runs": {
                "batter": 0,
                "extras": 0,
                "total": 0
              }
            },
            {
              "batter": "PK Matautaava",
              "bowler": "T Takada",
              "non_striker": "N Nipiko",
              "runs": {
                "batter": 0,
                "extras": 0,
                "total": 0
              }
            },
            {
              "batter": "PK Matautaava",
              "bowler": "T Takada",
              "non_striker": "N Nipiko",
              "runs": {
                "batter": 0,
                "extras": 0,
                "total": 0
              }
            },
            {
              "batter": "PK Matautaava",
              "bowler": "T Takada",
              "extras": {
                "noballs": 1
              },
              "non_striker": "N Nipiko",
              "runs": {
                "batter": 0,
                "extras": 1,
                "total": 1
              }
            },
            {
              "batter": "PK Matautaava",
              "bowler": "T Takada",
              "non_striker": "N Nipiko",
              "runs": {
                "batter": 0,
                "extras": 0,
                "total": 0
              }
            },
            {
              "batter": "PK Matautaava",
              "bowler": "T Takada",
              "non_striker": "N Nipiko",
              "runs": {
                "batter": 0,
                "extras": 0,
                "total": 0
              }
            },
            {
              "batter": "PK Matautaava",
              "bowler": "T Takada",
              "non_striker": "N Nipiko",
              "runs": {
                "batter": 0,
                "extras": 0,
                "total": 0
              }
            }
          ]
        },
        {
          "over": 11,
          "deliveries": [
            {
              "batter": "N Nipiko",
              "bowler": "M Taniyama",
              "non_striker": "PK Matautaava",
              "runs": {
                "batter": 0,
                "extras": 0,
                "total": 0
              },
              "wickets": [
                {
                  "player_out": "N Nipiko",
                  "fielders": [
                    {
                      "name": "T Takada"
                    }
                  ],
                  "kind": "caught"
                }
              ]
            },
            {
              "batter": "A Mansale",
              "bowler": "M Taniyama",
              "non_striker": "PK Matautaava",
              "runs": {
                "batter": 0,
                "extras": 0,
                "total": 0
              }
            },
            {
              "batter": "A Mansale",
              "bowler": "M Taniyama",
              "non_striker": "PK Matautaava",
              "runs": {
                "batter": 0,
                "extras": 0,
                "total": 0
              }
            },
            {
              "batter": "A Mansale",
              "bowler": "M Taniyama",
              "non_striker": "PK Matautaava",
              "runs": {
                "batter": 0,
                "extras": 0,
                "total": 0
              }
            },
            {
              "batter": "A Mansale",
              "bowler": "M Taniyama",
              "non_striker": "PK Matautaava",
              "runs": {
                "batter": 0,
                "extras": 0,
                "total": 0
              }
            },
            {
              "batter": "A Mansale",
              "bowler": "M Taniyama",
              "non_striker": "PK Matautaava",
              "runs": {
                "batter": 0,
                "extras": 0,
                "total": 0
              }
            }
          ]
        },
        {
          "over": 12,
          "deliveries": [
            {
              "batter": "PK Matautaava",
              "bowler": "T Takada",
              "non_striker": "A Mansale",
              "runs": {
                "batter": 0,
                "extras": 0,
                "total": 0
              }
            },
            {
              "batter": "PK Matautaava",
              "bowler": "T Takada",
              "non_striker": "A Mansale",
              "runs": {
                "batter": 2,
                "extras": 0,
                "total": 2
              }
            },
            {
              "batter": "PK Matautaava",
              "bowler": "T Takada",
              "non_striker": "A Mansale",
              "runs": {
                "batter": 0,
                "extras": 0,
                "total": 0
              }
            },
            {
              "batter": "PK Matautaava",
              "bowler": "T Takada",
              "non_striker": "A Mansale",
              "runs": {
                "batter": 3,
                "extras": 0,
                "total": 3
              }
            },
            {
              "batter": "A Mansale",
              "bowler": "T Takada",
              "non_striker": "PK Matautaava",
              "runs": {
                "batter": 0,
                "extras": 0,
                "total": 0
              }
            },
            {
              "batter": "A Mansale",
              "bowler": "T Takada",
              "non_striker": "PK Matautaava",
              "runs": {
                "batter": 0,
                "extras": 0,
                "total": 0
              }
            }
          ]
        },
        {
          "over": 13,
          "deliveries": [
            {
              "batter": "PK Matautaava",
              "bowler": "M Taniyama",
              "non_striker": "A Mansale",
              "runs": {
                "batter": 1,
                "extras": 0,
                "total": 1
              }
            },
            {
              "batter": "A Mansale",
              "bowler": "M Taniyama",
              "non_striker": "PK Matautaava",
              "runs": {
                "batter": 0,
                "extras": 0,
                "total": 0
              }
            },
            {
              "batter": "A Mansale",
              "bowler": "M Taniyama",
              "non_striker": "PK Matautaava",
              "runs": {
                "batter": 0,
                "extras": 0,
                "total": 0
              }
            },
            {
              "batter": "A Mansale",
              "bowler": "M Taniyama",
              "non_striker": "PK Matautaava",
              "runs": {
                "batter": 0,
                "extras": 0,
                "total": 0
              }
            },
            {
              "batter": "A Mansale",
              "bowler": "M Taniyama",
              "non_striker": "PK Matautaava",
              "runs": {
                "batter": 0,
                "extras": 0,
                "total": 0
              }
            },
            {
              "batter": "A Mansale",
              "bowler": "M Taniyama",
              "non_striker": "PK Matautaava",
              "runs": {
                "batter": 1,
                "extras": 0,
                "total": 1
              }
            }
          ]
        },
        {
          "over": 14,
          "deliveries": [
            {
              "batter": "A Mansale",
              "bowler": "T Takada",
              "non_striker": "PK Matautaava",
              "runs": {
                "batter": 0,
                "extras": 0,
                "total": 0
              }
            },
            {
              "batter": "A Mansale",
              "bowler": "T Takada",
              "non_striker": "PK Matautaava",
              "runs": {
                "batter": 0,
                "extras": 0,
                "total": 0
              }
            },
            {
              "batter": "A Mansale",
              "bowler": "T Takada",
              "non_striker": "PK Matautaava",
              "runs": {
                "batter": 0,
                "extras": 0,
                "total": 0
              }
            },
            {
              "batter": "A Mansale",
              "bowler": "T Takada",
              "non_striker": "PK Matautaava",
              "runs": {
                "batter": 0,
                "extras": 0,
                "total": 0
              }
            },
            {
              "batter": "A Mansale",
              "bowler": "T Takada",
              "non_striker": "PK Matautaava",
              "runs": {
                "batter": 0,
                "extras": 0,
                "total": 0
              }
            },
            {
              "batter": "A Mansale",
              "bowler": "T Takada",
              "non_striker": "PK Matautaava",
              "runs": {
                "batter": 0,
                "extras": 0,
                "total": 0
              }
            }
          ]
        },
        {
          "over": 15,
          "deliveries": [
            {
              "batter": "PK Matautaava",
              "bowler": "M Taniyama",
              "non_striker": "A Mansale",
              "runs": {
                "batter": 0,
                "extras": 0,
                "total": 0
              }
            },
            {
              "batter": "PK Matautaava",
              "bowler": "M Taniyama",
              "non_striker": "A Mansale",
              "runs": {
                "batter": 0,
                "extras": 0,
                "total": 0
              }
            },
            {
              "batter": "PK Matautaava",
              "bowler": "M Taniyama",
              "non_striker": "A Mansale",
              "runs": {
                "batter": 1,
                "extras": 0,
                "total": 1
              }
            },
            {
              "batter": "A Mansale",
              "bowler": "M Taniyama",
              "non_striker": "PK Matautaava",
              "runs": {
                "batter": 4,
                "extras": 0,
                "total": 4
              }
            },
            {
              "batter": "A Mansale",
              "bowler": "M Taniyama",
              "non_striker": "PK Matautaava",
              "runs": {
                "batter": 1,
                "extras": 0,
                "total": 1
              }
            },
            {
              "batter": "PK Matautaava",
              "bowler": "M Taniyama",
              "non_striker": "A Mansale",
              "runs": {
                "batter": 1,
                "extras": 0,
                "total": 1
              }
            }
          ]
        },
        {
          "over": 16,
          "deliveries": [
            {
              "batter": "PK Matautaava",
              "bowler": "T Takada",
              "non_striker": "A Mansale",
              "runs": {
                "batter": 0,
                "extras": 0,
                "total": 0
              },
              "wickets": [
                {
                  "player_out": "PK Matautaava",
                  "fielders": [
                    {
                      "name": "M Kobayashi"
                    }
                  ],
                  "kind": "caught"
                }
              ]
            },
            {
              "batter": "R Tari",
              "bowler": "T Takada",
              "non_striker": "A Mansale",
              "runs": {
                "batter": 0,
                "extras": 0,
                "total": 0
              }
            },
            {
              "batter": "R Tari",
              "bowler": "T Takada",
              "non_striker": "A Mansale",
              "runs": {
                "batter": 0,
                "extras": 0,
                "total": 0
              }
            },
            {
              "batter": "R Tari",
              "bowler": "T Takada",
              "non_striker": "A Mansale",
              "runs": {
                "batter": 0,
                "extras": 0,
                "total": 0
              }
            },
            {
              "batter": "R Tari",
              "bowler": "T Takada",
              "non_striker": "A Mansale",
              "runs": {
                "batter": 0,
                "extras": 0,
                "total": 0
              }
            },
            {
              "batter": "R Tari",
              "bowler": "T Takada",
              "non_striker": "A Mansale",
              "runs": {
                "batter": 0,
                "extras": 0,
                "total": 0
              }
            }
          ]
        },
        {
          "over": 17,
          "deliveries": [
            {
              "batter": "A Mansale",
              "bowler": "M Taniyama",
              "non_striker": "R Tari",
              "runs": {
                "batter": 1,
                "extras": 0,
                "total": 1
              }
            },
            {
              "batter": "R Tari",
              "bowler": "M Taniyama",
              "non_striker": "A Mansale",
              "runs": {
                "batter": 0,
                "extras": 0,
                "total": 0
              }
            },
            {
              "batter": "R Tari",
              "bowler": "M Taniyama",
              "non_striker": "A Mansale",
              "runs": {
                "batter": 0,
                "extras": 0,
                "total": 0
              }
            },
            {
              "batter": "R Tari",
              "bowler": "M Taniyama",
              "non_striker": "A Mansale",
              "runs": {
                "batter": 1,
                "extras": 0,
                "total": 1
              }
            },
            {
              "batter": "A Mansale",
              "bowler": "M Taniyama",
              "non_striker": "R Tari",
              "runs": {
                "batter": 1,
                "extras": 0,
                "total": 1
              }
            },
            {
              "batter": "R Tari",
              "bowler": "M Taniyama",
              "non_striker": "A Mansale",
              "runs": {
                "batter": 1,
                "extras": 0,
                "total": 1
              }
            }
          ]
        },
        {
          "over": 18,
          "deliveries": [
            {
              "batter": "R Tari",
              "bowler": "T Takada",
              "non_striker": "A Mansale",
              "runs": {
                "batter": 0,
                "extras": 0,
                "total": 0
              }
            },
            {
              "batter": "R Tari",
              "bowler": "T Takada",
              "non_striker": "A Mansale",
              "runs": {
                "batter": 0,
                "extras": 0,
                "total": 0
              }
            },
            {
              "batter": "R Tari",
              "bowler": "T Takada",
              "non_striker": "A Mansale",
              "runs": {
                "batter": 0,
                "extras": 0,
                "total": 0
              }
            },
            {
              "batter": "R Tari",
              "bowler": "T Takada",
              "non_striker": "A Mansale",
              "runs": {
                "batter": 3,
                "extras": 0,
                "total": 3
              }
            }
          ]
        }
      ],
      "powerplays": [
        {
          "from": 0.1,
          "to": 9.6,
          "type": "mandatory"
        },
        {
          "from": 10.1,
          "to": 18.4,
          "type": "mandatory"
        }
      ],
      "target": {
        "overs": 50,
        "runs": 80
      }
    }
  ]
}