{
  "meta": {
    "data_version": "1.0.0",
    "created": "2020-10-25",
    "revision": 1
  },
  "info": {
    "balls_per_over": 6,
    "dates": [
      "2017-04-26"
    ],
    "event": {
      "name": "ICC World Cricket League Asia Region Division One",
      "match_number": 12
    },
    "gender": "male",
    "match_type": "ODM",
    "officials": {
      "match_referees": [
        "DT Jukes"
      ],
      "reserve_umpires": [
        "Sarika Prasad"
      ],
      "umpires": [
        "Sharfuddoula",
        "Tabarak Dar"
      ]
    },
    "outcome": {
      "winner": "Thailand",
      "by": {
        "wickets": 7
      }
    },
    "overs": 50,
    "player_of_match": [
      "N Senamontree"
    ],
    "players": {
      "China": [
        "Lu Cangcang",
        "Zhuang Zelin",
        "Ge Yongsheng",
        "Zhang Yu Fei",
        "Zhang Peng",
        "Feng Yu",
        "Yan HuaWen",
        "Jin Yonghao",
        "Ke Tiansheng",
        "Wang Zihao",
        "Wang Qi"
      ],
      "Thailand": [
        "W Maneerat",
        "W Uisuk",
        "DF Jacobs",
        "N Pathan",
        "RR Raina",
        "S Gawas",
        "T Jeerapanthawong",
        "Md Shafiqul Haque",
        "K Senamontree",
        "N Senamontree",
        "Vichanath Singh"
      ]
    },
    "registry": {
      "people": {
        "DF Jacobs": "de896b79",
        "DT Jukes": "7c215d14",
        "Feng Yu": "242f4ef1",
        "Ge Yongsheng": "f3dc4c64",
        "Jin Yonghao": "88c3d82b",
        "K Senamontree": "e553e27f",
        "Ke Tiansheng": "c3be0137",
        "Lu Cangcang": "b406d908",
        "Md Shafiqul Haque": "27128c74",
        "N Pathan": "25bc2d36",
        "N Senamontree": "44e00a4c",
        "RR Raina": "fa5f2d01",
        "S Gawas": "fa5925b1",
        "Sarika Prasad": "8ff397fa",
        "Sharfuddoula": "63896abb",
        "T Jeerapanthawong": "efa5d574",
        "Tabarak Dar": "2259c12d",
        "Vichanath Singh": "dfa6db1a",
        "W Maneerat": "09bad297",
        "W Uisuk": "f20e7aac",
        "Wang Qi": "12c9c558",
        "Wang Zihao": "0cf7e80f",
        "Yan HuaWen": "3749e6f1",
        "Zhang Peng": "200efd38",
        "Zhang Yu Fei": "4522ba9a",
        "Zhuang Zelin": "a03ee6e1"
      }
    },
    "season": "2017",
    "team_type": "international",
    "teams": [
      "China",
      "Thailand"
    ],
    "toss": {
      "decision": "field",
      "winner": "Thailand"
    },
    "venue": "Royal Chiangmai Golf Club"
  },
  "innings": [
    {
      "team": "China",
      "overs": [
        {
          "over": 0,
          "deliveries": [
            {
              "batter": "Lu Cangcang",
              "bowler": "W Uisuk",
              "non_striker": "Zhuang Zelin",
              "runs": {
                "batter": 0,
                "extras": 0,
                "total": 0
              }
            },
            {
              "batter": "Lu Cangcang",
              "bowler": "W Uisuk",
              "non_striker": "Zhuang Zelin",
              "runs": {
                "batter": 0,
                "extras": 0,
                "total": 0
              }
            },
            {
              "batter": "Lu Cangcang",
              "bowler": "W Uisuk",
              "non_striker": "Zhuang Zelin",
              "runs": {
                "batter": 0,
                "extras": 0,
                "total": 0
              }
            },
            {
              "batter": "Lu Cangcang",
              "bowler": "W Uisuk",
              "non_striker": "Zhuang Zelin",
              "runs": {
                "batter": 0,
                "extras": 0,
                "total": 0
              }
            },
            {
              "batter": "Lu Cangcang",
              "bowler": "W Uisuk",
              "non_striker": "Zhuang Zelin",
              "runs": {
                "batter": 0,
                "extras": 0,
                "total": 0
              }
            },
            {
              "batter": "Lu Cangcang",
              "bowler": "W Uisuk",
              "non_striker": "Zhuang Zelin",
              "runs": {
                "batter": 0,
                "extras": 0,
                "total": 0
              }
            }
          ]
        },
        {
          "over": 1,
          "deliveries": [
            {
              "batter": "Zhuang Zelin",
              "bowler": "K Senamontree",
              "non_striker": "Lu Cangcang",
              "runs": {
                "batter": 0,
                "extras": 0,
                "total": 0
              }
            },
            {
              "batter": "Zhuang Zelin",
              "bowler": "K Senamontree",
              "non_striker": "Lu Cangcang",
              "runs": {
                "batter": 0,
                "extras": 0,
                "total": 0
              }
            },
            {
              "batter": "Zhuang Zelin",
              "bowler": "K Senamontree",
              "non_striker": "Lu Cangcang",
              "runs": {
                "batter": 1,
                "extras": 0,
                "total": 1
              }
            },
            {
              "batter": "Lu Cangcang",
              "bowler": "K Senamontree",
              "non_striker": "Zhuang Zelin",
              "runs": {
                "batter": 0,
                "extras": 0,
                "total": 0
              }
            },
            {
              "batter": "Lu Cangcang",
              "bowler": "K Senamontree",
              "non_striker": "Zhuang Zelin",
              "runs": {
                "batter": 0,
                "extras": 0,
                "total": 0
              }
            },
            {
              "batter": "Lu Cangcang",
              "bowler": "K Senamontree",
              "non_striker": "Zhuang Zelin",
              "runs": {
                "batter": 0,
                "extras": 0,
                "total": 0
              }
            }
          ]
        },
        {
          "over": 2,
          "deliveries": [
            {
              "batter": "Zhuang Zelin",
              "bowler": "W Uisuk",
              "non_striker": "Lu Cangcang",
              "runs": {
                "batter": 0,
                "extras": 0,
                "total": 0
              },
              "wickets": [
                {
                  "player_out": "Zhuang Zelin",
                  "fielders": [
                    {
                      "name": "T Jeerapanthawong"
                    }
                  ],
                  "kind": "caught"
                }
              ]
            },
            {
              "batter": "Ge Yongsheng",
              "bowler": "W Uisuk",
              "non_striker": "Lu Cangcang",
              "runs": {
                "batter": 0,
                "extras": 0,
                "total": 0
              }
            },
            {
              "batter": "Ge Yongsheng",
              "bowler": "W Uisuk",
              "non_striker": "Lu Cangcang",
              "runs": {
                "batter": 0,
                "extras": 0,
                "total": 0
              }
            },
            {
              "batter": "Ge Yongsheng",
              "bowler": "W Uisuk",
              "extras": {
                "wides": 1
              },
              "non_striker": "Lu Cangcang",
              "runs": {
                "batter": 0,
                "extras": 1,
                "total": 1
              }
            },
            {
              "batter": "Ge Yongsheng",
              "bowler": "W Uisuk",
              "non_striker": "Lu Cangcang",
              "runs": {
                "batter": 0,
                "extras": 0,
                "total": 0
              }
            },
            {
              "batter": "Ge Yongsheng",
              "bowler": "W Uisuk",
              "non_striker": "Lu Cangcang",
              "runs": {
                "batter": 0,
                "extras": 0,
                "total": 0
              }
            },
            {
              "batter": "Ge Yongsheng",
              "bowler": "W Uisuk",
              "non_striker": "Lu Cangcang",
              "runs": {
                "batter": 0,
                "extras": 0,
                "total": 0
              }
            }
          ]
        },
        {
          "over": 3,
          "deliveries": [
            {
              "batter": "Lu Cangcang",
              "bowler": "K Senamontree",
              "non_striker": "Ge Yongsheng",
              "runs": {
                "batter": 0,
                "extras": 0,
                "total": 0
              }
            },
            {
              "batter": "Lu Cangcang",
              "bowler": "K Senamontree",
              "non_striker": "Ge Yongsheng",
              "runs": {
                "batter": 0,
                "extras": 0,
                "total": 0
              }
            },
            {
              "batter": "Lu Cangcang",
              "bowler": "K Senamontree",
              "non_striker": "Ge Yongsheng",
              "runs": {
                "batter": 0,
                "extras": 0,
                "total": 0
              }
            },
            {
              "batter": "Lu Cangcang",
              "bowler": "K Senamontree",
              "extras": {
                "wides": 1
              },
              "non_striker": "Ge Yongsheng",
              "runs": {
                "batter": 0,
                "extras": 1,
                "total": 1
              }
            },
            {
              "batter": "Lu Cangcang",
              "bowler": "K Senamontree",
              "extras": {
                "wides": 1
              },
              "non_striker": "Ge Yongsheng",
              "runs": {
                "batter": 0,
                "extras": 1,
                "total": 1
              }
            },
            {
              "batter": "Lu Cangcang",
              "bowler": "K Senamontree",
              "extras": {
                "wides": 1
              },
              "non_striker": "Ge Yongsheng",
              "runs": {
                "batter": 0,
                "extras": 1,
                "total": 1
              }
            },
            {
              "batter": "Lu Cangcang",
              "bowler": "K Senamontree",
              "non_striker": "Ge Yongsheng",
              "runs": {
                "batter": 0,
                "extras": 0,
                "total": 0
              }
            },
            {
              "batter": "Lu Cangcang",
              "bowler": "K Senamontree",
              "non_striker": "Ge Yongsheng",
              "runs": {
                "batter": 0,
                "extras": 0,
                "total": 0
              }
            },
            {
              "batter": "Lu Cangcang",
              "bowler": "K Senamontree",
              "non_striker": "Ge Yongsheng",
              "runs": {
                "batter": 0,
                "extras": 0,
                "total": 0
              }
            }
          ]
        },
        {
          "over": 4,
          "deliveries": [
            {
              "batter": "Ge Yongsheng",
              "bowler": "W Uisuk",
              "non_striker": "Lu Cangcang",
              "runs": {
                "batter": 2,
                "extras": 0,
                "total": 2
              }
            },
            {
              "batter": "Ge Yongsheng",
              "bowler": "W Uisuk",
              "non_striker": "Lu Cangcang",
              "runs": {
                "batter": 0,
                "extras": 0,
                "total": 0
              }
            },
            {
              "batter": "Ge Yongsheng",
              "bowler": "W Uisuk",
              "non_striker": "Lu Cangcang",
              "runs": {
                "batter": 0,
                "extras": 0,
                "total": 0
              }
            },
            {
              "batter": "Ge Yongsheng",
              "bowler": "W Uisuk",
              "non_striker": "Lu Cangcang",
              "runs": {
                "batter": 0,
                "extras": 0,
                "total": 0
              }
            },
            {
              "batter": "Ge Yongsheng",
              "bowler": "W Uisuk",
              "non_striker": "Lu Cangcang",
              "runs": {
                "batter": 0,
                "extras": 0,
                "total": 0
              }
            },
            {
              "batter": "Ge Yongsheng",
              "bowler": "W Uisuk",
              "non_striker": "Lu Cangcang",
              "runs": {
                "batter": 0,
                "extras": 0,
                "total": 0
              }
            }
          ]
        },
        {
          "over": 5,
          "deliveries": [
            {
              "batter": "Lu Cangcang",
              "bowler": "K Senamontree",
              "non_striker": "Ge Yongsheng",
              "runs": {
                "batter": 1,
                "extras": 0,
                "total": 1
              }
            },
            {
              "batter": "Ge Yongsheng",
              "bowler": "K Senamontree",
              "non_striker": "Lu Cangcang",
              "runs": {
                "batter": 0,
                "extras": 0,
                "total": 0
              }
            },
            {
              "batter": "Ge Yongsheng",
              "bowler": "K Senamontree",
              "non_striker": "Lu Cangcang",
              "runs": {
                "batter": 0,
                "extras": 0,
                "total": 0
              }
            },
            {
              "batter": "Ge Yongsheng",
              "bowler": "K Senamontree",
              "non_striker": "Lu Cangcang",
              "runs": {
                "batter": 0,
                "extras": 0,
                "total": 0
              },
              "wickets": [
                {
                  "player_out": "Ge Yongsheng",
                  "fielders": [
                    {
                      "name": "S Gawas"
                    }
                  ],
                  "kind": "caught"
                }
              ]
            },
            {
              "batter": "Zhang Yu Fei",
              "bowler": "K Senamontree",
              "non_striker": "Lu Cangcang",
              "runs": {
                "batter": 0,
                "extras": 0,
                "total": 0
              }
            },
            {
              "batter": "Zhang Yu Fei",
              "bowler": "K Senamontree",
              "non_striker": "Lu Cangcang",
              "runs": {
                "batter": 1,
                "extras": 0,
                "total": 1
              }
            }
          ]
        },
        {
          "over": 6,
          "deliveries": [
            {
              "batter": "Zhang Yu Fei",
              "bowler": "N Pathan",
              "non_striker": "Lu Cangcang",
              "runs": {
                "batter": 0,
                "extras": 0,
                "total": 0
              }
            },
            {
              "batter": "Zhang Yu Fei",
              "bowler": "N Pathan",
              "non_striker": "Lu Cangcang",
              "runs": {
                "batter": 0,
                "extras": 0,
                "total": 0
              }
            },
            {
              "batter": "Zhang Yu Fei",
              "bowler": "N Pathan",
              "non_striker": "Lu Cangcang",
              "runs": {
                "batter": 0,
                "extras": 0,
                "total": 0
              }
            },
            {
              "batter": "Zhang Yu Fei",
              "bowler": "N Pathan",
              "non_striker": "Lu Cangcang",
              "runs": {
                "batter": 0,
                "extras": 0,
                "total": 0
              }
            },
            {
              "batter": "Zhang Yu Fei",
              "bowler": "N Pathan",
              "non_striker": "Lu Cangcang",
              "runs": {
                "batter": 0,
                "extras": 0,
                "total": 0
              }
            },
            {
              "batter": "Zhang Yu Fei",
              "bowler": "N Pathan",
              "non_striker": "Lu Cangcang",
              "runs": {
                "batter": 4,
                "extras": 0,
                "total": 4
              }
            }
          ]
        },
        {
          "over": 7,
          "deliveries": [
            {
              "batter": "Lu Cangcang",
              "bowler": "K Senamontree",
              "non_striker": "Zhang Yu Fei",
              "runs": {
                "batter": 0,
                "extras": 0,
                "total": 0
              }
            },
            {
              "batter": "Lu Cangcang",
              "bowler": "K Senamontree",
              "non_striker": "Zhang Yu Fei",
              "runs": {
                "batter": 2,
                "extras": 0,
                "total": 2
              }
            },
            {
              "batter": "Lu Cangcang",
              "bowler": "K Senamontree",
              "non_striker": "Zhang Yu Fei",
              "runs": {
                "batter": 0,
                "extras": 0,
                "total": 0
              }
            },
            {
              "batter": "Lu Cangcang",
              "bowler": "K Senamontree",
              "non_striker": "Zhang Yu Fei",
              "runs": {
                "batter": 0,
                "extras": 0,
                "total": 0
              }
            },
            {
              "batter": "Lu Cangcang",
              "bowler": "K Senamontree",
              "non_striker": "Zhang Yu Fei",
              "runs": {
                "batter": 1,
                "extras": 0,
                "total": 1
              }
            },
            {
              "batter": "Zhang Yu Fei",
              "bowler": "K Senamontree",
              "non_striker": "Lu Cangcang",
              "runs": {
                "batter": 0,
                "extras": 0,
                "total": 0
              }
            }
          ]
        },
        {
          "over": 8,
          "deliveries": [
            {
              "batter": "Lu Cangcang",
              "bowler": "N Pathan",
              "non_striker": "Zhang Yu Fei",
              "runs": {
                "batter": 0,
                "extras": 0,
                "total": 0
              }
            },
            {
              "batter": "Lu Cangcang",
              "bowler": "N Pathan",
              "non_striker": "Zhang Yu Fei",
              "runs": {
                "batter": 0,
                "extras": 0,
                "total": 0
              },
              "wickets": [
                {
                  "player_out": "Lu Cangcang",
                  "fielders": [
                    {
                      "name": "RR Raina"
                    }
                  ],
                  "kind": "caught"
                }
              ]
            },
            {
              "batter": "Zhang Peng",
              "bowler": "N Pathan",
              "non_striker": "Zhang Yu Fei",
              "runs": {
                "batter": 0,
                "extras": 0,
                "total": 0
              }
            },
            {
              "batter": "Zhang Peng",
              "bowler": "N Pathan",
              "non_striker": "Zhang Yu Fei",
              "runs": {
                "batter": 2,
                "extras": 0,
                "total": 2
              }
            },
            {
              "batter": "Zhang Peng",
              "bowler": "N Pathan",
              "non_striker": "Zhang Yu Fei",
              "runs": {
                "batter": 0,
                "extras": 0,
                "total": 0
              }
            },
            {
              "batter": "Zhang Peng",
              "bowler": "N Pathan",
              "non_striker": "Zhang Yu Fei",
              "runs": {
                "batter": 0,
                "extras": 0,
                "total": 0
              }
            }
          ]
        },
        {
          "over": 9,
          "deliveries": [
            {
              "batter": "Zhang Yu Fei",
              "bowler": "Vichanath Singh",
              "extras": {
                "legbyes": 1
              },
              "non_striker": "Zhang Peng",
              "runs": {
                "batter": 0,
                "extras": 1,
                "total": 1
              }
            },
            {
              "batter": "Zhang Peng",
              "bowler": "Vichanath Singh",
              "non_striker": "Zhang Yu Fei",
              "runs": {
                "batter": 0,
                "extras": 0,
                "total": 0
              }
            },
            {
              "batter": "Zhang Peng",
              "bowler": "Vichanath Singh",
              "non_striker": "Zhang Yu Fei",
              "runs": {
                "batter": 0,
                "extras": 0,
                "total": 0
              }
            },
            {
              "batter": "Zhang Peng",
              "bowler": "Vichanath Singh",
              "non_striker": "Zhang Yu Fei",
              "runs": {
                "batter": 0,
                "extras": 0,
                "total": 0
              }
            },
            {
              "batter": "Zhang Peng",
              "bowler": "Vichanath Singh",
              "non_striker": "Zhang Yu Fei",
              "runs": {
                "batter": 1,
                "extras": 0,
                "total": 1
              }
            },
            {
              "batter": "Zhang Yu Fei",
              "bowler": "Vichanath Singh",
              "non_striker": "Zhang Peng",
              "runs": {
                "batter": 0,
                "extras": 0,
                "total": 0
              }
            }
          ]
        },
        {
          "over": 10,
          "deliveries": [
            {
              "batter": "Zhang Peng",
              "bowler": "N Senamontree",
              "non_striker": "Zhang Yu Fei",
              "runs": {
                "batter": 0,
                "extras": 0,
                "total": 0
              }
            },
            {
              "batter": "Zhang Peng",
              "bowler": "N Senamontree",
              "non_striker": "Zhang Yu Fei",
              "runs": {
                "batter": 0,
                "extras": 0,
                "total": 0
              }
            },
            {
              "batter": "Zhang Peng",
              "bowler": "N Senamontree",
              "non_striker": "Zhang Yu Fei",
              "runs": {
                "batter": 0,
                "extras": 0,
                "total": 0
              }
            },
            {
              "batter": "Zhang Peng",
              "bowler": "N Senamontree",
              "non_striker": "Zhang Yu Fei",
              "runs": {
                "batter": 0,
                "extras": 0,
                "total": 0
              }
            },
            {
              "batter": "Zhang Peng",
              "bowler": "N Senamontree",
              "non_striker": "Zhang Yu Fei",
              "runs": {
                "batter": 1,
                "extras": 0,
                "total": 1
              }
            },
            {
              "batter": "Zhang Yu Fei",
              "bowler": "N Senamontree",
              "non_striker": "Zhang Peng",
              "runs": {
                "batter": 0,
                "extras": 0,
                "total": 0
              }
            }
          ]
        },
        {
          "over": 11,
          "deliveries": [
            {
              "batter": "Zhang Peng",
              "bowler": "Vichanath Singh",
              "non_striker": "Zhang Yu Fei",
              "runs": {
                "batter": 0,
                "extras": 0,
                "total": 0
              }
            },
            {
              "batter": "Zhang Peng",
              "bowler": "Vichanath Singh",
              "non_striker": "Zhang Yu Fei",
              "runs": {
                "batter": 0,
                "extras": 0,
                "total": 0
              }
            },
            {
              "batter": "Zhang Peng",
              "bowler": "Vichanath Singh",
              "non_striker": "Zhang Yu Fei",
              "runs": {
                "batter": 1,
                "extras": 0,
                "total": 1
              }
            },
            {
              "batter": "Zhang Yu Fei",
              "bowler": "Vichanath Singh",
              "non_striker": "Zhang Peng",
              "runs": {
                "batter": 0,
                "extras": 0,
                "total": 0
              }
            },
            {
              "batter": "Zhang Yu Fei",
              "bowler": "Vichanath Singh",
              "non_striker": "Zhang Peng",
              "runs": {
                "batter": 0,
                "extras": 0,
                "total": 0
              }
            },
            {
              "batter": "Zhang Yu Fei",
              "bowler": "Vichanath Singh",
              "non_striker": "Zhang Peng",
              "runs": {
                "batter": 0,
                "extras": 0,
                "total": 0
              }
            }
          ]
        },
        {
          "over": 12,
          "deliveries": [
            {
              "batter": "Zhang Peng",
              "bowler": "N Senamontree",
              "non_striker": "Zhang Yu Fei",
              "runs": {
                "batter": 0,
                "extras": 0,
                "total": 0
              }
            },
            {
              "batter": "Zhang Peng",
              "bowler": "N Senamontree",
              "non_striker": "Zhang Yu Fei",
              "runs": {
                "batter": 0,
                "extras": 0,
                "total": 0
              }
            },
            {
              "batter": "Zhang Peng",
              "bowler": "N Senamontree",
              "non_striker": "Zhang Yu Fei",
              "runs": {
                "batter": 0,
                "extras": 0,
                "total": 0
              }
            },
            {
              "batter": "Zhang Peng",
              "bowler": "N Senamontree",
              "non_striker": "Zhang Yu Fei",
              "runs": {
                "batter": 0,
                "extras": 0,
                "total": 0
              }
            },
            {
              "batter": "Zhang Peng",
              "bowler": "N Senamontree",
              "non_striker": "Zhang Yu Fei",
              "runs": {
                "batter": 2,
                "extras": 0,
                "total": 2
              }
            },
            {
              "batter": "Zhang Peng",
              "bowler": "N Senamontree",
              "non_striker": "Zhang Yu Fei",
              "runs": {
                "batter": 0,
                "extras": 0,
                "total": 0
              }
            }
          ]
        },
        {
          "over": 13,
          "deliveries": [
            {
              "batter": "Zhang Yu Fei",
              "bowler": "Vichanath Singh",
              "non_striker": "Zhang Peng",
              "runs": {
                "batter": 4,
                "extras": 0,
                "total": 4
              }
            },
            {
              "batter": "Zhang Yu Fei",
              "bowler": "Vichanath Singh",
              "non_striker": "Zhang Peng",
              "runs": {
                "batter": 0,
                "extras": 0,
                "total": 0
              }
            },
            {
              "batter": "Zhang Yu Fei",
              "bowler": "Vichanath Singh",
              "non_striker": "Zhang Peng",
              "runs": {
                "batter": 1,
                "extras": 0,
                "total": 1
              }
            },
            {
              "batter": "Zhang Peng",
              "bowler": "Vichanath Singh",
              "non_striker": "Zhang Yu Fei",
              "runs": {
                "batter": 0,
                "extras": 0,
                "total": 0
              }
            },
            {
              "batter": "Zhang Peng",
              "bowler": "Vichanath Singh",
              "non_striker": "Zhang Yu Fei",
              "runs": {
                "batter": 0,
                "extras": 0,
                "total": 0
              }
            },
            {
              "batter": "Zhang Peng",
              "bowler": "Vichanath Singh",
              "non_striker": "Zhang Yu Fei",
              "runs": {
                "batter": 0,
                "extras": 0,
                "total": 0
              }
            }
          ]
        },
        {
          "over": 14,
          "deliveries": [
            {
              "batter": "Zhang Yu Fei",
              "bowler": "N Senamontree",
              "extras": {
                "wides": 1
              },
              "non_striker": "Zhang Peng",
              "runs": {
                "batter": 0,
                "extras": 1,
                "total": 1
              }
            },
            {
              "batter": "Zhang Yu Fei",
              "bowler": "N Senamontree",
              "non_striker": "Zhang Peng",
              "runs": {
                "batter": 0,
                "extras": 0,
                "total": 0
              }
            },
            {
              "batter": "Zhang Yu Fei",
              "bowler": "N Senamontree",
              "non_striker": "Zhang Peng",
              "runs": {
                "batter": 1,
                "extras": 0,
                "total": 1
              }
            },
            {
              "batter": "Zhang Peng",
              "bowler": "N Senamontree",
              "non_striker": "Zhang Yu Fei",
              "runs": {
                "batter": 0,
                "extras": 0,
                "total": 0
              }
            },
            {
              "batter": "Zhang Peng",
              "bowler": "N Senamontree",
              "non_striker": "Zhang Yu Fei",
              "runs": {
                "batter": 1,
                "extras": 0,
                "total": 1
              }
            },
            {
              "batter": "Zhang Yu Fei",
              "bowler": "N Senamontree",
              "non_striker": "Zhang Peng",
              "runs": {
                "batter": 0,
                "extras": 0,
                "total": 0
              },
              "wickets": [
                {
                  "player_out": "Zhang Yu Fei",
                  "fielders": [
                    {
                      "name": "Vichanath Singh"
                    }
                  ],
                  "kind": "caught"
                }
              ]
            },
            {
              "batter": "Feng Yu",
              "bowler": "N Senamontree",
              "non_striker": "Zhang Peng",
              "runs": {
                "batter": 0,
                "extras": 0,
                "total": 0
              }
            }
          ]
        },
        {
          "over": 15,
          "deliveries": [
            {
              "batter": "Zhang Peng",
              "bowler": "K Senamontree",
              "non_striker": "Feng Yu",
              "runs": {
                "batter": 0,
                "extras": 0,
                "total": 0
              }
            },
            {
              "batter": "Zhang Peng",
              "bowler": "K Senamontree",
              "non_striker": "Feng Yu",
              "runs": {
                "batter": 1,
                "extras": 0,
                "total": 1
              }
            },
            {
              "batter": "Feng Yu",
              "bowler": "K Senamontree",
              "non_striker": "Zhang Peng",
              "runs": {
                "batter": 0,
                "extras": 0,
                "total": 0
              }
            },
            {
              "batter": "Feng Yu",
              "bowler": "K Senamontree",
              "non_striker": "Zhang Peng",
              "runs": {
                "batter": 0,
                "extras": 0,
                "total": 0
              }
            },
            {
              "batter": "Feng Yu",
              "bowler": "K Senamontree",
              "non_striker": "Zhang Peng",
              "runs": {
                "batter": 0,
                "extras": 0,
                "total": 0
              }
            },
            {
              "batter": "Feng Yu",
              "bowler": "K Senamontree",
              "non_striker": "Zhang Peng",
              "runs": {
                "batter": 0,
                "extras": 0,
                "total": 0
              }
            }
          ]
        },
        {
          "over": 16,
          "deliveries": [
            {
              "batter": "Zhang Peng",
              "bowler": "N Senamontree",
              "non_striker": "Feng Yu",
              "runs": {
                "batter": 0,
                "extras": 0,
                "total": 0
              }
            },
            {
              "batter": "Zhang Peng",
              "bowler": "N Senamontree",
              "non_striker": "Feng Yu",
              "runs": {
                "batter": 0,
                "extras": 0,
                "total": 0
              }
            },
            {
              "batter": "Zhang Peng",
              "bowler": "N Senamontree",
              "non_striker": "Feng Yu",
              "runs": {
                "batter": 0,
                "extras": 0,
                "total": 0
              }
            },
            {
              "batter": "Zhang Peng",
              "bowler": "N Senamontree",
              "non_striker": "Feng Yu",
              "runs": {
                "batter": 1,
                "extras": 0,
                "total": 1
              }
            },
            {
              "batter": "Feng Yu",
              "bowler": "N Senamontree",
              "non_striker": "Zhang Peng",
              "runs": {
                "batter": 6,
                "extras": 0,
                "total": 6
              }
            },
            {
              "batter": "Feng Yu",
              "bowler": "N Senamontree",
              "non_striker": "Zhang Peng",
              "runs": {
                "batter": 0,
                "extras": 0,
                "total": 0
              }
            }
          ]
        },
        {
          "over": 17,
          "deliveries": [
            {
              "batter": "Zhang Peng",
              "bowler": "K Senamontree",
              "non_striker": "Feng Yu",
              "runs": {
                "batter": 0,
                "extras": 0,
                "total": 0
              },
              "wickets": [
                {
                  "player_out": "Zhang Peng",
                  "kind": "bowled"
                }
              ]
            },
            {
              "batter": "Yan HuaWen",
              "bowler": "K Senamontree",
              "non_striker": "Feng Yu",
              "runs": {
                "batter": 0,
                "extras": 0,
                "total": 0
              }
            },
            {
              "batter": "Yan HuaWen",
              "bowler": "K Senamontree",
              "non_striker": "Feng Yu",
              "runs": {
                "batter": 0,
                "extras": 0,
                "total": 0
              }
            },
            {
              "batter": "Yan HuaWen",
              "bowler": "K Senamontree",
              "non_striker": "Feng Yu",
              "runs": {
                "batter": 0,
                "extras": 0,
                "total": 0
              }
            },
            {
              "batter": "Yan HuaWen",
              "bowler": "K Senamontree",
              "non_striker": "Feng Yu",
              "runs": {
                "batter": 0,
                "extras": 0,
                "total": 0
              }
            },
            {
              "batter": "Yan HuaWen",
              "bowler": "K Senamontree",
              "non_striker": "Feng Yu",
              "runs": {
                "batter": 4,
                "extras": 0,
                "total": 4
              }
            }
          ]
        },
        {
          "over": 18,
          "deliveries": [
            {
              "batter": "Feng Yu",
              "bowler": "N Senamontree",
              "non_striker": "Yan HuaWen",
              "runs": {
                "batter": 0,
                "extras": 0,
                "total": 0
              }
            },
            {
              "batter": "Feng Yu",
              "bowler": "N Senamontree",
              "non_striker": "Yan HuaWen",
              "runs": {
                "batter": 0,
                "extras": 0,
                "total": 0
              }
            },
            {
              "batter": "Feng Yu",
              "bowler": "N Senamontree",
              "non_striker": "Yan HuaWen",
              "runs": {
                "batter": 0,
                "extras": 0,
                "total": 0
              }
            },
            {
              "batter": "Feng Yu",
              "bowler": "N Senamontree",
              "extras": {
                "byes": 2
              },
              "non_striker": "Yan HuaWen",
              "runs": {
                "batter": 0,
                "extras": 2,
                "total": 2
              }
            },
            {
              "batter": "Feng Yu",
              "bowler": "N Senamontree",
              "non_striker": "Yan HuaWen",
              "runs": {
                "batter": 0,
                "extras": 0,
                "total": 0
              },
              "wickets": [
                {
                  "player_out": "Feng Yu",
                  "fielders": [
                    {
                      "name": "W Uisuk"
                    }
                  ],
                  "kind": "caught"
                }
              ]
            },
            {
              "batter": "Yan HuaWen",
              "bowler": "N Senamontree",
              "non_striker": "Jin Yonghao",
              "runs": {
                "batter": 0,
                "extras": 0,
                "total": 0
              },
              "wickets": [
                {
                  "player_out": "Yan HuaWen",
                  "fielders": [
                    {
                      "name": "S Gawas"
                    }
                  ],
                  "kind": "caught"
                }
              ]
            }
          ]
        },
        {
          "over": 19,
          "deliveries": [
            {
              "batter": "Ke Tiansheng",
              "bowler": "RR Raina",
              "non_striker": "Jin Yonghao",
              "runs": {
                "batter": 0,
                "extras": 0,
                "total": 0
              },
              "wickets": [
                {
                  "player_out": "Ke Tiansheng",
                  "fielders": [
                    {
                      "name": "DF Jacobs"
                    }
                  ],
                  "kind": "caught"
                }
              ]
            },
            {
              "batter": "Wang Zihao",
              "bowler": "RR Raina",
              "non_striker": "Jin Yonghao",
              "runs": {
                "batter": 0,
                "extras": 0,
                "total": 0
              }
            },
            {
              "batter": "Wang Zihao",
              "bowler": "RR Raina",
              "extras": {
                "byes": 1
              },
              "non_striker": "Jin Yonghao",
              "runs": {
                "batter": 0,
                "extras": 1,
                "total": 1
              },
              "wickets": [
                {
                  "player_out": "Jin Yonghao",
                  "kind": "run out"
                }
              ]
            },
            {
              "batter": "Wang Zihao",
              "bowler": "RR Raina",
              "non_striker": "Wang Qi",
              "runs": {
                "batter": 6,
                "extras": 0,
                "total": 6
              }
            },
            {
              "batter": "Wang Zihao",
              "bowler": "RR Raina",
              "extras": {
                "wides": 1
              },
              "non_striker": "Wang Qi",
              "runs": {
                "batter": 0,
                "extras": 1,
                "total": 1
              }
            },
            {
              "batter": "Wang Zihao",
              "bowler": "RR Raina",
              "non_striker": "Wang Qi",
              "runs": {
                "batter": 0,
                "extras": 0,
                "total": 0
              }
            },
            {
              "batter": "Wang Zihao",
              "bowler": "RR Raina",
              "non_striker": "Wang Qi",
              "runs": {
                "batter": 1,
                "extras": 0,
                "total": 1
              }
            }
          ]
        },
        {
          "over": 20,
          "deliveries": [
            {
              "batter": "Wang Zihao",
              "bowler": "N Senamontree",
              "non_striker": "Wang Qi",
              "runs": {
                "batter": 0,
                "extras": 0,
                "total": 0
              },
              "wickets": [
                {
                  "player_out": "Wang Zihao",
                  "fielders": [
                    {
                      "name": "T Jeerapanthawong"
                    }
                  ],
                  "kind": "stumped"
                }
              ]
            }
          ]
        }
      ],
      "powerplays": [
        {
          "from": 0.1,
          "to": 8.6,
          "type": "mandatory"
        },
        {
          "from": 9.1,
          "to": 20.1,
          "type": "mandatory"
        }
      ]
    },
    {
      "team": "Thailand",
      "overs": [
        {
          "over": 0,
          "deliveries": [
            {
              "batter": "W Maneerat",
              "bowler": "Feng Yu",
              "extras": {
                "wides": 1
              },
              "non_striker": "W Uisuk",
              "runs": {
                "batter": 0,
                "extras": 1,
                "total": 1
              }
            },
            {
              "batter": "W Maneerat",
              "bowler": "Feng Yu",
              "extras": {
                "wides": 1
              },
              "non_striker": "W Uisuk",
              "runs": {
                "batter": 0,
                "extras": 1,
                "total": 1
              }
            },
            {
              "batter": "W Maneerat",
              "bowler": "Feng Yu",
              "extras": {
                "wides": 1
              },
              "non_striker": "W Uisuk",
              "runs": {
                "batter": 0,
                "extras": 1,
                "total": 1
              }
            },
            {
              "batter": "W Maneerat",
              "bowler": "Feng Yu",
              "non_striker": "W Uisuk",
              "runs": {
                "batter": 4,
                "extras": 0,
                "total": 4
              }
            },
            {
              "batter": "W Maneerat",
              "bowler": "Feng Yu",
              "non_striker": "W Uisuk",
              "runs": {
                "batter": 1,
                "extras": 0,
                "total": 1
              }
            },
            {
              "batter": "W Uisuk",
              "bowler": "Feng Yu",
              "non_striker": "W Maneerat",
              "runs": {
                "batter": 0,
                "extras": 0,
                "total": 0
              }
            },
            {
              "batter": "W Uisuk",
              "bowler": "Feng Yu",
              "non_striker": "W Maneerat",
              "runs": {
                "batter": 6,
                "extras": 0,
                "total": 6
              }
            },
            {
              "batter": "W Uisuk",
              "bowler": "Feng Yu",
              "non_striker": "W Maneerat",
              "runs": {
                "batter": 0,
                "extras": 0,
                "total": 0
              }
            },
            {
              "batter": "W Uisuk",
              "bowler": "Feng Yu",
              "non_striker": "W Maneerat",
              "runs": {
                "batter": 0,
                "extras": 0,
                "total": 0
              }
            }
          ]
        },
        {
          "over": 1,
          "deliveries": [
            {
              "batter": "W Maneerat",
              "bowler": "Wang Qi",
              "non_striker": "W Uisuk",
              "runs": {
                "batter": 0,
                "extras": 0,
                "total": 0
              }
            },
            {
              "batter": "W Maneerat",
              "bowler": "Wang Qi",
              "extras": {
                "wides": 1
              },
              "non_striker": "W Uisuk",
              "runs": {
                "batter": 0,
                "extras": 1,
                "total": 1
              }
            },
            {
              "batter": "W Maneerat",
              "bowler": "Wang Qi",
              "non_striker": "W Uisuk",
              "runs": {
                "batter": 0,
                "extras": 0,
                "total": 0
              }
            },
            {
              "batter": "W Maneerat",
              "bowler": "Wang Qi",
              "non_striker": "W Uisuk",
              "runs": {
                "batter": 0,
                "extras": 0,
                "total": 0
              }
            },
            {
              "batter": "W Maneerat",
              "bowler": "Wang Qi",
              "non_striker": "W Uisuk",
              "runs": {
                "batter": 1,
                "extras": 0,
                "total": 1
              }
            },
            {
              "batter": "W Uisuk",
              "bowler": "Wang Qi",
              "non_striker": "W Maneerat",
              "runs": {
                "batter": 0,
                "extras": 0,
                "total": 0
              }
            },
            {
              "batter": "W Uisuk",
              "bowler": "Wang Qi",
              "non_striker": "W Maneerat",
              "runs": {
                "batter": 1,
                "extras": 0,
                "total": 1
              }
            }
          ]
        },
        {
          "over": 2,
          "deliveries": [
            {
              "batter": "W Uisuk",
              "bowler": "Zhang Yu Fei",
              "non_striker": "W Maneerat",
              "runs": {
                "batter": 0,
                "extras": 0,
                "total": 0
              }
            },
            {
              "batter": "W Uisuk",
              "bowler": "Zhang Yu Fei",
              "non_striker": "W Maneerat",
              "runs": {
                "batter": 0,
                "extras": 0,
                "total": 0
              }
            },
            {
              "batter": "W Uisuk",
              "bowler": "Zhang Yu Fei",
              "non_striker": "W Maneerat",
              "runs": {
                "batter": 0,
                "extras": 0,
                "total": 0
              }
            },
            {
              "batter": "W Uisuk",
              "bowler": "Zhang Yu Fei",
              "non_striker": "W Maneerat",
              "runs": {
                "batter": 0,
                "extras": 0,
                "total": 0
              },
              "wickets": [
                {
                  "player_out": "W Uisuk",
                  "fielders": [
                    {
                      "name": "Wang Qi"
                    }
                  ],
                  "kind": "caught"
                }
              ]
            },
            {
              "batter": "W Maneerat",
              "bowler": "Zhang Yu Fei",
              "non_striker": "DF Jacobs",
              "runs": {
                "batter": 1,
                "extras": 0,
                "total": 1
              }
            },
            {
              "batter": "DF Jacobs",
              "bowler": "Zhang Yu Fei",
              "extras": {
                "wides": 1
              },
              "non_striker": "W Maneerat",
              "runs": {
                "batter": 0,
                "extras": 1,
                "total": 1
              }
            },
            {
              "batter": "DF Jacobs",
              "bowler": "Zhang Yu Fei",
              "non_striker": "W Maneerat",
              "runs": {
                "batter": 0,
                "extras": 0,
                "total": 0
              }
            }
          ]
        },
        {
          "over": 3,
          "deliveries": [
            {
              "batter": "W Maneerat",
              "bowler": "Wang Qi",
              "extras": {
                "wides": 1
              },
              "non_striker": "DF Jacobs",
              "runs": {
                "batter": 0,
                "extras": 1,
                "total": 1
              }
            },
            {
              "batter": "W Maneerat",
              "bowler": "Wang Qi",
              "non_striker": "DF Jacobs",
              "runs": {
                "batter": 0,
                "extras": 0,
                "total": 0
              }
            },
            {
              "batter": "W Maneerat",
              "bowler": "Wang Qi",
              "non_striker": "DF Jacobs",
              "runs": {
                "batter": 0,
                "extras": 0,
                "total": 0
              }
            },
            {
              "batter": "W Maneerat",
              "bowler": "Wang Qi",
              "extras": {
                "noballs": 1
              },
              "non_striker": "DF Jacobs",
              "runs": {
                "batter": 1,
                "extras": 1,
                "total": 2
              }
            },
            {
              "batter": "DF Jacobs",
              "bowler": "Wang Qi",
              "non_striker": "W Maneerat",
              "runs": {
                "batter": 4,
                "extras": 0,
                "total": 4
              }
            },
            {
              "batter": "DF Jacobs",
              "bowler": "Wang Qi",
              "non_striker": "W Maneerat",
              "runs": {
                "batter": 0,
                "extras": 0,
                "total": 0
              }
            },
            {
              "batter": "DF Jacobs",
              "bowler": "Wang Qi",
              "non_striker": "W Maneerat",
              "runs": {
                "batter": 1,
                "extras": 0,
                "total": 1
              }
            },
            {
              "batter": "W Maneerat",
              "bowler": "Wang Qi",
              "non_striker": "DF Jacobs",
              "runs": {
                "batter": 0,
                "extras": 0,
                "total": 0
              }
            }
          ]
        },
        {
          "over": 4,
          "deliveries": [
            {
              "batter": "DF Jacobs",
              "bowler": "Zhang Yu Fei",
              "non_striker": "W Maneerat",
              "runs": {
                "batter": 1,
                "extras": 0,
                "total": 1
              }
            },
            {
              "batter": "W Maneerat",
              "bowler": "Zhang Yu Fei",
              "non_striker": "DF Jacobs",
              "runs": {
                "batter": 0,
                "extras": 0,
                "total": 0
              }
            },
            {
              "batter": "W Maneerat",
              "bowler": "Zhang Yu Fei",
              "non_striker": "DF Jacobs",
              "runs": {
                "batter": 2,
                "extras": 0,
                "total": 2
              }
            },
            {
              "batter": "W Maneerat",
              "bowler": "Zhang Yu Fei",
              "non_striker": "DF Jacobs",
              "runs": {
                "batter": 0,
                "extras": 0,
                "total": 0
              }
            },
            {
              "batter": "W Maneerat",
              "bowler": "Zhang Yu Fei",
              "extras": {
                "wides": 1
              },
              "non_striker": "DF Jacobs",
              "runs": {
                "batter": 0,
                "extras": 1,
                "total": 1
              }
            },
            {
              "batter": "W Maneerat",
              "bowler": "Zhang Yu Fei",
              "non_striker": "DF Jacobs",
              "runs": {
                "batter": 0,
                "extras": 0,
                "total": 0
              }
            },
            {
              "batter": "W Maneerat",
              "bowler": "Zhang Yu Fei",
              "non_striker": "DF Jacobs",
              "runs": {
                "batter": 0,
                "extras": 0,
                "total": 0
              }
            }
          ]
        },
        {
          "over": 5,
          "deliveries": [
            {
              "batter": "DF Jacobs",
              "bowler": "Wang Qi",
              "non_striker": "W Maneerat",
              "runs": {
                "batter": 0,
                "extras": 0,
                "total": 0
              }
            },
            {
              "batter": "DF Jacobs",
              "bowler": "Wang Qi",
              "non_striker": "W Maneerat",
              "runs": {
                "batter": 1,
                "extras": 0,
                "total": 1
              }
            },
            {
              "batter": "W Maneerat",
              "bowler": "Wang Qi",
              "non_striker": "DF Jacobs",
              "runs": {
                "batter": 1,
                "extras": 0,
                "total": 1
              }
            },
            {
              "batter": "DF Jacobs",
              "bowler": "Wang Qi",
              "non_striker": "W Maneerat",
              "runs": {
                "batter": 1,
                "extras": 0,
                "total": 1
              }
            },
            {
              "batter": "W Maneerat",
              "bowler": "Wang Qi",
              "non_striker": "DF Jacobs",
              "runs": {
                "batter": 0,
                "extras": 0,
                "total": 0
              }
            },
            {
              "batter": "W Maneerat",
              "bowler": "Wang Qi",
              "non_striker": "DF Jacobs",
              "runs": {
                "batter": 0,
                "extras": 0,
                "total": 0
              }
            }
          ]
        },
        {
          "over": 6,
          "deliveries": [
            {
              "batter": "DF Jacobs",
              "bowler": "Zhang Yu Fei",
              "non_striker": "W Maneerat",
              "runs": {
                "batter": 0,
                "extras": 0,
                "total": 0
              }
            },
            {
              "batter": "DF Jacobs",
              "bowler": "Zhang Yu Fei",
              "non_striker": "W Maneerat",
              "runs": {
                "batter": 0,
                "extras": 0,
                "total": 0
              }
            },
            {
              "batter": "DF Jacobs",
              "bowler": "Zhang Yu Fei",
              "non_striker": "W Maneerat",
              "runs": {
                "batter": 0,
                "extras": 0,
                "total": 0
              }
            },
            {
              "batter": "DF Jacobs",
              "bowler": "Zhang Yu Fei",
              "non_striker": "W Maneerat",
              "runs": {
                "batter": 1,
                "extras": 0,
                "total": 1
              }
            },
            {
              "batter": "W Maneerat",
              "bowler": "Zhang Yu Fei",
              "extras": {
                "legbyes": 1
              },
              "non_striker": "DF Jacobs",
              "runs": {
                "batter": 0,
                "extras": 1,
                "total": 1
              }
            },
            {
              "batter": "DF Jacobs",
              "bowler": "Zhang Yu Fei",
              "non_striker": "W Maneerat",
              "runs": {
                "batter": 0,
                "extras": 0,
                "total": 0
              }
            }
          ]
        },
        {
          "over": 7,
          "deliveries": [
            {
              "batter": "W Maneerat",
              "bowler": "Wang Qi",
              "non_striker": "DF Jacobs",
              "runs": {
                "batter": 1,
                "extras": 0,
                "total": 1
              }
            },
            {
              "batter": "DF Jacobs",
              "bowler": "Wang Qi",
              "extras": {
                "wides": 1
              },
              "non_striker": "W Maneerat",
              "runs": {
                "batter": 0,
                "extras": 1,
                "total": 1
              }
            },
            {
              "batter": "DF Jacobs",
              "bowler": "Wang Qi",
              "non_striker": "W Maneerat",
              "runs": {
                "batter": 0,
                "extras": 0,
                "total": 0
              }
            },
            {
              "batter": "DF Jacobs",
              "bowler": "Wang Qi",
              "non_striker": "W Maneerat",
              "runs": {
                "batter": 0,
                "extras": 0,
                "total": 0
              }
            },
            {
              "batter": "DF Jacobs",
              "bowler": "Wang Qi",
              "non_striker": "W Maneerat",
              "runs": {
                "batter": 1,
                "extras": 0,
                "total": 1
              }
            },
            {
              "batter": "W Maneerat",
              "bowler": "Wang Qi",
              "non_striker": "DF Jacobs",
              "runs": {
                "batter": 0,
                "extras": 0,
                "total": 0
              }
            },
            {
              "batter": "W Maneerat",
              "bowler": "Wang Qi",
              "non_striker": "DF Jacobs",
              "runs": {
                "batter": 0,
                "extras": 0,
                "total": 0
              },
              "wickets": [
                {
                  "player_out": "W Maneerat",
                  "kind": "lbw"
                }
              ]
            }
          ]
        },
        {
          "over": 8,
          "deliveries": [
            {
              "batter": "DF Jacobs",
              "bowler": "Zhang Yu Fei",
              "non_striker": "N Pathan",
              "runs": {
                "batter": 0,
                "extras": 0,
                "total": 0
              }
            },
            {
              "batter": "DF Jacobs",
              "bowler": "Zhang Yu Fei",
              "extras": {
                "wides": 1
              },
              "non_striker": "N Pathan",
              "runs": {
                "batter": 0,
                "extras": 1,
                "total": 1
              }
            },
            {
              "batter": "DF Jacobs",
              "bowler": "Zhang Yu Fei",
              "non_striker": "N Pathan",
              "runs": {
                "batter": 0,
                "extras": 0,
                "total": 0
              }
            },
            {
              "batter": "DF Jacobs",
              "bowler": "Zhang Yu Fei",
              "non_striker": "N Pathan",
              "runs": {
                "batter": 0,
                "extras": 0,
                "total": 0
              }
            },
            {
              "batter": "DF Jacobs",
              "bowler": "Zhang Yu Fei",
              "non_striker": "N Pathan",
              "runs": {
                "batter": 0,
                "extras": 0,
                "total": 0
              }
            },
            {
              "batter": "DF Jacobs",
              "bowler": "Zhang Yu Fei",
              "non_striker": "N Pathan",
              "runs": {
                "batter": 0,
                "extras": 0,
                "total": 0
              }
            },
            {
              "batter": "DF Jacobs",
              "bowler": "Zhang Yu Fei",
              "extras": {
                "wides": 1
              },
              "non_striker": "N Pathan",
              "runs": {
                "batter": 0,
                "extras": 1,
                "total": 1
              }
            },
            {
              "batter": "DF Jacobs",
              "bowler": "Zhang Yu Fei",
              "non_striker": "N Pathan",
              "runs": {
                "batter": 0,
                "extras": 0,
                "total": 0
              }
            }
          ]
        },
        {
          "over": 9,
          "deliveries": [
            {
              "batter": "N Pathan",
              "bowler": "Wang Zihao",
              "non_striker": "DF Jacobs",
              "runs": {
                "batter": 0,
                "extras": 0,
                "total": 0
              }
            },
            {
              "batter": "N Pathan",
              "bowler": "Wang Zihao",
              "extras": {
                "wides": 1
              },
              "non_striker": "DF Jacobs",
              "runs": {
                "batter": 0,
                "extras": 1,
                "total": 1
              }
            },
            {
              "batter": "N Pathan",
              "bowler": "Wang Zihao",
              "non_striker": "DF Jacobs",
              "runs": {
                "batter": 0,
                "extras": 0,
                "total": 0
              }
            },
            {
              "batter": "N Pathan",
              "bowler": "Wang Zihao",
              "extras": {
                "wides": 1
              },
              "non_striker": "DF Jacobs",
              "runs": {
                "batter": 0,
                "extras": 1,
                "total": 1
              }
            },
            {
              "batter": "N Pathan",
              "bowler": "Wang Zihao",
              "non_striker": "DF Jacobs",
              "runs": {
                "batter": 0,
                "extras": 0,
                "total": 0
              }
            },
            {
              "batter": "N Pathan",
              "bowler": "Wang Zihao",
              "non_striker": "DF Jacobs",
              "runs": {
                "batter": 1,
                "extras": 0,
                "total": 1
              }
            },
            {
              "batter": "DF Jacobs",
              "bowler": "Wang Zihao",
              "extras": {
                "wides": 1
              },
              "non_striker": "N Pathan",
              "runs": {
                "batter": 0,
                "extras": 1,
                "total": 1
              }
            },
            {
              "batter": "DF Jacobs",
              "bowler": "Wang Zihao",
              "non_striker": "N Pathan",
              "runs": {
                "batter": 0,
                "extras": 0,
                "total": 0
              }
            },
            {
              "batter": "DF Jacobs",
              "bowler": "Wang Zihao",
              "non_striker": "N Pathan",
              "runs": {
                "batter": 0,
                "extras": 0,
                "total": 0
              }
            }
          ]
        },
        {
          "over": 10,
          "deliveries": [
            {
              "batter": "N Pathan",
              "bowler": "Feng Yu",
              "non_striker": "DF Jacobs",
              "runs": {
                "batter": 0,
                "extras": 0,
                "total": 0
              }
            },
            {
              "batter": "N Pathan",
              "bowler": "Feng Yu",
              "non_striker": "DF Jacobs",
              "runs": {
                "batter": 1,
                "extras": 0,
                "total": 1
              }
            },
            {
              "batter": "DF Jacobs",
              "bowler": "Feng Yu",
              "non_striker": "N Pathan",
              "runs": {
                "batter": 0,
                "extras": 0,
                "total": 0
              }
            },
            {
              "batter": "DF Jacobs",
              "bowler": "Feng Yu",
              "non_striker": "N Pathan",
              "runs": {
                "batter": 0,
                "extras": 0,
                "total": 0
              }
            },
            {
              "batter": "DF Jacobs",
              "bowler": "Feng Yu",
              "non_striker": "N Pathan",
              "runs": {
                "batter": 4,
                "extras": 0,
                "total": 4
              }
            },
            {
              "batter": "DF Jacobs",
              "bowler": "Feng Yu",
              "non_striker": "N Pathan",
              "runs": {
                "batter": 0,
                "extras": 0,
                "total": 0
              }
            }
          ]
        },
        {
          "over": 11,
          "deliveries": [
            {
              "batter": "N Pathan",
              "bowler": "Ge Yongsheng",
              "non_striker": "DF Jacobs",
              "runs": {
                "batter": 0,
                "extras": 0,
                "total": 0
              }
            },
            {
              "batter": "N Pathan",
              "bowler": "Ge Yongsheng",
              "non_striker": "DF Jacobs",
              "runs": {
                "batter": 0,
                "extras": 0,
                "total": 0
              }
            },
            {
              "batter": "N Pathan",
              "bowler": "Ge Yongsheng",
              "non_striker": "DF Jacobs",
              "runs": {
                "batter": 0,
                "extras": 0,
                "total": 0
              },
              "wickets": [
                {
                  "player_out": "N Pathan",
                  "fielders": [
                    {
                      "name": "Wang Zihao"
                    }
                  ],
                  "kind": "caught"
                }
              ]
            },
            {
              "batter": "DF Jacobs",
              "bowler": "Ge Yongsheng",
              "non_striker": "RR Raina",
              "runs": {
                "batter": 0,
                "extras": 0,
                "total": 0
              }
            },
            {
              "batter": "DF Jacobs",
              "bowler": "Ge Yongsheng",
              "non_striker": "RR Raina",
              "runs": {
                "batter": 0,
                "extras": 0,
                "total": 0
              }
            },
            {
              "batter": "DF Jacobs",
              "bowler": "Ge Yongsheng",
              "non_striker": "RR Raina",
              "runs": {
                "batter": 1,
                "extras": 0,
                "total": 1
              }
            }
          ]
        },
        {
          "over": 12,
          "deliveries": [
            {
              "batter": "DF Jacobs",
              "bowler": "Feng Yu",
              "non_striker": "RR Raina",
              "runs": {
                "batter": 0,
                "extras": 0,
                "total": 0
              }
            },
            {
              "batter": "DF Jacobs",
              "bowler": "Feng Yu",
              "non_striker": "RR Raina",
              "runs": {
                "batter": 1,
                "extras": 0,
                "total": 1
              }
            },
            {
              "batter": "RR Raina",
              "bowler": "Feng Yu",
              "non_striker": "DF Jacobs",
              "runs": {
                "batter": 0,
                "extras": 0,
                "total": 0
              }
            },
            {
              "batter": "RR Raina",
              "bowler": "Feng Yu",
              "non_striker": "DF Jacobs",
              "runs": {
                "batter": 0,
                "extras": 0,
                "total": 0
              }
            },
            {
              "batter": "RR Raina",
              "bowler": "Feng Yu",
              "non_striker": "DF Jacobs",
              "runs": {
                "batter": 0,
                "extras": 0,
                "total": 0
              }
            },
            {
              "batter": "RR Raina",
              "bowler": "Feng Yu",
              "non_striker": "DF Jacobs",
              "runs": {
                "batter": 0,
                "extras": 0,
                "total": 0
              }
            }
          ]
        },
        {
          "over": 13,
          "deliveries": [
            {
              "batter": "DF Jacobs",
              "bowler": "Ge Yongsheng",
              "non_striker": "RR Raina",
              "runs": {
                "batter": 0,
                "extras": 0,
                "total": 0
              }
            },
            {
              "batter": "DF Jacobs",
              "bowler": "Ge Yongsheng",
              "non_striker": "RR Raina",
              "runs": {
                "batter": 0,
                "extras": 0,
                "total": 0
              }
            },
            {
              "batter": "DF Jacobs",
              "bowler": "Ge Yongsheng",
              "non_striker": "RR Raina",
              "runs": {
                "batter": 0,
                "extras": 0,
                "total": 0
              }
            },
            {
              "batter": "DF Jacobs",
              "bowler": "Ge Yongsheng",
              "non_striker": "RR Raina",
              "runs": {
                "batter": 0,
                "extras": 0,
                "total": 0
              }
            },
            {
              "batter": "DF Jacobs",
              "bowler": "Ge Yongsheng",
              "non_striker": "RR Raina",
              "runs": {
                "batter": 6,
                "extras": 0,
                "total": 6
              }
            }
          ]
        }
      ],
      "powerplays": [
        {
          "from": 0.1,
          "to": 8.8,
          "type": "mandatory"
        },
        {
          "from": 9.1,
          "to": 13.5,
          "type": "mandatory"
        }
      ],
      "target": {
        "overs": 42,
        "runs": 56
      }
    }
  ]
}