{
  "meta": {
    "data_version": "1.0.0",
    "created": "2020-10-25",
    "revision": 1
  },
  "info": {
    "balls_per_over": 6,
    "city": "Chiang Mai",
    "dates": [
      "2017-04-29"
    ],
    "event": {
      "name": "ICC World Cricket League Asia Region Division One",
      "match_number": 16
    },
    "gender": "male",
    "match_type": "ODM",
    "officials": {
      "match_referees": [
        "DT Jukes"
      ],
      "reserve_umpires": [
        "Akbar Ali"
      ],
      "umpires": [
        "AK Rana",
        "BB Pradhan"
      ]
    },
    "outcome": {
      "winner": "Bahrain",
      "by": {
        "wickets": 9
      }
    },
    "overs": 50,
    "player_of_match": [
      "GSPR Arachchige"
    ],
    "players": {
      "China": [
        "Lu Cangcang",
        "Jiang Shuyao",
        "Zhang Yu Fei",
        "Ge Yongsheng",
        "Zhuang Zelin",
        "Zhang Peng",
        "Yan HuaWen",
        "Feng Yu",
        "Ke Tiansheng",
        "Wang Zihao",
        "Jin Yonghao"
      ],
      "Bahrain": [
        "Imran Ali Butt",
        "J Chaturanga",
        "Mohammed Sameer",
        "Junaid Aziz",
        "Azeem ul Haq",
        "GSPR Arachchige",
        "Tahir Dar",
        "Jabbar Amjad",
        "Muhammad Rafeh",
        "Babar Ali",
        "Mohamed Iqbal Noor"
      ]
    },
    "registry": {
      "people": {
        "AK Rana": "562d74d0",
        "Akbar Ali": "e753931d",
        "Azeem ul Haq": "6cb83e8c",
        "BB Pradhan": "8603d942",
        "Babar Ali": "c65e0275",
        "DT Jukes": "7c215d14",
        "Feng Yu": "242f4ef1",
        "GSPR Arachchige": "d1d15fc9",
        "Ge Yongsheng": "f3dc4c64",
        "Imran Ali Butt": "5d60560f",
        "J Chaturanga": "92593de0",
        "Jabbar Amjad": "b858d6a7",
        "Jiang Shuyao": "d52ab778",
        "Jin Yonghao": "88c3d82b",
        "Junaid Aziz": "c39ee9e0",
        "Ke Tiansheng": "c3be0137",
        "Lu Cangcang": "b406d908",
        "Mohamed Iqbal Noor": "87ead66e",
        "Mohammed Sameer": "e6409ae1",
        "Muhammad Rafeh": "732d1f2c",
        "Tahir Dar": "5cbeb83d",
        "Wang Zihao": "0cf7e80f",
        "Yan HuaWen": "3749e6f1",
        "Zhang Peng": "200efd38",
        "Zhang Yu Fei": "4522ba9a",
        "Zhuang Zelin": "a03ee6e1"
      }
    },
    "season": "2017",
    "team_type": "international",
    "teams": [
      "China",
      "Bahrain"
    ],
    "toss": {
      "decision": "field",
      "winner": "Bahrain"
    },
    "venue": "Prem Tinsulanonda International School"
  },
  "innings": [
    {
      "team": "China",
      "overs": [
        {
          "over": 0,
          "deliveries": [
            {
              "batter": "Lu Cangcang",
              "bowler": "Jabbar Amjad",
              "non_striker": "Jiang Shuyao",
              "runs": {
                "batter": 0,
                "extras": 0,
                "total": 0
              }
            },
            {
              "batter": "Lu Cangcang",
              "bowler": "Jabbar Amjad",
              "extras": {
                "wides": 1
              },
              "non_striker": "Jiang Shuyao",
              "runs": {
                "batter": 0,
                "extras": 1,
                "total": 1
              }
            },
            {
              "batter": "Lu Cangcang",
              "bowler": "Jabbar Amjad",
              "non_striker": "Jiang Shuyao",
              "runs": {
                "batter": 0,
                "extras": 0,
                "total": 0
              }
            },
            {
              "batter": "Lu Cangcang",
              "bowler": "Jabbar Amjad",
              "non_striker": "Jiang Shuyao",
              "runs": {
                "batter": 0,
                "extras": 0,
                "total": 0
              }
            },
            {
              "batter": "Lu Cangcang",
              "bowler": "Jabbar Amjad",
              "extras": {
                "wides": 1
              },
              "non_striker": "Jiang Shuyao",
              "runs": {
                "batter": 0,
                "extras": 1,
                "total": 1
              }
            },
            {
              "batter": "Lu Cangcang",
              "bowler": "Jabbar Amjad",
              "non_striker": "Jiang Shuyao",
              "runs": {
                "batter": 0,
                "extras": 0,
                "total": 0
              }
            },
            {
              "batter": "Lu Cangcang",
              "bowler": "Jabbar Amjad",
              "non_striker": "Jiang Shuyao",
              "runs": {
                "batter": 4,
                "extras": 0,
                "total": 4
              }
            },
            {
              "batter": "Lu Cangcang",
              "bowler": "Jabbar Amjad",
              "non_striker": "Jiang Shuyao",
              "runs": {
                "batter": 0,
                "extras": 0,
                "total": 0
              }
            }
          ]
        },
        {
          "over": 1,
          "deliveries": [
            {
              "batter": "Jiang Shuyao",
              "bowler": "Mohamed Iqbal Noor",
              "non_striker": "Lu Cangcang",
              "runs": {
                "batter": 0,
                "extras": 0,
                "total": 0
              }
            },
            {
              "batter": "Jiang Shuyao",
              "bowler": "Mohamed Iqbal Noor",
              "non_striker": "Lu Cangcang",
              "runs": {
                "batter": 4,
                "extras": 0,
                "total": 4
              }
            },
            {
              "batter": "Jiang Shuyao",
              "bowler": "Mohamed Iqbal Noor",
              "non_striker": "Lu Cangcang",
              "runs": {
                "batter": 0,
                "extras": 0,
                "total": 0
              }
            },
            {
              "batter": "Jiang Shuyao",
              "bowler": "Mohamed Iqbal Noor",
              "non_striker": "Lu Cangcang",
              "runs": {
                "batter": 0,
                "extras": 0,
                "total": 0
              }
            },
            {
              "batter": "Jiang Shuyao",
              "bowler": "Mohamed Iqbal Noor",
              "non_striker": "Lu Cangcang",
              "runs": {
                "batter": 0,
                "extras": 0,
                "total": 0
              }
            },
            {
              "batter": "Jiang Shuyao",
              "bowler": "Mohamed Iqbal Noor",
              "non_striker": "Lu Cangcang",
              "runs": {
                "batter": 0,
                "extras": 0,
                "total": 0
              }
            }
          ]
        },
        {
          "over": 2,
          "deliveries": [
            {
              "batter": "Lu Cangcang",
              "bowler": "Jabbar Amjad",
              "non_striker": "Jiang Shuyao",
              "runs": {
                "batter": 1,
                "extras": 0,
                "total": 1
              }
            },
            {
              "batter": "Jiang Shuyao",
              "bowler": "Jabbar Amjad",
              "non_striker": "Lu Cangcang",
              "runs": {
                "batter": 0,
                "extras": 0,
                "total": 0
              }
            },
            {
              "batter": "Jiang Shuyao",
              "bowler": "Jabbar Amjad",
              "extras": {
                "wides": 1
              },
              "non_striker": "Lu Cangcang",
              "runs": {
                "batter": 0,
                "extras": 1,
                "total": 1
              }
            },
            {
              "batter": "Jiang Shuyao",
              "bowler": "Jabbar Amjad",
              "non_striker": "Lu Cangcang",
              "runs": {
                "batter": 0,
                "extras": 0,
                "total": 0
              }
            },
            {
              "batter": "Jiang Shuyao",
              "bowler": "Jabbar Amjad",
              "non_striker": "Lu Cangcang",
              "runs": {
                "batter": 0,
                "extras": 0,
                "total": 0
              }
            },
            {
              "batter": "Jiang Shuyao",
              "bowler": "Jabbar Amjad",
              "non_striker": "Lu Cangcang",
              "runs": {
                "batter": 0,
                "extras": 0,
                "total": 0
              }
            },
            {
              "batter": "Jiang Shuyao",
              "bowler": "Jabbar Amjad",
              "non_striker": "Lu Cangcang",
              "runs": {
                "batter": 0,
                "extras": 0,
                "total": 0
              }
            }
          ]
        },
        {
          "over": 3,
          "deliveries": [
            {
              "batter": "Lu Cangcang",
              "bowler": "Mohamed Iqbal Noor",
              "non_striker": "Jiang Shuyao",
              "runs": {
                "batter": 0,
                "extras": 0,
                "total": 0
              }
            },
            {
              "batter": "Lu Cangcang",
              "bowler": "Mohamed Iqbal Noor",
              "non_striker": "Jiang Shuyao",
              "runs": {
                "batter": 0,
                "extras": 0,
                "total": 0
              }
            },
            {
              "batter": "Lu Cangcang",
              "bowler": "Mohamed Iqbal Noor",
              "non_striker": "Jiang Shuyao",
              "runs": {
                "batter": 0,
                "extras": 0,
                "total": 0
              }
            },
            {
              "batter": "Lu Cangcang",
              "bowler": "Mohamed Iqbal Noor",
              "non_striker": "Jiang Shuyao",
              "runs": {
                "batter": 0,
                "extras": 0,
                "total": 0
              }
            },
            {
              "batter": "Lu Cangcang",
              "bowler": "Mohamed Iqbal Noor",
              "non_striker": "Jiang Shuyao",
              "runs": {
                "batter": 1,
                "extras": 0,
                "total": 1
              }
            },
            {
              "batter": "Jiang Shuyao",
              "bowler": "Mohamed Iqbal Noor",
              "non_striker": "Lu Cangcang",
              "runs": {
                "batter": 0,
                "extras": 0,
                "total": 0
              }
            }
          ]
        },
        {
          "over": 4,
          "deliveries": [
            {
              "batter": "Lu Cangcang",
              "bowler": "Jabbar Amjad",
              "non_striker": "Jiang Shuyao",
              "runs": {
                "batter": 0,
                "extras": 0,
                "total": 0
              }
            },
            {
              "batter": "Lu Cangcang",
              "bowler": "Jabbar Amjad",
              "non_striker": "Jiang Shuyao",
              "runs": {
                "batter": 0,
                "extras": 0,
                "total": 0
              }
            },
            {
              "batter": "Lu Cangcang",
              "bowler": "Jabbar Amjad",
              "non_striker": "Jiang Shuyao",
              "runs": {
                "batter": 0,
                "extras": 0,
                "total": 0
              }
            },
            {
              "batter": "Lu Cangcang",
              "bowler": "Jabbar Amjad",
              "non_striker": "Jiang Shuyao",
              "runs": {
                "batter": 0,
                "extras": 0,
                "total": 0
              }
            },
            {
              "batter": "Lu Cangcang",
              "bowler": "Jabbar Amjad",
              "non_striker": "Jiang Shuyao",
              "runs": {
                "batter": 0,
                "extras": 0,
                "total": 0
              }
            },
            {
              "batter": "Lu Cangcang",
              "bowler": "Jabbar Amjad",
              "non_striker": "Jiang Shuyao",
              "runs": {
                "batter": 0,
                "extras": 0,
                "total": 0
              }
            }
          ]
        },
        {
          "over": 5,
          "deliveries": [
            {
              "batter": "Jiang Shuyao",
              "bowler": "Mohamed Iqbal Noor",
              "non_striker": "Lu Cangcang",
              "runs": {
                "batter": 0,
                "extras": 0,
                "total": 0
              }
            },
            {
              "batter": "Jiang Shuyao",
              "bowler": "Mohamed Iqbal Noor",
              "non_striker": "Lu Cangcang",
              "runs": {
                "batter": 0,
                "extras": 0,
                "total": 0
              }
            },
            {
              "batter": "Jiang Shuyao",
              "bowler": "Mohamed Iqbal Noor",
              "non_striker": "Lu Cangcang",
              "runs": {
                "batter": 0,
                "extras": 0,
                "total": 0
              }
            },
            {
              "batter": "Jiang Shuyao",
              "bowler": "Mohamed Iqbal Noor",
              "non_striker": "Lu Cangcang",
              "runs": {
                "batter": 4,
                "extras": 0,
                "total": 4
              }
            },
            {
              "batter": "Jiang Shuyao",
              "bowler": "Mohamed Iqbal Noor",
              "non_striker": "Lu Cangcang",
              "runs": {
                "batter": 0,
                "extras": 0,
                "total": 0
              }
            },
            {
              "batter": "Jiang Shuyao",
              "bowler": "Mohamed Iqbal Noor",
              "non_striker": "Lu Cangcang",
              "runs": {
                "batter": 0,
                "extras": 0,
                "total": 0
              }
            }
          ]
        },
        {
          "over": 6,
          "deliveries": [
            {
              "batter": "Lu Cangcang",
              "bowler": "Jabbar Amjad",
              "non_striker": "Jiang Shuyao",
              "runs": {
                "batter": 1,
                "extras": 0,
                "total": 1
              }
            },
            {
              "batter": "Jiang Shuyao",
              "bowler": "Jabbar Amjad",
              "non_striker": "Lu Cangcang",
              "runs": {
                "batter": 0,
                "extras": 0,
                "total": 0
              }
            },
            {
              "batter": "Jiang Shuyao",
              "bowler": "Jabbar Amjad",
              "non_striker": "Lu Cangcang",
              "runs": {
                "batter": 1,
                "extras": 0,
                "total": 1
              }
            },
            {
              "batter": "Lu Cangcang",
              "bowler": "Jabbar Amjad",
              "non_striker": "Jiang Shuyao",
              "runs": {
                "batter": 0,
                "extras": 0,
                "total": 0
              }
            },
            {
              "batter": "Lu Cangcang",
              "bowler": "Jabbar Amjad",
              "non_striker": "Jiang Shuyao",
              "runs": {
                "batter": 0,
                "extras": 0,
                "total": 0
              }
            },
            {
              "batter": "Lu Cangcang",
              "bowler": "Jabbar Amjad",
              "non_striker": "Jiang Shuyao",
              "runs": {
                "batter": 1,
                "extras": 0,
                "total": 1
              }
            }
          ]
        },
        {
          "over": 7,
          "deliveries": [
            {
              "batter": "Lu Cangcang",
              "bowler": "Tahir Dar",
              "non_striker": "Jiang Shuyao",
              "runs": {
                "batter": 0,
                "extras": 0,
                "total": 0
              }
            },
            {
              "batter": "Lu Cangcang",
              "bowler": "Tahir Dar",
              "non_striker": "Jiang Shuyao",
              "runs": {
                "batter": 0,
                "extras": 0,
                "total": 0
              }
            },
            {
              "batter": "Lu Cangcang",
              "bowler": "Tahir Dar",
              "non_striker": "Jiang Shuyao",
              "runs": {
                "batter": 0,
                "extras": 0,
                "total": 0
              }
            },
            {
              "batter": "Lu Cangcang",
              "bowler": "Tahir Dar",
              "non_striker": "Jiang Shuyao",
              "runs": {
                "batter": 0,
                "extras": 0,
                "total": 0
              }
            },
            {
              "batter": "Lu Cangcang",
              "bowler": "Tahir Dar",
              "non_striker": "Jiang Shuyao",
              "runs": {
                "batter": 0,
                "extras": 0,
                "total": 0
              }
            },
            {
              "batter": "Lu Cangcang",
              "bowler": "Tahir Dar",
              "non_striker": "Jiang Shuyao",
              "runs": {
                "batter": 0,
                "extras": 0,
                "total": 0
              }
            }
          ]
        },
        {
          "over": 8,
          "deliveries": [
            {
              "batter": "Jiang Shuyao",
              "bowler": "Babar Ali",
              "non_striker": "Lu Cangcang",
              "runs": {
                "batter": 0,
                "extras": 0,
                "total": 0
              }
            },
            {
              "batter": "Jiang Shuyao",
              "bowler": "Babar Ali",
              "non_striker": "Lu Cangcang",
              "runs": {
                "batter": 0,
                "extras": 0,
                "total": 0
              },
              "wickets": [
                {
                  "player_out": "Jiang Shuyao",
                  "fielders": [
                    {
                      "name": "Tahir Dar"
                    }
                  ],
                  "kind": "caught"
                }
              ]
            },
            {
              "batter": "Zhang Yu Fei",
              "bowler": "Babar Ali",
              "non_striker": "Lu Cangcang",
              "runs": {
                "batter": 0,
                "extras": 0,
                "total": 0
              }
            },
            {
              "batter": "Zhang Yu Fei",
              "bowler": "Babar Ali",
              "non_striker": "Lu Cangcang",
              "runs": {
                "batter": 2,
                "extras": 0,
                "total": 2
              }
            },
            {
              "batter": "Zhang Yu Fei",
              "bowler": "Babar Ali",
              "non_striker": "Lu Cangcang",
              "runs": {
                "batter": 0,
                "extras": 0,
                "total": 0
              }
            },
            {
              "batter": "Zhang Yu Fei",
              "bowler": "Babar Ali",
              "non_striker": "Lu Cangcang",
              "runs": {
                "batter": 0,
                "extras": 0,
                "total": 0
              }
            }
          ]
        },
        {
          "over": 9,
          "deliveries": [
            {
              "batter": "Lu Cangcang",
              "bowler": "Tahir Dar",
              "non_striker": "Zhang Yu Fei",
              "runs": {
                "batter": 0,
                "extras": 0,
                "total": 0
              }
            },
            {
              "batter": "Lu Cangcang",
              "bowler": "Tahir Dar",
              "non_striker": "Zhang Yu Fei",
              "runs": {
                "batter": 2,
                "extras": 0,
                "total": 2
              }
            },
            {
              "batter": "Lu Cangcang",
              "bowler": "Tahir Dar",
              "non_striker": "Zhang Yu Fei",
              "runs": {
                "batter": 0,
                "extras": 0,
                "total": 0
              }
            },
            {
              "batter": "Lu Cangcang",
              "bowler": "Tahir Dar",
              "non_striker": "Zhang Yu Fei",
              "runs": {
                "batter": 0,
                "extras": 0,
                "total": 0
              }
            },
            {
              "batter": "Lu Cangcang",
              "bowler": "Tahir Dar",
              "non_striker": "Zhang Yu Fei",
              "runs": {
                "batter": 1,
                "extras": 0,
                "total": 1
              }
            },
            {
              "batter": "Zhang Yu Fei",
              "bowler": "Tahir Dar",
              "non_striker": "Lu Cangcang",
              "runs": {
                "batter": 0,
                "extras": 0,
                "total": 0
              }
            }
          ]
        },
        {
          "over": 10,
          "deliveries": [
            {
              "batter": "Lu Cangcang",
              "bowler": "Babar Ali",
              "non_striker": "Zhang Yu Fei",
              "runs": {
                "batter": 0,
                "extras": 0,
                "total": 0
              },
              "wickets": [
                {
                  "player_out": "Lu Cangcang",
                  "fielders": [
                    {
                      "name": "Imran Ali Butt"
                    }
                  ],
                  "kind": "caught"
                }
              ]
            },
            {
              "batter": "Ge Yongsheng",
              "bowler": "Babar Ali",
              "non_striker": "Zhang Yu Fei",
              "runs": {
                "batter": 0,
                "extras": 0,
                "total": 0
              }
            },
            {
              "batter": "Ge Yongsheng",
              "bowler": "Babar Ali",
              "non_striker": "Zhang Yu Fei",
              "runs": {
                "batter": 0,
                "extras": 0,
                "total": 0
              }
            },
            {
              "batter": "Ge Yongsheng",
              "bowler": "Babar Ali",
              "non_striker": "Zhang Yu Fei",
              "runs": {
                "batter": 0,
                "extras": 0,
                "total": 0
              }
            },
            {
              "batter": "Ge Yongsheng",
              "bowler": "Babar Ali",
              "non_striker": "Zhang Yu Fei",
              "runs": {
                "batter": 0,
                "extras": 0,
                "total": 0
              }
            },
            {
              "batter": "Ge Yongsheng",
              "bowler": "Babar Ali",
              "non_striker": "Zhang Yu Fei",
              "runs": {
                "batter": 0,
                "extras": 0,
                "total": 0
              }
            }
          ]
        },
        {
          "over": 11,
          "deliveries": [
            {
              "batter": "Zhang Yu Fei",
              "bowler": "Tahir Dar",
              "non_striker": "Ge Yongsheng",
              "runs": {
                "batter": 0,
                "extras": 0,
                "total": 0
              }
            },
            {
              "batter": "Zhang Yu Fei",
              "bowler": "Tahir Dar",
              "non_striker": "Ge Yongsheng",
              "runs": {
                "batter": 0,
                "extras": 0,
                "total": 0
              }
            },
            {
              "batter": "Zhang Yu Fei",
              "bowler": "Tahir Dar",
              "non_striker": "Ge Yongsheng",
              "runs": {
                "batter": 0,
                "extras": 0,
                "total": 0
              }
            },
            {
              "batter": "Zhang Yu Fei",
              "bowler": "Tahir Dar",
              "non_striker": "Ge Yongsheng",
              "runs": {
                "batter": 0,
                "extras": 0,
                "total": 0
              }
            },
            {
              "batter": "Zhang Yu Fei",
              "bowler": "Tahir Dar",
              "non_striker": "Ge Yongsheng",
              "runs": {
                "batter": 0,
                "extras": 0,
                "total": 0
              }
            },
            {
              "batter": "Zhang Yu Fei",
              "bowler": "Tahir Dar",
              "non_striker": "Ge Yongsheng",
              "runs": {
                "batter": 0,
                "extras": 0,
                "total": 0
              }
            }
          ]
        },
        {
          "over": 12,
          "deliveries": [
            {
              "batter": "Ge Yongsheng",
              "bowler": "Babar Ali",
              "non_striker": "Zhang Yu Fei",
              "runs": {
                "batter": 0,
                "extras": 0,
                "total": 0
              }
            },
            {
              "batter": "Ge Yongsheng",
              "bowler": "Babar Ali",
              "non_striker": "Zhang Yu Fei",
              "runs": {
                "batter": 0,
                "extras": 0,
                "total": 0
              }
            },
            {
              "batter": "Ge Yongsheng",
              "bowler": "Babar Ali",
              "non_striker": "Zhang Yu Fei",
              "runs": {
                "batter": 0,
                "extras": 0,
                "total": 0
              }
            },
            {
              "batter": "Ge Yongsheng",
              "bowler": "Babar Ali",
              "non_striker": "Zhang Yu Fei",
              "runs": {
                "batter": 0,
                "extras": 0,
                "total": 0
              }
            },
            {
              "batter": "Ge Yongsheng",
              "bowler": "Babar Ali",
              "non_striker": "Zhang Yu Fei",
              "runs": {
                "batter": 0,
                "extras": 0,
                "total": 0
              }
            },
            {
              "batter": "Ge Yongsheng",
              "bowler": "Babar Ali",
              "non_striker": "Zhang Yu Fei",
              "runs": {
                "batter": 0,
                "extras": 0,
                "total": 0
              }
            }
          ]
        },
        {
          "over": 13,
          "deliveries": [
            {
              "batter": "Zhang Yu Fei",
              "bowler": "Tahir Dar",
              "non_striker": "Ge Yongsheng",
              "runs": {
                "batter": 0,
                "extras": 0,
                "total": 0
              }
            },
            {
              "batter": "Zhang Yu Fei",
              "bowler": "Tahir Dar",
              "non_striker": "Ge Yongsheng",
              "runs": {
                "batter": 0,
                "extras": 0,
                "total": 0
              }
            },
            {
              "batter": "Zhang Yu Fei",
              "bowler": "Tahir Dar",
              "non_striker": "Ge Yongsheng",
              "runs": {
                "batter": 0,
                "extras": 0,
                "total": 0
              }
            },
            {
              "batter": "Zhang Yu Fei",
              "bowler": "Tahir Dar",
              "non_striker": "Ge Yongsheng",
              "runs": {
                "batter": 0,
                "extras": 0,
                "total": 0
              }
            },
            {
              "batter": "Zhang Yu Fei",
              "bowler": "Tahir Dar",
              "non_striker": "Ge Yongsheng",
              "runs": {
                "batter": 0,
                "extras": 0,
                "total": 0
              },
              "wickets": [
                {
                  "player_out": "Zhang Yu Fei",
                  "fielders": [
                    {
                      "name": "Azeem ul Haq"
                    }
                  ],
                  "kind": "caught"
                }
              ]
            },
            {
              "batter": "Zhuang Zelin",
              "bowler": "Tahir Dar",
              "non_striker": "Ge Yongsheng",
              "runs": {
                "batter": 0,
                "extras": 0,
                "total": 0
              }
            }
          ]
        },
        {
          "over": 14,
          "deliveries": [
            {
              "batter": "Ge Yongsheng",
              "bowler": "Babar Ali",
              "non_striker": "Zhuang Zelin",
              "runs": {
                "batter": 1,
                "extras": 0,
                "total": 1
              }
            },
            {
              "batter": "Zhuang Zelin",
              "bowler": "Babar Ali",
              "non_striker": "Ge Yongsheng",
              "runs": {
                "batter": 0,
                "extras": 0,
                "total": 0
              }
            },
            {
              "batter": "Zhuang Zelin",
              "bowler": "Babar Ali",
              "non_striker": "Ge Yongsheng",
              "runs": {
                "batter": 0,
                "extras": 0,
                "total": 0
              }
            },
            {
              "batter": "Zhuang Zelin",
              "bowler": "Babar Ali",
              "non_striker": "Ge Yongsheng",
              "runs": {
                "batter": 1,
                "extras": 0,
                "total": 1
              }
            },
            {
              "batter": "Ge Yongsheng",
              "bowler": "Babar Ali",
              "non_striker": "Zhuang Zelin",
              "runs": {
                "batter": 0,
                "extras": 0,
                "total": 0
              }
            },
            {
              "batter": "Ge Yongsheng",
              "bowler": "Babar Ali",
              "non_striker": "Zhuang Zelin",
              "runs": {
                "batter": 0,
                "extras": 0,
                "total": 0
              }
            }
          ]
        },
        {
          "over": 15,
          "deliveries": [
            {
              "batter": "Zhuang Zelin",
              "bowler": "Tahir Dar",
              "non_striker": "Ge Yongsheng",
              "runs": {
                "batter": 0,
                "extras": 0,
                "total": 0
              }
            },
            {
              "batter": "Zhuang Zelin",
              "bowler": "Tahir Dar",
              "non_striker": "Ge Yongsheng",
              "runs": {
                "batter": 0,
                "extras": 0,
                "total": 0
              }
            },
            {
              "batter": "Zhuang Zelin",
              "bowler": "Tahir Dar",
              "non_striker": "Ge Yongsheng",
              "runs": {
                "batter": 2,
                "extras": 0,
                "total": 2
              }
            },
            {
              "batter": "Zhuang Zelin",
              "bowler": "Tahir Dar",
              "non_striker": "Ge Yongsheng",
              "runs": {
                "batter": 0,
                "extras": 0,
                "total": 0
              }
            },
            {
              "batter": "Zhuang Zelin",
              "bowler": "Tahir Dar",
              "non_striker": "Ge Yongsheng",
              "runs": {
                "batter": 0,
                "extras": 0,
                "total": 0
              },
              "wickets": [
                {
                  "player_out": "Zhuang Zelin",
                  "fielders": [
                    {
                      "name": "Muhammad Rafeh"
                    }
                  ],
                  "kind": "caught"
                }
              ]
            },
            {
              "batter": "Zhang Peng",
              "bowler": "Tahir Dar",
              "non_striker": "Ge Yongsheng",
              "runs": {
                "batter": 0,
                "extras": 0,
                "total": 0
              }
            }
          ]
        },
        {
          "over": 16,
          "deliveries": [
            {
              "batter": "Ge Yongsheng",
              "bowler": "Babar Ali",
              "non_striker": "Zhang Peng",
              "runs": {
                "batter": 1,
                "extras": 0,
                "total": 1
              }
            },
            {
              "batter": "Zhang Peng",
              "bowler": "Babar Ali",
              "non_striker": "Ge Yongsheng",
              "runs": {
                "batter": 0,
                "extras": 0,
                "total": 0
              }
            },
            {
              "batter": "Zhang Peng",
              "bowler": "Babar Ali",
              "non_striker": "Ge Yongsheng",
              "runs": {
                "batter": 0,
                "extras": 0,
                "total": 0
              }
            },
            {
              "batter": "Zhang Peng",
              "bowler": "Babar Ali",
              "non_striker": "Ge Yongsheng",
              "runs": {
                "batter": 0,
                "extras": 0,
                "total": 0
              }
            },
            {
              "batter": "Zhang Peng",
              "bowler": "Babar Ali",
              "non_striker": "Ge Yongsheng",
              "runs": {
                "batter": 0,
                "extras": 0,
                "total": 0
              }
            },
            {
              "batter": "Zhang Peng",
              "bowler": "Babar Ali",
              "non_striker": "Ge Yongsheng",
              "runs": {
                "batter": 0,
                "extras": 0,
                "total": 0
              }
            }
          ]
        },
        {
          "over": 17,
          "deliveries": [
            {
              "batter": "Ge Yongsheng",
              "bowler": "Tahir Dar",
              "non_striker": "Zhang Peng",
              "runs": {
                "batter": 0,
                "extras": 0,
                "total": 0
              }
            },
            {
              "batter": "Ge Yongsheng",
              "bowler": "Tahir Dar",
              "non_striker": "Zhang Peng",
              "runs": {
                "batter": 0,
                "extras": 0,
                "total": 0
              }
            },
            {
              "batter": "Ge Yongsheng",
              "bowler": "Tahir Dar",
              "non_striker": "Zhang Peng",
              "runs": {
                "batter": 0,
                "extras": 0,
                "total": 0
              }
            },
            {
              "batter": "Ge Yongsheng",
              "bowler": "Tahir Dar",
              "non_striker": "Zhang Peng",
              "runs": {
                "batter": 0,
                "extras": 0,
                "total": 0
              }
            },
            {
              "batter": "Ge Yongsheng",
              "bowler": "Tahir Dar",
              "non_striker": "Zhang Peng",
              "runs": {
                "batter": 0,
                "extras": 0,
                "total": 0
              }
            },
            {
              "batter": "Ge Yongsheng",
              "bowler": "Tahir Dar",
              "non_striker": "Zhang Peng",
              "runs": {
                "batter": 0,
                "extras": 0,
                "total": 0
              }
            }
          ]
        },
        {
          "over": 18,
          "deliveries": [
            {
              "batter": "Zhang Peng",
              "bowler": "Babar Ali",
              "non_striker": "Ge Yongsheng",
              "runs": {
                "batter": 0,
                "extras": 0,
                "total": 0
              }
            },
            {
              "batter": "Zhang Peng",
              "bowler": "Babar Ali",
              "non_striker": "Ge Yongsheng",
              "runs": {
                "batter": 0,
                "extras": 0,
                "total": 0
              }
            },
            {
              "batter": "Zhang Peng",
              "bowler": "Babar Ali",
              "non_striker": "Ge Yongsheng",
              "runs": {
                "batter": 0,
                "extras": 0,
                "total": 0
              }
            },
            {
              "batter": "Zhang Peng",
              "bowler": "Babar Ali",
              "non_striker": "Ge Yongsheng",
              "runs": {
                "batter": 0,
                "extras": 0,
                "total": 0
              }
            },
            {
              "batter": "Zhang Peng",
              "bowler": "Babar Ali",
              "non_striker": "Ge Yongsheng",
              "runs": {
                "batter": 0,
                "extras": 0,
                "total": 0
              }
            },
            {
              "batter": "Zhang Peng",
              "bowler": "Babar Ali",
              "non_striker": "Ge Yongsheng",
              "runs": {
                "batter": 1,
                "extras": 0,
                "total": 1
              }
            }
          ]
        },
        {
          "over": 19,
          "deliveries": [
            {
              "batter": "Zhang Peng",
              "bowler": "Tahir Dar",
              "non_striker": "Ge Yongsheng",
              "runs": {
                "batter": 0,
                "extras": 0,
                "total": 0
              }
            },
            {
              "batter": "Zhang Peng",
              "bowler": "Tahir Dar",
              "non_striker": "Ge Yongsheng",
              "runs": {
                "batter": 0,
                "extras": 0,
                "total": 0
              }
            },
            {
              "batter": "Zhang Peng",
              "bowler": "Tahir Dar",
              "non_striker": "Ge Yongsheng",
              "runs": {
                "batter": 0,
                "extras": 0,
                "total": 0
              }
            },
            {
              "batter": "Zhang Peng",
              "bowler": "Tahir Dar",
              "non_striker": "Ge Yongsheng",
              "runs": {
                "batter": 0,
                "extras": 0,
                "total": 0
              }
            },
            {
              "batter": "Zhang Peng",
              "bowler": "Tahir Dar",
              "non_striker": "Ge Yongsheng",
              "runs": {
                "batter": 0,
                "extras": 0,
                "total": 0
              }
            },
            {
              "batter": "Zhang Peng",
              "bowler": "Tahir Dar",
              "non_striker": "Ge Yongsheng",
              "runs": {
                "batter": 0,
                "extras": 0,
                "total": 0
              }
            }
          ]
        },
        {
          "over": 20,
          "deliveries": [
            {
              "batter": "Ge Yongsheng",
              "bowler": "Babar Ali",
              "non_striker": "Zhang Peng",
              "runs": {
                "batter": 0,
                "extras": 0,
                "total": 0
              }
            },
            {
              "batter": "Ge Yongsheng",
              "bowler": "Babar Ali",
              "non_striker": "Zhang Peng",
              "runs": {
                "batter": 0,
                "extras": 0,
                "total": 0
              }
            },
            {
              "batter": "Ge Yongsheng",
              "bowler": "Babar Ali",
              "non_striker": "Zhang Peng",
              "runs": {
                "batter": 1,
                "extras": 0,
                "total": 1
              }
            },
            {
              "batter": "Zhang Peng",
              "bowler": "Babar Ali",
              "non_striker": "Ge Yongsheng",
              "runs": {
                "batter": 2,
                "extras": 0,
                "total": 2
              }
            },
            {
              "batter": "Zhang Peng",
              "bowler": "Babar Ali",
              "non_striker": "Ge Yongsheng",
              "runs": {
                "batter": 0,
                "extras": 0,
                "total": 0
              }
            },
            {
              "batter": "Zhang Peng",
              "bowler": "Babar Ali",
              "non_striker": "Ge Yongsheng",
              "runs": {
                "batter": 0,
                "extras": 0,
                "total": 0
              }
            }
          ]
        },
        {
          "over": 21,
          "deliveries": [
            {
              "batter": "Ge Yongsheng",
              "bowler": "Tahir Dar",
              "non_striker": "Zhang Peng",
              "runs": {
                "batter": 0,
                "extras": 0,
                "total": 0
              }
            },
            {
              "batter": "Ge Yongsheng",
              "bowler": "Tahir Dar",
              "non_striker": "Zhang Peng",
              "runs": {
                "batter": 1,
                "extras": 0,
                "total": 1
              }
            },
            {
              "batter": "Zhang Peng",
              "bowler": "Tahir Dar",
              "non_striker": "Ge Yongsheng",
              "runs": {
                "batter": 1,
                "extras": 0,
                "total": 1
              }
            },
            {
              "batter": "Ge Yongsheng",
              "bowler": "Tahir Dar",
              "non_striker": "Zhang Peng",
              "runs": {
                "batter": 0,
                "extras": 0,
                "total": 0
              }
            },
            {
              "batter": "Ge Yongsheng",
              "bowler": "Tahir Dar",
              "non_striker": "Zhang Peng",
              "runs": {
                "batter": 1,
                "extras": 0,
                "total": 1
              }
            },
            {
              "batter": "Zhang Peng",
              "bowler": "Tahir Dar",
              "non_striker": "Ge Yongsheng",
              "runs": {
                "batter": 0,
                "extras": 0,
                "total": 0
              }
            }
          ]
        },
        {
          "over": 22,
          "deliveries": [
            {
              "batter": "Ge Yongsheng",
              "bowler": "Babar Ali",
              "non_striker": "Zhang Peng",
              "runs": {
                "batter": 0,
                "extras": 0,
                "total": 0
              }
            },
            {
              "batter": "Ge Yongsheng",
              "bowler": "Babar Ali",
              "non_striker": "Zhang Peng",
              "runs": {
                "batter": 0,
                "extras": 0,
                "total": 0
              }
            },
            {
              "batter": "Ge Yongsheng",
              "bowler": "Babar Ali",
              "non_striker": "Zhang Peng",
              "runs": {
                "batter": 0,
                "extras": 0,
                "total": 0
              }
            },
            {
              "batter": "Ge Yongsheng",
              "bowler": "Babar Ali",
              "extras": {
                "noballs": 1
              },
              "non_striker": "Zhang Peng",
              "runs": {
                "batter": 0,
                "extras": 1,
                "total": 1
              }
            },
            {
              "batter": "Ge Yongsheng",
              "bowler": "Babar Ali",
              "non_striker": "Zhang Peng",
              "runs": {
                "batter": 1,
                "extras": 0,
                "total": 1
              }
            },
            {
              "batter": "Zhang Peng",
              "bowler": "Babar Ali",
              "non_striker": "Ge Yongsheng",
              "runs": {
                "batter": 0,
                "extras": 0,
                "total": 0
              }
            },
            {
              "batter": "Zhang Peng",
              "bowler": "Babar Ali",
              "non_striker": "Ge Yongsheng",
              "runs": {
                "batter": 0,
                "extras": 0,
                "total": 0
              }
            }
          ]
        },
        {
          "over": 23,
          "deliveries": [
            {
              "batter": "Ge Yongsheng",
              "bowler": "Junaid Aziz",
              "extras": {
                "wides": 1
              },
              "non_striker": "Zhang Peng",
              "runs": {
                "batter": 0,
                "extras": 1,
                "total": 1
              }
            },
            {
              "batter": "Ge Yongsheng",
              "bowler": "Junaid Aziz",
              "non_striker": "Zhang Peng",
              "runs": {
                "batter": 0,
                "extras": 0,
                "total": 0
              }
            },
            {
              "batter": "Ge Yongsheng",
              "bowler": "Junaid Aziz",
              "non_striker": "Zhang Peng",
              "runs": {
                "batter": 0,
                "extras": 0,
                "total": 0
              }
            },
            {
              "batter": "Ge Yongsheng",
              "bowler": "Junaid Aziz",
              "non_striker": "Zhang Peng",
              "runs": {
                "batter": 0,
                "extras": 0,
                "total": 0
              }
            },
            {
              "batter": "Ge Yongsheng",
              "bowler": "Junaid Aziz",
              "non_striker": "Zhang Peng",
              "runs": {
                "batter": 0,
                "extras": 0,
                "total": 0
              }
            },
            {
              "batter": "Ge Yongsheng",
              "bowler": "Junaid Aziz",
              "extras": {
                "wides": 1
              },
              "non_striker": "Zhang Peng",
              "runs": {
                "batter": 0,
                "extras": 1,
                "total": 1
              }
            },
            {
              "batter": "Ge Yongsheng",
              "bowler": "Junaid Aziz",
              "non_striker": "Zhang Peng",
              "runs": {
                "batter": 0,
                "extras": 0,
                "total": 0
              },
              "wickets": [
                {
                  "player_out": "Ge Yongsheng",
                  "kind": "bowled"
                }
              ]
            },
            {
              "batter": "Yan HuaWen",
              "bowler": "Junaid Aziz",
              "non_striker": "Zhang Peng",
              "runs": {
                "batter": 0,
                "extras": 0,
                "total": 0
              }
            }
          ]
        },
        {
          "over": 24,
          "deliveries": [
            {
              "batter": "Zhang Peng",
              "bowler": "GSPR Arachchige",
              "non_striker": "Yan HuaWen",
              "runs": {
                "batter": 0,
                "extras": 0,
                "total": 0
              }
            },
            {
              "batter": "Zhang Peng",
              "bowler": "GSPR Arachchige",
              "non_striker": "Yan HuaWen",
              "runs": {
                "batter": 2,
                "extras": 0,
                "total": 2
              }
            },
            {
              "batter": "Zhang Peng",
              "bowler": "GSPR Arachchige",
              "non_striker": "Yan HuaWen",
              "runs": {
                "batter": 1,
                "extras": 0,
                "total": 1
              }
            },
            {
              "batter": "Yan HuaWen",
              "bowler": "GSPR Arachchige",
              "non_striker": "Zhang Peng",
              "runs": {
                "batter": 0,
                "extras": 0,
                "total": 0
              }
            },
            {
              "batter": "Yan HuaWen",
              "bowler": "GSPR Arachchige",
              "non_striker": "Zhang Peng",
              "runs": {
                "batter": 0,
                "extras": 0,
                "total": 0
              }
            },
            {
              "batter": "Yan HuaWen",
              "bowler": "GSPR Arachchige",
              "non_striker": "Zhang Peng",
              "runs": {
                "batter": 0,
                "extras": 0,
                "total": 0
              }
            }
          ]
        },
        {
          "over": 25,
          "deliveries": [
            {
              "batter": "Zhang Peng",
              "bowler": "Junaid Aziz",
              "non_striker": "Yan HuaWen",
              "runs": {
                "batter": 2,
                "extras": 0,
                "total": 2
              }
            },
            {
              "batter": "Zhang Peng",
              "bowler": "Junaid Aziz",
              "non_striker": "Yan HuaWen",
              "runs": {
                "batter": 0,
                "extras": 0,
                "total": 0
              }
            },
            {
              "batter": "Zhang Peng",
              "bowler": "Junaid Aziz",
              "non_striker": "Yan HuaWen",
              "runs": {
                "batter": 0,
                "extras": 0,
                "total": 0
              }
            },
            {
              "batter": "Zhang Peng",
              "bowler": "Junaid Aziz",
              "non_striker": "Yan HuaWen",
              "runs": {
                "batter": 0,
                "extras": 0,
                "total": 0
              }
            },
            {
              "batter": "Zhang Peng",
              "bowler": "Junaid Aziz",
              "non_striker": "Yan HuaWen",
              "runs": {
                "batter": 0,
                "extras": 0,
                "total": 0
              }
            },
            {
              "batter": "Zhang Peng",
              "bowler": "Junaid Aziz",
              "non_striker": "Yan HuaWen",
              "runs": {
                "batter": 1,
                "extras": 0,
                "total": 1
              }
            }
          ]
        },
        {
          "over": 26,
          "deliveries": [
            {
              "batter": "Zhang Peng",
              "bowler": "GSPR Arachchige",
              "non_striker": "Yan HuaWen",
              "runs": {
                "batter": 0,
                "extras": 0,
                "total": 0
              }
            },
            {
              "batter": "Zhang Peng",
              "bowler": "GSPR Arachchige",
              "non_striker": "Yan HuaWen",
              "runs": {
                "batter": 0,
                "extras": 0,
                "total": 0
              }
            },
            {
              "batter": "Zhang Peng",
              "bowler": "GSPR Arachchige",
              "non_striker": "Yan HuaWen",
              "runs": {
                "batter": 0,
                "extras": 0,
                "total": 0
              }
            },
            {
              "batter": "Zhang Peng",
              "bowler": "GSPR Arachchige",
              "non_striker": "Yan HuaWen",
              "runs": {
                "batter": 0,
                "extras": 0,
                "total": 0
              },
              "wickets": [
                {
                  "player_out": "Zhang Peng",
                  "kind": "bowled"
                }
              ]
            },
            {
              "batter": "Feng Yu",
              "bowler": "GSPR Arachchige",
              "non_striker": "Yan HuaWen",
              "runs": {
                "batter": 0,
                "extras": 0,
                "total": 0
              }
            },
            {
              "batter": "Feng Yu",
              "bowler": "GSPR Arachchige",
              "non_striker": "Yan HuaWen",
              "runs": {
                "batter": 4,
                "extras": 0,
                "total": 4
              }
            }
          ]
        },
        {
          "over": 27,
          "deliveries": [
            {
              "batter": "Yan HuaWen",
              "bowler": "Junaid Aziz",
              "non_striker": "Feng Yu",
              "runs": {
                "batter": 0,
                "extras": 0,
                "total": 0
              }
            },
            {
              "batter": "Yan HuaWen",
              "bowler": "Junaid Aziz",
              "non_striker": "Feng Yu",
              "runs": {
                "batter": 0,
                "extras": 0,
                "total": 0
              }
            },
            {
              "batter": "Yan HuaWen",
              "bowler": "Junaid Aziz",
              "non_striker": "Feng Yu",
              "runs": {
                "batter": 0,
                "extras": 0,
                "total": 0
              }
            },
            {
              "batter": "Yan HuaWen",
              "bowler": "Junaid Aziz",
              "extras": {
                "wides": 1
              },
              "non_striker": "Feng Yu",
              "runs": {
                "batter": 0,
                "extras": 1,
                "total": 1
              }
            },
            {
              "batter": "Yan HuaWen",
              "bowler": "Junaid Aziz",
              "non_striker": "Feng Yu",
              "runs": {
                "batter": 2,
                "extras": 0,
                "total": 2
              }
            },
            {
              "batter": "Yan HuaWen",
              "bowler": "Junaid Aziz",
              "non_striker": "Feng Yu",
              "runs": {
                "batter": 0,
                "extras": 0,
                "total": 0
              }
            },
            {
              "batter": "Yan HuaWen",
              "bowler": "Junaid Aziz",
              "non_striker": "Feng Yu",
              "runs": {
                "batter": 0,
                "extras": 0,
                "total": 0
              }
            }
          ]
        },
        {
          "over": 28,
          "deliveries": [
            {
              "batter": "Feng Yu",
              "bowler": "GSPR Arachchige",
              "non_striker": "Yan HuaWen",
              "runs": {
                "batter": 0,
                "extras": 0,
                "total": 0
              }
            },
            {
              "batter": "Feng Yu",
              "bowler": "GSPR Arachchige",
              "non_striker": "Yan HuaWen",
              "runs": {
                "batter": 0,
                "extras": 0,
                "total": 0
              },
              "wickets": [
                {
                  "player_out": "Feng Yu",
                  "kind": "bowled"
                }
              ]
            },
            {
              "batter": "Ke Tiansheng",
              "bowler": "GSPR Arachchige",
              "non_striker": "Yan HuaWen",
              "runs": {
                "batter": 0,
                "extras": 0,
                "total": 0
              },
              "wickets": [
                {
                  "player_out": "Ke Tiansheng",
                  "fielders": [
                    {
                      "name": "Babar Ali"
                    }
                  ],
                  "kind": "caught"
                }
              ]
            },
            {
              "batter": "Wang Zihao",
              "bowler": "GSPR Arachchige",
              "non_striker": "Yan HuaWen",
              "runs": {
                "batter": 0,
                "extras": 0,
                "total": 0
              }
            },
            {
              "batter": "Wang Zihao",
              "bowler": "GSPR Arachchige",
              "non_striker": "Yan HuaWen",
              "runs": {
                "batter": 0,
                "extras": 0,
                "total": 0
              }
            },
            {
              "batter": "Wang Zihao",
              "bowler": "GSPR Arachchige",
              "non_striker": "Yan HuaWen",
              "runs": {
                "batter": 0,
                "extras": 0,
                "total": 0
              }
            }
          ]
        },
        {
          "over": 29,
          "deliveries": [
            {
              "batter": "Yan HuaWen",
              "bowler": "Junaid Aziz",
              "non_striker": "Wang Zihao",
              "runs": {
                "batter": 0,
                "extras": 0,
                "total": 0
              }
            },
            {
              "batter": "Yan HuaWen",
              "bowler": "Junaid Aziz",
              "non_striker": "Wang Zihao",
              "runs": {
                "batter": 4,
                "extras": 0,
                "total": 4
              }
            },
            {
              "batter": "Yan HuaWen",
              "bowler": "Junaid Aziz",
              "non_striker": "Wang Zihao",
              "runs": {
                "batter": 0,
                "extras": 0,
                "total": 0
              }
            },
            {
              "batter": "Yan HuaWen",
              "bowler": "Junaid Aziz",
              "non_striker": "Wang Zihao",
              "runs": {
                "batter": 1,
                "extras": 0,
                "total": 1
              }
            },
            {
              "batter": "Wang Zihao",
              "bowler": "Junaid Aziz",
              "non_striker": "Yan HuaWen",
              "runs": {
                "batter": 0,
                "extras": 0,
                "total": 0
              },
              "wickets": [
                {
                  "player_out": "Wang Zihao",
                  "fielders": [
                    {
                      "name": "Tahir Dar"
                    }
                  ],
                  "kind": "caught"
                }
              ]
            },
            {
              "batter": "Jin Yonghao",
              "bowler": "Junaid Aziz",
              "non_striker": "Yan HuaWen",
              "runs": {
                "batter": 2,
                "extras": 0,
                "total": 2
              }
            }
          ]
        },
        {
          "over": 30,
          "deliveries": [
            {
              "batter": "Yan HuaWen",
              "bowler": "GSPR Arachchige",
              "non_striker": "Jin Yonghao",
              "runs": {
                "batter": 0,
                "extras": 0,
                "total": 0
              }
            },
            {
              "batter": "Yan HuaWen",
              "bowler": "GSPR Arachchige",
              "non_striker": "Jin Yonghao",
              "runs": {
                "batter": 0,
                "extras": 0,
                "total": 0
              }
            },
            {
              "batter": "Yan HuaWen",
              "bowler": "GSPR Arachchige",
              "non_striker": "Jin Yonghao",
              "runs": {
                "batter": 0,
                "extras": 0,
                "total": 0
              }
            },
            {
              "batter": "Yan HuaWen",
              "bowler": "GSPR Arachchige",
              "non_striker": "Jin Yonghao",
              "runs": {
                "batter": 0,
                "extras": 0,
                "total": 0
              }
            },
            {
              "batter": "Yan HuaWen",
              "bowler": "GSPR Arachchige",
              "non_striker": "Jin Yonghao",
              "runs": {
                "batter": 0,
                "extras": 0,
                "total": 0
              }
            },
            {
              "batter": "Yan HuaWen",
              "bowler": "GSPR Arachchige",
              "non_striker": "Jin Yonghao",
              "runs": {
                "batter": 0,
                "extras": 0,
                "total": 0
              }
            }
          ]
        },
        {
          "over": 31,
          "deliveries": [
            {
              "batter": "Jin Yonghao",
              "bowler": "Junaid Aziz",
              "non_striker": "Yan HuaWen",
              "runs": {
                "batter": 0,
                "extras": 0,
                "total": 0
              }
            },
            {
              "batter": "Jin Yonghao",
              "bowler": "Junaid Aziz",
              "non_striker": "Yan HuaWen",
              "runs": {
                "batter": 1,
                "extras": 0,
                "total": 1
              }
            },
            {
              "batter": "Yan HuaWen",
              "bowler": "Junaid Aziz",
              "non_striker": "Jin Yonghao",
              "runs": {
                "batter": 0,
                "extras": 0,
                "total": 0
              }
            },
            {
              "batter": "Yan HuaWen",
              "bowler": "Junaid Aziz",
              "non_striker": "Jin Yonghao",
              "runs": {
                "batter": 3,
                "extras": 0,
                "total": 3
              }
            },
            {
              "batter": "Jin Yonghao",
              "bowler": "Junaid Aziz",
              "non_striker": "Yan HuaWen",
              "runs": {
                "batter": 0,
                "extras": 0,
                "total": 0
              }
            },
            {
              "batter": "Jin Yonghao",
              "bowler": "Junaid Aziz",
              "non_striker": "Yan HuaWen",
              "runs": {
                "batter": 0,
                "extras": 0,
                "total": 0
              }
            }
          ]
        },
        {
          "over": 32,
          "deliveries": [
            {
              "batter": "Yan HuaWen",
              "bowler": "GSPR Arachchige",
              "non_striker": "Jin Yonghao",
              "runs": {
                "batter": 0,
                "extras": 0,
                "total": 0
              },
              "wickets": [
                {
                  "player_out": "Yan HuaWen",
                  "kind": "bowled"
                }
              ]
            }
          ]
        }
      ],
      "powerplays": [
        {
          "from": 0.1,
          "to": 9.6,
          "type": "mandatory"
        },
        {
          "from": 10.1,
          "to": 32.1,
          "type": "mandatory"
        }
      ]
    },
    {
      "team": "Bahrain",
      "overs": [
        {
          "over": 0,
          "deliveries": [
            {
              "batter": "Imran Ali Butt",
              "bowler": "Feng Yu",
              "non_striker": "J Chaturanga",
              "runs": {
                "batter": 0,
                "extras": 0,
                "total": 0
              }
            },
            {
              "batter": "Imran Ali Butt",
              "bowler": "Feng Yu",
              "non_striker": "J Chaturanga",
              "runs": {
                "batter": 1,
                "extras": 0,
                "total": 1
              }
            },
            {
              "batter": "J Chaturanga",
              "bowler": "Feng Yu",
              "extras": {
                "wides": 1
              },
              "non_striker": "Imran Ali Butt",
              "runs": {
                "batter": 0,
                "extras": 1,
                "total": 1
              }
            },
            {
              "batter": "J Chaturanga",
              "bowler": "Feng Yu",
              "non_striker": "Imran Ali Butt",
              "runs": {
                "batter": 1,
                "extras": 0,
                "total": 1
              }
            },
            {
              "batter": "Imran Ali Butt",
              "bowler": "Feng Yu",
              "non_striker": "J Chaturanga",
              "runs": {
                "batter": 0,
                "extras": 0,
                "total": 0
              }
            },
            {
              "batter": "Imran Ali Butt",
              "bowler": "Feng Yu",
              "non_striker": "J Chaturanga",
              "runs": {
                "batter": 0,
                "extras": 0,
                "total": 0
              }
            },
            {
              "batter": "Imran Ali Butt",
              "bowler": "Feng Yu",
              "non_striker": "J Chaturanga",
              "runs": {
                "batter": 0,
                "extras": 0,
                "total": 0
              }
            }
          ]
        },
        {
          "over": 1,
          "deliveries": [
            {
              "batter": "J Chaturanga",
              "bowler": "Zhang Peng",
              "non_striker": "Imran Ali Butt",
              "runs": {
                "batter": 0,
                "extras": 0,
                "total": 0
              }
            },
            {
              "batter": "J Chaturanga",
              "bowler": "Zhang Peng",
              "non_striker": "Imran Ali Butt",
              "runs": {
                "batter": 6,
                "extras": 0,
                "total": 6
              }
            },
            {
              "batter": "J Chaturanga",
              "bowler": "Zhang Peng",
              "non_striker": "Imran Ali Butt",
              "runs": {
                "batter": 0,
                "extras": 0,
                "total": 0
              }
            },
            {
              "batter": "J Chaturanga",
              "bowler": "Zhang Peng",
              "non_striker": "Imran Ali Butt",
              "runs": {
                "batter": 4,
                "extras": 0,
                "total": 4
              }
            },
            {
              "batter": "J Chaturanga",
              "bowler": "Zhang Peng",
              "non_striker": "Imran Ali Butt",
              "runs": {
                "batter": 0,
                "extras": 0,
                "total": 0
              }
            },
            {
              "batter": "J Chaturanga",
              "bowler": "Zhang Peng",
              "non_striker": "Imran Ali Butt",
              "runs": {
                "batter": 6,
                "extras": 0,
                "total": 6
              }
            }
          ]
        },
        {
          "over": 2,
          "deliveries": [
            {
              "batter": "Imran Ali Butt",
              "bowler": "Feng Yu",
              "non_striker": "J Chaturanga",
              "runs": {
                "batter": 4,
                "extras": 0,
                "total": 4
              }
            },
            {
              "batter": "Imran Ali Butt",
              "bowler": "Feng Yu",
              "non_striker": "J Chaturanga",
              "runs": {
                "batter": 1,
                "extras": 0,
                "total": 1
              }
            },
            {
              "batter": "J Chaturanga",
              "bowler": "Feng Yu",
              "non_striker": "Imran Ali Butt",
              "runs": {
                "batter": 6,
                "extras": 0,
                "total": 6
              }
            },
            {
              "batter": "J Chaturanga",
              "bowler": "Feng Yu",
              "non_striker": "Imran Ali Butt",
              "runs": {
                "batter": 2,
                "extras": 0,
                "total": 2
              }
            },
            {
              "batter": "J Chaturanga",
              "bowler": "Feng Yu",
              "non_striker": "Imran Ali Butt",
              "runs": {
                "batter": 1,
                "extras": 0,
                "total": 1
              }
            },
            {
              "batter": "Imran Ali Butt",
              "bowler": "Feng Yu",
              "extras": {
                "wides": 1
              },
              "non_striker": "J Chaturanga",
              "runs": {
                "batter": 0,
                "extras": 1,
                "total": 1
              }
            },
            {
              "batter": "Imran Ali Butt",
              "bowler": "Feng Yu",
              "non_striker": "J Chaturanga",
              "runs": {
                "batter": 0,
                "extras": 0,
                "total": 0
              }
            }
          ]
        },
        {
          "over": 3,
          "deliveries": [
            {
              "batter": "J Chaturanga",
              "bowler": "Zhang Peng",
              "non_striker": "Imran Ali Butt",
              "runs": {
                "batter": 0,
                "extras": 0,
                "total": 0
              }
            },
            {
              "batter": "J Chaturanga",
              "bowler": "Zhang Peng",
              "non_striker": "Imran Ali Butt",
              "runs": {
                "batter": 0,
                "extras": 0,
                "total": 0
              },
              "wickets": [
                {
                  "player_out": "J Chaturanga",
                  "kind": "bowled"
                }
              ]
            },
            {
              "batter": "Mohammed Sameer",
              "bowler": "Zhang Peng",
              "non_striker": "Imran Ali Butt",
              "runs": {
                "batter": 4,
                "extras": 0,
                "total": 4
              }
            },
            {
              "batter": "Mohammed Sameer",
              "bowler": "Zhang Peng",
              "non_striker": "Imran Ali Butt",
              "runs": {
                "batter": 0,
                "extras": 0,
                "total": 0
              }
            },
            {
              "batter": "Mohammed Sameer",
              "bowler": "Zhang Peng",
              "non_striker": "Imran Ali Butt",
              "runs": {
                "batter": 1,
                "extras": 0,
                "total": 1
              }
            },
            {
              "batter": "Imran Ali Butt",
              "bowler": "Zhang Peng",
              "non_striker": "Mohammed Sameer",
              "runs": {
                "batter": 4,
                "extras": 0,
                "total": 4
              }
            }
          ]
        },
        {
          "over": 4,
          "deliveries": [
            {
              "batter": "Mohammed Sameer",
              "bowler": "Ge Yongsheng",
              "non_striker": "Imran Ali Butt",
              "runs": {
                "batter": 0,
                "extras": 0,
                "total": 0
              }
            },
            {
              "batter": "Mohammed Sameer",
              "bowler": "Ge Yongsheng",
              "non_striker": "Imran Ali Butt",
              "runs": {
                "batter": 4,
                "extras": 0,
                "total": 4
              }
            },
            {
              "batter": "Mohammed Sameer",
              "bowler": "Ge Yongsheng",
              "non_striker": "Imran Ali Butt",
              "runs": {
                "batter": 0,
                "extras": 0,
                "total": 0
              }
            },
            {
              "batter": "Mohammed Sameer",
              "bowler": "Ge Yongsheng",
              "non_striker": "Imran Ali Butt",
              "runs": {
                "batter": 6,
                "extras": 0,
                "total": 6
              }
            },
            {
              "batter": "Mohammed Sameer",
              "bowler": "Ge Yongsheng",
              "non_striker": "Imran Ali Butt",
              "runs": {
                "batter": 1,
                "extras": 0,
                "total": 1
              }
            },
            {
              "batter": "Imran Ali Butt",
              "bowler": "Ge Yongsheng",
              "non_striker": "Mohammed Sameer",
              "runs": {
                "batter": 4,
                "extras": 0,
                "total": 4
              }
            }
          ]
        },
        {
          "over": 5,
          "deliveries": [
            {
              "batter": "Mohammed Sameer",
              "bowler": "Zhang Yu Fei",
              "non_striker": "Imran Ali Butt",
              "runs": {
                "batter": 0,
                "extras": 0,
                "total": 0
              }
            },
            {
              "batter": "Mohammed Sameer",
              "bowler": "Zhang Yu Fei",
              "non_striker": "Imran Ali Butt",
              "runs": {
                "batter": 4,
                "extras": 0,
                "total": 4
              }
            },
            {
              "batter": "Mohammed Sameer",
              "bowler": "Zhang Yu Fei",
              "non_striker": "Imran Ali Butt",
              "runs": {
                "batter": 0,
                "extras": 0,
                "total": 0
              }
            },
            {
              "batter": "Mohammed Sameer",
              "bowler": "Zhang Yu Fei",
              "non_striker": "Imran Ali Butt",
              "runs": {
                "batter": 2,
                "extras": 0,
                "total": 2
              }
            },
            {
              "batter": "Mohammed Sameer",
              "bowler": "Zhang Yu Fei",
              "non_striker": "Imran Ali Butt",
              "runs": {
                "batter": 1,
                "extras": 0,
                "total": 1
              }
            },
            {
              "batter": "Imran Ali Butt",
              "bowler": "Zhang Yu Fei",
              "extras": {
                "legbyes": 1
              },
              "non_striker": "Mohammed Sameer",
              "runs": {
                "batter": 0,
                "extras": 1,
                "total": 1
              }
            }
          ]
        }
      ],
      "powerplays": [
        {
          "from": 0.1,
          "to": 5.6,
          "type": "mandatory"
        }
      ],
      "target": {
        "overs": 50,
        "runs": 66
      }
    }
  ]
}