{
  "meta": {
    "data_version": "1.0.0",
    "created": "2020-10-25",
    "revision": 1
  },
  "info": {
    "balls_per_over": 6,
    "city": "Chiang Mai",
    "dates": [
      "2017-04-29"
    ],
    "event": {
      "name": "ICC World Cricket League Asia Region Division One",
      "match_number": 17
    },
    "gender": "male",
    "match_type": "ODM",
    "officials": {
      "match_referees": [
        "DT Jukes"
      ],
      "reserve_umpires": [
        "Tabarak Dar"
      ],
      "umpires": [
        "Sharfuddoula",
        "Rahul Asher"
      ]
    },
    "outcome": {
      "winner": "Kuwait",
      "by": {
        "runs": 75
      }
    },
    "overs": 50,
    "player_of_match": [
      "Abdullah Ghulam"
    ],
    "players": {
      "Kuwait": [
        "Aamir Javed",
        "Mohammed Asghar",
        "Muhammad Kashif",
        "Mohammad Amin",
        "Ali Zaheer",
        "Adnan Idrees",
        "Mohammed Ghulam",
        "Imran Ali",
        "Bastaki Fahad",
        "Abdullah Ghulam",
        "Haroon Shahid"
      ],
      "Bhutan": [
        "Kumar Subba",
        "R Pradhan",
        "Tenzin Wangchuk jnr",
        "S Tobgay",
        "S Pradhan",
        "T Jamtsho",
        "DS Gurung",
        "K Norbu",
        "T Wangchuk",
        "T Singye",
        "K Ghalley"
      ]
    },
    "registry": {
      "people": {
        "Aamir Javed": "66f9ecc2",
        "Abdullah Ghulam": "7d42816e",
        "Adnan Idrees": "0e34c23a",
        "Ali Zaheer": "04ed04d2",
        "Bastaki Fahad": "d21dce57",
        "DS Gurung": "72a7dcb5",
        "DT Jukes": "7c215d14",
        "Haroon Shahid": "cc3ebe28",
        "Imran Ali": "dba4f593",
        "K Ghalley": "55d07946",
        "K Norbu": "5a18b2f0",
        "Kumar Subba": "1975849e",
        "Mohammad Amin": "01b45044",
        "Mohammed Asghar": "eeb035e2",
        "Mohammed Ghulam": "b5bb575c",
        "Muhammad Kashif": "e7458e4b",
        "R Pradhan": "c0b177fd",
        "Rahul Asher": "4956b0bf",
        "S Pradhan": "04f0d409",
        "S Tobgay": "d7f1fe76",
        "Sharfuddoula": "63896abb",
        "T Jamtsho": "c01d1c0a",
        "T Singye": "e454c356",
        "T Wangchuk": "39799e49",
        "Tabarak Dar": "2259c12d",
        "Tenzin Wangchuk jnr": "286fab38"
      }
    },
    "season": "2017",
    "team_type": "international",
    "teams": [
      "Kuwait",
      "Bhutan"
    ],
    "toss": {
      "decision": "field",
      "winner": "Bhutan"
    },
    "venue": "Gymkhana Club"
  },
  "innings": [
    {
      "team": "Kuwait",
      "overs": [
        {
          "over": 0,
          "deliveries": [
            {
              "batter": "Aamir Javed",
              "bowler": "T Jamtsho",
              "extras": {
                "wides": 1
              },
              "non_striker": "Mohammed Asghar",
              "runs": {
                "batter": 0,
                "extras": 1,
                "total": 1
              }
            },
            {
              "batter": "Aamir Javed",
              "bowler": "T Jamtsho",
              "non_striker": "Mohammed Asghar",
              "runs": {
                "batter": 0,
                "extras": 0,
                "total": 0
              }
            },
            {
              "batter": "Aamir Javed",
              "bowler": "T Jamtsho",
              "extras": {
                "wides": 1
              },
              "non_striker": "Mohammed Asghar",
              "runs": {
                "batter": 0,
                "extras": 1,
                "total": 1
              }
            },
            {
              "batter": "Aamir Javed",
              "bowler": "T Jamtsho",
              "non_striker": "Mohammed Asghar",
              "runs": {
                "batter": 0,
                "extras": 0,
                "total": 0
              }
            },
            {
              "batter": "Aamir Javed",
              "bowler": "T Jamtsho",
              "non_striker": "Mohammed Asghar",
              "runs": {
                "batter": 6,
                "extras": 0,
                "total": 6
              }
            },
            {
              "batter": "Aamir Javed",
              "bowler": "T Jamtsho",
              "non_striker": "Mohammed Asghar",
              "runs": {
                "batter": 0,
                "extras": 0,
                "total": 0
              }
            },
            {
              "batter": "Aamir Javed",
              "bowler": "T Jamtsho",
              "non_striker": "Mohammed Asghar",
              "runs": {
                "batter": 0,
                "extras": 0,
                "total": 0
              }
            },
            {
              "batter": "Aamir Javed",
              "bowler": "T Jamtsho",
              "non_striker": "Mohammed Asghar",
              "runs": {
                "batter": 0,
                "extras": 0,
                "total": 0
              }
            }
          ]
        },
        {
          "over": 1,
          "deliveries": [
            {
              "batter": "Mohammed Asghar",
              "bowler": "T Wangchuk",
              "non_striker": "Aamir Javed",
              "runs": {
                "batter": 0,
                "extras": 0,
                "total": 0
              },
              "wickets": [
                {
                  "player_out": "Mohammed Asghar",
                  "kind": "lbw"
                }
              ]
            },
            {
              "batter": "Muhammad Kashif",
              "bowler": "T Wangchuk",
              "non_striker": "Aamir Javed",
              "runs": {
                "batter": 0,
                "extras": 0,
                "total": 0
              }
            },
            {
              "batter": "Muhammad Kashif",
              "bowler": "T Wangchuk",
              "non_striker": "Aamir Javed",
              "runs": {
                "batter": 0,
                "extras": 0,
                "total": 0
              }
            },
            {
              "batter": "Muhammad Kashif",
              "bowler": "T Wangchuk",
              "non_striker": "Aamir Javed",
              "runs": {
                "batter": 0,
                "extras": 0,
                "total": 0
              }
            },
            {
              "batter": "Muhammad Kashif",
              "bowler": "T Wangchuk",
              "non_striker": "Aamir Javed",
              "runs": {
                "batter": 1,
                "extras": 0,
                "total": 1
              }
            },
            {
              "batter": "Aamir Javed",
              "bowler": "T Wangchuk",
              "non_striker": "Muhammad Kashif",
              "runs": {
                "batter": 1,
                "extras": 0,
                "total": 1
              }
            }
          ]
        },
        {
          "over": 2,
          "deliveries": [
            {
              "batter": "Aamir Javed",
              "bowler": "T Jamtsho",
              "extras": {
                "wides": 1
              },
              "non_striker": "Muhammad Kashif",
              "runs": {
                "batter": 0,
                "extras": 1,
                "total": 1
              }
            },
            {
              "batter": "Aamir Javed",
              "bowler": "T Jamtsho",
              "extras": {
                "wides": 1
              },
              "non_striker": "Muhammad Kashif",
              "runs": {
                "batter": 0,
                "extras": 1,
                "total": 1
              }
            },
            {
              "batter": "Aamir Javed",
              "bowler": "T Jamtsho",
              "non_striker": "Muhammad Kashif",
              "runs": {
                "batter": 1,
                "extras": 0,
                "total": 1
              }
            },
            {
              "batter": "Muhammad Kashif",
              "bowler": "T Jamtsho",
              "non_striker": "Aamir Javed",
              "runs": {
                "batter": 1,
                "extras": 0,
                "total": 1
              }
            },
            {
              "batter": "Aamir Javed",
              "bowler": "T Jamtsho",
              "non_striker": "Muhammad Kashif",
              "runs": {
                "batter": 4,
                "extras": 0,
                "total": 4
              }
            },
            {
              "batter": "Aamir Javed",
              "bowler": "T Jamtsho",
              "non_striker": "Muhammad Kashif",
              "runs": {
                "batter": 1,
                "extras": 0,
                "total": 1
              }
            },
            {
              "batter": "Muhammad Kashif",
              "bowler": "T Jamtsho",
              "non_striker": "Aamir Javed",
              "runs": {
                "batter": 0,
                "extras": 0,
                "total": 0
              }
            },
            {
              "batter": "Muhammad Kashif",
              "bowler": "T Jamtsho",
              "non_striker": "Aamir Javed",
              "runs": {
                "batter": 4,
                "extras": 0,
                "total": 4
              }
            }
          ]
        },
        {
          "over": 3,
          "deliveries": [
            {
              "batter": "Aamir Javed",
              "bowler": "T Wangchuk",
              "non_striker": "Muhammad Kashif",
              "runs": {
                "batter": 0,
                "extras": 0,
                "total": 0
              }
            },
            {
              "batter": "Aamir Javed",
              "bowler": "T Wangchuk",
              "non_striker": "Muhammad Kashif",
              "runs": {
                "batter": 1,
                "extras": 0,
                "total": 1
              }
            },
            {
              "batter": "Muhammad Kashif",
              "bowler": "T Wangchuk",
              "non_striker": "Aamir Javed",
              "runs": {
                "batter": 0,
                "extras": 0,
                "total": 0
              }
            },
            {
              "batter": "Muhammad Kashif",
              "bowler": "T Wangchuk",
              "non_striker": "Aamir Javed",
              "runs": {
                "batter": 1,
                "extras": 0,
                "total": 1
              }
            },
            {
              "batter": "Aamir Javed",
              "bowler": "T Wangchuk",
              "non_striker": "Muhammad Kashif",
              "runs": {
                "batter": 1,
                "extras": 0,
                "total": 1
              }
            },
            {
              "batter": "Muhammad Kashif",
              "bowler": "T Wangchuk",
              "non_striker": "Aamir Javed",
              "runs": {
                "batter": 1,
                "extras": 0,
                "total": 1
              }
            }
          ]
        },
        {
          "over": 4,
          "deliveries": [
            {
              "batter": "Muhammad Kashif",
              "bowler": "S Tobgay",
              "non_striker": "Aamir Javed",
              "runs": {
                "batter": 1,
                "extras": 0,
                "total": 1
              }
            },
            {
              "batter": "Aamir Javed",
              "bowler": "S Tobgay",
              "non_striker": "Muhammad Kashif",
              "runs": {
                "batter": 6,
                "extras": 0,
                "total": 6
              }
            },
            {
              "batter": "Aamir Javed",
              "bowler": "S Tobgay",
              "non_striker": "Muhammad Kashif",
              "runs": {
                "batter": 0,
                "extras": 0,
                "total": 0
              }
            },
            {
              "batter": "Aamir Javed",
              "bowler": "S Tobgay",
              "non_striker": "Muhammad Kashif",
              "runs": {
                "batter": 4,
                "extras": 0,
                "total": 4
              }
            },
            {
              "batter": "Aamir Javed",
              "bowler": "S Tobgay",
              "non_striker": "Muhammad Kashif",
              "runs": {
                "batter": 4,
                "extras": 0,
                "total": 4
              }
            },
            {
              "batter": "Aamir Javed",
              "bowler": "S Tobgay",
              "non_striker": "Muhammad Kashif",
              "runs": {
                "batter": 0,
                "extras": 0,
                "total": 0
              }
            }
          ]
        },
        {
          "over": 5,
          "deliveries": [
            {
              "batter": "Muhammad Kashif",
              "bowler": "T Wangchuk",
              "non_striker": "Aamir Javed",
              "runs": {
                "batter": 1,
                "extras": 0,
                "total": 1
              }
            },
            {
              "batter": "Aamir Javed",
              "bowler": "T Wangchuk",
              "non_striker": "Muhammad Kashif",
              "runs": {
                "batter": 1,
                "extras": 0,
                "total": 1
              }
            },
            {
              "batter": "Muhammad Kashif",
              "bowler": "T Wangchuk",
              "non_striker": "Aamir Javed",
              "runs": {
                "batter": 1,
                "extras": 0,
                "total": 1
              }
            },
            {
              "batter": "Aamir Javed",
              "bowler": "T Wangchuk",
              "non_striker": "Muhammad Kashif",
              "runs": {
                "batter": 6,
                "extras": 0,
                "total": 6
              }
            },
            {
              "batter": "Aamir Javed",
              "bowler": "T Wangchuk",
              "non_striker": "Muhammad Kashif",
              "runs": {
                "batter": 0,
                "extras": 0,
                "total": 0
              }
            },
            {
              "batter": "Aamir Javed",
              "bowler": "T Wangchuk",
              "non_striker": "Muhammad Kashif",
              "runs": {
                "batter": 0,
                "extras": 0,
                "total": 0
              }
            }
          ]
        },
        {
          "over": 6,
          "deliveries": [
            {
              "batter": "Muhammad Kashif",
              "bowler": "DS Gurung",
              "non_striker": "Aamir Javed",
              "runs": {
                "batter": 1,
                "extras": 0,
                "total": 1
              }
            },
            {
              "batter": "Aamir Javed",
              "bowler": "DS Gurung",
              "non_striker": "Muhammad Kashif",
              "runs": {
                "batter": 0,
                "extras": 0,
                "total": 0
              }
            },
            {
              "batter": "Aamir Javed",
              "bowler": "DS Gurung",
              "extras": {
                "legbyes": 2
              },
              "non_striker": "Muhammad Kashif",
              "runs": {
                "batter": 0,
                "extras": 2,
                "total": 2
              }
            },
            {
              "batter": "Aamir Javed",
              "bowler": "DS Gurung",
              "non_striker": "Muhammad Kashif",
              "runs": {
                "batter": 0,
                "extras": 0,
                "total": 0
              }
            },
            {
              "batter": "Aamir Javed",
              "bowler": "DS Gurung",
              "non_striker": "Muhammad Kashif",
              "runs": {
                "batter": 0,
                "extras": 0,
                "total": 0
              }
            },
            {
              "batter": "Aamir Javed",
              "bowler": "DS Gurung",
              "non_striker": "Muhammad Kashif",
              "runs": {
                "batter": 6,
                "extras": 0,
                "total": 6
              }
            }
          ]
        },
        {
          "over": 7,
          "deliveries": [
            {
              "batter": "Muhammad Kashif",
              "bowler": "T Wangchuk",
              "non_striker": "Aamir Javed",
              "runs": {
                "batter": 0,
                "extras": 0,
                "total": 0
              }
            },
            {
              "batter": "Muhammad Kashif",
              "bowler": "T Wangchuk",
              "non_striker": "Aamir Javed",
              "runs": {
                "batter": 1,
                "extras": 0,
                "total": 1
              }
            },
            {
              "batter": "Aamir Javed",
              "bowler": "T Wangchuk",
              "non_striker": "Muhammad Kashif",
              "runs": {
                "batter": 0,
                "extras": 0,
                "total": 0
              }
            },
            {
              "batter": "Aamir Javed",
              "bowler": "T Wangchuk",
              "non_striker": "Muhammad Kashif",
              "runs": {
                "batter": 0,
                "extras": 0,
                "total": 0
              }
            },
            {
              "batter": "Aamir Javed",
              "bowler": "T Wangchuk",
              "non_striker": "Muhammad Kashif",
              "runs": {
                "batter": 0,
                "extras": 0,
                "total": 0
              },
              "wickets": [
                {
                  "player_out": "Aamir Javed",
                  "kind": "bowled"
                }
              ]
            },
            {
              "batter": "Mohammad Amin",
              "bowler": "T Wangchuk",
              "extras": {
                "legbyes": 1
              },
              "non_striker": "Muhammad Kashif",
              "runs": {
                "batter": 0,
                "extras": 1,
                "total": 1
              }
            }
          ]
        },
        {
          "over": 8,
          "deliveries": [
            {
              "batter": "Mohammad Amin",
              "bowler": "DS Gurung",
              "non_striker": "Muhammad Kashif",
              "runs": {
                "batter": 1,
                "extras": 0,
                "total": 1
              }
            },
            {
              "batter": "Muhammad Kashif",
              "bowler": "DS Gurung",
              "non_striker": "Mohammad Amin",
              "runs": {
                "batter": 0,
                "extras": 0,
                "total": 0
              }
            },
            {
              "batter": "Muhammad Kashif",
              "bowler": "DS Gurung",
              "non_striker": "Mohammad Amin",
              "runs": {
                "batter": 0,
                "extras": 0,
                "total": 0
              }
            },
            {
              "batter": "Muhammad Kashif",
              "bowler": "DS Gurung",
              "non_striker": "Mohammad Amin",
              "runs": {
                "batter": 1,
                "extras": 0,
                "total": 1
              }
            },
            {
              "batter": "Mohammad Amin",
              "bowler": "DS Gurung",
              "non_striker": "Muhammad Kashif",
              "runs": {
                "batter": 0,
                "extras": 0,
                "total": 0
              }
            },
            {
              "batter": "Mohammad Amin",
              "bowler": "DS Gurung",
              "non_striker": "Muhammad Kashif",
              "runs": {
                "batter": 3,
                "extras": 0,
                "total": 3
              }
            }
          ]
        },
        {
          "over": 9,
          "deliveries": [
            {
              "batter": "Mohammad Amin",
              "bowler": "T Wangchuk",
              "non_striker": "Muhammad Kashif",
              "runs": {
                "batter": 1,
                "extras": 0,
                "total": 1
              }
            },
            {
              "batter": "Muhammad Kashif",
              "bowler": "T Wangchuk",
              "non_striker": "Mohammad Amin",
              "runs": {
                "batter": 0,
                "extras": 0,
                "total": 0
              }
            },
            {
              "batter": "Muhammad Kashif",
              "bowler": "T Wangchuk",
              "non_striker": "Mohammad Amin",
              "runs": {
                "batter": 0,
                "extras": 0,
                "total": 0
              }
            },
            {
              "batter": "Muhammad Kashif",
              "bowler": "T Wangchuk",
              "extras": {
                "legbyes": 2
              },
              "non_striker": "Mohammad Amin",
              "runs": {
                "batter": 0,
                "extras": 2,
                "total": 2
              }
            },
            {
              "batter": "Muhammad Kashif",
              "bowler": "T Wangchuk",
              "non_striker": "Mohammad Amin",
              "runs": {
                "batter": 3,
                "extras": 0,
                "total": 3
              }
            },
            {
              "batter": "Mohammad Amin",
              "bowler": "T Wangchuk",
              "non_striker": "Muhammad Kashif",
              "runs": {
                "batter": 0,
                "extras": 0,
                "total": 0
              }
            }
          ]
        },
        {
          "over": 10,
          "deliveries": [
            {
              "batter": "Muhammad Kashif",
              "bowler": "DS Gurung",
              "non_striker": "Mohammad Amin",
              "runs": {
                "batter": 1,
                "extras": 0,
                "total": 1
              }
            },
            {
              "batter": "Mohammad Amin",
              "bowler": "DS Gurung",
              "non_striker": "Muhammad Kashif",
              "runs": {
                "batter": 1,
                "extras": 0,
                "total": 1
              }
            },
            {
              "batter": "Muhammad Kashif",
              "bowler": "DS Gurung",
              "non_striker": "Mohammad Amin",
              "runs": {
                "batter": 0,
                "extras": 0,
                "total": 0
              },
              "wickets": [
                {
                  "player_out": "Muhammad Kashif",
                  "kind": "lbw"
                }
              ]
            },
            {
              "batter": "Ali Zaheer",
              "bowler": "DS Gurung",
              "non_striker": "Mohammad Amin",
              "runs": {
                "batter": 0,
                "extras": 0,
                "total": 0
              }
            },
            {
              "batter": "Ali Zaheer",
              "bowler": "DS Gurung",
              "non_striker": "Mohammad Amin",
              "runs": {
                "batter": 0,
                "extras": 0,
                "total": 0
              }
            },
            {
              "batter": "Ali Zaheer",
              "bowler": "DS Gurung",
              "non_striker": "Mohammad Amin",
              "runs": {
                "batter": 0,
                "extras": 0,
                "total": 0
              }
            }
          ]
        },
        {
          "over": 11,
          "deliveries": [
            {
              "batter": "Mohammad Amin",
              "bowler": "S Pradhan",
              "non_striker": "Ali Zaheer",
              "runs": {
                "batter": 0,
                "extras": 0,
                "total": 0
              }
            },
            {
              "batter": "Mohammad Amin",
              "bowler": "S Pradhan",
              "non_striker": "Ali Zaheer",
              "runs": {
                "batter": 0,
                "extras": 0,
                "total": 0
              }
            },
            {
              "batter": "Mohammad Amin",
              "bowler": "S Pradhan",
              "non_striker": "Ali Zaheer",
              "runs": {
                "batter": 0,
                "extras": 0,
                "total": 0
              },
              "wickets": [
                {
                  "player_out": "Mohammad Amin",
                  "fielders": [
                    {
                      "name": "Tenzin Wangchuk jnr"
                    }
                  ],
                  "kind": "caught"
                }
              ]
            },
            {
              "batter": "Adnan Idrees",
              "bowler": "S Pradhan",
              "non_striker": "Ali Zaheer",
              "runs": {
                "batter": 0,
                "extras": 0,
                "total": 0
              }
            },
            {
              "batter": "Adnan Idrees",
              "bowler": "S Pradhan",
              "non_striker": "Ali Zaheer",
              "runs": {
                "batter": 6,
                "extras": 0,
                "total": 6
              }
            },
            {
              "batter": "Adnan Idrees",
              "bowler": "S Pradhan",
              "non_striker": "Ali Zaheer",
              "runs": {
                "batter": 0,
                "extras": 0,
                "total": 0
              }
            }
          ]
        },
        {
          "over": 12,
          "deliveries": [
            {
              "batter": "Ali Zaheer",
              "bowler": "DS Gurung",
              "non_striker": "Adnan Idrees",
              "runs": {
                "batter": 1,
                "extras": 0,
                "total": 1
              }
            },
            {
              "batter": "Adnan Idrees",
              "bowler": "DS Gurung",
              "non_striker": "Ali Zaheer",
              "runs": {
                "batter": 0,
                "extras": 0,
                "total": 0
              }
            },
            {
              "batter": "Adnan Idrees",
              "bowler": "DS Gurung",
              "non_striker": "Ali Zaheer",
              "runs": {
                "batter": 1,
                "extras": 0,
                "total": 1
              }
            },
            {
              "batter": "Ali Zaheer",
              "bowler": "DS Gurung",
              "non_striker": "Adnan Idrees",
              "runs": {
                "batter": 1,
                "extras": 0,
                "total": 1
              }
            },
            {
              "batter": "Adnan Idrees",
              "bowler": "DS Gurung",
              "non_striker": "Ali Zaheer",
              "runs": {
                "batter": 2,
                "extras": 0,
                "total": 2
              }
            },
            {
              "batter": "Adnan Idrees",
              "bowler": "DS Gurung",
              "non_striker": "Ali Zaheer",
              "runs": {
                "batter": 0,
                "extras": 0,
                "total": 0
              }
            }
          ]
        },
        {
          "over": 13,
          "deliveries": [
            {
              "batter": "Ali Zaheer",
              "bowler": "S Pradhan",
              "non_striker": "Adnan Idrees",
              "runs": {
                "batter": 1,
                "extras": 0,
                "total": 1
              }
            },
            {
              "batter": "Adnan Idrees",
              "bowler": "S Pradhan",
              "non_striker": "Ali Zaheer",
              "runs": {
                "batter": 0,
                "extras": 0,
                "total": 0
              }
            },
            {
              "batter": "Adnan Idrees",
              "bowler": "S Pradhan",
              "non_striker": "Ali Zaheer",
              "runs": {
                "batter": 0,
                "extras": 0,
                "total": 0
              }
            },
            {
              "batter": "Adnan Idrees",
              "bowler": "S Pradhan",
              "non_striker": "Ali Zaheer",
              "runs": {
                "batter": 2,
                "extras": 0,
                "total": 2
              }
            },
            {
              "batter": "Adnan Idrees",
              "bowler": "S Pradhan",
              "non_striker": "Ali Zaheer",
              "runs": {
                "batter": 2,
                "extras": 0,
                "total": 2
              }
            },
            {
              "batter": "Adnan Idrees",
              "bowler": "S Pradhan",
              "non_striker": "Ali Zaheer",
              "runs": {
                "batter": 0,
                "extras": 0,
                "total": 0
              },
              "wickets": [
                {
                  "player_out": "Adnan Idrees",
                  "fielders": [
                    {
                      "name": "T Wangchuk"
                    }
                  ],
                  "kind": "caught"
                }
              ]
            }
          ]
        },
        {
          "over": 14,
          "deliveries": [
            {
              "batter": "Ali Zaheer",
              "bowler": "DS Gurung",
              "non_striker": "Mohammed Ghulam",
              "runs": {
                "batter": 2,
                "extras": 0,
                "total": 2
              }
            },
            {
              "batter": "Ali Zaheer",
              "bowler": "DS Gurung",
              "non_striker": "Mohammed Ghulam",
              "runs": {
                "batter": 0,
                "extras": 0,
                "total": 0
              }
            },
            {
              "batter": "Ali Zaheer",
              "bowler": "DS Gurung",
              "non_striker": "Mohammed Ghulam",
              "runs": {
                "batter": 0,
                "extras": 0,
                "total": 0
              }
            },
            {
              "batter": "Ali Zaheer",
              "bowler": "DS Gurung",
              "non_striker": "Mohammed Ghulam",
              "runs": {
                "batter": 0,
                "extras": 0,
                "total": 0
              }
            },
            {
              "batter": "Ali Zaheer",
              "bowler": "DS Gurung",
              "non_striker": "Mohammed Ghulam",
              "runs": {
                "batter": 0,
                "extras": 0,
                "total": 0
              }
            },
            {
              "batter": "Ali Zaheer",
              "bowler": "DS Gurung",
              "non_striker": "Mohammed Ghulam",
              "runs": {
                "batter": 0,
                "extras": 0,
                "total": 0
              }
            }
          ]
        },
        {
          "over": 15,
          "deliveries": [
            {
              "batter": "Mohammed Ghulam",
              "bowler": "Kumar Subba",
              "non_striker": "Ali Zaheer",
              "runs": {
                "batter": 0,
                "extras": 0,
                "total": 0
              }
            },
            {
              "batter": "Mohammed Ghulam",
              "bowler": "Kumar Subba",
              "non_striker": "Ali Zaheer",
              "runs": {
                "batter": 0,
                "extras": 0,
                "total": 0
              }
            },
            {
              "batter": "Mohammed Ghulam",
              "bowler": "Kumar Subba",
              "non_striker": "Ali Zaheer",
              "runs": {
                "batter": 0,
                "extras": 0,
                "total": 0
              }
            },
            {
              "batter": "Mohammed Ghulam",
              "bowler": "Kumar Subba",
              "non_striker": "Ali Zaheer",
              "runs": {
                "batter": 1,
                "extras": 0,
                "total": 1
              }
            },
            {
              "batter": "Ali Zaheer",
              "bowler": "Kumar Subba",
              "non_striker": "Mohammed Ghulam",
              "runs": {
                "batter": 0,
                "extras": 0,
                "total": 0
              }
            },
            {
              "batter": "Ali Zaheer",
              "bowler": "Kumar Subba",
              "non_striker": "Mohammed Ghulam",
              "runs": {
                "batter": 1,
                "extras": 0,
                "total": 1
              }
            }
          ]
        },
        {
          "over": 16,
          "deliveries": [
            {
              "batter": "Ali Zaheer",
              "bowler": "Tenzin Wangchuk jnr",
              "non_striker": "Mohammed Ghulam",
              "runs": {
                "batter": 4,
                "extras": 0,
                "total": 4
              }
            },
            {
              "batter": "Ali Zaheer",
              "bowler": "Tenzin Wangchuk jnr",
              "non_striker": "Mohammed Ghulam",
              "runs": {
                "batter": 2,
                "extras": 0,
                "total": 2
              }
            },
            {
              "batter": "Ali Zaheer",
              "bowler": "Tenzin Wangchuk jnr",
              "non_striker": "Mohammed Ghulam",
              "runs": {
                "batter": 1,
                "extras": 0,
                "total": 1
              }
            },
            {
              "batter": "Mohammed Ghulam",
              "bowler": "Tenzin Wangchuk jnr",
              "non_striker": "Ali Zaheer",
              "runs": {
                "batter": 1,
                "extras": 0,
                "total": 1
              }
            },
            {
              "batter": "Ali Zaheer",
              "bowler": "Tenzin Wangchuk jnr",
              "non_striker": "Mohammed Ghulam",
              "runs": {
                "batter": 6,
                "extras": 0,
                "total": 6
              }
            },
            {
              "batter": "Ali Zaheer",
              "bowler": "Tenzin Wangchuk jnr",
              "non_striker": "Mohammed Ghulam",
              "runs": {
                "batter": 4,
                "extras": 0,
                "total": 4
              }
            }
          ]
        },
        {
          "over": 17,
          "deliveries": [
            {
              "batter": "Mohammed Ghulam",
              "bowler": "Kumar Subba",
              "non_striker": "Ali Zaheer",
              "runs": {
                "batter": 0,
                "extras": 0,
                "total": 0
              }
            },
            {
              "batter": "Mohammed Ghulam",
              "bowler": "Kumar Subba",
              "non_striker": "Ali Zaheer",
              "runs": {
                "batter": 1,
                "extras": 0,
                "total": 1
              }
            },
            {
              "batter": "Ali Zaheer",
              "bowler": "Kumar Subba",
              "non_striker": "Mohammed Ghulam",
              "runs": {
                "batter": 4,
                "extras": 0,
                "total": 4
              }
            },
            {
              "batter": "Ali Zaheer",
              "bowler": "Kumar Subba",
              "non_striker": "Mohammed Ghulam",
              "runs": {
                "batter": 2,
                "extras": 0,
                "total": 2
              }
            },
            {
              "batter": "Ali Zaheer",
              "bowler": "Kumar Subba",
              "extras": {
                "wides": 2
              },
              "non_striker": "Mohammed Ghulam",
              "runs": {
                "batter": 0,
                "extras": 2,
                "total": 2
              }
            },
            {
              "batter": "Mohammed Ghulam",
              "bowler": "Kumar Subba",
              "non_striker": "Ali Zaheer",
              "runs": {
                "batter": 0,
                "extras": 0,
                "total": 0
              }
            },
            {
              "batter": "Mohammed Ghulam",
              "bowler": "Kumar Subba",
              "non_striker": "Ali Zaheer",
              "runs": {
                "batter": 1,
                "extras": 0,
                "total": 1
              }
            }
          ]
        },
        {
          "over": 18,
          "deliveries": [
            {
              "batter": "Mohammed Ghulam",
              "bowler": "T Singye",
              "non_striker": "Ali Zaheer",
              "runs": {
                "batter": 1,
                "extras": 0,
                "total": 1
              }
            },
            {
              "batter": "Ali Zaheer",
              "bowler": "T Singye",
              "non_striker": "Mohammed Ghulam",
              "runs": {
                "batter": 2,
                "extras": 0,
                "total": 2
              }
            },
            {
              "batter": "Ali Zaheer",
              "bowler": "T Singye",
              "non_striker": "Mohammed Ghulam",
              "runs": {
                "batter": 1,
                "extras": 0,
                "total": 1
              }
            },
            {
              "batter": "Mohammed Ghulam",
              "bowler": "T Singye",
              "non_striker": "Ali Zaheer",
              "runs": {
                "batter": 1,
                "extras": 0,
                "total": 1
              }
            },
            {
              "batter": "Ali Zaheer",
              "bowler": "T Singye",
              "non_striker": "Mohammed Ghulam",
              "runs": {
                "batter": 1,
                "extras": 0,
                "total": 1
              }
            },
            {
              "batter": "Mohammed Ghulam",
              "bowler": "T Singye",
              "non_striker": "Ali Zaheer",
              "runs": {
                "batter": 0,
                "extras": 0,
                "total": 0
              }
            }
          ]
        },
        {
          "over": 19,
          "deliveries": [
            {
              "batter": "Ali Zaheer",
              "bowler": "Kumar Subba",
              "non_striker": "Mohammed Ghulam",
              "runs": {
                "batter": 4,
                "extras": 0,
                "total": 4
              }
            },
            {
              "batter": "Ali Zaheer",
              "bowler": "Kumar Subba",
              "non_striker": "Mohammed Ghulam",
              "runs": {
                "batter": 0,
                "extras": 0,
                "total": 0
              }
            },
            {
              "batter": "Ali Zaheer",
              "bowler": "Kumar Subba",
              "non_striker": "Mohammed Ghulam",
              "runs": {
                "batter": 0,
                "extras": 0,
                "total": 0
              }
            },
            {
              "batter": "Ali Zaheer",
              "bowler": "Kumar Subba",
              "non_striker": "Mohammed Ghulam",
              "runs": {
                "batter": 4,
                "extras": 0,
                "total": 4
              }
            },
            {
              "batter": "Ali Zaheer",
              "bowler": "Kumar Subba",
              "non_striker": "Mohammed Ghulam",
              "runs": {
                "batter": 4,
                "extras": 0,
                "total": 4
              }
            },
            {
              "batter": "Ali Zaheer",
              "bowler": "Kumar Subba",
              "non_striker": "Mohammed Ghulam",
              "runs": {
                "batter": 6,
                "extras": 0,
                "total": 6
              }
            }
          ]
        },
        {
          "over": 20,
          "deliveries": [
            {
              "batter": "Mohammed Ghulam",
              "bowler": "S Pradhan",
              "non_striker": "Ali Zaheer",
              "runs": {
                "batter": 1,
                "extras": 0,
                "total": 1
              }
            },
            {
              "batter": "Ali Zaheer",
              "bowler": "S Pradhan",
              "non_striker": "Mohammed Ghulam",
              "runs": {
                "batter": 1,
                "extras": 0,
                "total": 1
              }
            },
            {
              "batter": "Mohammed Ghulam",
              "bowler": "S Pradhan",
              "non_striker": "Ali Zaheer",
              "runs": {
                "batter": 0,
                "extras": 0,
                "total": 0
              }
            },
            {
              "batter": "Mohammed Ghulam",
              "bowler": "S Pradhan",
              "non_striker": "Ali Zaheer",
              "runs": {
                "batter": 1,
                "extras": 0,
                "total": 1
              }
            },
            {
              "batter": "Ali Zaheer",
              "bowler": "S Pradhan",
              "non_striker": "Mohammed Ghulam",
              "runs": {
                "batter": 4,
                "extras": 0,
                "total": 4
              }
            },
            {
              "batter": "Ali Zaheer",
              "bowler": "S Pradhan",
              "non_striker": "Mohammed Ghulam",
              "runs": {
                "batter": 4,
                "extras": 0,
                "total": 4
              }
            }
          ]
        },
        {
          "over": 21,
          "deliveries": [
            {
              "batter": "Mohammed Ghulam",
              "bowler": "T Singye",
              "non_striker": "Ali Zaheer",
              "runs": {
                "batter": 0,
                "extras": 0,
                "total": 0
              }
            },
            {
              "batter": "Mohammed Ghulam",
              "bowler": "T Singye",
              "non_striker": "Ali Zaheer",
              "runs": {
                "batter": 0,
                "extras": 0,
                "total": 0
              }
            },
            {
              "batter": "Mohammed Ghulam",
              "bowler": "T Singye",
              "non_striker": "Ali Zaheer",
              "runs": {
                "batter": 1,
                "extras": 0,
                "total": 1
              }
            },
            {
              "batter": "Ali Zaheer",
              "bowler": "T Singye",
              "non_striker": "Mohammed Ghulam",
              "runs": {
                "batter": 1,
                "extras": 0,
                "total": 1
              }
            },
            {
              "batter": "Mohammed Ghulam",
              "bowler": "T Singye",
              "non_striker": "Ali Zaheer",
              "runs": {
                "batter": 1,
                "extras": 0,
                "total": 1
              }
            },
            {
              "batter": "Ali Zaheer",
              "bowler": "T Singye",
              "non_striker": "Mohammed Ghulam",
              "runs": {
                "batter": 1,
                "extras": 0,
                "total": 1
              }
            }
          ]
        },
        {
          "over": 22,
          "deliveries": [
            {
              "batter": "Ali Zaheer",
              "bowler": "S Pradhan",
              "non_striker": "Mohammed Ghulam",
              "runs": {
                "batter": 0,
                "extras": 0,
                "total": 0
              }
            },
            {
              "batter": "Ali Zaheer",
              "bowler": "S Pradhan",
              "non_striker": "Mohammed Ghulam",
              "runs": {
                "batter": 1,
                "extras": 0,
                "total": 1
              }
            },
            {
              "batter": "Mohammed Ghulam",
              "bowler": "S Pradhan",
              "non_striker": "Ali Zaheer",
              "runs": {
                "batter": 1,
                "extras": 0,
                "total": 1
              }
            },
            {
              "batter": "Ali Zaheer",
              "bowler": "S Pradhan",
              "non_striker": "Mohammed Ghulam",
              "runs": {
                "batter": 6,
                "extras": 0,
                "total": 6
              }
            },
            {
              "batter": "Ali Zaheer",
              "bowler": "S Pradhan",
              "non_striker": "Mohammed Ghulam",
              "runs": {
                "batter": 0,
                "extras": 0,
                "total": 0
              },
              "wickets": [
                {
                  "player_out": "Ali Zaheer",
                  "fielders": [
                    {
                      "name": "K Norbu"
                    }
                  ],
                  "kind": "stumped"
                }
              ]
            },
            {
              "batter": "Imran Ali",
              "bowler": "S Pradhan",
              "non_striker": "Mohammed Ghulam",
              "runs": {
                "batter": 0,
                "extras": 0,
                "total": 0
              },
              "wickets": [
                {
                  "player_out": "Imran Ali",
                  "kind": "bowled"
                }
              ]
            }
          ]
        },
        {
          "over": 23,
          "deliveries": [
            {
              "batter": "Mohammed Ghulam",
              "bowler": "T Singye",
              "non_striker": "Bastaki Fahad",
              "runs": {
                "batter": 2,
                "extras": 0,
                "total": 2
              }
            },
            {
              "batter": "Mohammed Ghulam",
              "bowler": "T Singye",
              "non_striker": "Bastaki Fahad",
              "runs": {
                "batter": 6,
                "extras": 0,
                "total": 6
              }
            },
            {
              "batter": "Mohammed Ghulam",
              "bowler": "T Singye",
              "non_striker": "Bastaki Fahad",
              "runs": {
                "batter": 0,
                "extras": 0,
                "total": 0
              }
            },
            {
              "batter": "Mohammed Ghulam",
              "bowler": "T Singye",
              "non_striker": "Bastaki Fahad",
              "runs": {
                "batter": 0,
                "extras": 0,
                "total": 0
              }
            },
            {
              "batter": "Mohammed Ghulam",
              "bowler": "T Singye",
              "non_striker": "Bastaki Fahad",
              "runs": {
                "batter": 1,
                "extras": 0,
                "total": 1
              }
            },
            {
              "batter": "Bastaki Fahad",
              "bowler": "T Singye",
              "non_striker": "Mohammed Ghulam",
              "runs": {
                "batter": 0,
                "extras": 0,
                "total": 0
              }
            }
          ]
        }
      ],
      "powerplays": [
        {
          "from": 0.1,
          "to": 4.6,
          "type": "mandatory"
        },
        {
          "from": 5.1,
          "to": 18.6,
          "type": "mandatory"
        },
        {
          "from": 19.1,
          "to": 23.6,
          "type": "mandatory"
        }
      ]
    },
    {
      "team": "Bhutan",
      "overs": [
        {
          "over": 0,
          "deliveries": [
            {
              "batter": "Kumar Subba",
              "bowler": "Imran Ali",
              "non_striker": "R Pradhan",
              "runs": {
                "batter": 0,
                "extras": 0,
                "total": 0
              }
            },
            {
              "batter": "Kumar Subba",
              "bowler": "Imran Ali",
              "non_striker": "R Pradhan",
              "runs": {
                "batter": 0,
                "extras": 0,
                "total": 0
              }
            },
            {
              "batter": "Kumar Subba",
              "bowler": "Imran Ali",
              "non_striker": "R Pradhan",
              "runs": {
                "batter": 0,
                "extras": 0,
                "total": 0
              }
            },
            {
              "batter": "Kumar Subba",
              "bowler": "Imran Ali",
              "non_striker": "R Pradhan",
              "runs": {
                "batter": 0,
                "extras": 0,
                "total": 0
              }
            },
            {
              "batter": "Kumar Subba",
              "bowler": "Imran Ali",
              "non_striker": "R Pradhan",
              "runs": {
                "batter": 4,
                "extras": 0,
                "total": 4
              }
            },
            {
              "batter": "Kumar Subba",
              "bowler": "Imran Ali",
              "non_striker": "R Pradhan",
              "runs": {
                "batter": 0,
                "extras": 0,
                "total": 0
              }
            }
          ]
        },
        {
          "over": 1,
          "deliveries": [
            {
              "batter": "R Pradhan",
              "bowler": "Abdullah Ghulam",
              "non_striker": "Kumar Subba",
              "runs": {
                "batter": 0,
                "extras": 0,
                "total": 0
              }
            },
            {
              "batter": "R Pradhan",
              "bowler": "Abdullah Ghulam",
              "non_striker": "Kumar Subba",
              "runs": {
                "batter": 0,
                "extras": 0,
                "total": 0
              }
            },
            {
              "batter": "R Pradhan",
              "bowler": "Abdullah Ghulam",
              "non_striker": "Kumar Subba",
              "runs": {
                "batter": 0,
                "extras": 0,
                "total": 0
              }
            },
            {
              "batter": "R Pradhan",
              "bowler": "Abdullah Ghulam",
              "non_striker": "Kumar Subba",
              "runs": {
                "batter": 0,
                "extras": 0,
                "total": 0
              }
            },
            {
              "batter": "R Pradhan",
              "bowler": "Abdullah Ghulam",
              "non_striker": "Kumar Subba",
              "runs": {
                "batter": 0,
                "extras": 0,
                "total": 0
              }
            },
            {
              "batter": "R Pradhan",
              "bowler": "Abdullah Ghulam",
              "non_striker": "Kumar Subba",
              "runs": {
                "batter": 0,
                "extras": 0,
                "total": 0
              }
            }
          ]
        },
        {
          "over": 2,
          "deliveries": [
            {
              "batter": "Kumar Subba",
              "bowler": "Imran Ali",
              "non_striker": "R Pradhan",
              "runs": {
                "batter": 0,
                "extras": 0,
                "total": 0
              }
            },
            {
              "batter": "Kumar Subba",
              "bowler": "Imran Ali",
              "non_striker": "R Pradhan",
              "runs": {
                "batter": 0,
                "extras": 0,
                "total": 0
              },
              "wickets": [
                {
                  "player_out": "Kumar Subba",
                  "fielders": [
                    {
                      "name": "Mohammed Ghulam"
                    }
                  ],
                  "kind": "caught"
                }
              ]
            },
            {
              "batter": "Tenzin Wangchuk jnr",
              "bowler": "Imran Ali",
              "non_striker": "R Pradhan",
              "runs": {
                "batter": 0,
                "extras": 0,
                "total": 0
              }
            },
            {
              "batter": "Tenzin Wangchuk jnr",
              "bowler": "Imran Ali",
              "non_striker": "R Pradhan",
              "runs": {
                "batter": 0,
                "extras": 0,
                "total": 0
              }
            },
            {
              "batter": "Tenzin Wangchuk jnr",
              "bowler": "Imran Ali",
              "non_striker": "R Pradhan",
              "runs": {
                "batter": 2,
                "extras": 0,
                "total": 2
              }
            },
            {
              "batter": "Tenzin Wangchuk jnr",
              "bowler": "Imran Ali",
              "extras": {
                "legbyes": 1
              },
              "non_striker": "R Pradhan",
              "runs": {
                "batter": 0,
                "extras": 1,
                "total": 1
              }
            }
          ]
        },
        {
          "over": 3,
          "deliveries": [
            {
              "batter": "Tenzin Wangchuk jnr",
              "bowler": "Abdullah Ghulam",
              "non_striker": "R Pradhan",
              "runs": {
                "batter": 0,
                "extras": 0,
                "total": 0
              }
            },
            {
              "batter": "Tenzin Wangchuk jnr",
              "bowler": "Abdullah Ghulam",
              "non_striker": "R Pradhan",
              "runs": {
                "batter": 0,
                "extras": 0,
                "total": 0
              }
            },
            {
              "batter": "Tenzin Wangchuk jnr",
              "bowler": "Abdullah Ghulam",
              "non_striker": "R Pradhan",
              "runs": {
                "batter": 1,
                "extras": 0,
                "total": 1
              }
            },
            {
              "batter": "R Pradhan",
              "bowler": "Abdullah Ghulam",
              "non_striker": "Tenzin Wangchuk jnr",
              "runs": {
                "batter": 0,
                "extras": 0,
                "total": 0
              },
              "wickets": [
                {
                  "player_out": "R Pradhan",
                  "fielders": [
                    {
                      "name": "Mohammed Ghulam"
                    }
                  ],
                  "kind": "stumped"
                }
              ]
            },
            {
              "batter": "S Tobgay",
              "bowler": "Abdullah Ghulam",
              "non_striker": "Tenzin Wangchuk jnr",
              "runs": {
                "batter": 0,
                "extras": 0,
                "total": 0
              },
              "wickets": [
                {
                  "player_out": "S Tobgay",
                  "kind": "lbw"
                }
              ]
            },
            {
              "batter": "S Pradhan",
              "bowler": "Abdullah Ghulam",
              "non_striker": "Tenzin Wangchuk jnr",
              "runs": {
                "batter": 0,
                "extras": 0,
                "total": 0
              }
            }
          ]
        },
        {
          "over": 4,
          "deliveries": [
            {
              "batter": "Tenzin Wangchuk jnr",
              "bowler": "Imran Ali",
              "non_striker": "S Pradhan",
              "runs": {
                "batter": 4,
                "extras": 0,
                "total": 4
              }
            },
            {
              "batter": "Tenzin Wangchuk jnr",
              "bowler": "Imran Ali",
              "non_striker": "S Pradhan",
              "runs": {
                "batter": 2,
                "extras": 0,
                "total": 2
              }
            },
            {
              "batter": "Tenzin Wangchuk jnr",
              "bowler": "Imran Ali",
              "non_striker": "S Pradhan",
              "runs": {
                "batter": 0,
                "extras": 0,
                "total": 0
              }
            },
            {
              "batter": "Tenzin Wangchuk jnr",
              "bowler": "Imran Ali",
              "non_striker": "S Pradhan",
              "runs": {
                "batter": 0,
                "extras": 0,
                "total": 0
              }
            },
            {
              "batter": "Tenzin Wangchuk jnr",
              "bowler": "Imran Ali",
              "non_striker": "S Pradhan",
              "runs": {
                "batter": 0,
                "extras": 0,
                "total": 0
              }
            },
            {
              "batter": "Tenzin Wangchuk jnr",
              "bowler": "Imran Ali",
              "non_striker": "S Pradhan",
              "runs": {
                "batter": 0,
                "extras": 0,
                "total": 0
              }
            }
          ]
        },
        {
          "over": 5,
          "deliveries": [
            {
              "batter": "S Pradhan",
              "bowler": "Abdullah Ghulam",
              "non_striker": "Tenzin Wangchuk jnr",
              "runs": {
                "batter": 4,
                "extras": 0,
                "total": 4
              }
            },
            {
              "batter": "S Pradhan",
              "bowler": "Abdullah Ghulam",
              "non_striker": "Tenzin Wangchuk jnr",
              "runs": {
                "batter": 0,
                "extras": 0,
                "total": 0
              }
            },
            {
              "batter": "S Pradhan",
              "bowler": "Abdullah Ghulam",
              "non_striker": "Tenzin Wangchuk jnr",
              "runs": {
                "batter": 6,
                "extras": 0,
                "total": 6
              }
            },
            {
              "batter": "S Pradhan",
              "bowler": "Abdullah Ghulam",
              "non_striker": "Tenzin Wangchuk jnr",
              "runs": {
                "batter": 0,
                "extras": 0,
                "total": 0
              }
            },
            {
              "batter": "S Pradhan",
              "bowler": "Abdullah Ghulam",
              "non_striker": "Tenzin Wangchuk jnr",
              "runs": {
                "batter": 0,
                "extras": 0,
                "total": 0
              }
            },
            {
              "batter": "S Pradhan",
              "bowler": "Abdullah Ghulam",
              "non_striker": "Tenzin Wangchuk jnr",
              "runs": {
                "batter": 0,
                "extras": 0,
                "total": 0
              }
            }
          ]
        },
        {
          "over": 6,
          "deliveries": [
            {
              "batter": "Tenzin Wangchuk jnr",
              "bowler": "Imran Ali",
              "non_striker": "S Pradhan",
              "runs": {
                "batter": 0,
                "extras": 0,
                "total": 0
              }
            },
            {
              "batter": "Tenzin Wangchuk jnr",
              "bowler": "Imran Ali",
              "non_striker": "S Pradhan",
              "runs": {
                "batter": 4,
                "extras": 0,
                "total": 4
              }
            },
            {
              "batter": "Tenzin Wangchuk jnr",
              "bowler": "Imran Ali",
              "non_striker": "S Pradhan",
              "runs": {
                "batter": 0,
                "extras": 0,
                "total": 0
              }
            },
            {
              "batter": "Tenzin Wangchuk jnr",
              "bowler": "Imran Ali",
              "non_striker": "S Pradhan",
              "runs": {
                "batter": 1,
                "extras": 0,
                "total": 1
              }
            },
            {
              "batter": "S Pradhan",
              "bowler": "Imran Ali",
              "non_striker": "Tenzin Wangchuk jnr",
              "runs": {
                "batter": 1,
                "extras": 0,
                "total": 1
              }
            },
            {
              "batter": "Tenzin Wangchuk jnr",
              "bowler": "Imran Ali",
              "non_striker": "S Pradhan",
              "runs": {
                "batter": 0,
                "extras": 0,
                "total": 0
              },
              "wickets": [
                {
                  "player_out": "Tenzin Wangchuk jnr",
                  "kind": "run out"
                }
              ]
            }
          ]
        },
        {
          "over": 7,
          "deliveries": [
            {
              "batter": "S Pradhan",
              "bowler": "Haroon Shahid",
              "non_striker": "T Jamtsho",
              "runs": {
                "batter": 0,
                "extras": 0,
                "total": 0
              }
            },
            {
              "batter": "S Pradhan",
              "bowler": "Haroon Shahid",
              "non_striker": "T Jamtsho",
              "runs": {
                "batter": 1,
                "extras": 0,
                "total": 1
              }
            },
            {
              "batter": "T Jamtsho",
              "bowler": "Haroon Shahid",
              "non_striker": "S Pradhan",
              "runs": {
                "batter": 0,
                "extras": 0,
                "total": 0
              }
            },
            {
              "batter": "T Jamtsho",
              "bowler": "Haroon Shahid",
              "non_striker": "S Pradhan",
              "runs": {
                "batter": 0,
                "extras": 0,
                "total": 0
              },
              "wickets": [
                {
                  "player_out": "T Jamtsho",
                  "kind": "run out"
                }
              ]
            },
            {
              "batter": "DS Gurung",
              "bowler": "Haroon Shahid",
              "non_striker": "S Pradhan",
              "runs": {
                "batter": 0,
                "extras": 0,
                "total": 0
              }
            },
            {
              "batter": "DS Gurung",
              "bowler": "Haroon Shahid",
              "non_striker": "S Pradhan",
              "runs": {
                "batter": 0,
                "extras": 0,
                "total": 0
              }
            }
          ]
        },
        {
          "over": 8,
          "deliveries": [
            {
              "batter": "S Pradhan",
              "bowler": "Mohammed Asghar",
              "non_striker": "DS Gurung",
              "runs": {
                "batter": 0,
                "extras": 0,
                "total": 0
              }
            },
            {
              "batter": "S Pradhan",
              "bowler": "Mohammed Asghar",
              "non_striker": "DS Gurung",
              "runs": {
                "batter": 4,
                "extras": 0,
                "total": 4
              }
            },
            {
              "batter": "S Pradhan",
              "bowler": "Mohammed Asghar",
              "non_striker": "DS Gurung",
              "runs": {
                "batter": 0,
                "extras": 0,
                "total": 0
              }
            },
            {
              "batter": "S Pradhan",
              "bowler": "Mohammed Asghar",
              "non_striker": "DS Gurung",
              "runs": {
                "batter": 0,
                "extras": 0,
                "total": 0
              }
            },
            {
              "batter": "S Pradhan",
              "bowler": "Mohammed Asghar",
              "non_striker": "DS Gurung",
              "runs": {
                "batter": 0,
                "extras": 0,
                "total": 0
              }
            },
            {
              "batter": "S Pradhan",
              "bowler": "Mohammed Asghar",
              "non_striker": "DS Gurung",
              "runs": {
                "batter": 0,
                "extras": 0,
                "total": 0
              }
            }
          ]
        },
        {
          "over": 9,
          "deliveries": [
            {
              "batter": "DS Gurung",
              "bowler": "Haroon Shahid",
              "non_striker": "S Pradhan",
              "runs": {
                "batter": 0,
                "extras": 0,
                "total": 0
              }
            },
            {
              "batter": "DS Gurung",
              "bowler": "Haroon Shahid",
              "non_striker": "S Pradhan",
              "runs": {
                "batter": 1,
                "extras": 0,
                "total": 1
              }
            },
            {
              "batter": "S Pradhan",
              "bowler": "Haroon Shahid",
              "non_striker": "DS Gurung",
              "runs": {
                "batter": 0,
                "extras": 0,
                "total": 0
              }
            },
            {
              "batter": "S Pradhan",
              "bowler": "Haroon Shahid",
              "non_striker": "DS Gurung",
              "runs": {
                "batter": 0,
                "extras": 0,
                "total": 0
              }
            },
            {
              "batter": "S Pradhan",
              "bowler": "Haroon Shahid",
              "non_striker": "DS Gurung",
              "runs": {
                "batter": 0,
                "extras": 0,
                "total": 0
              }
            },
            {
              "batter": "S Pradhan",
              "bowler": "Haroon Shahid",
              "non_striker": "DS Gurung",
              "runs": {
                "batter": 0,
                "extras": 0,
                "total": 0
              }
            }
          ]
        },
        {
          "over": 10,
          "deliveries": [
            {
              "batter": "DS Gurung",
              "bowler": "Mohammed Asghar",
              "non_striker": "S Pradhan",
              "runs": {
                "batter": 0,
                "extras": 0,
                "total": 0
              }
            },
            {
              "batter": "DS Gurung",
              "bowler": "Mohammed Asghar",
              "non_striker": "S Pradhan",
              "runs": {
                "batter": 0,
                "extras": 0,
                "total": 0
              }
            },
            {
              "batter": "DS Gurung",
              "bowler": "Mohammed Asghar",
              "non_striker": "S Pradhan",
              "runs": {
                "batter": 0,
                "extras": 0,
                "total": 0
              }
            },
            {
              "batter": "DS Gurung",
              "bowler": "Mohammed Asghar",
              "non_striker": "S Pradhan",
              "runs": {
                "batter": 2,
                "extras": 0,
                "total": 2
              }
            },
            {
              "batter": "DS Gurung",
              "bowler": "Mohammed Asghar",
              "non_striker": "S Pradhan",
              "runs": {
                "batter": 0,
                "extras": 0,
                "total": 0
              }
            },
            {
              "batter": "DS Gurung",
              "bowler": "Mohammed Asghar",
              "non_striker": "S Pradhan",
              "runs": {
                "batter": 1,
                "extras": 0,
                "total": 1
              }
            }
          ]
        },
        {
          "over": 11,
          "deliveries": [
            {
              "batter": "DS Gurung",
              "bowler": "Haroon Shahid",
              "non_striker": "S Pradhan",
              "runs": {
                "batter": 0,
                "extras": 0,
                "total": 0
              }
            },
            {
              "batter": "DS Gurung",
              "bowler": "Haroon Shahid",
              "non_striker": "S Pradhan",
              "runs": {
                "batter": 1,
                "extras": 0,
                "total": 1
              }
            },
            {
              "batter": "S Pradhan",
              "bowler": "Haroon Shahid",
              "non_striker": "DS Gurung",
              "runs": {
                "batter": 4,
                "extras": 0,
                "total": 4
              }
            },
            {
              "batter": "S Pradhan",
              "bowler": "Haroon Shahid",
              "non_striker": "DS Gurung",
              "runs": {
                "batter": 4,
                "extras": 0,
                "total": 4
              }
            },
            {
              "batter": "S Pradhan",
              "bowler": "Haroon Shahid",
              "non_striker": "DS Gurung",
              "runs": {
                "batter": 0,
                "extras": 0,
                "total": 0
              }
            },
            {
              "batter": "S Pradhan",
              "bowler": "Haroon Shahid",
              "non_striker": "DS Gurung",
              "runs": {
                "batter": 0,
                "extras": 0,
                "total": 0
              }
            }
          ]
        },
        {
          "over": 12,
          "deliveries": [
            {
              "batter": "DS Gurung",
              "bowler": "Mohammed Asghar",
              "non_striker": "S Pradhan",
              "runs": {
                "batter": 0,
                "extras": 0,
                "total": 0
              }
            },
            {
              "batter": "DS Gurung",
              "bowler": "Mohammed Asghar",
              "non_striker": "S Pradhan",
              "runs": {
                "batter": 0,
                "extras": 0,
                "total": 0
              }
            },
            {
              "batter": "DS Gurung",
              "bowler": "Mohammed Asghar",
              "non_striker": "S Pradhan",
              "runs": {
                "batter": 0,
                "extras": 0,
                "total": 0
              }
            },
            {
              "batter": "DS Gurung",
              "bowler": "Mohammed Asghar",
              "non_striker": "S Pradhan",
              "runs": {
                "batter": 0,
                "extras": 0,
                "total": 0
              }
            },
            {
              "batter": "DS Gurung",
              "bowler": "Mohammed Asghar",
              "non_striker": "S Pradhan",
              "runs": {
                "batter": 0,
                "extras": 0,
                "total": 0
              }
            },
            {
              "batter": "DS Gurung",
              "bowler": "Mohammed Asghar",
              "non_striker": "S Pradhan",
              "runs": {
                "batter": 0,
                "extras": 0,
                "total": 0
              }
            }
          ]
        },
        {
          "over": 13,
          "deliveries": [
            {
              "batter": "S Pradhan",
              "bowler": "Muhammad Kashif",
              "non_striker": "DS Gurung",
              "runs": {
                "batter": 2,
                "extras": 0,
                "total": 2
              }
            },
            {
              "batter": "S Pradhan",
              "bowler": "Muhammad Kashif",
              "non_striker": "DS Gurung",
              "runs": {
                "batter": 6,
                "extras": 0,
                "total": 6
              }
            },
            {
              "batter": "S Pradhan",
              "bowler": "Muhammad Kashif",
              "non_striker": "DS Gurung",
              "runs": {
                "batter": 2,
                "extras": 0,
                "total": 2
              }
            },
            {
              "batter": "S Pradhan",
              "bowler": "Muhammad Kashif",
              "non_striker": "DS Gurung",
              "runs": {
                "batter": 1,
                "extras": 0,
                "total": 1
              }
            },
            {
              "batter": "DS Gurung",
              "bowler": "Muhammad Kashif",
              "non_striker": "S Pradhan",
              "runs": {
                "batter": 1,
                "extras": 0,
                "total": 1
              }
            },
            {
              "batter": "S Pradhan",
              "bowler": "Muhammad Kashif",
              "non_striker": "DS Gurung",
              "runs": {
                "batter": 2,
                "extras": 0,
                "total": 2
              }
            }
          ]
        },
        {
          "over": 14,
          "deliveries": [
            {
              "batter": "DS Gurung",
              "bowler": "Mohammed Asghar",
              "non_striker": "S Pradhan",
              "runs": {
                "batter": 0,
                "extras": 0,
                "total": 0
              }
            },
            {
              "batter": "DS Gurung",
              "bowler": "Mohammed Asghar",
              "non_striker": "S Pradhan",
              "runs": {
                "batter": 0,
                "extras": 0,
                "total": 0
              }
            },
            {
              "batter": "DS Gurung",
              "bowler": "Mohammed Asghar",
              "non_striker": "S Pradhan",
              "runs": {
                "batter": 0,
                "extras": 0,
                "total": 0
              }
            },
            {
              "batter": "DS Gurung",
              "bowler": "Mohammed Asghar",
              "non_striker": "S Pradhan",
              "runs": {
                "batter": 0,
                "extras": 0,
                "total": 0
              }
            },
            {
              "batter": "DS Gurung",
              "bowler": "Mohammed Asghar",
              "non_striker": "S Pradhan",
              "runs": {
                "batter": 0,
                "extras": 0,
                "total": 0
              }
            },
            {
              "batter": "DS Gurung",
              "bowler": "Mohammed Asghar",
              "non_striker": "S Pradhan",
              "runs": {
                "batter": 0,
                "extras": 0,
                "total": 0
              }
            }
          ]
        },
        {
          "over": 15,
          "deliveries": [
            {
              "batter": "S Pradhan",
              "bowler": "Muhammad Kashif",
              "extras": {
                "wides": 2
              },
              "non_striker": "DS Gurung",
              "runs": {
                "batter": 0,
                "extras": 2,
                "total": 2
              }
            },
            {
              "batter": "DS Gurung",
              "bowler": "Muhammad Kashif",
              "non_striker": "S Pradhan",
              "runs": {
                "batter": 1,
                "extras": 0,
                "total": 1
              }
            },
            {
              "batter": "S Pradhan",
              "bowler": "Muhammad Kashif",
              "non_striker": "DS Gurung",
              "runs": {
                "batter": 2,
                "extras": 0,
                "total": 2
              }
            },
            {
              "batter": "S Pradhan",
              "bowler": "Muhammad Kashif",
              "non_striker": "DS Gurung",
              "runs": {
                "batter": 0,
                "extras": 0,
                "total": 0
              }
            },
            {
              "batter": "S Pradhan",
              "bowler": "Muhammad Kashif",
              "non_striker": "DS Gurung",
              "runs": {
                "batter": 0,
                "extras": 0,
                "total": 0
              }
            },
            {
              "batter": "S Pradhan",
              "bowler": "Muhammad Kashif",
              "non_striker": "DS Gurung",
              "runs": {
                "batter": 0,
                "extras": 0,
                "total": 0
              }
            },
            {
              "batter": "S Pradhan",
              "bowler": "Muhammad Kashif",
              "non_striker": "DS Gurung",
              "runs": {
                "batter": 0,
                "extras": 0,
                "total": 0
              },
              "wickets": [
                {
                  "player_out": "S Pradhan",
                  "fielders": [
                    {
                      "name": "Mohammed Ghulam"
                    }
                  ],
                  "kind": "stumped"
                }
              ]
            }
          ]
        },
        {
          "over": 16,
          "deliveries": [
            {
              "batter": "DS Gurung",
              "bowler": "Haroon Shahid",
              "non_striker": "K Norbu",
              "runs": {
                "batter": 0,
                "extras": 0,
                "total": 0
              }
            },
            {
              "batter": "DS Gurung",
              "bowler": "Haroon Shahid",
              "non_striker": "K Norbu",
              "runs": {
                "batter": 0,
                "extras": 0,
                "total": 0
              }
            },
            {
              "batter": "DS Gurung",
              "bowler": "Haroon Shahid",
              "non_striker": "K Norbu",
              "runs": {
                "batter": 0,
                "extras": 0,
                "total": 0
              }
            },
            {
              "batter": "DS Gurung",
              "bowler": "Haroon Shahid",
              "non_striker": "K Norbu",
              "runs": {
                "batter": 4,
                "extras": 0,
                "total": 4
              }
            },
            {
              "batter": "DS Gurung",
              "bowler": "Haroon Shahid",
              "extras": {
                "wides": 1
              },
              "non_striker": "K Norbu",
              "runs": {
                "batter": 0,
                "extras": 1,
                "total": 1
              }
            },
            {
              "batter": "DS Gurung",
              "bowler": "Haroon Shahid",
              "non_striker": "K Norbu",
              "runs": {
                "batter": 0,
                "extras": 0,
                "total": 0
              }
            },
            {
              "batter": "DS Gurung",
              "bowler": "Haroon Shahid",
              "non_striker": "K Norbu",
              "runs": {
                "batter": 0,
                "extras": 0,
                "total": 0
              }
            }
          ]
        },
        {
          "over": 17,
          "deliveries": [
            {
              "batter": "K Norbu",
              "bowler": "Muhammad Kashif",
              "extras": {
                "wides": 1
              },
              "non_striker": "DS Gurung",
              "runs": {
                "batter": 0,
                "extras": 1,
                "total": 1
              }
            },
            {
              "batter": "K Norbu",
              "bowler": "Muhammad Kashif",
              "non_striker": "DS Gurung",
              "runs": {
                "batter": 1,
                "extras": 0,
                "total": 1
              }
            },
            {
              "batter": "DS Gurung",
              "bowler": "Muhammad Kashif",
              "non_striker": "K Norbu",
              "runs": {
                "batter": 0,
                "extras": 0,
                "total": 0
              }
            },
            {
              "batter": "DS Gurung",
              "bowler": "Muhammad Kashif",
              "non_striker": "K Norbu",
              "runs": {
                "batter": 0,
                "extras": 0,
                "total": 0
              }
            },
            {
              "batter": "DS Gurung",
              "bowler": "Muhammad Kashif",
              "non_striker": "K Norbu",
              "runs": {
                "batter": 0,
                "extras": 0,
                "total": 0
              }
            },
            {
              "batter": "DS Gurung",
              "bowler": "Muhammad Kashif",
              "non_striker": "K Norbu",
              "runs": {
                "batter": 0,
                "extras": 0,
                "total": 0
              }
            },
            {
              "batter": "DS Gurung",
              "bowler": "Muhammad Kashif",
              "non_striker": "K Norbu",
              "runs": {
                "batter": 0,
                "extras": 0,
                "total": 0
              }
            }
          ]
        },
        {
          "over": 18,
          "deliveries": [
            {
              "batter": "K Norbu",
              "bowler": "Abdullah Ghulam",
              "non_striker": "DS Gurung",
              "runs": {
                "batter": 0,
                "extras": 0,
                "total": 0
              }
            },
            {
              "batter": "K Norbu",
              "bowler": "Abdullah Ghulam",
              "non_striker": "DS Gurung",
              "runs": {
                "batter": 0,
                "extras": 0,
                "total": 0
              },
              "wickets": [
                {
                  "player_out": "K Norbu",
                  "kind": "lbw"
                }
              ]
            },
            {
              "batter": "T Wangchuk",
              "bowler": "Abdullah Ghulam",
              "non_striker": "DS Gurung",
              "runs": {
                "batter": 0,
                "extras": 0,
                "total": 0
              }
            },
            {
              "batter": "T Wangchuk",
              "bowler": "Abdullah Ghulam",
              "non_striker": "DS Gurung",
              "runs": {
                "batter": 0,
                "extras": 0,
                "total": 0
              },
              "wickets": [
                {
                  "player_out": "T Wangchuk",
                  "fielders": [
                    {
                      "name": "Ali Zaheer"
                    }
                  ],
                  "kind": "caught"
                }
              ]
            },
            {
              "batter": "T Singye",
              "bowler": "Abdullah Ghulam",
              "non_striker": "DS Gurung",
              "runs": {
                "batter": 0,
                "extras": 0,
                "total": 0
              }
            },
            {
              "batter": "T Singye",
              "bowler": "Abdullah Ghulam",
              "non_striker": "DS Gurung",
              "runs": {
                "batter": 0,
                "extras": 0,
                "total": 0
              }
            }
          ]
        },
        {
          "over": 19,
          "deliveries": [
            {
              "batter": "DS Gurung",
              "bowler": "Haroon Shahid",
              "non_striker": "T Singye",
              "runs": {
                "batter": 0,
                "extras": 0,
                "total": 0
              }
            },
            {
              "batter": "DS Gurung",
              "bowler": "Haroon Shahid",
              "non_striker": "T Singye",
              "runs": {
                "batter": 0,
                "extras": 0,
                "total": 0
              }
            },
            {
              "batter": "DS Gurung",
              "bowler": "Haroon Shahid",
              "non_striker": "T Singye",
              "runs": {
                "batter": 1,
                "extras": 0,
                "total": 1
              }
            },
            {
              "batter": "T Singye",
              "bowler": "Haroon Shahid",
              "non_striker": "DS Gurung",
              "runs": {
                "batter": 0,
                "extras": 0,
                "total": 0
              }
            },
            {
              "batter": "T Singye",
              "bowler": "Haroon Shahid",
              "non_striker": "DS Gurung",
              "runs": {
                "batter": 0,
                "extras": 0,
                "total": 0
              }
            },
            {
              "batter": "T Singye",
              "bowler": "Haroon Shahid",
              "non_striker": "DS Gurung",
              "runs": {
                "batter": 0,
                "extras": 0,
                "total": 0
              }
            }
          ]
        },
        {
          "over": 20,
          "deliveries": [
            {
              "batter": "DS Gurung",
              "bowler": "Bastaki Fahad",
              "non_striker": "T Singye",
              "runs": {
                "batter": 0,
                "extras": 0,
                "total": 0
              }
            },
            {
              "batter": "DS Gurung",
              "bowler": "Bastaki Fahad",
              "non_striker": "T Singye",
              "runs": {
                "batter": 0,
                "extras": 0,
                "total": 0
              }
            },
            {
              "batter": "DS Gurung",
              "bowler": "Bastaki Fahad",
              "non_striker": "T Singye",
              "runs": {
                "batter": 1,
                "extras": 0,
                "total": 1
              }
            },
            {
              "batter": "T Singye",
              "bowler": "Bastaki Fahad",
              "extras": {
                "wides": 3
              },
              "non_striker": "DS Gurung",
              "runs": {
                "batter": 0,
                "extras": 3,
                "total": 3
              }
            },
            {
              "batter": "T Singye",
              "bowler": "Bastaki Fahad",
              "non_striker": "DS Gurung",
              "runs": {
                "batter": 0,
                "extras": 0,
                "total": 0
              }
            },
            {
              "batter": "T Singye",
              "bowler": "Bastaki Fahad",
              "non_striker": "DS Gurung",
              "runs": {
                "batter": 0,
                "extras": 0,
                "total": 0
              }
            },
            {
              "batter": "T Singye",
              "bowler": "Bastaki Fahad",
              "non_striker": "DS Gurung",
              "runs": {
                "batter": 0,
                "extras": 0,
                "total": 0
              }
            }
          ]
        },
        {
          "over": 21,
          "deliveries": [
            {
              "batter": "DS Gurung",
              "bowler": "Adnan Idrees",
              "non_striker": "T Singye",
              "runs": {
                "batter": 6,
                "extras": 0,
                "total": 6
              }
            },
            {
              "batter": "DS Gurung",
              "bowler": "Adnan Idrees",
              "extras": {
                "wides": 1
              },
              "non_striker": "T Singye",
              "runs": {
                "batter": 0,
                "extras": 1,
                "total": 1
              }
            },
            {
              "batter": "DS Gurung",
              "bowler": "Adnan Idrees",
              "non_striker": "T Singye",
              "runs": {
                "batter": 0,
                "extras": 0,
                "total": 0
              }
            },
            {
              "batter": "DS Gurung",
              "bowler": "Adnan Idrees",
              "non_striker": "T Singye",
              "runs": {
                "batter": 1,
                "extras": 0,
                "total": 1
              }
            },
            {
              "batter": "T Singye",
              "bowler": "Adnan Idrees",
              "non_striker": "DS Gurung",
              "runs": {
                "batter": 1,
                "extras": 0,
                "total": 1
              }
            },
            {
              "batter": "DS Gurung",
              "bowler": "Adnan Idrees",
              "non_striker": "T Singye",
              "runs": {
                "batter": 4,
                "extras": 0,
                "total": 4
              }
            },
            {
              "batter": "DS Gurung",
              "bowler": "Adnan Idrees",
              "non_striker": "T Singye",
              "runs": {
                "batter": 0,
                "extras": 0,
                "total": 0
              }
            }
          ]
        },
        {
          "over": 22,
          "deliveries": [
            {
              "batter": "T Singye",
              "bowler": "Bastaki Fahad",
              "non_striker": "DS Gurung",
              "runs": {
                "batter": 0,
                "extras": 0,
                "total": 0
              }
            },
            {
              "batter": "T Singye",
              "bowler": "Bastaki Fahad",
              "non_striker": "DS Gurung",
              "runs": {
                "batter": 1,
                "extras": 0,
                "total": 1
              }
            },
            {
              "batter": "DS Gurung",
              "bowler": "Bastaki Fahad",
              "non_striker": "T Singye",
              "runs": {
                "batter": 0,
                "extras": 0,
                "total": 0
              }
            },
            {
              "batter": "DS Gurung",
              "bowler": "Bastaki Fahad",
              "extras": {
                "byes": 2
              },
              "non_striker": "T Singye",
              "runs": {
                "batter": 0,
                "extras": 2,
                "total": 2
              }
            },
            {
              "batter": "DS Gurung",
              "bowler": "Bastaki Fahad",
              "non_striker": "T Singye",
              "runs": {
                "batter": 1,
                "extras": 0,
                "total": 1
              }
            },
            {
              "batter": "T Singye",
              "bowler": "Bastaki Fahad",
              "non_striker": "DS Gurung",
              "runs": {
                "batter": 1,
                "extras": 0,
                "total": 1
              }
            }
          ]
        },
        {
          "over": 23,
          "deliveries": [
            {
              "batter": "T Singye",
              "bowler": "Abdullah Ghulam",
              "non_striker": "DS Gurung",
              "runs": {
                "batter": 0,
                "extras": 0,
                "total": 0
              }
            },
            {
              "batter": "T Singye",
              "bowler": "Abdullah Ghulam",
              "non_striker": "DS Gurung",
              "runs": {
                "batter": 1,
                "extras": 0,
                "total": 1
              }
            },
            {
              "batter": "DS Gurung",
              "bowler": "Abdullah Ghulam",
              "non_striker": "T Singye",
              "runs": {
                "batter": 0,
                "extras": 0,
                "total": 0
              },
              "wickets": [
                {
                  "player_out": "DS Gurung",
                  "fielders": [
                    {
                      "name": "Adnan Idrees"
                    }
                  ],
                  "kind": "caught"
                }
              ]
            },
            {
              "batter": "K Ghalley",
              "bowler": "Abdullah Ghulam",
              "non_striker": "T Singye",
              "runs": {
                "batter": 4,
                "extras": 0,
                "total": 4
              }
            },
            {
              "batter": "K Ghalley",
              "bowler": "Abdullah Ghulam",
              "non_striker": "T Singye",
              "runs": {
                "batter": 0,
                "extras": 0,
                "total": 0
              }
            },
            {
              "batter": "K Ghalley",
              "bowler": "Abdullah Ghulam",
              "non_striker": "T Singye",
              "runs": {
                "batter": 2,
                "extras": 0,
                "total": 2
              }
            }
          ]
        }
      ],
      "powerplays": [
        {
          "from": 0.1,
          "to": 4.6,
          "type": "mandatory"
        },
        {
          "from": 5.1,
          "to": 18.6,
          "type": "mandatory"
        },
        {
          "from": 19.1,
          "to": 23.6,
          "type": "mandatory"
        }
      ],
      "target": {
        "overs": 24,
        "runs": 180
      }
    }
  ]
}