{
  "meta": {
    "data_version": "1.0.0",
    "created": "2017-04-09",
    "revision": 1
  },
  "info": {
    "balls_per_over": 6,
    "city": "Benoni",
    "dates": [
      "2017-04-08"
    ],
    "event": {
      "match_number": 5,
      "name": "ICC World Cricket League Africa Region Qualifiers"
    },
    "gender": "male",
    "match_type": "ODM",
    "officials": {
      "match_referees": [
        "D Govindjee"
      ],
      "reserve_umpires": [
        "D Odhiambo"
      ],
      "umpires": [
        "F Ekalunga",
        "IO Oyieko"
      ]
    },
    "outcome": {
      "by": {
        "wickets": 4
      },
      "winner": "Ghana"
    },
    "overs": 50,
    "player_of_match": [
      "G Bakiweyem"
    ],
    "players": {
      "Ghana": [
        "F Baleri",
        "S Ateak",
        "PK Ananya",
        "SK Awiah",
        "MK Anafie",
        "JH Mensah",
        "IKO Aboagye",
        "DNA Ankrah",
        "G Bakiweyem",
        "V Ateak",
        "M Aboagye"
      ],
      "Nigeria": [
        "AJ Ayannaike",
        "O Olaleye",
        "U Friday",
        "Azeez Salako",
        "OJ Bejide",
        "CN Onwuzulike",
        "JO Adedeji",
        "OA Olympio",
        "IO Okpe",
        "A Mene-Ejegi",
        "AS Abioye"
      ]
    },
    "registry": {
      "people": {
        "A Mene-Ejegi": "e4f13acd",
        "AJ Ayannaike": "f74b682b",
        "AS Abioye": "51e0e79f",
        "Azeez Salako": "2765b981",
        "CN Onwuzulike": "715dbf27",
        "D Govindjee": "8b4c4069",
        "D Odhiambo": "45994517",
        "DNA Ankrah": "c6614fc0",
        "F Baleri": "6efdad14",
        "F Ekalunga": "b1c9d04c",
        "G Bakiweyem": "5fe3709e",
        "IKO Aboagye": "98614193",
        "IO Okpe": "1c5c3dce",
        "IO Oyieko": "de4828fa",
        "JH Mensah": "d701081f",
        "JO Adedeji": "abee08c7",
        "M Aboagye": "afe8ff08",
        "MK Anafie": "6949f713",
        "O Olaleye": "811785d2",
        "OA Olympio": "0c8e89cc",
        "OJ Bejide": "687e9b96",
        "PK Ananya": "bc69a6d3",
        "S Ateak": "a8529363",
        "SK Awiah": "bc3fc527",
        "U Friday": "30d16066",
        "V Ateak": "65a60be7"
      }
    },
    "season": 2017,
    "team_type": "international",
    "teams": [
      "Ghana",
      "Nigeria"
    ],
    "toss": {
      "decision": "field",
      "winner": "Ghana"
    },
    "venue": "Willowmoore Park B Field"
  },
  "innings": [
    {
      "team": "Nigeria",
      "overs": [
        {
          "over": 0,
          "deliveries": [
            {
              "batter": "AJ Ayannaike",
              "bowler": "V Ateak",
              "non_striker": "O Olaleye",
              "runs": {
                "batter": 0,
                "extras": 0,
                "total": 0
              }
            },
            {
              "batter": "AJ Ayannaike",
              "bowler": "V Ateak",
              "non_striker": "O Olaleye",
              "runs": {
                "batter": 0,
                "extras": 0,
                "total": 0
              }
            },
            {
              "batter": "AJ Ayannaike",
              "bowler": "V Ateak",
              "non_striker": "O Olaleye",
              "runs": {
                "batter": 0,
                "extras": 0,
                "total": 0
              }
            },
            {
              "batter": "AJ Ayannaike",
              "bowler": "V Ateak",
              "non_striker": "O Olaleye",
              "runs": {
                "batter": 0,
                "extras": 0,
                "total": 0
              }
            },
            {
              "batter": "AJ Ayannaike",
              "bowler": "V Ateak",
              "non_striker": "O Olaleye",
              "runs": {
                "batter": 0,
                "extras": 0,
                "total": 0
              }
            },
            {
              "batter": "AJ Ayannaike",
              "bowler": "V Ateak",
              "non_striker": "O Olaleye",
              "runs": {
                "batter": 0,
                "extras": 0,
                "total": 0
              }
            }
          ]
        },
        {
          "over": 1,
          "deliveries": [
            {
              "batter": "O Olaleye",
              "bowler": "G Bakiweyem",
              "non_striker": "AJ Ayannaike",
              "runs": {
                "batter": 1,
                "extras": 0,
                "total": 1
              }
            },
            {
              "batter": "AJ Ayannaike",
              "bowler": "G Bakiweyem",
              "non_striker": "O Olaleye",
              "runs": {
                "batter": 0,
                "extras": 0,
                "total": 0
              }
            },
            {
              "batter": "AJ Ayannaike",
              "bowler": "G Bakiweyem",
              "non_striker": "O Olaleye",
              "runs": {
                "batter": 0,
                "extras": 0,
                "total": 0
              }
            },
            {
              "batter": "AJ Ayannaike",
              "bowler": "G Bakiweyem",
              "non_striker": "O Olaleye",
              "runs": {
                "batter": 0,
                "extras": 0,
                "total": 0
              }
            },
            {
              "batter": "AJ Ayannaike",
              "bowler": "G Bakiweyem",
              "non_striker": "O Olaleye",
              "runs": {
                "batter": 1,
                "extras": 0,
                "total": 1
              }
            },
            {
              "batter": "O Olaleye",
              "bowler": "G Bakiweyem",
              "non_striker": "AJ Ayannaike",
              "runs": {
                "batter": 1,
                "extras": 0,
                "total": 1
              }
            }
          ]
        },
        {
          "over": 2,
          "deliveries": [
            {
              "batter": "O Olaleye",
              "bowler": "V Ateak",
              "non_striker": "AJ Ayannaike",
              "runs": {
                "batter": 0,
                "extras": 0,
                "total": 0
              }
            },
            {
              "batter": "O Olaleye",
              "bowler": "V Ateak",
              "non_striker": "AJ Ayannaike",
              "runs": {
                "batter": 0,
                "extras": 0,
                "total": 0
              }
            },
            {
              "batter": "O Olaleye",
              "bowler": "V Ateak",
              "non_striker": "AJ Ayannaike",
              "runs": {
                "batter": 0,
                "extras": 0,
                "total": 0
              }
            },
            {
              "batter": "O Olaleye",
              "bowler": "V Ateak",
              "non_striker": "AJ Ayannaike",
              "runs": {
                "batter": 0,
                "extras": 0,
                "total": 0
              }
            },
            {
              "batter": "O Olaleye",
              "bowler": "V Ateak",
              "non_striker": "AJ Ayannaike",
              "runs": {
                "batter": 0,
                "extras": 0,
                "total": 0
              }
            },
            {
              "batter": "O Olaleye",
              "bowler": "V Ateak",
              "non_striker": "AJ Ayannaike",
              "runs": {
                "batter": 0,
                "extras": 0,
                "total": 0
              }
            }
          ]
        },
        {
          "over": 3,
          "deliveries": [
            {
              "batter": "AJ Ayannaike",
              "bowler": "G Bakiweyem",
              "non_striker": "O Olaleye",
              "runs": {
                "batter": 0,
                "extras": 0,
                "total": 0
              }
            },
            {
              "batter": "AJ Ayannaike",
              "bowler": "G Bakiweyem",
              "non_striker": "O Olaleye",
              "runs": {
                "batter": 0,
                "extras": 0,
                "total": 0
              }
            },
            {
              "batter": "AJ Ayannaike",
              "bowler": "G Bakiweyem",
              "non_striker": "O Olaleye",
              "runs": {
                "batter": 0,
                "extras": 0,
                "total": 0
              }
            },
            {
              "batter": "AJ Ayannaike",
              "bowler": "G Bakiweyem",
              "non_striker": "O Olaleye",
              "runs": {
                "batter": 0,
                "extras": 0,
                "total": 0
              }
            },
            {
              "batter": "AJ Ayannaike",
              "bowler": "G Bakiweyem",
              "non_striker": "O Olaleye",
              "runs": {
                "batter": 1,
                "extras": 0,
                "total": 1
              }
            },
            {
              "batter": "O Olaleye",
              "bowler": "G Bakiweyem",
              "non_striker": "AJ Ayannaike",
              "runs": {
                "batter": 0,
                "extras": 0,
                "total": 0
              }
            }
          ]
        },
        {
          "over": 4,
          "deliveries": [
            {
              "batter": "AJ Ayannaike",
              "bowler": "V Ateak",
              "non_striker": "O Olaleye",
              "runs": {
                "batter": 0,
                "extras": 0,
                "total": 0
              }
            },
            {
              "batter": "AJ Ayannaike",
              "bowler": "V Ateak",
              "non_striker": "O Olaleye",
              "runs": {
                "batter": 0,
                "extras": 0,
                "total": 0
              }
            },
            {
              "batter": "AJ Ayannaike",
              "bowler": "V Ateak",
              "non_striker": "O Olaleye",
              "runs": {
                "batter": 0,
                "extras": 0,
                "total": 0
              }
            },
            {
              "batter": "AJ Ayannaike",
              "bowler": "V Ateak",
              "non_striker": "O Olaleye",
              "runs": {
                "batter": 0,
                "extras": 0,
                "total": 0
              }
            },
            {
              "batter": "AJ Ayannaike",
              "bowler": "V Ateak",
              "non_striker": "O Olaleye",
              "runs": {
                "batter": 0,
                "extras": 0,
                "total": 0
              }
            },
            {
              "batter": "AJ Ayannaike",
              "bowler": "V Ateak",
              "non_striker": "O Olaleye",
              "runs": {
                "batter": 2,
                "extras": 0,
                "total": 2
              }
            }
          ]
        },
        {
          "over": 5,
          "deliveries": [
            {
              "batter": "O Olaleye",
              "bowler": "G Bakiweyem",
              "non_striker": "AJ Ayannaike",
              "runs": {
                "batter": 0,
                "extras": 0,
                "total": 0
              }
            },
            {
              "batter": "O Olaleye",
              "bowler": "G Bakiweyem",
              "non_striker": "AJ Ayannaike",
              "runs": {
                "batter": 0,
                "extras": 0,
                "total": 0
              }
            },
            {
              "batter": "O Olaleye",
              "bowler": "G Bakiweyem",
              "non_striker": "AJ Ayannaike",
              "runs": {
                "batter": 0,
                "extras": 0,
                "total": 0
              }
            },
            {
              "batter": "O Olaleye",
              "bowler": "G Bakiweyem",
              "non_striker": "AJ Ayannaike",
              "runs": {
                "batter": 0,
                "extras": 0,
                "total": 0
              }
            },
            {
              "batter": "O Olaleye",
              "bowler": "G Bakiweyem",
              "non_striker": "AJ Ayannaike",
              "runs": {
                "batter": 0,
                "extras": 0,
                "total": 0
              }
            },
            {
              "batter": "O Olaleye",
              "bowler": "G Bakiweyem",
              "non_striker": "AJ Ayannaike",
              "runs": {
                "batter": 0,
                "extras": 0,
                "total": 0
              }
            }
          ]
        },
        {
          "over": 6,
          "deliveries": [
            {
              "batter": "AJ Ayannaike",
              "bowler": "V Ateak",
              "non_striker": "O Olaleye",
              "runs": {
                "batter": 0,
                "extras": 0,
                "total": 0
              }
            },
            {
              "batter": "AJ Ayannaike",
              "bowler": "V Ateak",
              "non_striker": "O Olaleye",
              "runs": {
                "batter": 0,
                "extras": 0,
                "total": 0
              }
            },
            {
              "batter": "AJ Ayannaike",
              "bowler": "V Ateak",
              "non_striker": "O Olaleye",
              "runs": {
                "batter": 0,
                "extras": 0,
                "total": 0
              }
            },
            {
              "batter": "AJ Ayannaike",
              "bowler": "V Ateak",
              "non_striker": "O Olaleye",
              "runs": {
                "batter": 1,
                "extras": 0,
                "total": 1
              }
            },
            {
              "batter": "O Olaleye",
              "bowler": "V Ateak",
              "non_striker": "AJ Ayannaike",
              "runs": {
                "batter": 0,
                "extras": 0,
                "total": 0
              }
            },
            {
              "batter": "O Olaleye",
              "bowler": "V Ateak",
              "non_striker": "AJ Ayannaike",
              "runs": {
                "batter": 0,
                "extras": 0,
                "total": 0
              }
            }
          ]
        },
        {
          "over": 7,
          "deliveries": [
            {
              "batter": "AJ Ayannaike",
              "bowler": "G Bakiweyem",
              "non_striker": "O Olaleye",
              "runs": {
                "batter": 0,
                "extras": 0,
                "total": 0
              }
            },
            {
              "batter": "AJ Ayannaike",
              "bowler": "G Bakiweyem",
              "non_striker": "O Olaleye",
              "runs": {
                "batter": 0,
                "extras": 0,
                "total": 0
              }
            },
            {
              "batter": "AJ Ayannaike",
              "bowler": "G Bakiweyem",
              "extras": {
                "legbyes": 2
              },
              "non_striker": "O Olaleye",
              "runs": {
                "batter": 0,
                "extras": 2,
                "total": 2
              }
            },
            {
              "batter": "AJ Ayannaike",
              "bowler": "G Bakiweyem",
              "non_striker": "O Olaleye",
              "runs": {
                "batter": 0,
                "extras": 0,
                "total": 0
              }
            },
            {
              "batter": "AJ Ayannaike",
              "bowler": "G Bakiweyem",
              "non_striker": "O Olaleye",
              "runs": {
                "batter": 1,
                "extras": 0,
                "total": 1
              }
            },
            {
              "batter": "O Olaleye",
              "bowler": "G Bakiweyem",
              "non_striker": "AJ Ayannaike",
              "runs": {
                "batter": 0,
                "extras": 0,
                "total": 0
              }
            }
          ]
        },
        {
          "over": 8,
          "deliveries": [
            {
              "batter": "AJ Ayannaike",
              "bowler": "V Ateak",
              "non_striker": "O Olaleye",
              "runs": {
                "batter": 0,
                "extras": 0,
                "total": 0
              }
            },
            {
              "batter": "AJ Ayannaike",
              "bowler": "V Ateak",
              "non_striker": "O Olaleye",
              "runs": {
                "batter": 0,
                "extras": 0,
                "total": 0
              },
              "wickets": [
                {
                  "kind": "bowled",
                  "player_out": "AJ Ayannaike"
                }
              ]
            },
            {
              "batter": "U Friday",
              "bowler": "V Ateak",
              "extras": {
                "byes": 1
              },
              "non_striker": "O Olaleye",
              "runs": {
                "batter": 0,
                "extras": 1,
                "total": 1
              }
            },
            {
              "batter": "O Olaleye",
              "bowler": "V Ateak",
              "non_striker": "U Friday",
              "runs": {
                "batter": 0,
                "extras": 0,
                "total": 0
              }
            },
            {
              "batter": "O Olaleye",
              "bowler": "V Ateak",
              "non_striker": "U Friday",
              "runs": {
                "batter": 1,
                "extras": 0,
                "total": 1
              }
            },
            {
              "batter": "U Friday",
              "bowler": "V Ateak",
              "non_striker": "O Olaleye",
              "runs": {
                "batter": 0,
                "extras": 0,
                "total": 0
              }
            }
          ]
        },
        {
          "over": 9,
          "deliveries": [
            {
              "batter": "O Olaleye",
              "bowler": "G Bakiweyem",
              "non_striker": "U Friday",
              "runs": {
                "batter": 0,
                "extras": 0,
                "total": 0
              }
            },
            {
              "batter": "O Olaleye",
              "bowler": "G Bakiweyem",
              "non_striker": "U Friday",
              "runs": {
                "batter": 0,
                "extras": 0,
                "total": 0
              }
            },
            {
              "batter": "O Olaleye",
              "bowler": "G Bakiweyem",
              "non_striker": "U Friday",
              "runs": {
                "batter": 0,
                "extras": 0,
                "total": 0
              }
            },
            {
              "batter": "O Olaleye",
              "bowler": "G Bakiweyem",
              "non_striker": "U Friday",
              "runs": {
                "batter": 0,
                "extras": 0,
                "total": 0
              }
            },
            {
              "batter": "O Olaleye",
              "bowler": "G Bakiweyem",
              "non_striker": "U Friday",
              "runs": {
                "batter": 0,
                "extras": 0,
                "total": 0
              },
              "wickets": [
                {
                  "kind": "lbw",
                  "player_out": "O Olaleye"
                }
              ]
            },
            {
              "batter": "Azeez Salako",
              "bowler": "G Bakiweyem",
              "non_striker": "U Friday",
              "runs": {
                "batter": 0,
                "extras": 0,
                "total": 0
              }
            }
          ]
        },
        {
          "over": 10,
          "deliveries": [
            {
              "batter": "U Friday",
              "bowler": "V Ateak",
              "non_striker": "Azeez Salako",
              "runs": {
                "batter": 0,
                "extras": 0,
                "total": 0
              }
            },
            {
              "batter": "U Friday",
              "bowler": "V Ateak",
              "non_striker": "Azeez Salako",
              "runs": {
                "batter": 0,
                "extras": 0,
                "total": 0
              }
            },
            {
              "batter": "U Friday",
              "bowler": "V Ateak",
              "non_striker": "Azeez Salako",
              "runs": {
                "batter": 0,
                "extras": 0,
                "total": 0
              }
            },
            {
              "batter": "U Friday",
              "bowler": "V Ateak",
              "non_striker": "Azeez Salako",
              "runs": {
                "batter": 0,
                "extras": 0,
                "total": 0
              }
            },
            {
              "batter": "U Friday",
              "bowler": "V Ateak",
              "non_striker": "Azeez Salako",
              "runs": {
                "batter": 0,
                "extras": 0,
                "total": 0
              }
            },
            {
              "batter": "U Friday",
              "bowler": "V Ateak",
              "non_striker": "Azeez Salako",
              "runs": {
                "batter": 0,
                "extras": 0,
                "total": 0
              }
            }
          ]
        },
        {
          "over": 11,
          "deliveries": [
            {
              "batter": "Azeez Salako",
              "bowler": "G Bakiweyem",
              "non_striker": "U Friday",
              "runs": {
                "batter": 1,
                "extras": 0,
                "total": 1
              }
            },
            {
              "batter": "U Friday",
              "bowler": "G Bakiweyem",
              "extras": {
                "wides": 1
              },
              "non_striker": "Azeez Salako",
              "runs": {
                "batter": 0,
                "extras": 1,
                "total": 1
              }
            },
            {
              "batter": "U Friday",
              "bowler": "G Bakiweyem",
              "non_striker": "Azeez Salako",
              "runs": {
                "batter": 0,
                "extras": 0,
                "total": 0
              },
              "wickets": [
                {
                  "kind": "bowled",
                  "player_out": "U Friday"
                }
              ]
            },
            {
              "batter": "OJ Bejide",
              "bowler": "G Bakiweyem",
              "non_striker": "Azeez Salako",
              "runs": {
                "batter": 0,
                "extras": 0,
                "total": 0
              }
            },
            {
              "batter": "OJ Bejide",
              "bowler": "G Bakiweyem",
              "non_striker": "Azeez Salako",
              "runs": {
                "batter": 0,
                "extras": 0,
                "total": 0
              }
            },
            {
              "batter": "OJ Bejide",
              "bowler": "G Bakiweyem",
              "non_striker": "Azeez Salako",
              "runs": {
                "batter": 0,
                "extras": 0,
                "total": 0
              },
              "wickets": [
                {
                  "kind": "bowled",
                  "player_out": "OJ Bejide"
                }
              ]
            },
            {
              "batter": "CN Onwuzulike",
              "bowler": "G Bakiweyem",
              "non_striker": "Azeez Salako",
              "runs": {
                "batter": 0,
                "extras": 0,
                "total": 0
              }
            }
          ]
        },
        {
          "over": 12,
          "deliveries": [
            {
              "batter": "Azeez Salako",
              "bowler": "V Ateak",
              "non_striker": "CN Onwuzulike",
              "runs": {
                "batter": 0,
                "extras": 0,
                "total": 0
              }
            },
            {
              "batter": "Azeez Salako",
              "bowler": "V Ateak",
              "non_striker": "CN Onwuzulike",
              "runs": {
                "batter": 0,
                "extras": 0,
                "total": 0
              }
            },
            {
              "batter": "Azeez Salako",
              "bowler": "V Ateak",
              "non_striker": "CN Onwuzulike",
              "runs": {
                "batter": 1,
                "extras": 0,
                "total": 1
              }
            },
            {
              "batter": "CN Onwuzulike",
              "bowler": "V Ateak",
              "non_striker": "Azeez Salako",
              "runs": {
                "batter": 0,
                "extras": 0,
                "total": 0
              }
            },
            {
              "batter": "CN Onwuzulike",
              "bowler": "V Ateak",
              "non_striker": "Azeez Salako",
              "runs": {
                "batter": 0,
                "extras": 0,
                "total": 0
              }
            },
            {
              "batter": "CN Onwuzulike",
              "bowler": "V Ateak",
              "non_striker": "Azeez Salako",
              "runs": {
                "batter": 4,
                "extras": 0,
                "total": 4
              }
            }
          ]
        },
        {
          "over": 13,
          "deliveries": [
            {
              "batter": "Azeez Salako",
              "bowler": "G Bakiweyem",
              "non_striker": "CN Onwuzulike",
              "runs": {
                "batter": 1,
                "extras": 0,
                "total": 1
              }
            },
            {
              "batter": "CN Onwuzulike",
              "bowler": "G Bakiweyem",
              "non_striker": "Azeez Salako",
              "runs": {
                "batter": 1,
                "extras": 0,
                "total": 1
              }
            },
            {
              "batter": "Azeez Salako",
              "bowler": "G Bakiweyem",
              "non_striker": "CN Onwuzulike",
              "runs": {
                "batter": 0,
                "extras": 0,
                "total": 0
              }
            },
            {
              "batter": "Azeez Salako",
              "bowler": "G Bakiweyem",
              "non_striker": "CN Onwuzulike",
              "runs": {
                "batter": 1,
                "extras": 0,
                "total": 1
              }
            },
            {
              "batter": "CN Onwuzulike",
              "bowler": "G Bakiweyem",
              "non_striker": "Azeez Salako",
              "runs": {
                "batter": 0,
                "extras": 0,
                "total": 0
              }
            },
            {
              "batter": "CN Onwuzulike",
              "bowler": "G Bakiweyem",
              "non_striker": "Azeez Salako",
              "runs": {
                "batter": 2,
                "extras": 0,
                "total": 2
              }
            }
          ]
        },
        {
          "over": 14,
          "deliveries": [
            {
              "batter": "Azeez Salako",
              "bowler": "IKO Aboagye",
              "non_striker": "CN Onwuzulike",
              "runs": {
                "batter": 0,
                "extras": 0,
                "total": 0
              }
            },
            {
              "batter": "Azeez Salako",
              "bowler": "IKO Aboagye",
              "non_striker": "CN Onwuzulike",
              "runs": {
                "batter": 1,
                "extras": 0,
                "total": 1
              }
            },
            {
              "batter": "CN Onwuzulike",
              "bowler": "IKO Aboagye",
              "non_striker": "Azeez Salako",
              "runs": {
                "batter": 0,
                "extras": 0,
                "total": 0
              },
              "wickets": [
                {
                  "kind": "caught and bowled",
                  "player_out": "CN Onwuzulike"
                }
              ]
            },
            {
              "batter": "JO Adedeji",
              "bowler": "IKO Aboagye",
              "non_striker": "Azeez Salako",
              "runs": {
                "batter": 0,
                "extras": 0,
                "total": 0
              }
            },
            {
              "batter": "JO Adedeji",
              "bowler": "IKO Aboagye",
              "non_striker": "Azeez Salako",
              "runs": {
                "batter": 1,
                "extras": 0,
                "total": 1
              }
            },
            {
              "batter": "Azeez Salako",
              "bowler": "IKO Aboagye",
              "non_striker": "JO Adedeji",
              "runs": {
                "batter": 2,
                "extras": 0,
                "total": 2
              }
            }
          ]
        },
        {
          "over": 15,
          "deliveries": [
            {
              "batter": "JO Adedeji",
              "bowler": "DNA Ankrah",
              "extras": {
                "wides": 1
              },
              "non_striker": "Azeez Salako",
              "runs": {
                "batter": 0,
                "extras": 1,
                "total": 1
              }
            },
            {
              "batter": "JO Adedeji",
              "bowler": "DNA Ankrah",
              "non_striker": "Azeez Salako",
              "runs": {
                "batter": 0,
                "extras": 0,
                "total": 0
              }
            },
            {
              "batter": "JO Adedeji",
              "bowler": "DNA Ankrah",
              "non_striker": "Azeez Salako",
              "runs": {
                "batter": 0,
                "extras": 0,
                "total": 0
              }
            },
            {
              "batter": "JO Adedeji",
              "bowler": "DNA Ankrah",
              "non_striker": "Azeez Salako",
              "runs": {
                "batter": 0,
                "extras": 0,
                "total": 0
              }
            },
            {
              "batter": "JO Adedeji",
              "bowler": "DNA Ankrah",
              "non_striker": "Azeez Salako",
              "runs": {
                "batter": 0,
                "extras": 0,
                "total": 0
              }
            },
            {
              "batter": "JO Adedeji",
              "bowler": "DNA Ankrah",
              "non_striker": "Azeez Salako",
              "runs": {
                "batter": 0,
                "extras": 0,
                "total": 0
              }
            },
            {
              "batter": "JO Adedeji",
              "bowler": "DNA Ankrah",
              "extras": {
                "wides": 1
              },
              "non_striker": "Azeez Salako",
              "runs": {
                "batter": 0,
                "extras": 1,
                "total": 1
              }
            },
            {
              "batter": "JO Adedeji",
              "bowler": "DNA Ankrah",
              "non_striker": "Azeez Salako",
              "runs": {
                "batter": 0,
                "extras": 0,
                "total": 0
              }
            }
          ]
        },
        {
          "over": 16,
          "deliveries": [
            {
              "batter": "Azeez Salako",
              "bowler": "IKO Aboagye",
              "non_striker": "JO Adedeji",
              "runs": {
                "batter": 0,
                "extras": 0,
                "total": 0
              }
            },
            {
              "batter": "Azeez Salako",
              "bowler": "IKO Aboagye",
              "non_striker": "JO Adedeji",
              "runs": {
                "batter": 0,
                "extras": 0,
                "total": 0
              }
            },
            {
              "batter": "Azeez Salako",
              "bowler": "IKO Aboagye",
              "non_striker": "JO Adedeji",
              "runs": {
                "batter": 1,
                "extras": 0,
                "total": 1
              }
            },
            {
              "batter": "JO Adedeji",
              "bowler": "IKO Aboagye",
              "non_striker": "Azeez Salako",
              "runs": {
                "batter": 0,
                "extras": 0,
                "total": 0
              }
            },
            {
              "batter": "JO Adedeji",
              "bowler": "IKO Aboagye",
              "non_striker": "Azeez Salako",
              "runs": {
                "batter": 0,
                "extras": 0,
                "total": 0
              }
            },
            {
              "batter": "JO Adedeji",
              "bowler": "IKO Aboagye",
              "non_striker": "Azeez Salako",
              "runs": {
                "batter": 0,
                "extras": 0,
                "total": 0
              }
            }
          ]
        },
        {
          "over": 17,
          "deliveries": [
            {
              "batter": "Azeez Salako",
              "bowler": "DNA Ankrah",
              "non_striker": "JO Adedeji",
              "runs": {
                "batter": 0,
                "extras": 0,
                "total": 0
              }
            },
            {
              "batter": "Azeez Salako",
              "bowler": "DNA Ankrah",
              "non_striker": "JO Adedeji",
              "runs": {
                "batter": 0,
                "extras": 0,
                "total": 0
              }
            },
            {
              "batter": "Azeez Salako",
              "bowler": "DNA Ankrah",
              "non_striker": "JO Adedeji",
              "runs": {
                "batter": 0,
                "extras": 0,
                "total": 0
              }
            },
            {
              "batter": "Azeez Salako",
              "bowler": "DNA Ankrah",
              "non_striker": "JO Adedeji",
              "runs": {
                "batter": 0,
                "extras": 0,
                "total": 0
              }
            },
            {
              "batter": "Azeez Salako",
              "bowler": "DNA Ankrah",
              "non_striker": "JO Adedeji",
              "runs": {
                "batter": 0,
                "extras": 0,
                "total": 0
              }
            },
            {
              "batter": "Azeez Salako",
              "bowler": "DNA Ankrah",
              "non_striker": "JO Adedeji",
              "runs": {
                "batter": 0,
                "extras": 0,
                "total": 0
              }
            }
          ]
        },
        {
          "over": 18,
          "deliveries": [
            {
              "batter": "JO Adedeji",
              "bowler": "IKO Aboagye",
              "non_striker": "Azeez Salako",
              "runs": {
                "batter": 0,
                "extras": 0,
                "total": 0
              }
            },
            {
              "batter": "JO Adedeji",
              "bowler": "IKO Aboagye",
              "non_striker": "Azeez Salako",
              "runs": {
                "batter": 0,
                "extras": 0,
                "total": 0
              }
            },
            {
              "batter": "JO Adedeji",
              "bowler": "IKO Aboagye",
              "non_striker": "Azeez Salako",
              "runs": {
                "batter": 0,
                "extras": 0,
                "total": 0
              }
            },
            {
              "batter": "JO Adedeji",
              "bowler": "IKO Aboagye",
              "non_striker": "Azeez Salako",
              "runs": {
                "batter": 0,
                "extras": 0,
                "total": 0
              }
            },
            {
              "batter": "JO Adedeji",
              "bowler": "IKO Aboagye",
              "non_striker": "Azeez Salako",
              "runs": {
                "batter": 0,
                "extras": 0,
                "total": 0
              }
            },
            {
              "batter": "JO Adedeji",
              "bowler": "IKO Aboagye",
              "non_striker": "Azeez Salako",
              "runs": {
                "batter": 0,
                "extras": 0,
                "total": 0
              }
            }
          ]
        },
        {
          "over": 19,
          "deliveries": [
            {
              "batter": "Azeez Salako",
              "bowler": "DNA Ankrah",
              "non_striker": "JO Adedeji",
              "runs": {
                "batter": 0,
                "extras": 0,
                "total": 0
              },
              "wickets": [
                {
                  "kind": "caught",
                  "player_out": "Azeez Salako",
                  "fielders": [
                    {
                      "name": "F Baleri"
                    }
                  ]
                }
              ]
            },
            {
              "batter": "OA Olympio",
              "bowler": "DNA Ankrah",
              "non_striker": "JO Adedeji",
              "runs": {
                "batter": 0,
                "extras": 0,
                "total": 0
              }
            },
            {
              "batter": "OA Olympio",
              "bowler": "DNA Ankrah",
              "non_striker": "JO Adedeji",
              "runs": {
                "batter": 0,
                "extras": 0,
                "total": 0
              }
            },
            {
              "batter": "OA Olympio",
              "bowler": "DNA Ankrah",
              "non_striker": "JO Adedeji",
              "runs": {
                "batter": 0,
                "extras": 0,
                "total": 0
              }
            },
            {
              "batter": "OA Olympio",
              "bowler": "DNA Ankrah",
              "non_striker": "JO Adedeji",
              "runs": {
                "batter": 0,
                "extras": 0,
                "total": 0
              }
            },
            {
              "batter": "OA Olympio",
              "bowler": "DNA Ankrah",
              "non_striker": "JO Adedeji",
              "runs": {
                "batter": 0,
                "extras": 0,
                "total": 0
              }
            }
          ]
        },
        {
          "over": 20,
          "deliveries": [
            {
              "batter": "JO Adedeji",
              "bowler": "IKO Aboagye",
              "non_striker": "OA Olympio",
              "runs": {
                "batter": 0,
                "extras": 0,
                "total": 0
              }
            },
            {
              "batter": "JO Adedeji",
              "bowler": "IKO Aboagye",
              "non_striker": "OA Olympio",
              "runs": {
                "batter": 0,
                "extras": 0,
                "total": 0
              }
            },
            {
              "batter": "JO Adedeji",
              "bowler": "IKO Aboagye",
              "non_striker": "OA Olympio",
              "runs": {
                "batter": 0,
                "extras": 0,
                "total": 0
              }
            },
            {
              "batter": "JO Adedeji",
              "bowler": "IKO Aboagye",
              "non_striker": "OA Olympio",
              "runs": {
                "batter": 0,
                "extras": 0,
                "total": 0
              }
            },
            {
              "batter": "JO Adedeji",
              "bowler": "IKO Aboagye",
              "non_striker": "OA Olympio",
              "runs": {
                "batter": 0,
                "extras": 0,
                "total": 0
              }
            },
            {
              "batter": "JO Adedeji",
              "bowler": "IKO Aboagye",
              "non_striker": "OA Olympio",
              "runs": {
                "batter": 0,
                "extras": 0,
                "total": 0
              }
            }
          ]
        },
        {
          "over": 21,
          "deliveries": [
            {
              "batter": "OA Olympio",
              "bowler": "DNA Ankrah",
              "non_striker": "JO Adedeji",
              "runs": {
                "batter": 0,
                "extras": 0,
                "total": 0
              }
            },
            {
              "batter": "OA Olympio",
              "bowler": "DNA Ankrah",
              "non_striker": "JO Adedeji",
              "runs": {
                "batter": 0,
                "extras": 0,
                "total": 0
              }
            },
            {
              "batter": "OA Olympio",
              "bowler": "DNA Ankrah",
              "non_striker": "JO Adedeji",
              "runs": {
                "batter": 0,
                "extras": 0,
                "total": 0
              }
            },
            {
              "batter": "OA Olympio",
              "bowler": "DNA Ankrah",
              "non_striker": "JO Adedeji",
              "runs": {
                "batter": 0,
                "extras": 0,
                "total": 0
              }
            },
            {
              "batter": "OA Olympio",
              "bowler": "DNA Ankrah",
              "non_striker": "JO Adedeji",
              "runs": {
                "batter": 0,
                "extras": 0,
                "total": 0
              }
            },
            {
              "batter": "OA Olympio",
              "bowler": "DNA Ankrah",
              "non_striker": "JO Adedeji",
              "runs": {
                "batter": 0,
                "extras": 0,
                "total": 0
              }
            }
          ]
        },
        {
          "over": 22,
          "deliveries": [
            {
              "batter": "JO Adedeji",
              "bowler": "IKO Aboagye",
              "non_striker": "OA Olympio",
              "runs": {
                "batter": 0,
                "extras": 0,
                "total": 0
              }
            },
            {
              "batter": "JO Adedeji",
              "bowler": "IKO Aboagye",
              "non_striker": "OA Olympio",
              "runs": {
                "batter": 3,
                "extras": 0,
                "total": 3
              }
            },
            {
              "batter": "OA Olympio",
              "bowler": "IKO Aboagye",
              "non_striker": "JO Adedeji",
              "runs": {
                "batter": 0,
                "extras": 0,
                "total": 0
              }
            },
            {
              "batter": "OA Olympio",
              "bowler": "IKO Aboagye",
              "non_striker": "JO Adedeji",
              "runs": {
                "batter": 4,
                "extras": 0,
                "total": 4
              }
            },
            {
              "batter": "OA Olympio",
              "bowler": "IKO Aboagye",
              "non_striker": "JO Adedeji",
              "runs": {
                "batter": 0,
                "extras": 0,
                "total": 0
              }
            },
            {
              "batter": "OA Olympio",
              "bowler": "IKO Aboagye",
              "non_striker": "JO Adedeji",
              "runs": {
                "batter": 0,
                "extras": 0,
                "total": 0
              }
            }
          ]
        },
        {
          "over": 23,
          "deliveries": [
            {
              "batter": "JO Adedeji",
              "bowler": "DNA Ankrah",
              "non_striker": "OA Olympio",
              "runs": {
                "batter": 1,
                "extras": 0,
                "total": 1
              }
            },
            {
              "batter": "OA Olympio",
              "bowler": "DNA Ankrah",
              "non_striker": "JO Adedeji",
              "runs": {
                "batter": 0,
                "extras": 0,
                "total": 0
              }
            },
            {
              "batter": "OA Olympio",
              "bowler": "DNA Ankrah",
              "non_striker": "JO Adedeji",
              "runs": {
                "batter": 2,
                "extras": 0,
                "total": 2
              }
            },
            {
              "batter": "OA Olympio",
              "bowler": "DNA Ankrah",
              "non_striker": "JO Adedeji",
              "runs": {
                "batter": 0,
                "extras": 0,
                "total": 0
              }
            },
            {
              "batter": "OA Olympio",
              "bowler": "DNA Ankrah",
              "non_striker": "JO Adedeji",
              "runs": {
                "batter": 0,
                "extras": 0,
                "total": 0
              },
              "wickets": [
                {
                  "kind": "bowled",
                  "player_out": "OA Olympio"
                }
              ]
            },
            {
              "batter": "IO Okpe",
              "bowler": "DNA Ankrah",
              "non_striker": "JO Adedeji",
              "runs": {
                "batter": 0,
                "extras": 0,
                "total": 0
              }
            }
          ]
        },
        {
          "over": 24,
          "deliveries": [
            {
              "batter": "JO Adedeji",
              "bowler": "V Ateak",
              "non_striker": "IO Okpe",
              "runs": {
                "batter": 0,
                "extras": 0,
                "total": 0
              }
            },
            {
              "batter": "JO Adedeji",
              "bowler": "V Ateak",
              "non_striker": "IO Okpe",
              "runs": {
                "batter": 0,
                "extras": 0,
                "total": 0
              }
            },
            {
              "batter": "JO Adedeji",
              "bowler": "V Ateak",
              "non_striker": "IO Okpe",
              "runs": {
                "batter": 0,
                "extras": 0,
                "total": 0
              }
            },
            {
              "batter": "JO Adedeji",
              "bowler": "V Ateak",
              "non_striker": "IO Okpe",
              "runs": {
                "batter": 1,
                "extras": 0,
                "total": 1
              }
            },
            {
              "batter": "IO Okpe",
              "bowler": "V Ateak",
              "non_striker": "JO Adedeji",
              "runs": {
                "batter": 0,
                "extras": 0,
                "total": 0
              }
            },
            {
              "batter": "IO Okpe",
              "bowler": "V Ateak",
              "non_striker": "JO Adedeji",
              "runs": {
                "batter": 0,
                "extras": 0,
                "total": 0
              }
            }
          ]
        },
        {
          "over": 25,
          "deliveries": [
            {
              "batter": "JO Adedeji",
              "bowler": "DNA Ankrah",
              "non_striker": "IO Okpe",
              "runs": {
                "batter": 0,
                "extras": 0,
                "total": 0
              },
              "wickets": [
                {
                  "kind": "caught",
                  "player_out": "JO Adedeji",
                  "fielders": [
                    {
                      "name": "F Baleri"
                    }
                  ]
                }
              ]
            },
            {
              "batter": "A Mene-Ejegi",
              "bowler": "DNA Ankrah",
              "non_striker": "IO Okpe",
              "runs": {
                "batter": 0,
                "extras": 0,
                "total": 0
              }
            },
            {
              "batter": "A Mene-Ejegi",
              "bowler": "DNA Ankrah",
              "non_striker": "IO Okpe",
              "runs": {
                "batter": 0,
                "extras": 0,
                "total": 0
              }
            },
            {
              "batter": "A Mene-Ejegi",
              "bowler": "DNA Ankrah",
              "non_striker": "IO Okpe",
              "runs": {
                "batter": 0,
                "extras": 0,
                "total": 0
              }
            },
            {
              "batter": "A Mene-Ejegi",
              "bowler": "DNA Ankrah",
              "non_striker": "IO Okpe",
              "runs": {
                "batter": 0,
                "extras": 0,
                "total": 0
              }
            },
            {
              "batter": "A Mene-Ejegi",
              "bowler": "DNA Ankrah",
              "extras": {
                "wides": 1
              },
              "non_striker": "IO Okpe",
              "runs": {
                "batter": 0,
                "extras": 1,
                "total": 1
              }
            },
            {
              "batter": "A Mene-Ejegi",
              "bowler": "DNA Ankrah",
              "non_striker": "IO Okpe",
              "runs": {
                "batter": 2,
                "extras": 0,
                "total": 2
              }
            }
          ]
        },
        {
          "over": 26,
          "deliveries": [
            {
              "batter": "IO Okpe",
              "bowler": "V Ateak",
              "non_striker": "A Mene-Ejegi",
              "runs": {
                "batter": 0,
                "extras": 0,
                "total": 0
              }
            },
            {
              "batter": "IO Okpe",
              "bowler": "V Ateak",
              "non_striker": "A Mene-Ejegi",
              "runs": {
                "batter": 0,
                "extras": 0,
                "total": 0
              }
            },
            {
              "batter": "IO Okpe",
              "bowler": "V Ateak",
              "non_striker": "A Mene-Ejegi",
              "runs": {
                "batter": 0,
                "extras": 0,
                "total": 0
              }
            },
            {
              "batter": "IO Okpe",
              "bowler": "V Ateak",
              "non_striker": "A Mene-Ejegi",
              "runs": {
                "batter": 0,
                "extras": 0,
                "total": 0
              }
            },
            {
              "batter": "IO Okpe",
              "bowler": "V Ateak",
              "non_striker": "A Mene-Ejegi",
              "runs": {
                "batter": 1,
                "extras": 0,
                "total": 1
              }
            },
            {
              "batter": "A Mene-Ejegi",
              "bowler": "V Ateak",
              "non_striker": "IO Okpe",
              "runs": {
                "batter": 0,
                "extras": 0,
                "total": 0
              }
            }
          ]
        },
        {
          "over": 27,
          "deliveries": [
            {
              "batter": "IO Okpe",
              "bowler": "G Bakiweyem",
              "non_striker": "A Mene-Ejegi",
              "runs": {
                "batter": 3,
                "extras": 0,
                "total": 3
              }
            },
            {
              "batter": "A Mene-Ejegi",
              "bowler": "G Bakiweyem",
              "non_striker": "IO Okpe",
              "runs": {
                "batter": 1,
                "extras": 0,
                "total": 1
              }
            },
            {
              "batter": "IO Okpe",
              "bowler": "G Bakiweyem",
              "non_striker": "A Mene-Ejegi",
              "runs": {
                "batter": 0,
                "extras": 0,
                "total": 0
              },
              "wickets": [
                {
                  "kind": "caught",
                  "player_out": "IO Okpe",
                  "fielders": [
                    {
                      "name": "F Baleri"
                    }
                  ]
                }
              ]
            },
            {
              "batter": "AS Abioye",
              "bowler": "G Bakiweyem",
              "non_striker": "A Mene-Ejegi",
              "runs": {
                "batter": 0,
                "extras": 0,
                "total": 0
              }
            },
            {
              "batter": "AS Abioye",
              "bowler": "G Bakiweyem",
              "non_striker": "A Mene-Ejegi",
              "runs": {
                "batter": 0,
                "extras": 0,
                "total": 0
              }
            },
            {
              "batter": "AS Abioye",
              "bowler": "G Bakiweyem",
              "non_striker": "A Mene-Ejegi",
              "runs": {
                "batter": 1,
                "extras": 0,
                "total": 1
              }
            }
          ]
        },
        {
          "over": 28,
          "deliveries": [
            {
              "batter": "AS Abioye",
              "bowler": "V Ateak",
              "non_striker": "A Mene-Ejegi",
              "runs": {
                "batter": 0,
                "extras": 0,
                "total": 0
              }
            },
            {
              "batter": "AS Abioye",
              "bowler": "V Ateak",
              "non_striker": "A Mene-Ejegi",
              "runs": {
                "batter": 0,
                "extras": 0,
                "total": 0
              }
            },
            {
              "batter": "AS Abioye",
              "bowler": "V Ateak",
              "non_striker": "A Mene-Ejegi",
              "runs": {
                "batter": 0,
                "extras": 0,
                "total": 0
              },
              "wickets": [
                {
                  "kind": "lbw",
                  "player_out": "AS Abioye"
                }
              ]
            }
          ]
        }
      ],
      "powerplays": [
        {
          "from": 0.1,
          "to": 9.6,
          "type": "mandatory"
        },
        {
          "from": 10.1,
          "to": 28.3,
          "type": "mandatory"
        }
      ]
    },
    {
      "team": "Ghana",
      "overs": [
        {
          "over": 0,
          "deliveries": [
            {
              "batter": "F Baleri",
              "bowler": "IO Okpe",
              "non_striker": "S Ateak",
              "runs": {
                "batter": 0,
                "extras": 0,
                "total": 0
              }
            },
            {
              "batter": "F Baleri",
              "bowler": "IO Okpe",
              "non_striker": "S Ateak",
              "runs": {
                "batter": 0,
                "extras": 0,
                "total": 0
              }
            },
            {
              "batter": "F Baleri",
              "bowler": "IO Okpe",
              "non_striker": "S Ateak",
              "runs": {
                "batter": 2,
                "extras": 0,
                "total": 2
              }
            },
            {
              "batter": "F Baleri",
              "bowler": "IO Okpe",
              "non_striker": "S Ateak",
              "runs": {
                "batter": 0,
                "extras": 0,
                "total": 0
              }
            },
            {
              "batter": "F Baleri",
              "bowler": "IO Okpe",
              "non_striker": "S Ateak",
              "runs": {
                "batter": 0,
                "extras": 0,
                "total": 0
              }
            },
            {
              "batter": "F Baleri",
              "bowler": "IO Okpe",
              "non_striker": "S Ateak",
              "runs": {
                "batter": 0,
                "extras": 0,
                "total": 0
              }
            }
          ]
        },
        {
          "over": 1,
          "deliveries": [
            {
              "batter": "S Ateak",
              "bowler": "A Mene-Ejegi",
              "non_striker": "F Baleri",
              "runs": {
                "batter": 1,
                "extras": 0,
                "total": 1
              }
            },
            {
              "batter": "F Baleri",
              "bowler": "A Mene-Ejegi",
              "non_striker": "S Ateak",
              "runs": {
                "batter": 1,
                "extras": 0,
                "total": 1
              }
            },
            {
              "batter": "S Ateak",
              "bowler": "A Mene-Ejegi",
              "non_striker": "F Baleri",
              "runs": {
                "batter": 0,
                "extras": 0,
                "total": 0
              }
            },
            {
              "batter": "S Ateak",
              "bowler": "A Mene-Ejegi",
              "extras": {
                "legbyes": 1
              },
              "non_striker": "F Baleri",
              "runs": {
                "batter": 0,
                "extras": 1,
                "total": 1
              }
            },
            {
              "batter": "F Baleri",
              "bowler": "A Mene-Ejegi",
              "non_striker": "S Ateak",
              "runs": {
                "batter": 0,
                "extras": 0,
                "total": 0
              }
            },
            {
              "batter": "F Baleri",
              "bowler": "A Mene-Ejegi",
              "non_striker": "S Ateak",
              "runs": {
                "batter": 0,
                "extras": 0,
                "total": 0
              }
            }
          ]
        },
        {
          "over": 2,
          "deliveries": [
            {
              "batter": "S Ateak",
              "bowler": "IO Okpe",
              "non_striker": "F Baleri",
              "runs": {
                "batter": 1,
                "extras": 0,
                "total": 1
              }
            },
            {
              "batter": "F Baleri",
              "bowler": "IO Okpe",
              "non_striker": "S Ateak",
              "runs": {
                "batter": 0,
                "extras": 0,
                "total": 0
              }
            },
            {
              "batter": "F Baleri",
              "bowler": "IO Okpe",
              "non_striker": "S Ateak",
              "runs": {
                "batter": 0,
                "extras": 0,
                "total": 0
              }
            },
            {
              "batter": "F Baleri",
              "bowler": "IO Okpe",
              "non_striker": "S Ateak",
              "runs": {
                "batter": 0,
                "extras": 0,
                "total": 0
              }
            },
            {
              "batter": "F Baleri",
              "bowler": "IO Okpe",
              "non_striker": "S Ateak",
              "runs": {
                "batter": 0,
                "extras": 0,
                "total": 0
              }
            },
            {
              "batter": "F Baleri",
              "bowler": "IO Okpe",
              "extras": {
                "noballs": 1
              },
              "non_striker": "S Ateak",
              "runs": {
                "batter": 0,
                "extras": 1,
                "total": 1
              }
            },
            {
              "batter": "F Baleri",
              "bowler": "IO Okpe",
              "non_striker": "S Ateak",
              "runs": {
                "batter": 0,
                "extras": 0,
                "total": 0
              }
            }
          ]
        },
        {
          "over": 3,
          "deliveries": [
            {
              "batter": "S Ateak",
              "bowler": "A Mene-Ejegi",
              "non_striker": "F Baleri",
              "runs": {
                "batter": 2,
                "extras": 0,
                "total": 2
              }
            },
            {
              "batter": "S Ateak",
              "bowler": "A Mene-Ejegi",
              "non_striker": "F Baleri",
              "runs": {
                "batter": 2,
                "extras": 0,
                "total": 2
              }
            },
            {
              "batter": "S Ateak",
              "bowler": "A Mene-Ejegi",
              "non_striker": "F Baleri",
              "runs": {
                "batter": 0,
                "extras": 0,
                "total": 0
              },
              "wickets": [
                {
                  "kind": "caught",
                  "player_out": "S Ateak",
                  "fielders": [
                    {
                      "name": "AJ Ayannaike"
                    }
                  ]
                }
              ]
            },
            {
              "batter": "PK Ananya",
              "bowler": "A Mene-Ejegi",
              "non_striker": "F Baleri",
              "runs": {
                "batter": 0,
                "extras": 0,
                "total": 0
              }
            },
            {
              "batter": "PK Ananya",
              "bowler": "A Mene-Ejegi",
              "non_striker": "F Baleri",
              "runs": {
                "batter": 0,
                "extras": 0,
                "total": 0
              }
            },
            {
              "batter": "PK Ananya",
              "bowler": "A Mene-Ejegi",
              "non_striker": "F Baleri",
              "runs": {
                "batter": 0,
                "extras": 0,
                "total": 0
              },
              "wickets": [
                {
                  "kind": "caught",
                  "player_out": "PK Ananya",
                  "fielders": [
                    {
                      "name": "OA Olympio"
                    }
                  ]
                }
              ]
            }
          ]
        },
        {
          "over": 4,
          "deliveries": [
            {
              "batter": "F Baleri",
              "bowler": "IO Okpe",
              "non_striker": "SK Awiah",
              "runs": {
                "batter": 4,
                "extras": 0,
                "total": 4
              }
            },
            {
              "batter": "F Baleri",
              "bowler": "IO Okpe",
              "non_striker": "SK Awiah",
              "runs": {
                "batter": 6,
                "extras": 0,
                "total": 6
              }
            },
            {
              "batter": "F Baleri",
              "bowler": "IO Okpe",
              "non_striker": "SK Awiah",
              "runs": {
                "batter": 1,
                "extras": 0,
                "total": 1
              }
            },
            {
              "batter": "SK Awiah",
              "bowler": "IO Okpe",
              "non_striker": "F Baleri",
              "runs": {
                "batter": 2,
                "extras": 0,
                "total": 2
              }
            },
            {
              "batter": "SK Awiah",
              "bowler": "IO Okpe",
              "non_striker": "F Baleri",
              "runs": {
                "batter": 0,
                "extras": 0,
                "total": 0
              }
            },
            {
              "batter": "SK Awiah",
              "bowler": "IO Okpe",
              "non_striker": "F Baleri",
              "runs": {
                "batter": 0,
                "extras": 0,
                "total": 0
              },
              "wickets": [
                {
                  "kind": "bowled",
                  "player_out": "SK Awiah"
                }
              ]
            }
          ]
        },
        {
          "over": 5,
          "deliveries": [
            {
              "batter": "F Baleri",
              "bowler": "A Mene-Ejegi",
              "non_striker": "MK Anafie",
              "runs": {
                "batter": 6,
                "extras": 0,
                "total": 6
              }
            },
            {
              "batter": "F Baleri",
              "bowler": "A Mene-Ejegi",
              "non_striker": "MK Anafie",
              "runs": {
                "batter": 0,
                "extras": 0,
                "total": 0
              }
            },
            {
              "batter": "F Baleri",
              "bowler": "A Mene-Ejegi",
              "non_striker": "MK Anafie",
              "runs": {
                "batter": 0,
                "extras": 0,
                "total": 0
              }
            },
            {
              "batter": "F Baleri",
              "bowler": "A Mene-Ejegi",
              "non_striker": "MK Anafie",
              "runs": {
                "batter": 0,
                "extras": 0,
                "total": 0
              }
            },
            {
              "batter": "F Baleri",
              "bowler": "A Mene-Ejegi",
              "non_striker": "MK Anafie",
              "runs": {
                "batter": 0,
                "extras": 0,
                "total": 0
              }
            },
            {
              "batter": "F Baleri",
              "bowler": "A Mene-Ejegi",
              "non_striker": "MK Anafie",
              "runs": {
                "batter": 0,
                "extras": 0,
                "total": 0
              }
            }
          ]
        },
        {
          "over": 6,
          "deliveries": [
            {
              "batter": "MK Anafie",
              "bowler": "IO Okpe",
              "non_striker": "F Baleri",
              "runs": {
                "batter": 0,
                "extras": 0,
                "total": 0
              }
            },
            {
              "batter": "MK Anafie",
              "bowler": "IO Okpe",
              "non_striker": "F Baleri",
              "runs": {
                "batter": 0,
                "extras": 0,
                "total": 0
              }
            },
            {
              "batter": "MK Anafie",
              "bowler": "IO Okpe",
              "non_striker": "F Baleri",
              "runs": {
                "batter": 0,
                "extras": 0,
                "total": 0
              }
            },
            {
              "batter": "MK Anafie",
              "bowler": "IO Okpe",
              "non_striker": "F Baleri",
              "runs": {
                "batter": 0,
                "extras": 0,
                "total": 0
              }
            },
            {
              "batter": "MK Anafie",
              "bowler": "IO Okpe",
              "extras": {
                "wides": 1
              },
              "non_striker": "F Baleri",
              "runs": {
                "batter": 0,
                "extras": 1,
                "total": 1
              }
            },
            {
              "batter": "MK Anafie",
              "bowler": "IO Okpe",
              "non_striker": "F Baleri",
              "runs": {
                "batter": 0,
                "extras": 0,
                "total": 0
              }
            },
            {
              "batter": "MK Anafie",
              "bowler": "IO Okpe",
              "non_striker": "F Baleri",
              "runs": {
                "batter": 0,
                "extras": 0,
                "total": 0
              }
            }
          ]
        },
        {
          "over": 7,
          "deliveries": [
            {
              "batter": "F Baleri",
              "bowler": "A Mene-Ejegi",
              "non_striker": "MK Anafie",
              "runs": {
                "batter": 0,
                "extras": 0,
                "total": 0
              }
            },
            {
              "batter": "F Baleri",
              "bowler": "A Mene-Ejegi",
              "non_striker": "MK Anafie",
              "runs": {
                "batter": 0,
                "extras": 0,
                "total": 0
              }
            },
            {
              "batter": "F Baleri",
              "bowler": "A Mene-Ejegi",
              "non_striker": "MK Anafie",
              "runs": {
                "batter": 0,
                "extras": 0,
                "total": 0
              }
            },
            {
              "batter": "F Baleri",
              "bowler": "A Mene-Ejegi",
              "non_striker": "MK Anafie",
              "runs": {
                "batter": 0,
                "extras": 0,
                "total": 0
              },
              "wickets": [
                {
                  "kind": "caught",
                  "player_out": "F Baleri",
                  "fielders": [
                    {
                      "name": "IO Okpe"
                    }
                  ]
                }
              ]
            },
            {
              "batter": "JH Mensah",
              "bowler": "A Mene-Ejegi",
              "non_striker": "MK Anafie",
              "runs": {
                "batter": 0,
                "extras": 0,
                "total": 0
              }
            },
            {
              "batter": "JH Mensah",
              "bowler": "A Mene-Ejegi",
              "non_striker": "MK Anafie",
              "runs": {
                "batter": 0,
                "extras": 0,
                "total": 0
              }
            }
          ]
        },
        {
          "over": 8,
          "deliveries": [
            {
              "batter": "MK Anafie",
              "bowler": "IO Okpe",
              "non_striker": "JH Mensah",
              "runs": {
                "batter": 0,
                "extras": 0,
                "total": 0
              }
            },
            {
              "batter": "MK Anafie",
              "bowler": "IO Okpe",
              "non_striker": "JH Mensah",
              "runs": {
                "batter": 0,
                "extras": 0,
                "total": 0
              }
            },
            {
              "batter": "MK Anafie",
              "bowler": "IO Okpe",
              "non_striker": "JH Mensah",
              "runs": {
                "batter": 0,
                "extras": 0,
                "total": 0
              }
            },
            {
              "batter": "MK Anafie",
              "bowler": "IO Okpe",
              "non_striker": "JH Mensah",
              "runs": {
                "batter": 0,
                "extras": 0,
                "total": 0
              }
            },
            {
              "batter": "MK Anafie",
              "bowler": "IO Okpe",
              "non_striker": "JH Mensah",
              "runs": {
                "batter": 2,
                "extras": 0,
                "total": 2
              }
            },
            {
              "batter": "MK Anafie",
              "bowler": "IO Okpe",
              "non_striker": "JH Mensah",
              "runs": {
                "batter": 0,
                "extras": 0,
                "total": 0
              }
            }
          ]
        },
        {
          "over": 9,
          "deliveries": [
            {
              "batter": "JH Mensah",
              "bowler": "A Mene-Ejegi",
              "non_striker": "MK Anafie",
              "runs": {
                "batter": 0,
                "extras": 0,
                "total": 0
              }
            },
            {
              "batter": "JH Mensah",
              "bowler": "A Mene-Ejegi",
              "extras": {
                "byes": 1
              },
              "non_striker": "MK Anafie",
              "runs": {
                "batter": 0,
                "extras": 1,
                "total": 1
              }
            },
            {
              "batter": "MK Anafie",
              "bowler": "A Mene-Ejegi",
              "non_striker": "JH Mensah",
              "runs": {
                "batter": 1,
                "extras": 0,
                "total": 1
              }
            },
            {
              "batter": "JH Mensah",
              "bowler": "A Mene-Ejegi",
              "non_striker": "MK Anafie",
              "runs": {
                "batter": 0,
                "extras": 0,
                "total": 0
              }
            },
            {
              "batter": "JH Mensah",
              "bowler": "A Mene-Ejegi",
              "non_striker": "MK Anafie",
              "runs": {
                "batter": 0,
                "extras": 0,
                "total": 0
              }
            },
            {
              "batter": "JH Mensah",
              "bowler": "A Mene-Ejegi",
              "non_striker": "MK Anafie",
              "runs": {
                "batter": 0,
                "extras": 0,
                "total": 0
              }
            }
          ]
        },
        {
          "over": 10,
          "deliveries": [
            {
              "batter": "MK Anafie",
              "bowler": "AS Abioye",
              "non_striker": "JH Mensah",
              "runs": {
                "batter": 0,
                "extras": 0,
                "total": 0
              }
            },
            {
              "batter": "MK Anafie",
              "bowler": "AS Abioye",
              "extras": {
                "legbyes": 1
              },
              "non_striker": "JH Mensah",
              "runs": {
                "batter": 0,
                "extras": 1,
                "total": 1
              }
            },
            {
              "batter": "JH Mensah",
              "bowler": "AS Abioye",
              "extras": {
                "wides": 1
              },
              "non_striker": "MK Anafie",
              "runs": {
                "batter": 0,
                "extras": 1,
                "total": 1
              }
            },
            {
              "batter": "JH Mensah",
              "bowler": "AS Abioye",
              "non_striker": "MK Anafie",
              "runs": {
                "batter": 0,
                "extras": 0,
                "total": 0
              },
              "wickets": [
                {
                  "kind": "caught",
                  "player_out": "JH Mensah",
                  "fielders": [
                    {
                      "name": "OA Olympio"
                    }
                  ]
                }
              ]
            },
            {
              "batter": "IKO Aboagye",
              "bowler": "AS Abioye",
              "non_striker": "MK Anafie",
              "runs": {
                "batter": 2,
                "extras": 0,
                "total": 2
              }
            },
            {
              "batter": "IKO Aboagye",
              "bowler": "AS Abioye",
              "non_striker": "MK Anafie",
              "runs": {
                "batter": 1,
                "extras": 0,
                "total": 1
              }
            },
            {
              "batter": "MK Anafie",
              "bowler": "AS Abioye",
              "non_striker": "IKO Aboagye",
              "runs": {
                "batter": 0,
                "extras": 0,
                "total": 0
              }
            }
          ]
        },
        {
          "over": 11,
          "deliveries": [
            {
              "batter": "IKO Aboagye",
              "bowler": "A Mene-Ejegi",
              "non_striker": "MK Anafie",
              "runs": {
                "batter": 0,
                "extras": 0,
                "total": 0
              }
            },
            {
              "batter": "IKO Aboagye",
              "bowler": "A Mene-Ejegi",
              "non_striker": "MK Anafie",
              "runs": {
                "batter": 0,
                "extras": 0,
                "total": 0
              }
            },
            {
              "batter": "IKO Aboagye",
              "bowler": "A Mene-Ejegi",
              "non_striker": "MK Anafie",
              "runs": {
                "batter": 0,
                "extras": 0,
                "total": 0
              }
            },
            {
              "batter": "IKO Aboagye",
              "bowler": "A Mene-Ejegi",
              "non_striker": "MK Anafie",
              "runs": {
                "batter": 1,
                "extras": 0,
                "total": 1
              }
            },
            {
              "batter": "MK Anafie",
              "bowler": "A Mene-Ejegi",
              "non_striker": "IKO Aboagye",
              "runs": {
                "batter": 0,
                "extras": 0,
                "total": 0
              }
            },
            {
              "batter": "MK Anafie",
              "bowler": "A Mene-Ejegi",
              "non_striker": "IKO Aboagye",
              "runs": {
                "batter": 0,
                "extras": 0,
                "total": 0
              },
              "wickets": [
                {
                  "kind": "lbw",
                  "player_out": "MK Anafie"
                }
              ]
            }
          ]
        },
        {
          "over": 12,
          "deliveries": [
            {
              "batter": "IKO Aboagye",
              "bowler": "AS Abioye",
              "extras": {
                "legbyes": 1
              },
              "non_striker": "DNA Ankrah",
              "runs": {
                "batter": 0,
                "extras": 1,
                "total": 1
              }
            },
            {
              "batter": "DNA Ankrah",
              "bowler": "AS Abioye",
              "non_striker": "IKO Aboagye",
              "runs": {
                "batter": 0,
                "extras": 0,
                "total": 0
              }
            },
            {
              "batter": "DNA Ankrah",
              "bowler": "AS Abioye",
              "non_striker": "IKO Aboagye",
              "runs": {
                "batter": 0,
                "extras": 0,
                "total": 0
              }
            },
            {
              "batter": "DNA Ankrah",
              "bowler": "AS Abioye",
              "extras": {
                "wides": 1
              },
              "non_striker": "IKO Aboagye",
              "runs": {
                "batter": 0,
                "extras": 1,
                "total": 1
              }
            },
            {
              "batter": "DNA Ankrah",
              "bowler": "AS Abioye",
              "non_striker": "IKO Aboagye",
              "runs": {
                "batter": 0,
                "extras": 0,
                "total": 0
              }
            },
            {
              "batter": "DNA Ankrah",
              "bowler": "AS Abioye",
              "non_striker": "IKO Aboagye",
              "runs": {
                "batter": 0,
                "extras": 0,
                "total": 0
              }
            },
            {
              "batter": "DNA Ankrah",
              "bowler": "AS Abioye",
              "non_striker": "IKO Aboagye",
              "runs": {
                "batter": 2,
                "extras": 0,
                "total": 2
              }
            }
          ]
        },
        {
          "over": 13,
          "deliveries": [
            {
              "batter": "IKO Aboagye",
              "bowler": "A Mene-Ejegi",
              "non_striker": "DNA Ankrah",
              "runs": {
                "batter": 0,
                "extras": 0,
                "total": 0
              }
            },
            {
              "batter": "IKO Aboagye",
              "bowler": "A Mene-Ejegi",
              "non_striker": "DNA Ankrah",
              "runs": {
                "batter": 0,
                "extras": 0,
                "total": 0
              }
            },
            {
              "batter": "IKO Aboagye",
              "bowler": "A Mene-Ejegi",
              "non_striker": "DNA Ankrah",
              "runs": {
                "batter": 0,
                "extras": 0,
                "total": 0
              }
            },
            {
              "batter": "IKO Aboagye",
              "bowler": "A Mene-Ejegi",
              "non_striker": "DNA Ankrah",
              "runs": {
                "batter": 6,
                "extras": 0,
                "total": 6
              }
            },
            {
              "batter": "IKO Aboagye",
              "bowler": "A Mene-Ejegi",
              "non_striker": "DNA Ankrah",
              "runs": {
                "batter": 1,
                "extras": 0,
                "total": 1
              }
            }
          ]
        }
      ],
      "powerplays": [
        {
          "from": 0.1,
          "to": 9.6,
          "type": "mandatory"
        },
        {
          "from": 10.1,
          "to": 13.5,
          "type": "mandatory"
        }
      ],
      "target": {
        "overs": 50,
        "runs": 52
      }
    }
  ]
}