{
  "meta": {
    "data_version": "1.0.0",
    "created": "2017-04-16",
    "revision": 1
  },
  "info": {
    "balls_per_over": 6,
    "city": "Benoni",
    "dates": [
      "2017-04-13",
      "2017-04-14"
    ],
    "event": {
      "match_number": 14,
      "name": "ICC World Cricket League Africa Region Qualifiers"
    },
    "gender": "male",
    "match_type": "ODM",
    "officials": {
      "match_referees": [
        "D Govindjee"
      ],
      "reserve_umpires": [
        "A Louw"
      ],
      "umpires": [
        "R D'Mello",
        "S George"
      ]
    },
    "outcome": {
      "result": "no result"
    },
    "overs": 50,
    "players": {
      "Botswana": [
        "R Mosweu",
        "Z Abbasi",
        "K Motlanka",
        "K Modise",
        "JWN Moses",
        "R Nehonde",
        "H Pragji",
        "T Tshose",
        "D Maisuria",
        "T Perera",
        "M Mooketsi"
      ],
      "Nigeria": [
        "Sulaimon Runsewe",
        "CM Akachukwu",
        "AJ Ayannaike",
        "OJ Bejide",
        "JO Adedeji",
        "Muhammad Hashim",
        "CN Onwuzulike",
        "OA Olympio",
        "IO Okpe",
        "A Mene-Ejegi",
        "AS Abioye"
      ]
    },
    "registry": {
      "people": {
        "A Louw": "5eecae5d",
        "A Mene-Ejegi": "e4f13acd",
        "AJ Ayannaike": "f74b682b",
        "AS Abioye": "51e0e79f",
        "CM Akachukwu": "e6581a17",
        "CN Onwuzulike": "715dbf27",
        "D Govindjee": "8b4c4069",
        "D Maisuria": "a96b36af",
        "H Pragji": "e28327c6",
        "IO Okpe": "1c5c3dce",
        "JO Adedeji": "abee08c7",
        "JWN Moses": "492c17f0",
        "K Modise": "b7f70e36",
        "K Motlanka": "21549344",
        "M Mooketsi": "008a024c",
        "Muhammad Hashim": "2adda76b",
        "OA Olympio": "0c8e89cc",
        "OJ Bejide": "687e9b96",
        "R D'Mello": "f3c22863",
        "R Mosweu": "a8236b69",
        "R Nehonde": "4393e047",
        "S George": "6d9e5a54",
        "Sulaimon Runsewe": "c25d26dc",
        "T Perera": "456397e5",
        "T Tshose": "18ae55e4",
        "Z Abbasi": "5d9ebb3c"
      }
    },
    "season": 2017,
    "team_type": "international",
    "teams": [
      "Botswana",
      "Nigeria"
    ],
    "toss": {
      "decision": "bat",
      "winner": "Botswana"
    },
    "venue": "Willowmoore Park B Field"
  },
  "innings": [
    {
      "team": "Botswana",
      "overs": [
        {
          "over": 0,
          "deliveries": [
            {
              "batter": "R Mosweu",
              "bowler": "IO Okpe",
              "non_striker": "Z Abbasi",
              "runs": {
                "batter": 0,
                "extras": 0,
                "total": 0
              }
            },
            {
              "batter": "R Mosweu",
              "bowler": "IO Okpe",
              "non_striker": "Z Abbasi",
              "runs": {
                "batter": 0,
                "extras": 0,
                "total": 0
              }
            },
            {
              "batter": "R Mosweu",
              "bowler": "IO Okpe",
              "non_striker": "Z Abbasi",
              "runs": {
                "batter": 0,
                "extras": 0,
                "total": 0
              }
            },
            {
              "batter": "R Mosweu",
              "bowler": "IO Okpe",
              "non_striker": "Z Abbasi",
              "runs": {
                "batter": 0,
                "extras": 0,
                "total": 0
              }
            },
            {
              "batter": "R Mosweu",
              "bowler": "IO Okpe",
              "non_striker": "Z Abbasi",
              "runs": {
                "batter": 0,
                "extras": 0,
                "total": 0
              }
            },
            {
              "batter": "R Mosweu",
              "bowler": "IO Okpe",
              "extras": {
                "byes": 1
              },
              "non_striker": "Z Abbasi",
              "runs": {
                "batter": 0,
                "extras": 1,
                "total": 1
              }
            }
          ]
        },
        {
          "over": 1,
          "deliveries": [
            {
              "batter": "R Mosweu",
              "bowler": "A Mene-Ejegi",
              "non_striker": "Z Abbasi",
              "runs": {
                "batter": 0,
                "extras": 0,
                "total": 0
              }
            },
            {
              "batter": "R Mosweu",
              "bowler": "A Mene-Ejegi",
              "non_striker": "Z Abbasi",
              "runs": {
                "batter": 0,
                "extras": 0,
                "total": 0
              }
            },
            {
              "batter": "R Mosweu",
              "bowler": "A Mene-Ejegi",
              "non_striker": "Z Abbasi",
              "runs": {
                "batter": 0,
                "extras": 0,
                "total": 0
              }
            },
            {
              "batter": "R Mosweu",
              "bowler": "A Mene-Ejegi",
              "non_striker": "Z Abbasi",
              "runs": {
                "batter": 0,
                "extras": 0,
                "total": 0
              }
            },
            {
              "batter": "R Mosweu",
              "bowler": "A Mene-Ejegi",
              "extras": {
                "wides": 1
              },
              "non_striker": "Z Abbasi",
              "runs": {
                "batter": 0,
                "extras": 1,
                "total": 1
              }
            },
            {
              "batter": "R Mosweu",
              "bowler": "A Mene-Ejegi",
              "non_striker": "Z Abbasi",
              "runs": {
                "batter": 0,
                "extras": 0,
                "total": 0
              }
            },
            {
              "batter": "R Mosweu",
              "bowler": "A Mene-Ejegi",
              "non_striker": "Z Abbasi",
              "runs": {
                "batter": 0,
                "extras": 0,
                "total": 0
              }
            }
          ]
        },
        {
          "over": 2,
          "deliveries": [
            {
              "batter": "Z Abbasi",
              "bowler": "IO Okpe",
              "non_striker": "R Mosweu",
              "runs": {
                "batter": 0,
                "extras": 0,
                "total": 0
              }
            },
            {
              "batter": "Z Abbasi",
              "bowler": "IO Okpe",
              "non_striker": "R Mosweu",
              "runs": {
                "batter": 0,
                "extras": 0,
                "total": 0
              }
            },
            {
              "batter": "Z Abbasi",
              "bowler": "IO Okpe",
              "non_striker": "R Mosweu",
              "runs": {
                "batter": 1,
                "extras": 0,
                "total": 1
              }
            },
            {
              "batter": "R Mosweu",
              "bowler": "IO Okpe",
              "non_striker": "Z Abbasi",
              "runs": {
                "batter": 0,
                "extras": 0,
                "total": 0
              }
            },
            {
              "batter": "R Mosweu",
              "bowler": "IO Okpe",
              "non_striker": "Z Abbasi",
              "runs": {
                "batter": 0,
                "extras": 0,
                "total": 0
              }
            },
            {
              "batter": "R Mosweu",
              "bowler": "IO Okpe",
              "non_striker": "Z Abbasi",
              "runs": {
                "batter": 0,
                "extras": 0,
                "total": 0
              }
            }
          ]
        },
        {
          "over": 3,
          "deliveries": [
            {
              "batter": "Z Abbasi",
              "bowler": "A Mene-Ejegi",
              "non_striker": "R Mosweu",
              "runs": {
                "batter": 0,
                "extras": 0,
                "total": 0
              }
            },
            {
              "batter": "Z Abbasi",
              "bowler": "A Mene-Ejegi",
              "non_striker": "R Mosweu",
              "runs": {
                "batter": 0,
                "extras": 0,
                "total": 0
              }
            },
            {
              "batter": "Z Abbasi",
              "bowler": "A Mene-Ejegi",
              "non_striker": "R Mosweu",
              "runs": {
                "batter": 4,
                "extras": 0,
                "total": 4
              }
            },
            {
              "batter": "Z Abbasi",
              "bowler": "A Mene-Ejegi",
              "extras": {
                "wides": 1
              },
              "non_striker": "R Mosweu",
              "runs": {
                "batter": 0,
                "extras": 1,
                "total": 1
              }
            },
            {
              "batter": "Z Abbasi",
              "bowler": "A Mene-Ejegi",
              "non_striker": "R Mosweu",
              "runs": {
                "batter": 4,
                "extras": 0,
                "total": 4
              }
            },
            {
              "batter": "Z Abbasi",
              "bowler": "A Mene-Ejegi",
              "non_striker": "R Mosweu",
              "runs": {
                "batter": 0,
                "extras": 0,
                "total": 0
              }
            },
            {
              "batter": "Z Abbasi",
              "bowler": "A Mene-Ejegi",
              "non_striker": "R Mosweu",
              "runs": {
                "batter": 0,
                "extras": 0,
                "total": 0
              }
            }
          ]
        },
        {
          "over": 4,
          "deliveries": [
            {
              "batter": "R Mosweu",
              "bowler": "IO Okpe",
              "non_striker": "Z Abbasi",
              "runs": {
                "batter": 1,
                "extras": 0,
                "total": 1
              }
            },
            {
              "batter": "Z Abbasi",
              "bowler": "IO Okpe",
              "non_striker": "R Mosweu",
              "runs": {
                "batter": 0,
                "extras": 0,
                "total": 0
              }
            },
            {
              "batter": "Z Abbasi",
              "bowler": "IO Okpe",
              "non_striker": "R Mosweu",
              "runs": {
                "batter": 0,
                "extras": 0,
                "total": 0
              }
            },
            {
              "batter": "Z Abbasi",
              "bowler": "IO Okpe",
              "non_striker": "R Mosweu",
              "runs": {
                "batter": 1,
                "extras": 0,
                "total": 1
              }
            },
            {
              "batter": "R Mosweu",
              "bowler": "IO Okpe",
              "non_striker": "Z Abbasi",
              "runs": {
                "batter": 0,
                "extras": 0,
                "total": 0
              }
            },
            {
              "batter": "R Mosweu",
              "bowler": "IO Okpe",
              "extras": {
                "legbyes": 1
              },
              "non_striker": "Z Abbasi",
              "runs": {
                "batter": 0,
                "extras": 1,
                "total": 1
              }
            }
          ]
        },
        {
          "over": 5,
          "deliveries": [
            {
              "batter": "R Mosweu",
              "bowler": "CN Onwuzulike",
              "non_striker": "Z Abbasi",
              "runs": {
                "batter": 0,
                "extras": 0,
                "total": 0
              }
            },
            {
              "batter": "R Mosweu",
              "bowler": "CN Onwuzulike",
              "non_striker": "Z Abbasi",
              "runs": {
                "batter": 0,
                "extras": 0,
                "total": 0
              }
            },
            {
              "batter": "R Mosweu",
              "bowler": "CN Onwuzulike",
              "non_striker": "Z Abbasi",
              "runs": {
                "batter": 0,
                "extras": 0,
                "total": 0
              }
            },
            {
              "batter": "R Mosweu",
              "bowler": "CN Onwuzulike",
              "non_striker": "Z Abbasi",
              "runs": {
                "batter": 0,
                "extras": 0,
                "total": 0
              }
            },
            {
              "batter": "R Mosweu",
              "bowler": "CN Onwuzulike",
              "non_striker": "Z Abbasi",
              "runs": {
                "batter": 0,
                "extras": 0,
                "total": 0
              }
            },
            {
              "batter": "R Mosweu",
              "bowler": "CN Onwuzulike",
              "non_striker": "Z Abbasi",
              "runs": {
                "batter": 0,
                "extras": 0,
                "total": 0
              }
            }
          ]
        },
        {
          "over": 6,
          "deliveries": [
            {
              "batter": "Z Abbasi",
              "bowler": "IO Okpe",
              "non_striker": "R Mosweu",
              "runs": {
                "batter": 0,
                "extras": 0,
                "total": 0
              }
            },
            {
              "batter": "Z Abbasi",
              "bowler": "IO Okpe",
              "non_striker": "R Mosweu",
              "runs": {
                "batter": 0,
                "extras": 0,
                "total": 0
              }
            },
            {
              "batter": "Z Abbasi",
              "bowler": "IO Okpe",
              "non_striker": "R Mosweu",
              "runs": {
                "batter": 4,
                "extras": 0,
                "total": 4
              }
            },
            {
              "batter": "Z Abbasi",
              "bowler": "IO Okpe",
              "non_striker": "R Mosweu",
              "runs": {
                "batter": 1,
                "extras": 0,
                "total": 1
              }
            },
            {
              "batter": "R Mosweu",
              "bowler": "IO Okpe",
              "non_striker": "Z Abbasi",
              "runs": {
                "batter": 0,
                "extras": 0,
                "total": 0
              }
            },
            {
              "batter": "R Mosweu",
              "bowler": "IO Okpe",
              "non_striker": "Z Abbasi",
              "runs": {
                "batter": 0,
                "extras": 0,
                "total": 0
              }
            }
          ]
        },
        {
          "over": 7,
          "deliveries": [
            {
              "batter": "Z Abbasi",
              "bowler": "CN Onwuzulike",
              "non_striker": "R Mosweu",
              "runs": {
                "batter": 0,
                "extras": 0,
                "total": 0
              },
              "wickets": [
                {
                  "kind": "lbw",
                  "player_out": "Z Abbasi"
                }
              ]
            },
            {
              "batter": "K Motlanka",
              "bowler": "CN Onwuzulike",
              "non_striker": "R Mosweu",
              "runs": {
                "batter": 0,
                "extras": 0,
                "total": 0
              }
            },
            {
              "batter": "K Motlanka",
              "bowler": "CN Onwuzulike",
              "non_striker": "R Mosweu",
              "runs": {
                "batter": 1,
                "extras": 0,
                "total": 1
              }
            },
            {
              "batter": "R Mosweu",
              "bowler": "CN Onwuzulike",
              "non_striker": "K Motlanka",
              "runs": {
                "batter": 0,
                "extras": 0,
                "total": 0
              }
            },
            {
              "batter": "R Mosweu",
              "bowler": "CN Onwuzulike",
              "non_striker": "K Motlanka",
              "runs": {
                "batter": 0,
                "extras": 0,
                "total": 0
              }
            },
            {
              "batter": "R Mosweu",
              "bowler": "CN Onwuzulike",
              "non_striker": "K Motlanka",
              "runs": {
                "batter": 0,
                "extras": 0,
                "total": 0
              }
            }
          ]
        },
        {
          "over": 8,
          "deliveries": [
            {
              "batter": "K Motlanka",
              "bowler": "IO Okpe",
              "non_striker": "R Mosweu",
              "runs": {
                "batter": 0,
                "extras": 0,
                "total": 0
              }
            },
            {
              "batter": "K Motlanka",
              "bowler": "IO Okpe",
              "non_striker": "R Mosweu",
              "runs": {
                "batter": 0,
                "extras": 0,
                "total": 0
              }
            },
            {
              "batter": "K Motlanka",
              "bowler": "IO Okpe",
              "non_striker": "R Mosweu",
              "runs": {
                "batter": 1,
                "extras": 0,
                "total": 1
              }
            },
            {
              "batter": "R Mosweu",
              "bowler": "IO Okpe",
              "non_striker": "K Motlanka",
              "runs": {
                "batter": 0,
                "extras": 0,
                "total": 0
              }
            },
            {
              "batter": "R Mosweu",
              "bowler": "IO Okpe",
              "non_striker": "K Motlanka",
              "runs": {
                "batter": 1,
                "extras": 0,
                "total": 1
              }
            },
            {
              "batter": "K Motlanka",
              "bowler": "IO Okpe",
              "non_striker": "R Mosweu",
              "runs": {
                "batter": 0,
                "extras": 0,
                "total": 0
              }
            }
          ]
        },
        {
          "over": 9,
          "deliveries": [
            {
              "batter": "R Mosweu",
              "bowler": "CN Onwuzulike",
              "extras": {
                "wides": 1
              },
              "non_striker": "K Motlanka",
              "runs": {
                "batter": 0,
                "extras": 1,
                "total": 1
              }
            },
            {
              "batter": "R Mosweu",
              "bowler": "CN Onwuzulike",
              "non_striker": "K Motlanka",
              "runs": {
                "batter": 0,
                "extras": 0,
                "total": 0
              }
            },
            {
              "batter": "R Mosweu",
              "bowler": "CN Onwuzulike",
              "non_striker": "K Motlanka",
              "runs": {
                "batter": 1,
                "extras": 0,
                "total": 1
              }
            },
            {
              "batter": "K Motlanka",
              "bowler": "CN Onwuzulike",
              "non_striker": "R Mosweu",
              "runs": {
                "batter": 2,
                "extras": 0,
                "total": 2
              }
            },
            {
              "batter": "K Motlanka",
              "bowler": "CN Onwuzulike",
              "non_striker": "R Mosweu",
              "runs": {
                "batter": 0,
                "extras": 0,
                "total": 0
              }
            },
            {
              "batter": "K Motlanka",
              "bowler": "CN Onwuzulike",
              "non_striker": "R Mosweu",
              "runs": {
                "batter": 0,
                "extras": 0,
                "total": 0
              }
            },
            {
              "batter": "K Motlanka",
              "bowler": "CN Onwuzulike",
              "non_striker": "R Mosweu",
              "runs": {
                "batter": 0,
                "extras": 0,
                "total": 0
              }
            }
          ]
        },
        {
          "over": 10,
          "deliveries": [
            {
              "batter": "R Mosweu",
              "bowler": "IO Okpe",
              "non_striker": "K Motlanka",
              "runs": {
                "batter": 0,
                "extras": 0,
                "total": 0
              }
            },
            {
              "batter": "R Mosweu",
              "bowler": "IO Okpe",
              "non_striker": "K Motlanka",
              "runs": {
                "batter": 1,
                "extras": 0,
                "total": 1
              }
            },
            {
              "batter": "K Motlanka",
              "bowler": "IO Okpe",
              "non_striker": "R Mosweu",
              "runs": {
                "batter": 0,
                "extras": 0,
                "total": 0
              }
            },
            {
              "batter": "K Motlanka",
              "bowler": "IO Okpe",
              "non_striker": "R Mosweu",
              "runs": {
                "batter": 1,
                "extras": 0,
                "total": 1
              }
            },
            {
              "batter": "R Mosweu",
              "bowler": "IO Okpe",
              "non_striker": "K Motlanka",
              "runs": {
                "batter": 0,
                "extras": 0,
                "total": 0
              }
            },
            {
              "batter": "R Mosweu",
              "bowler": "IO Okpe",
              "non_striker": "K Motlanka",
              "runs": {
                "batter": 6,
                "extras": 0,
                "total": 6
              }
            }
          ]
        },
        {
          "over": 11,
          "deliveries": [
            {
              "batter": "K Motlanka",
              "bowler": "A Mene-Ejegi",
              "non_striker": "R Mosweu",
              "runs": {
                "batter": 2,
                "extras": 0,
                "total": 2
              }
            },
            {
              "batter": "K Motlanka",
              "bowler": "A Mene-Ejegi",
              "extras": {
                "wides": 1
              },
              "non_striker": "R Mosweu",
              "runs": {
                "batter": 0,
                "extras": 1,
                "total": 1
              }
            },
            {
              "batter": "K Motlanka",
              "bowler": "A Mene-Ejegi",
              "non_striker": "R Mosweu",
              "runs": {
                "batter": 0,
                "extras": 0,
                "total": 0
              }
            },
            {
              "batter": "K Motlanka",
              "bowler": "A Mene-Ejegi",
              "non_striker": "R Mosweu",
              "runs": {
                "batter": 4,
                "extras": 0,
                "total": 4
              }
            },
            {
              "batter": "K Motlanka",
              "bowler": "A Mene-Ejegi",
              "non_striker": "R Mosweu",
              "runs": {
                "batter": 1,
                "extras": 0,
                "total": 1
              }
            },
            {
              "batter": "R Mosweu",
              "bowler": "A Mene-Ejegi",
              "non_striker": "K Motlanka",
              "runs": {
                "batter": 0,
                "extras": 0,
                "total": 0
              }
            },
            {
              "batter": "R Mosweu",
              "bowler": "A Mene-Ejegi",
              "non_striker": "K Motlanka",
              "runs": {
                "batter": 0,
                "extras": 0,
                "total": 0
              }
            }
          ]
        },
        {
          "over": 12,
          "deliveries": [
            {
              "batter": "K Motlanka",
              "bowler": "JO Adedeji",
              "non_striker": "R Mosweu",
              "runs": {
                "batter": 1,
                "extras": 0,
                "total": 1
              }
            },
            {
              "batter": "R Mosweu",
              "bowler": "JO Adedeji",
              "non_striker": "K Motlanka",
              "runs": {
                "batter": 0,
                "extras": 0,
                "total": 0
              }
            },
            {
              "batter": "R Mosweu",
              "bowler": "JO Adedeji",
              "non_striker": "K Motlanka",
              "runs": {
                "batter": 1,
                "extras": 0,
                "total": 1
              }
            },
            {
              "batter": "K Motlanka",
              "bowler": "JO Adedeji",
              "non_striker": "R Mosweu",
              "runs": {
                "batter": 1,
                "extras": 0,
                "total": 1
              }
            },
            {
              "batter": "R Mosweu",
              "bowler": "JO Adedeji",
              "non_striker": "K Motlanka",
              "runs": {
                "batter": 0,
                "extras": 0,
                "total": 0
              }
            },
            {
              "batter": "R Mosweu",
              "bowler": "JO Adedeji",
              "non_striker": "K Motlanka",
              "runs": {
                "batter": 1,
                "extras": 0,
                "total": 1
              }
            }
          ]
        },
        {
          "over": 13,
          "deliveries": [
            {
              "batter": "R Mosweu",
              "bowler": "A Mene-Ejegi",
              "non_striker": "K Motlanka",
              "runs": {
                "batter": 2,
                "extras": 0,
                "total": 2
              }
            },
            {
              "batter": "R Mosweu",
              "bowler": "A Mene-Ejegi",
              "non_striker": "K Motlanka",
              "runs": {
                "batter": 1,
                "extras": 0,
                "total": 1
              }
            },
            {
              "batter": "K Motlanka",
              "bowler": "A Mene-Ejegi",
              "non_striker": "R Mosweu",
              "runs": {
                "batter": 2,
                "extras": 0,
                "total": 2
              }
            },
            {
              "batter": "K Motlanka",
              "bowler": "A Mene-Ejegi",
              "non_striker": "R Mosweu",
              "runs": {
                "batter": 0,
                "extras": 0,
                "total": 0
              }
            },
            {
              "batter": "K Motlanka",
              "bowler": "A Mene-Ejegi",
              "non_striker": "R Mosweu",
              "runs": {
                "batter": 0,
                "extras": 0,
                "total": 0
              }
            },
            {
              "batter": "K Motlanka",
              "bowler": "A Mene-Ejegi",
              "non_striker": "R Mosweu",
              "runs": {
                "batter": 0,
                "extras": 0,
                "total": 0
              }
            }
          ]
        },
        {
          "over": 14,
          "deliveries": [
            {
              "batter": "R Mosweu",
              "bowler": "JO Adedeji",
              "non_striker": "K Motlanka",
              "runs": {
                "batter": 0,
                "extras": 0,
                "total": 0
              },
              "wickets": [
                {
                  "kind": "lbw",
                  "player_out": "R Mosweu"
                }
              ]
            },
            {
              "batter": "K Modise",
              "bowler": "JO Adedeji",
              "extras": {
                "wides": 1
              },
              "non_striker": "K Motlanka",
              "runs": {
                "batter": 0,
                "extras": 1,
                "total": 1
              }
            },
            {
              "batter": "K Modise",
              "bowler": "JO Adedeji",
              "non_striker": "K Motlanka",
              "runs": {
                "batter": 0,
                "extras": 0,
                "total": 0
              }
            },
            {
              "batter": "K Modise",
              "bowler": "JO Adedeji",
              "non_striker": "K Motlanka",
              "runs": {
                "batter": 0,
                "extras": 0,
                "total": 0
              }
            },
            {
              "batter": "K Modise",
              "bowler": "JO Adedeji",
              "non_striker": "K Motlanka",
              "runs": {
                "batter": 0,
                "extras": 0,
                "total": 0
              }
            },
            {
              "batter": "K Modise",
              "bowler": "JO Adedeji",
              "non_striker": "K Motlanka",
              "runs": {
                "batter": 0,
                "extras": 0,
                "total": 0
              }
            },
            {
              "batter": "K Modise",
              "bowler": "JO Adedeji",
              "non_striker": "K Motlanka",
              "runs": {
                "batter": 0,
                "extras": 0,
                "total": 0
              }
            }
          ]
        },
        {
          "over": 15,
          "deliveries": [
            {
              "batter": "K Motlanka",
              "bowler": "CN Onwuzulike",
              "extras": {
                "wides": 1
              },
              "non_striker": "K Modise",
              "runs": {
                "batter": 0,
                "extras": 1,
                "total": 1
              }
            },
            {
              "batter": "K Motlanka",
              "bowler": "CN Onwuzulike",
              "non_striker": "K Modise",
              "runs": {
                "batter": 0,
                "extras": 0,
                "total": 0
              }
            },
            {
              "batter": "K Motlanka",
              "bowler": "CN Onwuzulike",
              "non_striker": "K Modise",
              "runs": {
                "batter": 0,
                "extras": 0,
                "total": 0
              }
            },
            {
              "batter": "K Motlanka",
              "bowler": "CN Onwuzulike",
              "non_striker": "K Modise",
              "runs": {
                "batter": 0,
                "extras": 0,
                "total": 0
              }
            },
            {
              "batter": "K Motlanka",
              "bowler": "CN Onwuzulike",
              "non_striker": "K Modise",
              "runs": {
                "batter": 2,
                "extras": 0,
                "total": 2
              }
            },
            {
              "batter": "K Motlanka",
              "bowler": "CN Onwuzulike",
              "non_striker": "K Modise",
              "runs": {
                "batter": 0,
                "extras": 0,
                "total": 0
              }
            },
            {
              "batter": "K Motlanka",
              "bowler": "CN Onwuzulike",
              "extras": {
                "wides": 1
              },
              "non_striker": "K Modise",
              "runs": {
                "batter": 0,
                "extras": 1,
                "total": 1
              }
            },
            {
              "batter": "K Motlanka",
              "bowler": "CN Onwuzulike",
              "non_striker": "K Modise",
              "runs": {
                "batter": 2,
                "extras": 0,
                "total": 2
              }
            }
          ]
        },
        {
          "over": 16,
          "deliveries": [
            {
              "batter": "K Modise",
              "bowler": "JO Adedeji",
              "non_striker": "K Motlanka",
              "runs": {
                "batter": 0,
                "extras": 0,
                "total": 0
              }
            },
            {
              "batter": "K Modise",
              "bowler": "JO Adedeji",
              "non_striker": "K Motlanka",
              "runs": {
                "batter": 0,
                "extras": 0,
                "total": 0
              }
            },
            {
              "batter": "K Modise",
              "bowler": "JO Adedeji",
              "non_striker": "K Motlanka",
              "runs": {
                "batter": 1,
                "extras": 0,
                "total": 1
              }
            },
            {
              "batter": "K Motlanka",
              "bowler": "JO Adedeji",
              "non_striker": "K Modise",
              "runs": {
                "batter": 0,
                "extras": 0,
                "total": 0
              }
            },
            {
              "batter": "K Motlanka",
              "bowler": "JO Adedeji",
              "non_striker": "K Modise",
              "runs": {
                "batter": 0,
                "extras": 0,
                "total": 0
              }
            },
            {
              "batter": "K Motlanka",
              "bowler": "JO Adedeji",
              "non_striker": "K Modise",
              "runs": {
                "batter": 0,
                "extras": 0,
                "total": 0
              }
            }
          ]
        },
        {
          "over": 17,
          "deliveries": [
            {
              "batter": "K Modise",
              "bowler": "CN Onwuzulike",
              "non_striker": "K Motlanka",
              "runs": {
                "batter": 4,
                "extras": 0,
                "total": 4
              }
            },
            {
              "batter": "K Modise",
              "bowler": "CN Onwuzulike",
              "non_striker": "K Motlanka",
              "runs": {
                "batter": 6,
                "extras": 0,
                "total": 6
              }
            },
            {
              "batter": "K Modise",
              "bowler": "CN Onwuzulike",
              "non_striker": "K Motlanka",
              "runs": {
                "batter": 0,
                "extras": 0,
                "total": 0
              }
            },
            {
              "batter": "K Modise",
              "bowler": "CN Onwuzulike",
              "non_striker": "K Motlanka",
              "runs": {
                "batter": 0,
                "extras": 0,
                "total": 0
              }
            },
            {
              "batter": "K Modise",
              "bowler": "CN Onwuzulike",
              "non_striker": "K Motlanka",
              "runs": {
                "batter": 1,
                "extras": 0,
                "total": 1
              }
            },
            {
              "batter": "K Motlanka",
              "bowler": "CN Onwuzulike",
              "non_striker": "K Modise",
              "runs": {
                "batter": 0,
                "extras": 0,
                "total": 0
              }
            }
          ]
        },
        {
          "over": 18,
          "deliveries": [
            {
              "batter": "K Modise",
              "bowler": "JO Adedeji",
              "non_striker": "K Motlanka",
              "runs": {
                "batter": 0,
                "extras": 0,
                "total": 0
              }
            },
            {
              "batter": "K Modise",
              "bowler": "JO Adedeji",
              "non_striker": "K Motlanka",
              "runs": {
                "batter": 1,
                "extras": 0,
                "total": 1
              }
            },
            {
              "batter": "K Motlanka",
              "bowler": "JO Adedeji",
              "non_striker": "K Modise",
              "runs": {
                "batter": 0,
                "extras": 0,
                "total": 0
              }
            },
            {
              "batter": "K Motlanka",
              "bowler": "JO Adedeji",
              "non_striker": "K Modise",
              "runs": {
                "batter": 0,
                "extras": 0,
                "total": 0
              }
            },
            {
              "batter": "K Motlanka",
              "bowler": "JO Adedeji",
              "non_striker": "K Modise",
              "runs": {
                "batter": 0,
                "extras": 0,
                "total": 0
              }
            },
            {
              "batter": "K Motlanka",
              "bowler": "JO Adedeji",
              "non_striker": "K Modise",
              "runs": {
                "batter": 0,
                "extras": 0,
                "total": 0
              }
            }
          ]
        },
        {
          "over": 19,
          "deliveries": [
            {
              "batter": "K Modise",
              "bowler": "CN Onwuzulike",
              "non_striker": "K Motlanka",
              "runs": {
                "batter": 1,
                "extras": 0,
                "total": 1
              }
            },
            {
              "batter": "K Motlanka",
              "bowler": "CN Onwuzulike",
              "non_striker": "K Modise",
              "runs": {
                "batter": 0,
                "extras": 0,
                "total": 0
              }
            },
            {
              "batter": "K Motlanka",
              "bowler": "CN Onwuzulike",
              "non_striker": "K Modise",
              "runs": {
                "batter": 1,
                "extras": 0,
                "total": 1
              }
            },
            {
              "batter": "K Modise",
              "bowler": "CN Onwuzulike",
              "non_striker": "K Motlanka",
              "runs": {
                "batter": 4,
                "extras": 0,
                "total": 4
              }
            },
            {
              "batter": "K Modise",
              "bowler": "CN Onwuzulike",
              "non_striker": "K Motlanka",
              "runs": {
                "batter": 0,
                "extras": 0,
                "total": 0
              }
            },
            {
              "batter": "K Modise",
              "bowler": "CN Onwuzulike",
              "non_striker": "K Motlanka",
              "runs": {
                "batter": 0,
                "extras": 0,
                "total": 0
              }
            }
          ]
        },
        {
          "over": 20,
          "deliveries": [
            {
              "batter": "K Motlanka",
              "bowler": "CM Akachukwu",
              "non_striker": "K Modise",
              "runs": {
                "batter": 1,
                "extras": 0,
                "total": 1
              }
            },
            {
              "batter": "K Modise",
              "bowler": "CM Akachukwu",
              "extras": {
                "wides": 2
              },
              "non_striker": "K Motlanka",
              "runs": {
                "batter": 0,
                "extras": 2,
                "total": 2
              }
            },
            {
              "batter": "K Motlanka",
              "bowler": "CM Akachukwu",
              "non_striker": "K Modise",
              "runs": {
                "batter": 1,
                "extras": 0,
                "total": 1
              }
            },
            {
              "batter": "K Modise",
              "bowler": "CM Akachukwu",
              "non_striker": "K Motlanka",
              "runs": {
                "batter": 0,
                "extras": 0,
                "total": 0
              },
              "wickets": [
                {
                  "kind": "bowled",
                  "player_out": "K Modise"
                }
              ]
            },
            {
              "batter": "JWN Moses",
              "bowler": "CM Akachukwu",
              "non_striker": "K Motlanka",
              "runs": {
                "batter": 0,
                "extras": 0,
                "total": 0
              }
            },
            {
              "batter": "JWN Moses",
              "bowler": "CM Akachukwu",
              "non_striker": "K Motlanka",
              "runs": {
                "batter": 1,
                "extras": 0,
                "total": 1
              }
            },
            {
              "batter": "K Motlanka",
              "bowler": "CM Akachukwu",
              "non_striker": "JWN Moses",
              "runs": {
                "batter": 0,
                "extras": 0,
                "total": 0
              },
              "wickets": [
                {
                  "kind": "caught",
                  "player_out": "K Motlanka",
                  "fielders": [
                    {
                      "name": "AJ Ayannaike"
                    }
                  ]
                }
              ]
            }
          ]
        },
        {
          "over": 21,
          "deliveries": [
            {
              "batter": "R Nehonde",
              "bowler": "AS Abioye",
              "non_striker": "JWN Moses",
              "runs": {
                "batter": 1,
                "extras": 0,
                "total": 1
              }
            },
            {
              "batter": "JWN Moses",
              "bowler": "AS Abioye",
              "non_striker": "R Nehonde",
              "runs": {
                "batter": 0,
                "extras": 0,
                "total": 0
              },
              "wickets": [
                {
                  "kind": "bowled",
                  "player_out": "JWN Moses"
                }
              ]
            },
            {
              "batter": "H Pragji",
              "bowler": "AS Abioye",
              "non_striker": "R Nehonde",
              "runs": {
                "batter": 2,
                "extras": 0,
                "total": 2
              }
            },
            {
              "batter": "H Pragji",
              "bowler": "AS Abioye",
              "non_striker": "R Nehonde",
              "runs": {
                "batter": 1,
                "extras": 0,
                "total": 1
              }
            },
            {
              "batter": "R Nehonde",
              "bowler": "AS Abioye",
              "non_striker": "H Pragji",
              "runs": {
                "batter": 0,
                "extras": 0,
                "total": 0
              }
            },
            {
              "batter": "R Nehonde",
              "bowler": "AS Abioye",
              "non_striker": "H Pragji",
              "runs": {
                "batter": 0,
                "extras": 0,
                "total": 0
              }
            }
          ]
        },
        {
          "over": 22,
          "deliveries": [
            {
              "batter": "H Pragji",
              "bowler": "CM Akachukwu",
              "non_striker": "R Nehonde",
              "runs": {
                "batter": 0,
                "extras": 0,
                "total": 0
              }
            },
            {
              "batter": "H Pragji",
              "bowler": "CM Akachukwu",
              "non_striker": "R Nehonde",
              "runs": {
                "batter": 1,
                "extras": 0,
                "total": 1
              }
            },
            {
              "batter": "R Nehonde",
              "bowler": "CM Akachukwu",
              "extras": {
                "wides": 1
              },
              "non_striker": "H Pragji",
              "runs": {
                "batter": 0,
                "extras": 1,
                "total": 1
              }
            },
            {
              "batter": "R Nehonde",
              "bowler": "CM Akachukwu",
              "non_striker": "H Pragji",
              "runs": {
                "batter": 1,
                "extras": 0,
                "total": 1
              }
            },
            {
              "batter": "H Pragji",
              "bowler": "CM Akachukwu",
              "extras": {
                "wides": 1
              },
              "non_striker": "R Nehonde",
              "runs": {
                "batter": 0,
                "extras": 1,
                "total": 1
              }
            },
            {
              "batter": "H Pragji",
              "bowler": "CM Akachukwu",
              "non_striker": "R Nehonde",
              "runs": {
                "batter": 1,
                "extras": 0,
                "total": 1
              }
            },
            {
              "batter": "R Nehonde",
              "bowler": "CM Akachukwu",
              "non_striker": "H Pragji",
              "runs": {
                "batter": 2,
                "extras": 0,
                "total": 2
              }
            },
            {
              "batter": "R Nehonde",
              "bowler": "CM Akachukwu",
              "extras": {
                "wides": 1
              },
              "non_striker": "H Pragji",
              "runs": {
                "batter": 0,
                "extras": 1,
                "total": 1
              }
            },
            {
              "batter": "R Nehonde",
              "bowler": "CM Akachukwu",
              "non_striker": "H Pragji",
              "runs": {
                "batter": 1,
                "extras": 0,
                "total": 1
              }
            }
          ]
        },
        {
          "over": 23,
          "deliveries": [
            {
              "batter": "R Nehonde",
              "bowler": "AS Abioye",
              "non_striker": "H Pragji",
              "runs": {
                "batter": 1,
                "extras": 0,
                "total": 1
              }
            },
            {
              "batter": "H Pragji",
              "bowler": "AS Abioye",
              "non_striker": "R Nehonde",
              "runs": {
                "batter": 1,
                "extras": 0,
                "total": 1
              }
            },
            {
              "batter": "R Nehonde",
              "bowler": "AS Abioye",
              "extras": {
                "wides": 1
              },
              "non_striker": "H Pragji",
              "runs": {
                "batter": 0,
                "extras": 1,
                "total": 1
              }
            },
            {
              "batter": "R Nehonde",
              "bowler": "AS Abioye",
              "non_striker": "H Pragji",
              "runs": {
                "batter": 1,
                "extras": 0,
                "total": 1
              }
            },
            {
              "batter": "H Pragji",
              "bowler": "AS Abioye",
              "non_striker": "R Nehonde",
              "runs": {
                "batter": 1,
                "extras": 0,
                "total": 1
              }
            },
            {
              "batter": "R Nehonde",
              "bowler": "AS Abioye",
              "non_striker": "H Pragji",
              "runs": {
                "batter": 0,
                "extras": 0,
                "total": 0
              }
            },
            {
              "batter": "R Nehonde",
              "bowler": "AS Abioye",
              "non_striker": "H Pragji",
              "runs": {
                "batter": 0,
                "extras": 0,
                "total": 0
              }
            }
          ]
        },
        {
          "over": 24,
          "deliveries": [
            {
              "batter": "H Pragji",
              "bowler": "CM Akachukwu",
              "non_striker": "R Nehonde",
              "runs": {
                "batter": 4,
                "extras": 0,
                "total": 4
              }
            },
            {
              "batter": "H Pragji",
              "bowler": "CM Akachukwu",
              "non_striker": "R Nehonde",
              "runs": {
                "batter": 4,
                "extras": 0,
                "total": 4
              }
            },
            {
              "batter": "H Pragji",
              "bowler": "CM Akachukwu",
              "non_striker": "R Nehonde",
              "runs": {
                "batter": 2,
                "extras": 0,
                "total": 2
              }
            },
            {
              "batter": "H Pragji",
              "bowler": "CM Akachukwu",
              "non_striker": "R Nehonde",
              "runs": {
                "batter": 1,
                "extras": 0,
                "total": 1
              }
            },
            {
              "batter": "R Nehonde",
              "bowler": "CM Akachukwu",
              "non_striker": "H Pragji",
              "runs": {
                "batter": 3,
                "extras": 0,
                "total": 3
              }
            },
            {
              "batter": "H Pragji",
              "bowler": "CM Akachukwu",
              "non_striker": "R Nehonde",
              "runs": {
                "batter": 2,
                "extras": 0,
                "total": 2
              }
            }
          ]
        }
      ],
      "powerplays": [
        {
          "from": 0.1,
          "to": 9.7,
          "type": "mandatory"
        },
        {
          "from": 10.1,
          "to": 19.6,
          "type": "mandatory"
        },
        {
          "from": 20.1,
          "to": 24.6,
          "type": "mandatory"
        }
      ]
    },
    {
      "team": "Nigeria",
      "overs": [
        {
          "over": 0,
          "deliveries": [
            {
              "batter": "Sulaimon Runsewe",
              "bowler": "JWN Moses",
              "non_striker": "CM Akachukwu",
              "runs": {
                "batter": 0,
                "extras": 0,
                "total": 0
              }
            },
            {
              "batter": "Sulaimon Runsewe",
              "bowler": "JWN Moses",
              "non_striker": "CM Akachukwu",
              "runs": {
                "batter": 1,
                "extras": 0,
                "total": 1
              }
            },
            {
              "batter": "CM Akachukwu",
              "bowler": "JWN Moses",
              "non_striker": "Sulaimon Runsewe",
              "runs": {
                "batter": 1,
                "extras": 0,
                "total": 1
              }
            },
            {
              "batter": "Sulaimon Runsewe",
              "bowler": "JWN Moses",
              "non_striker": "CM Akachukwu",
              "runs": {
                "batter": 0,
                "extras": 0,
                "total": 0
              }
            },
            {
              "batter": "Sulaimon Runsewe",
              "bowler": "JWN Moses",
              "non_striker": "CM Akachukwu",
              "runs": {
                "batter": 2,
                "extras": 0,
                "total": 2
              }
            },
            {
              "batter": "Sulaimon Runsewe",
              "bowler": "JWN Moses",
              "non_striker": "CM Akachukwu",
              "runs": {
                "batter": 0,
                "extras": 0,
                "total": 0
              }
            }
          ]
        },
        {
          "over": 1,
          "deliveries": [
            {
              "batter": "CM Akachukwu",
              "bowler": "T Tshose",
              "non_striker": "Sulaimon Runsewe",
              "runs": {
                "batter": 0,
                "extras": 0,
                "total": 0
              }
            },
            {
              "batter": "CM Akachukwu",
              "bowler": "T Tshose",
              "non_striker": "Sulaimon Runsewe",
              "runs": {
                "batter": 1,
                "extras": 0,
                "total": 1
              }
            },
            {
              "batter": "Sulaimon Runsewe",
              "bowler": "T Tshose",
              "non_striker": "CM Akachukwu",
              "runs": {
                "batter": 0,
                "extras": 0,
                "total": 0
              }
            },
            {
              "batter": "Sulaimon Runsewe",
              "bowler": "T Tshose",
              "non_striker": "CM Akachukwu",
              "runs": {
                "batter": 1,
                "extras": 0,
                "total": 1
              }
            },
            {
              "batter": "CM Akachukwu",
              "bowler": "T Tshose",
              "non_striker": "Sulaimon Runsewe",
              "runs": {
                "batter": 1,
                "extras": 0,
                "total": 1
              }
            },
            {
              "batter": "Sulaimon Runsewe",
              "bowler": "T Tshose",
              "non_striker": "CM Akachukwu",
              "runs": {
                "batter": 1,
                "extras": 0,
                "total": 1
              }
            }
          ]
        },
        {
          "over": 2,
          "deliveries": [
            {
              "batter": "Sulaimon Runsewe",
              "bowler": "JWN Moses",
              "extras": {
                "legbyes": 1
              },
              "non_striker": "CM Akachukwu",
              "runs": {
                "batter": 0,
                "extras": 1,
                "total": 1
              }
            },
            {
              "batter": "CM Akachukwu",
              "bowler": "JWN Moses",
              "non_striker": "Sulaimon Runsewe",
              "runs": {
                "batter": 0,
                "extras": 0,
                "total": 0
              }
            },
            {
              "batter": "CM Akachukwu",
              "bowler": "JWN Moses",
              "non_striker": "Sulaimon Runsewe",
              "runs": {
                "batter": 0,
                "extras": 0,
                "total": 0
              }
            },
            {
              "batter": "CM Akachukwu",
              "bowler": "JWN Moses",
              "non_striker": "Sulaimon Runsewe",
              "runs": {
                "batter": 1,
                "extras": 0,
                "total": 1
              }
            },
            {
              "batter": "Sulaimon Runsewe",
              "bowler": "JWN Moses",
              "non_striker": "CM Akachukwu",
              "runs": {
                "batter": 1,
                "extras": 0,
                "total": 1
              }
            },
            {
              "batter": "CM Akachukwu",
              "bowler": "JWN Moses",
              "extras": {
                "wides": 1
              },
              "non_striker": "Sulaimon Runsewe",
              "runs": {
                "batter": 0,
                "extras": 1,
                "total": 1
              }
            },
            {
              "batter": "CM Akachukwu",
              "bowler": "JWN Moses",
              "non_striker": "Sulaimon Runsewe",
              "runs": {
                "batter": 0,
                "extras": 0,
                "total": 0
              },
              "wickets": [
                {
                  "kind": "caught",
                  "player_out": "CM Akachukwu",
                  "fielders": [
                    {
                      "name": "Z Abbasi"
                    }
                  ]
                }
              ]
            }
          ]
        },
        {
          "over": 3,
          "deliveries": [
            {
              "batter": "Sulaimon Runsewe",
              "bowler": "T Tshose",
              "non_striker": "AJ Ayannaike",
              "runs": {
                "batter": 0,
                "extras": 0,
                "total": 0
              },
              "wickets": [
                {
                  "kind": "caught",
                  "player_out": "Sulaimon Runsewe",
                  "fielders": [
                    {
                      "name": "Z Abbasi"
                    }
                  ]
                }
              ]
            },
            {
              "batter": "OJ Bejide",
              "bowler": "T Tshose",
              "non_striker": "AJ Ayannaike",
              "runs": {
                "batter": 4,
                "extras": 0,
                "total": 4
              }
            },
            {
              "batter": "OJ Bejide",
              "bowler": "T Tshose",
              "non_striker": "AJ Ayannaike",
              "runs": {
                "batter": 4,
                "extras": 0,
                "total": 4
              }
            },
            {
              "batter": "OJ Bejide",
              "bowler": "T Tshose",
              "non_striker": "AJ Ayannaike",
              "runs": {
                "batter": 1,
                "extras": 0,
                "total": 1
              }
            },
            {
              "batter": "AJ Ayannaike",
              "bowler": "T Tshose",
              "non_striker": "OJ Bejide",
              "runs": {
                "batter": 0,
                "extras": 0,
                "total": 0
              }
            },
            {
              "batter": "AJ Ayannaike",
              "bowler": "T Tshose",
              "non_striker": "OJ Bejide",
              "runs": {
                "batter": 0,
                "extras": 0,
                "total": 0
              }
            }
          ]
        },
        {
          "over": 4,
          "deliveries": [
            {
              "batter": "OJ Bejide",
              "bowler": "JWN Moses",
              "non_striker": "AJ Ayannaike",
              "runs": {
                "batter": 1,
                "extras": 0,
                "total": 1
              }
            },
            {
              "batter": "AJ Ayannaike",
              "bowler": "JWN Moses",
              "non_striker": "OJ Bejide",
              "runs": {
                "batter": 1,
                "extras": 0,
                "total": 1
              }
            },
            {
              "batter": "OJ Bejide",
              "bowler": "JWN Moses",
              "non_striker": "AJ Ayannaike",
              "runs": {
                "batter": 2,
                "extras": 0,
                "total": 2
              }
            },
            {
              "batter": "OJ Bejide",
              "bowler": "JWN Moses",
              "non_striker": "AJ Ayannaike",
              "runs": {
                "batter": 0,
                "extras": 0,
                "total": 0
              }
            },
            {
              "batter": "OJ Bejide",
              "bowler": "JWN Moses",
              "non_striker": "AJ Ayannaike",
              "runs": {
                "batter": 0,
                "extras": 0,
                "total": 0
              }
            },
            {
              "batter": "OJ Bejide",
              "bowler": "JWN Moses",
              "non_striker": "AJ Ayannaike",
              "runs": {
                "batter": 1,
                "extras": 0,
                "total": 1
              }
            }
          ]
        },
        {
          "over": 5,
          "deliveries": [
            {
              "batter": "OJ Bejide",
              "bowler": "T Tshose",
              "extras": {
                "byes": 1
              },
              "non_striker": "AJ Ayannaike",
              "runs": {
                "batter": 0,
                "extras": 1,
                "total": 1
              }
            },
            {
              "batter": "AJ Ayannaike",
              "bowler": "T Tshose",
              "non_striker": "OJ Bejide",
              "runs": {
                "batter": 1,
                "extras": 0,
                "total": 1
              }
            },
            {
              "batter": "OJ Bejide",
              "bowler": "T Tshose",
              "non_striker": "AJ Ayannaike",
              "runs": {
                "batter": 3,
                "extras": 0,
                "total": 3
              }
            },
            {
              "batter": "AJ Ayannaike",
              "bowler": "T Tshose",
              "non_striker": "OJ Bejide",
              "runs": {
                "batter": 0,
                "extras": 0,
                "total": 0
              }
            },
            {
              "batter": "AJ Ayannaike",
              "bowler": "T Tshose",
              "non_striker": "OJ Bejide",
              "runs": {
                "batter": 4,
                "extras": 0,
                "total": 4
              }
            },
            {
              "batter": "AJ Ayannaike",
              "bowler": "T Tshose",
              "non_striker": "OJ Bejide",
              "runs": {
                "batter": 0,
                "extras": 0,
                "total": 0
              },
              "wickets": [
                {
                  "kind": "caught",
                  "player_out": "AJ Ayannaike",
                  "fielders": [
                    {
                      "name": "JWN Moses"
                    }
                  ]
                }
              ]
            }
          ]
        },
        {
          "over": 6,
          "deliveries": [
            {
              "batter": "OJ Bejide",
              "bowler": "JWN Moses",
              "non_striker": "JO Adedeji",
              "runs": {
                "batter": 0,
                "extras": 0,
                "total": 0
              }
            },
            {
              "batter": "OJ Bejide",
              "bowler": "JWN Moses",
              "non_striker": "JO Adedeji",
              "runs": {
                "batter": 2,
                "extras": 0,
                "total": 2
              }
            },
            {
              "batter": "OJ Bejide",
              "bowler": "JWN Moses",
              "non_striker": "JO Adedeji",
              "runs": {
                "batter": 0,
                "extras": 0,
                "total": 0
              },
              "wickets": [
                {
                  "kind": "caught",
                  "player_out": "OJ Bejide",
                  "fielders": [
                    {
                      "name": "T Perera"
                    }
                  ]
                }
              ]
            },
            {
              "batter": "Muhammad Hashim",
              "bowler": "JWN Moses",
              "non_striker": "JO Adedeji",
              "runs": {
                "batter": 1,
                "extras": 0,
                "total": 1
              }
            },
            {
              "batter": "JO Adedeji",
              "bowler": "JWN Moses",
              "non_striker": "Muhammad Hashim",
              "runs": {
                "batter": 0,
                "extras": 0,
                "total": 0
              },
              "wickets": [
                {
                  "kind": "bowled",
                  "player_out": "JO Adedeji"
                }
              ]
            },
            {
              "batter": "CN Onwuzulike",
              "bowler": "JWN Moses",
              "non_striker": "Muhammad Hashim",
              "runs": {
                "batter": 0,
                "extras": 0,
                "total": 0
              }
            }
          ]
        },
        {
          "over": 7,
          "deliveries": [
            {
              "batter": "Muhammad Hashim",
              "bowler": "T Tshose",
              "non_striker": "CN Onwuzulike",
              "runs": {
                "batter": 1,
                "extras": 0,
                "total": 1
              }
            },
            {
              "batter": "CN Onwuzulike",
              "bowler": "T Tshose",
              "non_striker": "Muhammad Hashim",
              "runs": {
                "batter": 4,
                "extras": 0,
                "total": 4
              }
            },
            {
              "batter": "CN Onwuzulike",
              "bowler": "T Tshose",
              "non_striker": "Muhammad Hashim",
              "runs": {
                "batter": 2,
                "extras": 0,
                "total": 2
              }
            },
            {
              "batter": "CN Onwuzulike",
              "bowler": "T Tshose",
              "non_striker": "Muhammad Hashim",
              "runs": {
                "batter": 2,
                "extras": 0,
                "total": 2
              }
            },
            {
              "batter": "CN Onwuzulike",
              "bowler": "T Tshose",
              "non_striker": "Muhammad Hashim",
              "runs": {
                "batter": 0,
                "extras": 0,
                "total": 0
              }
            },
            {
              "batter": "CN Onwuzulike",
              "bowler": "T Tshose",
              "non_striker": "Muhammad Hashim",
              "runs": {
                "batter": 4,
                "extras": 0,
                "total": 4
              }
            }
          ]
        },
        {
          "over": 8,
          "deliveries": [
            {
              "batter": "Muhammad Hashim",
              "bowler": "JWN Moses",
              "non_striker": "CN Onwuzulike",
              "runs": {
                "batter": 0,
                "extras": 0,
                "total": 0
              }
            },
            {
              "batter": "Muhammad Hashim",
              "bowler": "JWN Moses",
              "non_striker": "CN Onwuzulike",
              "runs": {
                "batter": 0,
                "extras": 0,
                "total": 0
              },
              "wickets": [
                {
                  "kind": "caught",
                  "player_out": "Muhammad Hashim",
                  "fielders": [
                    {
                      "name": "T Perera"
                    }
                  ]
                }
              ]
            },
            {
              "batter": "CN Onwuzulike",
              "bowler": "JWN Moses",
              "non_striker": "OA Olympio",
              "runs": {
                "batter": 0,
                "extras": 0,
                "total": 0
              }
            },
            {
              "batter": "CN Onwuzulike",
              "bowler": "JWN Moses",
              "non_striker": "OA Olympio",
              "runs": {
                "batter": 6,
                "extras": 0,
                "total": 6
              }
            },
            {
              "batter": "CN Onwuzulike",
              "bowler": "JWN Moses",
              "non_striker": "OA Olympio",
              "runs": {
                "batter": 0,
                "extras": 0,
                "total": 0
              }
            },
            {
              "batter": "CN Onwuzulike",
              "bowler": "JWN Moses",
              "non_striker": "OA Olympio",
              "runs": {
                "batter": 1,
                "extras": 0,
                "total": 1
              }
            }
          ]
        },
        {
          "over": 9,
          "deliveries": [
            {
              "batter": "CN Onwuzulike",
              "bowler": "M Mooketsi",
              "extras": {
                "legbyes": 1
              },
              "non_striker": "OA Olympio",
              "runs": {
                "batter": 0,
                "extras": 1,
                "total": 1
              }
            },
            {
              "batter": "OA Olympio",
              "bowler": "M Mooketsi",
              "non_striker": "CN Onwuzulike",
              "runs": {
                "batter": 0,
                "extras": 0,
                "total": 0
              }
            },
            {
              "batter": "OA Olympio",
              "bowler": "M Mooketsi",
              "non_striker": "CN Onwuzulike",
              "runs": {
                "batter": 1,
                "extras": 0,
                "total": 1
              }
            },
            {
              "batter": "CN Onwuzulike",
              "bowler": "M Mooketsi",
              "non_striker": "OA Olympio",
              "runs": {
                "batter": 0,
                "extras": 0,
                "total": 0
              }
            },
            {
              "batter": "CN Onwuzulike",
              "bowler": "M Mooketsi",
              "extras": {
                "byes": 1
              },
              "non_striker": "OA Olympio",
              "runs": {
                "batter": 0,
                "extras": 1,
                "total": 1
              }
            },
            {
              "batter": "OA Olympio",
              "bowler": "M Mooketsi",
              "non_striker": "CN Onwuzulike",
              "runs": {
                "batter": 0,
                "extras": 0,
                "total": 0
              }
            }
          ]
        },
        {
          "over": 10,
          "deliveries": [
            {
              "batter": "CN Onwuzulike",
              "bowler": "R Nehonde",
              "non_striker": "OA Olympio",
              "runs": {
                "batter": 0,
                "extras": 0,
                "total": 0
              }
            },
            {
              "batter": "CN Onwuzulike",
              "bowler": "R Nehonde",
              "non_striker": "OA Olympio",
              "runs": {
                "batter": 1,
                "extras": 0,
                "total": 1
              }
            },
            {
              "batter": "OA Olympio",
              "bowler": "R Nehonde",
              "non_striker": "CN Onwuzulike",
              "runs": {
                "batter": 1,
                "extras": 0,
                "total": 1
              }
            },
            {
              "batter": "CN Onwuzulike",
              "bowler": "R Nehonde",
              "non_striker": "OA Olympio",
              "runs": {
                "batter": 0,
                "extras": 0,
                "total": 0
              },
              "wickets": [
                {
                  "kind": "caught",
                  "player_out": "CN Onwuzulike",
                  "fielders": [
                    {
                      "name": "JWN Moses"
                    }
                  ]
                }
              ]
            },
            {
              "batter": "IO Okpe",
              "bowler": "R Nehonde",
              "non_striker": "OA Olympio",
              "runs": {
                "batter": 0,
                "extras": 0,
                "total": 0
              }
            },
            {
              "batter": "IO Okpe",
              "bowler": "R Nehonde",
              "non_striker": "OA Olympio",
              "runs": {
                "batter": 0,
                "extras": 0,
                "total": 0
              }
            }
          ]
        },
        {
          "over": 11,
          "deliveries": [
            {
              "batter": "OA Olympio",
              "bowler": "M Mooketsi",
              "non_striker": "IO Okpe",
              "runs": {
                "batter": 1,
                "extras": 0,
                "total": 1
              }
            },
            {
              "batter": "IO Okpe",
              "bowler": "M Mooketsi",
              "non_striker": "OA Olympio",
              "runs": {
                "batter": 0,
                "extras": 0,
                "total": 0
              }
            },
            {
              "batter": "IO Okpe",
              "bowler": "M Mooketsi",
              "non_striker": "OA Olympio",
              "runs": {
                "batter": 0,
                "extras": 0,
                "total": 0
              }
            },
            {
              "batter": "IO Okpe",
              "bowler": "M Mooketsi",
              "non_striker": "OA Olympio",
              "runs": {
                "batter": 1,
                "extras": 0,
                "total": 1
              }
            },
            {
              "batter": "OA Olympio",
              "bowler": "M Mooketsi",
              "non_striker": "IO Okpe",
              "runs": {
                "batter": 6,
                "extras": 0,
                "total": 6
              }
            },
            {
              "batter": "OA Olympio",
              "bowler": "M Mooketsi",
              "non_striker": "IO Okpe",
              "runs": {
                "batter": 1,
                "extras": 0,
                "total": 1
              }
            }
          ]
        },
        {
          "over": 12,
          "deliveries": [
            {
              "batter": "OA Olympio",
              "bowler": "R Nehonde",
              "non_striker": "IO Okpe",
              "runs": {
                "batter": 0,
                "extras": 0,
                "total": 0
              },
              "wickets": [
                {
                  "kind": "caught",
                  "player_out": "OA Olympio",
                  "fielders": [
                    {
                      "name": "H Pragji"
                    }
                  ]
                }
              ]
            },
            {
              "batter": "IO Okpe",
              "bowler": "R Nehonde",
              "non_striker": "A Mene-Ejegi",
              "runs": {
                "batter": 1,
                "extras": 0,
                "total": 1
              }
            },
            {
              "batter": "A Mene-Ejegi",
              "bowler": "R Nehonde",
              "non_striker": "IO Okpe",
              "runs": {
                "batter": 1,
                "extras": 0,
                "total": 1
              }
            },
            {
              "batter": "IO Okpe",
              "bowler": "R Nehonde",
              "non_striker": "A Mene-Ejegi",
              "runs": {
                "batter": 1,
                "extras": 0,
                "total": 1
              }
            },
            {
              "batter": "A Mene-Ejegi",
              "bowler": "R Nehonde",
              "non_striker": "IO Okpe",
              "runs": {
                "batter": 0,
                "extras": 0,
                "total": 0
              }
            },
            {
              "batter": "A Mene-Ejegi",
              "bowler": "R Nehonde",
              "non_striker": "IO Okpe",
              "runs": {
                "batter": 1,
                "extras": 0,
                "total": 1
              }
            }
          ]
        },
        {
          "over": 13,
          "deliveries": [
            {
              "batter": "A Mene-Ejegi",
              "bowler": "M Mooketsi",
              "non_striker": "IO Okpe",
              "runs": {
                "batter": 0,
                "extras": 0,
                "total": 0
              }
            },
            {
              "batter": "A Mene-Ejegi",
              "bowler": "M Mooketsi",
              "non_striker": "IO Okpe",
              "runs": {
                "batter": 4,
                "extras": 0,
                "total": 4
              }
            },
            {
              "batter": "A Mene-Ejegi",
              "bowler": "M Mooketsi",
              "non_striker": "IO Okpe",
              "runs": {
                "batter": 4,
                "extras": 0,
                "total": 4
              }
            },
            {
              "batter": "A Mene-Ejegi",
              "bowler": "M Mooketsi",
              "non_striker": "IO Okpe",
              "runs": {
                "batter": 0,
                "extras": 0,
                "total": 0
              }
            },
            {
              "batter": "A Mene-Ejegi",
              "bowler": "M Mooketsi",
              "non_striker": "IO Okpe",
              "runs": {
                "batter": 1,
                "extras": 0,
                "total": 1
              }
            },
            {
              "batter": "IO Okpe",
              "bowler": "M Mooketsi",
              "non_striker": "A Mene-Ejegi",
              "runs": {
                "batter": 1,
                "extras": 0,
                "total": 1
              }
            }
          ]
        },
        {
          "over": 14,
          "deliveries": [
            {
              "batter": "IO Okpe",
              "bowler": "R Nehonde",
              "non_striker": "A Mene-Ejegi",
              "runs": {
                "batter": 1,
                "extras": 0,
                "total": 1
              }
            },
            {
              "batter": "A Mene-Ejegi",
              "bowler": "R Nehonde",
              "non_striker": "IO Okpe",
              "runs": {
                "batter": 0,
                "extras": 0,
                "total": 0
              }
            },
            {
              "batter": "A Mene-Ejegi",
              "bowler": "R Nehonde",
              "extras": {
                "wides": 1
              },
              "non_striker": "IO Okpe",
              "runs": {
                "batter": 0,
                "extras": 1,
                "total": 1
              }
            },
            {
              "batter": "A Mene-Ejegi",
              "bowler": "R Nehonde",
              "non_striker": "IO Okpe",
              "runs": {
                "batter": 4,
                "extras": 0,
                "total": 4
              }
            },
            {
              "batter": "A Mene-Ejegi",
              "bowler": "R Nehonde",
              "non_striker": "IO Okpe",
              "runs": {
                "batter": 0,
                "extras": 0,
                "total": 0
              }
            },
            {
              "batter": "A Mene-Ejegi",
              "bowler": "R Nehonde",
              "non_striker": "IO Okpe",
              "runs": {
                "batter": 0,
                "extras": 0,
                "total": 0
              }
            },
            {
              "batter": "A Mene-Ejegi",
              "bowler": "R Nehonde",
              "non_striker": "IO Okpe",
              "runs": {
                "batter": 0,
                "extras": 0,
                "total": 0
              }
            }
          ]
        },
        {
          "over": 15,
          "deliveries": [
            {
              "batter": "IO Okpe",
              "bowler": "M Mooketsi",
              "non_striker": "A Mene-Ejegi",
              "runs": {
                "batter": 1,
                "extras": 0,
                "total": 1
              }
            },
            {
              "batter": "A Mene-Ejegi",
              "bowler": "M Mooketsi",
              "non_striker": "IO Okpe",
              "runs": {
                "batter": 1,
                "extras": 0,
                "total": 1
              }
            },
            {
              "batter": "IO Okpe",
              "bowler": "M Mooketsi",
              "non_striker": "A Mene-Ejegi",
              "runs": {
                "batter": 1,
                "extras": 0,
                "total": 1
              }
            },
            {
              "batter": "A Mene-Ejegi",
              "bowler": "M Mooketsi",
              "non_striker": "IO Okpe",
              "runs": {
                "batter": 1,
                "extras": 0,
                "total": 1
              }
            },
            {
              "batter": "IO Okpe",
              "bowler": "M Mooketsi",
              "non_striker": "A Mene-Ejegi",
              "runs": {
                "batter": 1,
                "extras": 0,
                "total": 1
              }
            },
            {
              "batter": "A Mene-Ejegi",
              "bowler": "M Mooketsi",
              "non_striker": "IO Okpe",
              "runs": {
                "batter": 1,
                "extras": 0,
                "total": 1
              }
            }
          ]
        },
        {
          "over": 16,
          "deliveries": [
            {
              "batter": "A Mene-Ejegi",
              "bowler": "R Nehonde",
              "non_striker": "IO Okpe",
              "runs": {
                "batter": 1,
                "extras": 0,
                "total": 1
              }
            },
            {
              "batter": "IO Okpe",
              "bowler": "R Nehonde",
              "non_striker": "A Mene-Ejegi",
              "runs": {
                "batter": 1,
                "extras": 0,
                "total": 1
              }
            }
          ]
        }
      ],
      "powerplays": [
        {
          "from": 0.1,
          "to": 4.6,
          "type": "mandatory"
        },
        {
          "from": 5.1,
          "to": 15.6,
          "type": "mandatory"
        },
        {
          "from": 16.1,
          "to": 16.2,
          "type": "mandatory"
        }
      ],
      "target": {
        "overs": 20,
        "runs": 163
      }
    }
  ]
}