{
  "meta": {
    "data_version": "1.0.0",
    "created": "2017-04-14",
    "revision": 2
  },
  "info": {
    "balls_per_over": 6,
    "city": "Benoni",
    "dates": [
      "2017-04-13"
    ],
    "event": {
      "match_number": 15,
      "name": "ICC World Cricket League Africa Region Qualifiers"
    },
    "gender": "male",
    "match_type": "ODM",
    "officials": {
      "match_referees": [
        "D Govindjee"
      ],
      "reserve_umpires": [
        "F Ekalunga"
      ],
      "umpires": [
        "VR Angara",
        "D Odhiambo"
      ]
    },
    "outcome": {
      "by": {
        "wickets": 9
      },
      "method": "D/L",
      "winner": "Ghana"
    },
    "overs": 50,
    "player_of_match": [
      "G Bakiweyem"
    ],
    "players": {
      "Ghana": [
        "F Baleri",
        "S Ateak",
        "JK Vifah",
        "G Bakiweyem",
        "JH Mensah",
        "PK Ananya",
        "DNA Ankrah",
        "KS Bagabena",
        "IKO Aboagye",
        "V Ateak",
        "SK Awiah"
      ],
      "Zambia": [
        "J Chinunga",
        "G Kandela",
        "H Patel",
        "A Nsensha",
        "SA Patel",
        "I Mwaba",
        "J Zimba",
        "Gladson Kandela",
        "Javid Patel",
        "T Nyirongo",
        "K Omala"
      ]
    },
    "registry": {
      "people": {
        "A Nsensha": "22993306",
        "D Govindjee": "8b4c4069",
        "D Odhiambo": "45994517",
        "DNA Ankrah": "c6614fc0",
        "F Baleri": "6efdad14",
        "F Ekalunga": "b1c9d04c",
        "G Bakiweyem": "5fe3709e",
        "G Kandela": "3b2dc884",
        "Gladson Kandela": "bb225778",
        "H Patel": "745a474b",
        "I Mwaba": "246b220c",
        "IKO Aboagye": "98614193",
        "J Chinunga": "4962bfc5",
        "J Zimba": "f70e7767",
        "JH Mensah": "d701081f",
        "JK Vifah": "a1448a10",
        "Javid Patel": "06989091",
        "K Omala": "b19b1ed8",
        "KS Bagabena": "1ce4f664",
        "PK Ananya": "bc69a6d3",
        "S Ateak": "a8529363",
        "SA Patel": "5d291b8e",
        "SK Awiah": "bc3fc527",
        "T Nyirongo": "06bcb7e6",
        "V Ateak": "65a60be7",
        "VR Angara": "5b7b706f"
      }
    },
    "season": 2017,
    "team_type": "international",
    "teams": [
      "Ghana",
      "Zambia"
    ],
    "toss": {
      "decision": "bat",
      "winner": "Zambia"
    },
    "venue": "Willowmoore Park C Field"
  },
  "innings": [
    {
      "team": "Zambia",
      "overs": [
        {
          "over": 0,
          "deliveries": [
            {
              "batter": "J Chinunga",
              "bowler": "V Ateak",
              "non_striker": "G Kandela",
              "runs": {
                "batter": 0,
                "extras": 0,
                "total": 0
              }
            },
            {
              "batter": "J Chinunga",
              "bowler": "V Ateak",
              "non_striker": "G Kandela",
              "runs": {
                "batter": 1,
                "extras": 0,
                "total": 1
              }
            },
            {
              "batter": "G Kandela",
              "bowler": "V Ateak",
              "non_striker": "J Chinunga",
              "runs": {
                "batter": 0,
                "extras": 0,
                "total": 0
              }
            },
            {
              "batter": "G Kandela",
              "bowler": "V Ateak",
              "non_striker": "J Chinunga",
              "runs": {
                "batter": 1,
                "extras": 0,
                "total": 1
              }
            },
            {
              "batter": "J Chinunga",
              "bowler": "V Ateak",
              "non_striker": "G Kandela",
              "runs": {
                "batter": 0,
                "extras": 0,
                "total": 0
              }
            },
            {
              "batter": "J Chinunga",
              "bowler": "V Ateak",
              "non_striker": "G Kandela",
              "runs": {
                "batter": 0,
                "extras": 0,
                "total": 0
              }
            }
          ]
        },
        {
          "over": 1,
          "deliveries": [
            {
              "batter": "G Kandela",
              "bowler": "G Bakiweyem",
              "non_striker": "J Chinunga",
              "runs": {
                "batter": 1,
                "extras": 0,
                "total": 1
              }
            },
            {
              "batter": "J Chinunga",
              "bowler": "G Bakiweyem",
              "non_striker": "G Kandela",
              "runs": {
                "batter": 0,
                "extras": 0,
                "total": 0
              }
            },
            {
              "batter": "J Chinunga",
              "bowler": "G Bakiweyem",
              "non_striker": "G Kandela",
              "runs": {
                "batter": 0,
                "extras": 0,
                "total": 0
              }
            },
            {
              "batter": "J Chinunga",
              "bowler": "G Bakiweyem",
              "non_striker": "G Kandela",
              "runs": {
                "batter": 0,
                "extras": 0,
                "total": 0
              },
              "wickets": [
                {
                  "kind": "caught",
                  "player_out": "J Chinunga",
                  "fielders": [
                    {
                      "name": "DNA Ankrah"
                    }
                  ]
                }
              ]
            },
            {
              "batter": "G Kandela",
              "bowler": "G Bakiweyem",
              "non_striker": "H Patel",
              "runs": {
                "batter": 0,
                "extras": 0,
                "total": 0
              }
            },
            {
              "batter": "G Kandela",
              "bowler": "G Bakiweyem",
              "non_striker": "H Patel",
              "runs": {
                "batter": 0,
                "extras": 0,
                "total": 0
              }
            }
          ]
        },
        {
          "over": 2,
          "deliveries": [
            {
              "batter": "H Patel",
              "bowler": "V Ateak",
              "non_striker": "G Kandela",
              "runs": {
                "batter": 0,
                "extras": 0,
                "total": 0
              }
            },
            {
              "batter": "H Patel",
              "bowler": "V Ateak",
              "non_striker": "G Kandela",
              "runs": {
                "batter": 0,
                "extras": 0,
                "total": 0
              }
            },
            {
              "batter": "H Patel",
              "bowler": "V Ateak",
              "non_striker": "G Kandela",
              "runs": {
                "batter": 0,
                "extras": 0,
                "total": 0
              }
            },
            {
              "batter": "H Patel",
              "bowler": "V Ateak",
              "non_striker": "G Kandela",
              "runs": {
                "batter": 0,
                "extras": 0,
                "total": 0
              }
            },
            {
              "batter": "H Patel",
              "bowler": "V Ateak",
              "non_striker": "G Kandela",
              "runs": {
                "batter": 0,
                "extras": 0,
                "total": 0
              }
            },
            {
              "batter": "H Patel",
              "bowler": "V Ateak",
              "non_striker": "G Kandela",
              "runs": {
                "batter": 0,
                "extras": 0,
                "total": 0
              }
            }
          ]
        },
        {
          "over": 3,
          "deliveries": [
            {
              "batter": "G Kandela",
              "bowler": "G Bakiweyem",
              "non_striker": "H Patel",
              "runs": {
                "batter": 4,
                "extras": 0,
                "total": 4
              }
            },
            {
              "batter": "G Kandela",
              "bowler": "G Bakiweyem",
              "non_striker": "H Patel",
              "runs": {
                "batter": 0,
                "extras": 0,
                "total": 0
              }
            },
            {
              "batter": "G Kandela",
              "bowler": "G Bakiweyem",
              "non_striker": "H Patel",
              "runs": {
                "batter": 0,
                "extras": 0,
                "total": 0
              }
            },
            {
              "batter": "G Kandela",
              "bowler": "G Bakiweyem",
              "non_striker": "H Patel",
              "runs": {
                "batter": 0,
                "extras": 0,
                "total": 0
              }
            },
            {
              "batter": "G Kandela",
              "bowler": "G Bakiweyem",
              "non_striker": "H Patel",
              "runs": {
                "batter": 4,
                "extras": 0,
                "total": 4
              }
            },
            {
              "batter": "G Kandela",
              "bowler": "G Bakiweyem",
              "non_striker": "H Patel",
              "runs": {
                "batter": 0,
                "extras": 0,
                "total": 0
              },
              "wickets": [
                {
                  "kind": "bowled",
                  "player_out": "G Kandela"
                }
              ]
            }
          ]
        },
        {
          "over": 4,
          "deliveries": [
            {
              "batter": "H Patel",
              "bowler": "V Ateak",
              "non_striker": "A Nsensha",
              "runs": {
                "batter": 0,
                "extras": 0,
                "total": 0
              },
              "wickets": [
                {
                  "kind": "caught",
                  "player_out": "H Patel",
                  "fielders": [
                    {
                      "name": "S Ateak"
                    }
                  ]
                }
              ]
            },
            {
              "batter": "SA Patel",
              "bowler": "V Ateak",
              "non_striker": "A Nsensha",
              "runs": {
                "batter": 0,
                "extras": 0,
                "total": 0
              }
            },
            {
              "batter": "SA Patel",
              "bowler": "V Ateak",
              "non_striker": "A Nsensha",
              "runs": {
                "batter": 0,
                "extras": 0,
                "total": 0
              }
            },
            {
              "batter": "SA Patel",
              "bowler": "V Ateak",
              "non_striker": "A Nsensha",
              "runs": {
                "batter": 0,
                "extras": 0,
                "total": 0
              }
            },
            {
              "batter": "SA Patel",
              "bowler": "V Ateak",
              "non_striker": "A Nsensha",
              "runs": {
                "batter": 0,
                "extras": 0,
                "total": 0
              },
              "wickets": [
                {
                  "kind": "caught",
                  "player_out": "SA Patel",
                  "fielders": [
                    {
                      "name": "JK Vifah"
                    }
                  ]
                }
              ]
            },
            {
              "batter": "I Mwaba",
              "bowler": "V Ateak",
              "non_striker": "A Nsensha",
              "runs": {
                "batter": 0,
                "extras": 0,
                "total": 0
              }
            }
          ]
        },
        {
          "over": 5,
          "deliveries": [
            {
              "batter": "A Nsensha",
              "bowler": "G Bakiweyem",
              "non_striker": "I Mwaba",
              "runs": {
                "batter": 0,
                "extras": 0,
                "total": 0
              }
            },
            {
              "batter": "A Nsensha",
              "bowler": "G Bakiweyem",
              "non_striker": "I Mwaba",
              "runs": {
                "batter": 1,
                "extras": 0,
                "total": 1
              }
            },
            {
              "batter": "I Mwaba",
              "bowler": "G Bakiweyem",
              "non_striker": "A Nsensha",
              "runs": {
                "batter": 0,
                "extras": 0,
                "total": 0
              }
            },
            {
              "batter": "I Mwaba",
              "bowler": "G Bakiweyem",
              "non_striker": "A Nsensha",
              "runs": {
                "batter": 0,
                "extras": 0,
                "total": 0
              },
              "wickets": [
                {
                  "kind": "run out",
                  "player_out": "A Nsensha",
                  "fielders": [
                    {
                      "name": "KS Bagabena"
                    },
                    {
                      "name": "PK Ananya"
                    }
                  ]
                }
              ]
            },
            {
              "batter": "J Zimba",
              "bowler": "G Bakiweyem",
              "non_striker": "I Mwaba",
              "runs": {
                "batter": 1,
                "extras": 0,
                "total": 1
              }
            },
            {
              "batter": "I Mwaba",
              "bowler": "G Bakiweyem",
              "non_striker": "J Zimba",
              "runs": {
                "batter": 0,
                "extras": 0,
                "total": 0
              }
            }
          ]
        },
        {
          "over": 6,
          "deliveries": [
            {
              "batter": "J Zimba",
              "bowler": "V Ateak",
              "non_striker": "I Mwaba",
              "runs": {
                "batter": 0,
                "extras": 0,
                "total": 0
              }
            },
            {
              "batter": "J Zimba",
              "bowler": "V Ateak",
              "non_striker": "I Mwaba",
              "runs": {
                "batter": 0,
                "extras": 0,
                "total": 0
              }
            },
            {
              "batter": "J Zimba",
              "bowler": "V Ateak",
              "non_striker": "I Mwaba",
              "runs": {
                "batter": 0,
                "extras": 0,
                "total": 0
              },
              "wickets": [
                {
                  "kind": "run out",
                  "player_out": "I Mwaba",
                  "fielders": [
                    {
                      "name": "DNA Ankrah"
                    },
                    {
                      "name": "V Ateak"
                    }
                  ]
                }
              ]
            },
            {
              "batter": "J Zimba",
              "bowler": "V Ateak",
              "non_striker": "Gladson Kandela",
              "runs": {
                "batter": 0,
                "extras": 0,
                "total": 0
              }
            },
            {
              "batter": "J Zimba",
              "bowler": "V Ateak",
              "non_striker": "Gladson Kandela",
              "runs": {
                "batter": 0,
                "extras": 0,
                "total": 0
              }
            },
            {
              "batter": "J Zimba",
              "bowler": "V Ateak",
              "non_striker": "Gladson Kandela",
              "runs": {
                "batter": 0,
                "extras": 0,
                "total": 0
              }
            }
          ]
        },
        {
          "over": 7,
          "deliveries": [
            {
              "batter": "Gladson Kandela",
              "bowler": "G Bakiweyem",
              "non_striker": "J Zimba",
              "runs": {
                "batter": 0,
                "extras": 0,
                "total": 0
              }
            },
            {
              "batter": "Gladson Kandela",
              "bowler": "G Bakiweyem",
              "non_striker": "J Zimba",
              "runs": {
                "batter": 0,
                "extras": 0,
                "total": 0
              }
            },
            {
              "batter": "Gladson Kandela",
              "bowler": "G Bakiweyem",
              "non_striker": "J Zimba",
              "runs": {
                "batter": 1,
                "extras": 0,
                "total": 1
              }
            },
            {
              "batter": "J Zimba",
              "bowler": "G Bakiweyem",
              "non_striker": "Gladson Kandela",
              "runs": {
                "batter": 0,
                "extras": 0,
                "total": 0
              }
            },
            {
              "batter": "J Zimba",
              "bowler": "G Bakiweyem",
              "non_striker": "Gladson Kandela",
              "runs": {
                "batter": 0,
                "extras": 0,
                "total": 0
              }
            },
            {
              "batter": "J Zimba",
              "bowler": "G Bakiweyem",
              "non_striker": "Gladson Kandela",
              "runs": {
                "batter": 6,
                "extras": 0,
                "total": 6
              }
            }
          ]
        },
        {
          "over": 8,
          "deliveries": [
            {
              "batter": "Gladson Kandela",
              "bowler": "V Ateak",
              "non_striker": "J Zimba",
              "runs": {
                "batter": 0,
                "extras": 0,
                "total": 0
              }
            },
            {
              "batter": "Gladson Kandela",
              "bowler": "V Ateak",
              "non_striker": "J Zimba",
              "runs": {
                "batter": 0,
                "extras": 0,
                "total": 0
              }
            },
            {
              "batter": "Gladson Kandela",
              "bowler": "V Ateak",
              "non_striker": "J Zimba",
              "runs": {
                "batter": 0,
                "extras": 0,
                "total": 0
              }
            },
            {
              "batter": "Gladson Kandela",
              "bowler": "V Ateak",
              "non_striker": "J Zimba",
              "runs": {
                "batter": 0,
                "extras": 0,
                "total": 0
              }
            },
            {
              "batter": "Gladson Kandela",
              "bowler": "V Ateak",
              "non_striker": "J Zimba",
              "runs": {
                "batter": 0,
                "extras": 0,
                "total": 0
              }
            },
            {
              "batter": "Gladson Kandela",
              "bowler": "V Ateak",
              "non_striker": "J Zimba",
              "runs": {
                "batter": 0,
                "extras": 0,
                "total": 0
              }
            }
          ]
        },
        {
          "over": 9,
          "deliveries": [
            {
              "batter": "J Zimba",
              "bowler": "G Bakiweyem",
              "non_striker": "Gladson Kandela",
              "runs": {
                "batter": 0,
                "extras": 0,
                "total": 0
              }
            },
            {
              "batter": "J Zimba",
              "bowler": "G Bakiweyem",
              "non_striker": "Gladson Kandela",
              "runs": {
                "batter": 0,
                "extras": 0,
                "total": 0
              }
            },
            {
              "batter": "J Zimba",
              "bowler": "G Bakiweyem",
              "non_striker": "Gladson Kandela",
              "runs": {
                "batter": 1,
                "extras": 0,
                "total": 1
              }
            },
            {
              "batter": "Gladson Kandela",
              "bowler": "G Bakiweyem",
              "non_striker": "J Zimba",
              "runs": {
                "batter": 0,
                "extras": 0,
                "total": 0
              }
            },
            {
              "batter": "Gladson Kandela",
              "bowler": "G Bakiweyem",
              "non_striker": "J Zimba",
              "runs": {
                "batter": 0,
                "extras": 0,
                "total": 0
              },
              "wickets": [
                {
                  "kind": "caught",
                  "player_out": "Gladson Kandela",
                  "fielders": [
                    {
                      "name": "F Baleri"
                    }
                  ]
                }
              ]
            },
            {
              "batter": "Javid Patel",
              "bowler": "G Bakiweyem",
              "non_striker": "J Zimba",
              "runs": {
                "batter": 0,
                "extras": 0,
                "total": 0
              }
            }
          ]
        },
        {
          "over": 10,
          "deliveries": [
            {
              "batter": "J Zimba",
              "bowler": "V Ateak",
              "non_striker": "Javid Patel",
              "runs": {
                "batter": 0,
                "extras": 0,
                "total": 0
              }
            },
            {
              "batter": "J Zimba",
              "bowler": "V Ateak",
              "non_striker": "Javid Patel",
              "runs": {
                "batter": 0,
                "extras": 0,
                "total": 0
              }
            },
            {
              "batter": "J Zimba",
              "bowler": "V Ateak",
              "non_striker": "Javid Patel",
              "runs": {
                "batter": 1,
                "extras": 0,
                "total": 1
              }
            },
            {
              "batter": "Javid Patel",
              "bowler": "V Ateak",
              "non_striker": "J Zimba",
              "runs": {
                "batter": 1,
                "extras": 0,
                "total": 1
              }
            },
            {
              "batter": "J Zimba",
              "bowler": "V Ateak",
              "non_striker": "Javid Patel",
              "runs": {
                "batter": 0,
                "extras": 0,
                "total": 0
              }
            },
            {
              "batter": "J Zimba",
              "bowler": "V Ateak",
              "non_striker": "Javid Patel",
              "runs": {
                "batter": 0,
                "extras": 0,
                "total": 0
              }
            }
          ]
        },
        {
          "over": 11,
          "deliveries": [
            {
              "batter": "Javid Patel",
              "bowler": "G Bakiweyem",
              "non_striker": "J Zimba",
              "runs": {
                "batter": 1,
                "extras": 0,
                "total": 1
              }
            },
            {
              "batter": "J Zimba",
              "bowler": "G Bakiweyem",
              "non_striker": "Javid Patel",
              "runs": {
                "batter": 0,
                "extras": 0,
                "total": 0
              }
            },
            {
              "batter": "J Zimba",
              "bowler": "G Bakiweyem",
              "non_striker": "Javid Patel",
              "runs": {
                "batter": 0,
                "extras": 0,
                "total": 0
              }
            },
            {
              "batter": "J Zimba",
              "bowler": "G Bakiweyem",
              "non_striker": "Javid Patel",
              "runs": {
                "batter": 0,
                "extras": 0,
                "total": 0
              }
            },
            {
              "batter": "J Zimba",
              "bowler": "G Bakiweyem",
              "non_striker": "Javid Patel",
              "runs": {
                "batter": 0,
                "extras": 0,
                "total": 0
              }
            },
            {
              "batter": "J Zimba",
              "bowler": "G Bakiweyem",
              "non_striker": "Javid Patel",
              "runs": {
                "batter": 0,
                "extras": 0,
                "total": 0
              }
            }
          ]
        },
        {
          "over": 12,
          "deliveries": [
            {
              "batter": "Javid Patel",
              "bowler": "V Ateak",
              "non_striker": "J Zimba",
              "runs": {
                "batter": 0,
                "extras": 0,
                "total": 0
              }
            },
            {
              "batter": "Javid Patel",
              "bowler": "V Ateak",
              "non_striker": "J Zimba",
              "runs": {
                "batter": 0,
                "extras": 0,
                "total": 0
              }
            },
            {
              "batter": "Javid Patel",
              "bowler": "V Ateak",
              "non_striker": "J Zimba",
              "runs": {
                "batter": 6,
                "extras": 0,
                "total": 6
              }
            },
            {
              "batter": "Javid Patel",
              "bowler": "V Ateak",
              "non_striker": "J Zimba",
              "runs": {
                "batter": 0,
                "extras": 0,
                "total": 0
              }
            },
            {
              "batter": "Javid Patel",
              "bowler": "V Ateak",
              "non_striker": "J Zimba",
              "runs": {
                "batter": 0,
                "extras": 0,
                "total": 0
              }
            },
            {
              "batter": "Javid Patel",
              "bowler": "V Ateak",
              "non_striker": "J Zimba",
              "runs": {
                "batter": 0,
                "extras": 0,
                "total": 0
              }
            }
          ]
        },
        {
          "over": 13,
          "deliveries": [
            {
              "batter": "J Zimba",
              "bowler": "G Bakiweyem",
              "non_striker": "Javid Patel",
              "runs": {
                "batter": 0,
                "extras": 0,
                "total": 0
              }
            },
            {
              "batter": "J Zimba",
              "bowler": "G Bakiweyem",
              "non_striker": "Javid Patel",
              "runs": {
                "batter": 4,
                "extras": 0,
                "total": 4
              }
            },
            {
              "batter": "J Zimba",
              "bowler": "G Bakiweyem",
              "non_striker": "Javid Patel",
              "runs": {
                "batter": 0,
                "extras": 0,
                "total": 0
              }
            },
            {
              "batter": "J Zimba",
              "bowler": "G Bakiweyem",
              "non_striker": "Javid Patel",
              "runs": {
                "batter": 0,
                "extras": 0,
                "total": 0
              }
            },
            {
              "batter": "J Zimba",
              "bowler": "G Bakiweyem",
              "non_striker": "Javid Patel",
              "runs": {
                "batter": 0,
                "extras": 0,
                "total": 0
              }
            },
            {
              "batter": "J Zimba",
              "bowler": "G Bakiweyem",
              "non_striker": "Javid Patel",
              "runs": {
                "batter": 1,
                "extras": 0,
                "total": 1
              }
            }
          ]
        },
        {
          "over": 14,
          "deliveries": [
            {
              "batter": "J Zimba",
              "bowler": "V Ateak",
              "non_striker": "Javid Patel",
              "runs": {
                "batter": 0,
                "extras": 0,
                "total": 0
              }
            },
            {
              "batter": "J Zimba",
              "bowler": "V Ateak",
              "non_striker": "Javid Patel",
              "runs": {
                "batter": 0,
                "extras": 0,
                "total": 0
              }
            },
            {
              "batter": "J Zimba",
              "bowler": "V Ateak",
              "non_striker": "Javid Patel",
              "runs": {
                "batter": 1,
                "extras": 0,
                "total": 1
              }
            },
            {
              "batter": "Javid Patel",
              "bowler": "V Ateak",
              "non_striker": "J Zimba",
              "runs": {
                "batter": 1,
                "extras": 0,
                "total": 1
              }
            },
            {
              "batter": "J Zimba",
              "bowler": "V Ateak",
              "non_striker": "Javid Patel",
              "runs": {
                "batter": 1,
                "extras": 0,
                "total": 1
              }
            },
            {
              "batter": "Javid Patel",
              "bowler": "V Ateak",
              "non_striker": "J Zimba",
              "runs": {
                "batter": 0,
                "extras": 0,
                "total": 0
              }
            }
          ]
        },
        {
          "over": 15,
          "deliveries": [
            {
              "batter": "J Zimba",
              "bowler": "G Bakiweyem",
              "non_striker": "Javid Patel",
              "runs": {
                "batter": 0,
                "extras": 0,
                "total": 0
              }
            },
            {
              "batter": "J Zimba",
              "bowler": "G Bakiweyem",
              "non_striker": "Javid Patel",
              "runs": {
                "batter": 0,
                "extras": 0,
                "total": 0
              }
            },
            {
              "batter": "J Zimba",
              "bowler": "G Bakiweyem",
              "non_striker": "Javid Patel",
              "runs": {
                "batter": 0,
                "extras": 0,
                "total": 0
              },
              "wickets": [
                {
                  "kind": "caught",
                  "player_out": "J Zimba",
                  "fielders": [
                    {
                      "name": "F Baleri"
                    }
                  ]
                }
              ]
            },
            {
              "batter": "T Nyirongo",
              "bowler": "G Bakiweyem",
              "non_striker": "Javid Patel",
              "runs": {
                "batter": 0,
                "extras": 0,
                "total": 0
              }
            },
            {
              "batter": "T Nyirongo",
              "bowler": "G Bakiweyem",
              "non_striker": "Javid Patel",
              "runs": {
                "batter": 1,
                "extras": 0,
                "total": 1
              }
            },
            {
              "batter": "Javid Patel",
              "bowler": "G Bakiweyem",
              "non_striker": "T Nyirongo",
              "runs": {
                "batter": 0,
                "extras": 0,
                "total": 0
              },
              "wickets": [
                {
                  "kind": "caught",
                  "player_out": "Javid Patel",
                  "fielders": [
                    {
                      "name": "PK Ananya"
                    }
                  ]
                }
              ]
            }
          ]
        },
        {
          "over": 16,
          "deliveries": [
            {
              "batter": "T Nyirongo",
              "bowler": "V Ateak",
              "non_striker": "K Omala",
              "runs": {
                "batter": 4,
                "extras": 0,
                "total": 4
              }
            },
            {
              "batter": "T Nyirongo",
              "bowler": "V Ateak",
              "non_striker": "K Omala",
              "runs": {
                "batter": 0,
                "extras": 0,
                "total": 0
              }
            },
            {
              "batter": "T Nyirongo",
              "bowler": "V Ateak",
              "non_striker": "K Omala",
              "runs": {
                "batter": 0,
                "extras": 0,
                "total": 0
              }
            },
            {
              "batter": "T Nyirongo",
              "bowler": "V Ateak",
              "non_striker": "K Omala",
              "runs": {
                "batter": 1,
                "extras": 0,
                "total": 1
              }
            },
            {
              "batter": "K Omala",
              "bowler": "V Ateak",
              "non_striker": "T Nyirongo",
              "runs": {
                "batter": 2,
                "extras": 0,
                "total": 2
              }
            },
            {
              "batter": "K Omala",
              "bowler": "V Ateak",
              "non_striker": "T Nyirongo",
              "runs": {
                "batter": 0,
                "extras": 0,
                "total": 0
              }
            }
          ]
        },
        {
          "over": 17,
          "deliveries": [
            {
              "batter": "T Nyirongo",
              "bowler": "G Bakiweyem",
              "non_striker": "K Omala",
              "runs": {
                "batter": 0,
                "extras": 0,
                "total": 0
              }
            },
            {
              "batter": "T Nyirongo",
              "bowler": "G Bakiweyem",
              "non_striker": "K Omala",
              "runs": {
                "batter": 1,
                "extras": 0,
                "total": 1
              }
            },
            {
              "batter": "K Omala",
              "bowler": "G Bakiweyem",
              "non_striker": "T Nyirongo",
              "runs": {
                "batter": 1,
                "extras": 0,
                "total": 1
              }
            },
            {
              "batter": "T Nyirongo",
              "bowler": "G Bakiweyem",
              "non_striker": "K Omala",
              "runs": {
                "batter": 4,
                "extras": 0,
                "total": 4
              }
            },
            {
              "batter": "T Nyirongo",
              "bowler": "G Bakiweyem",
              "non_striker": "K Omala",
              "runs": {
                "batter": 1,
                "extras": 0,
                "total": 1
              }
            },
            {
              "batter": "K Omala",
              "bowler": "G Bakiweyem",
              "non_striker": "T Nyirongo",
              "runs": {
                "batter": 0,
                "extras": 0,
                "total": 0
              }
            }
          ]
        },
        {
          "over": 18,
          "deliveries": [
            {
              "batter": "T Nyirongo",
              "bowler": "IKO Aboagye",
              "non_striker": "K Omala",
              "runs": {
                "batter": 1,
                "extras": 0,
                "total": 1
              }
            },
            {
              "batter": "K Omala",
              "bowler": "IKO Aboagye",
              "non_striker": "T Nyirongo",
              "runs": {
                "batter": 0,
                "extras": 0,
                "total": 0
              }
            },
            {
              "batter": "K Omala",
              "bowler": "IKO Aboagye",
              "non_striker": "T Nyirongo",
              "runs": {
                "batter": 0,
                "extras": 0,
                "total": 0
              }
            },
            {
              "batter": "K Omala",
              "bowler": "IKO Aboagye",
              "non_striker": "T Nyirongo",
              "runs": {
                "batter": 0,
                "extras": 0,
                "total": 0
              }
            },
            {
              "batter": "K Omala",
              "bowler": "IKO Aboagye",
              "non_striker": "T Nyirongo",
              "runs": {
                "batter": 0,
                "extras": 0,
                "total": 0
              }
            },
            {
              "batter": "K Omala",
              "bowler": "IKO Aboagye",
              "non_striker": "T Nyirongo",
              "runs": {
                "batter": 0,
                "extras": 0,
                "total": 0
              }
            }
          ]
        },
        {
          "over": 19,
          "deliveries": [
            {
              "batter": "T Nyirongo",
              "bowler": "DNA Ankrah",
              "non_striker": "K Omala",
              "runs": {
                "batter": 1,
                "extras": 0,
                "total": 1
              }
            },
            {
              "batter": "K Omala",
              "bowler": "DNA Ankrah",
              "extras": {
                "wides": 1
              },
              "non_striker": "T Nyirongo",
              "runs": {
                "batter": 0,
                "extras": 1,
                "total": 1
              }
            },
            {
              "batter": "K Omala",
              "bowler": "DNA Ankrah",
              "non_striker": "T Nyirongo",
              "runs": {
                "batter": 0,
                "extras": 0,
                "total": 0
              }
            },
            {
              "batter": "K Omala",
              "bowler": "DNA Ankrah",
              "non_striker": "T Nyirongo",
              "runs": {
                "batter": 1,
                "extras": 0,
                "total": 1
              }
            },
            {
              "batter": "T Nyirongo",
              "bowler": "DNA Ankrah",
              "extras": {
                "wides": 1
              },
              "non_striker": "K Omala",
              "runs": {
                "batter": 0,
                "extras": 1,
                "total": 1
              }
            },
            {
              "batter": "T Nyirongo",
              "bowler": "DNA Ankrah",
              "non_striker": "K Omala",
              "runs": {
                "batter": 2,
                "extras": 0,
                "total": 2
              }
            },
            {
              "batter": "T Nyirongo",
              "bowler": "DNA Ankrah",
              "non_striker": "K Omala",
              "runs": {
                "batter": 0,
                "extras": 0,
                "total": 0
              }
            },
            {
              "batter": "T Nyirongo",
              "bowler": "DNA Ankrah",
              "non_striker": "K Omala",
              "runs": {
                "batter": 0,
                "extras": 0,
                "total": 0
              }
            }
          ]
        },
        {
          "over": 20,
          "deliveries": [
            {
              "batter": "K Omala",
              "bowler": "IKO Aboagye",
              "non_striker": "T Nyirongo",
              "runs": {
                "batter": 0,
                "extras": 0,
                "total": 0
              }
            },
            {
              "batter": "K Omala",
              "bowler": "IKO Aboagye",
              "non_striker": "T Nyirongo",
              "runs": {
                "batter": 0,
                "extras": 0,
                "total": 0
              }
            },
            {
              "batter": "K Omala",
              "bowler": "IKO Aboagye",
              "non_striker": "T Nyirongo",
              "runs": {
                "batter": 0,
                "extras": 0,
                "total": 0
              },
              "wickets": [
                {
                  "kind": "caught",
                  "player_out": "K Omala",
                  "fielders": [
                    {
                      "name": "KS Bagabena"
                    }
                  ]
                }
              ]
            }
          ]
        }
      ],
      "powerplays": [
        {
          "from": 0.1,
          "to": 9.6,
          "type": "mandatory"
        },
        {
          "from": 10.1,
          "to": 20.3,
          "type": "mandatory"
        }
      ]
    },
    {
      "team": "Ghana",
      "overs": [
        {
          "over": 0,
          "deliveries": [
            {
              "batter": "F Baleri",
              "bowler": "J Zimba",
              "non_striker": "S Ateak",
              "runs": {
                "batter": 6,
                "extras": 0,
                "total": 6
              }
            },
            {
              "batter": "F Baleri",
              "bowler": "J Zimba",
              "non_striker": "S Ateak",
              "runs": {
                "batter": 0,
                "extras": 0,
                "total": 0
              }
            },
            {
              "batter": "F Baleri",
              "bowler": "J Zimba",
              "non_striker": "S Ateak",
              "runs": {
                "batter": 0,
                "extras": 0,
                "total": 0
              }
            },
            {
              "batter": "F Baleri",
              "bowler": "J Zimba",
              "non_striker": "S Ateak",
              "runs": {
                "batter": 0,
                "extras": 0,
                "total": 0
              }
            },
            {
              "batter": "F Baleri",
              "bowler": "J Zimba",
              "non_striker": "S Ateak",
              "runs": {
                "batter": 0,
                "extras": 0,
                "total": 0
              }
            },
            {
              "batter": "F Baleri",
              "bowler": "J Zimba",
              "non_striker": "S Ateak",
              "runs": {
                "batter": 0,
                "extras": 0,
                "total": 0
              }
            }
          ]
        },
        {
          "over": 1,
          "deliveries": [
            {
              "batter": "S Ateak",
              "bowler": "Javid Patel",
              "non_striker": "F Baleri",
              "runs": {
                "batter": 1,
                "extras": 0,
                "total": 1
              }
            },
            {
              "batter": "F Baleri",
              "bowler": "Javid Patel",
              "non_striker": "S Ateak",
              "runs": {
                "batter": 4,
                "extras": 0,
                "total": 4
              }
            },
            {
              "batter": "F Baleri",
              "bowler": "Javid Patel",
              "non_striker": "S Ateak",
              "runs": {
                "batter": 1,
                "extras": 0,
                "total": 1
              }
            },
            {
              "batter": "S Ateak",
              "bowler": "Javid Patel",
              "non_striker": "F Baleri",
              "runs": {
                "batter": 0,
                "extras": 0,
                "total": 0
              }
            },
            {
              "batter": "S Ateak",
              "bowler": "Javid Patel",
              "non_striker": "F Baleri",
              "runs": {
                "batter": 4,
                "extras": 0,
                "total": 4
              }
            },
            {
              "batter": "S Ateak",
              "bowler": "Javid Patel",
              "non_striker": "F Baleri",
              "runs": {
                "batter": 2,
                "extras": 0,
                "total": 2
              }
            }
          ]
        },
        {
          "over": 2,
          "deliveries": [
            {
              "batter": "F Baleri",
              "bowler": "J Zimba",
              "non_striker": "S Ateak",
              "runs": {
                "batter": 0,
                "extras": 0,
                "total": 0
              }
            },
            {
              "batter": "F Baleri",
              "bowler": "J Zimba",
              "non_striker": "S Ateak",
              "runs": {
                "batter": 1,
                "extras": 0,
                "total": 1
              }
            },
            {
              "batter": "S Ateak",
              "bowler": "J Zimba",
              "non_striker": "F Baleri",
              "runs": {
                "batter": 0,
                "extras": 0,
                "total": 0
              }
            },
            {
              "batter": "S Ateak",
              "bowler": "J Zimba",
              "non_striker": "F Baleri",
              "runs": {
                "batter": 1,
                "extras": 0,
                "total": 1
              }
            },
            {
              "batter": "F Baleri",
              "bowler": "J Zimba",
              "non_striker": "S Ateak",
              "runs": {
                "batter": 0,
                "extras": 0,
                "total": 0
              }
            },
            {
              "batter": "F Baleri",
              "bowler": "J Zimba",
              "non_striker": "S Ateak",
              "runs": {
                "batter": 4,
                "extras": 0,
                "total": 4
              }
            }
          ]
        },
        {
          "over": 3,
          "deliveries": [
            {
              "batter": "S Ateak",
              "bowler": "H Patel",
              "non_striker": "F Baleri",
              "runs": {
                "batter": 4,
                "extras": 0,
                "total": 4
              }
            },
            {
              "batter": "S Ateak",
              "bowler": "H Patel",
              "non_striker": "F Baleri",
              "runs": {
                "batter": 0,
                "extras": 0,
                "total": 0
              }
            },
            {
              "batter": "S Ateak",
              "bowler": "H Patel",
              "non_striker": "F Baleri",
              "runs": {
                "batter": 0,
                "extras": 0,
                "total": 0
              }
            },
            {
              "batter": "S Ateak",
              "bowler": "H Patel",
              "extras": {
                "wides": 1
              },
              "non_striker": "F Baleri",
              "runs": {
                "batter": 0,
                "extras": 1,
                "total": 1
              }
            },
            {
              "batter": "S Ateak",
              "bowler": "H Patel",
              "non_striker": "F Baleri",
              "runs": {
                "batter": 0,
                "extras": 0,
                "total": 0
              }
            },
            {
              "batter": "S Ateak",
              "bowler": "H Patel",
              "non_striker": "F Baleri",
              "runs": {
                "batter": 1,
                "extras": 0,
                "total": 1
              }
            },
            {
              "batter": "F Baleri",
              "bowler": "H Patel",
              "non_striker": "S Ateak",
              "runs": {
                "batter": 2,
                "extras": 0,
                "total": 2
              }
            }
          ]
        },
        {
          "over": 4,
          "deliveries": [
            {
              "batter": "S Ateak",
              "bowler": "T Nyirongo",
              "non_striker": "F Baleri",
              "runs": {
                "batter": 0,
                "extras": 0,
                "total": 0
              }
            },
            {
              "batter": "S Ateak",
              "bowler": "T Nyirongo",
              "non_striker": "F Baleri",
              "runs": {
                "batter": 2,
                "extras": 0,
                "total": 2
              }
            },
            {
              "batter": "S Ateak",
              "bowler": "T Nyirongo",
              "non_striker": "F Baleri",
              "runs": {
                "batter": 0,
                "extras": 0,
                "total": 0
              }
            },
            {
              "batter": "S Ateak",
              "bowler": "T Nyirongo",
              "non_striker": "F Baleri",
              "runs": {
                "batter": 0,
                "extras": 0,
                "total": 0
              }
            },
            {
              "batter": "S Ateak",
              "bowler": "T Nyirongo",
              "non_striker": "F Baleri",
              "runs": {
                "batter": 1,
                "extras": 0,
                "total": 1
              }
            },
            {
              "batter": "F Baleri",
              "bowler": "T Nyirongo",
              "non_striker": "S Ateak",
              "runs": {
                "batter": 0,
                "extras": 0,
                "total": 0
              }
            }
          ]
        },
        {
          "over": 5,
          "deliveries": [
            {
              "batter": "S Ateak",
              "bowler": "H Patel",
              "non_striker": "F Baleri",
              "runs": {
                "batter": 0,
                "extras": 0,
                "total": 0
              }
            },
            {
              "batter": "S Ateak",
              "bowler": "H Patel",
              "non_striker": "F Baleri",
              "runs": {
                "batter": 0,
                "extras": 0,
                "total": 0
              }
            },
            {
              "batter": "S Ateak",
              "bowler": "H Patel",
              "extras": {
                "wides": 1
              },
              "non_striker": "F Baleri",
              "runs": {
                "batter": 0,
                "extras": 1,
                "total": 1
              }
            },
            {
              "batter": "S Ateak",
              "bowler": "H Patel",
              "non_striker": "F Baleri",
              "runs": {
                "batter": 1,
                "extras": 0,
                "total": 1
              }
            },
            {
              "batter": "F Baleri",
              "bowler": "H Patel",
              "non_striker": "S Ateak",
              "runs": {
                "batter": 0,
                "extras": 0,
                "total": 0
              }
            },
            {
              "batter": "F Baleri",
              "bowler": "H Patel",
              "non_striker": "S Ateak",
              "runs": {
                "batter": 0,
                "extras": 0,
                "total": 0
              }
            },
            {
              "batter": "F Baleri",
              "bowler": "H Patel",
              "non_striker": "S Ateak",
              "runs": {
                "batter": 0,
                "extras": 0,
                "total": 0
              }
            }
          ]
        },
        {
          "over": 6,
          "deliveries": [
            {
              "batter": "S Ateak",
              "bowler": "T Nyirongo",
              "non_striker": "F Baleri",
              "runs": {
                "batter": 0,
                "extras": 0,
                "total": 0
              }
            },
            {
              "batter": "S Ateak",
              "bowler": "T Nyirongo",
              "non_striker": "F Baleri",
              "runs": {
                "batter": 0,
                "extras": 0,
                "total": 0
              }
            },
            {
              "batter": "S Ateak",
              "bowler": "T Nyirongo",
              "non_striker": "F Baleri",
              "runs": {
                "batter": 2,
                "extras": 0,
                "total": 2
              }
            },
            {
              "batter": "S Ateak",
              "bowler": "T Nyirongo",
              "non_striker": "F Baleri",
              "runs": {
                "batter": 1,
                "extras": 0,
                "total": 1
              }
            },
            {
              "batter": "F Baleri",
              "bowler": "T Nyirongo",
              "non_striker": "S Ateak",
              "runs": {
                "batter": 0,
                "extras": 0,
                "total": 0
              }
            },
            {
              "batter": "F Baleri",
              "bowler": "T Nyirongo",
              "non_striker": "S Ateak",
              "runs": {
                "batter": 0,
                "extras": 0,
                "total": 0
              },
              "wickets": [
                {
                  "kind": "caught and bowled",
                  "player_out": "F Baleri"
                }
              ]
            }
          ]
        },
        {
          "over": 7,
          "deliveries": [
            {
              "batter": "S Ateak",
              "bowler": "K Omala",
              "non_striker": "JK Vifah",
              "runs": {
                "batter": 6,
                "extras": 0,
                "total": 6
              }
            },
            {
              "batter": "S Ateak",
              "bowler": "K Omala",
              "non_striker": "JK Vifah",
              "runs": {
                "batter": 0,
                "extras": 0,
                "total": 0
              }
            },
            {
              "batter": "S Ateak",
              "bowler": "K Omala",
              "extras": {
                "legbyes": 1
              },
              "non_striker": "JK Vifah",
              "runs": {
                "batter": 0,
                "extras": 1,
                "total": 1
              }
            },
            {
              "batter": "JK Vifah",
              "bowler": "K Omala",
              "non_striker": "S Ateak",
              "runs": {
                "batter": 0,
                "extras": 0,
                "total": 0
              }
            },
            {
              "batter": "JK Vifah",
              "bowler": "K Omala",
              "non_striker": "S Ateak",
              "runs": {
                "batter": 0,
                "extras": 0,
                "total": 0
              }
            },
            {
              "batter": "JK Vifah",
              "bowler": "K Omala",
              "non_striker": "S Ateak",
              "runs": {
                "batter": 0,
                "extras": 0,
                "total": 0
              }
            }
          ]
        },
        {
          "over": 8,
          "deliveries": [
            {
              "batter": "S Ateak",
              "bowler": "T Nyirongo",
              "extras": {
                "wides": 1
              },
              "non_striker": "JK Vifah",
              "runs": {
                "batter": 0,
                "extras": 1,
                "total": 1
              }
            },
            {
              "batter": "S Ateak",
              "bowler": "T Nyirongo",
              "non_striker": "JK Vifah",
              "runs": {
                "batter": 1,
                "extras": 0,
                "total": 1
              }
            }
          ]
        }
      ],
      "powerplays": [
        {
          "from": 0.1,
          "to": 6.6,
          "type": "mandatory"
        },
        {
          "from": 7.1,
          "to": 8.2,
          "type": "mandatory"
        }
      ],
      "target": {
        "overs": 32,
        "runs": 49
      }
    }
  ]
}