{
  "meta": {
    "data_version": "1.0.0",
    "created": "2020-10-25",
    "revision": 1
  },
  "info": {
    "balls_per_over": 6,
    "dates": [
      "2017-04-25"
    ],
    "event": {
      "name": "ICC World Cricket League Asia Region Division One",
      "match_number": 9
    },
    "gender": "male",
    "match_type": "ODM",
    "officials": {
      "match_referees": [
        "DT Jukes"
      ],
      "reserve_umpires": [
        "Tabarak Dar"
      ],
      "umpires": [
        "Akbar Ali",
        "AK Rana"
      ]
    },
    "outcome": {
      "winner": "Saudi Arabia",
      "by": {
        "wickets": 6
      }
    },
    "overs": 50,
    "player_of_match": [
      "Imran Arif"
    ],
    "players": {
      "Bahrain": [
        "Imran Ali Butt",
        "J Chaturanga",
        "Mohammed Sameer",
        "GSPR Arachchige",
        "Awad Khan",
        "Azeem ul Haq",
        "Tahir Dar",
        "Babar Ali",
        "Junaid Aziz",
        "Jabbar Amjad",
        "Mohamed Iqbal Noor"
      ],
      "Saudi Arabia": [
        "Abdul Waheed",
        "Imran Arif",
        "Hammad Saeed",
        "Mohammad Afzal",
        "Muhammad Abbasi",
        "Shahbaz Rasheed",
        "Ibrarul Haq",
        "Nadeem Javed",
        "Shoaib Ali",
        "Omar Imtiaz",
        "Sarfraz Butt"
      ]
    },
    "registry": {
      "people": {
        "AK Rana": "562d74d0",
        "Abdul Waheed": "23fa9ea9",
        "Akbar Ali": "e753931d",
        "Awad Khan": "6ecb54f6",
        "Azeem ul Haq": "6cb83e8c",
        "Babar Ali": "c65e0275",
        "DT Jukes": "7c215d14",
        "GSPR Arachchige": "d1d15fc9",
        "Hammad Saeed": "fcec4285",
        "Ibrarul Haq": "119007ef",
        "Imran Ali Butt": "5d60560f",
        "Imran Arif": "c10747c3",
        "J Chaturanga": "92593de0",
        "Jabbar Amjad": "b858d6a7",
        "Junaid Aziz": "c39ee9e0",
        "Mohamed Iqbal Noor": "87ead66e",
        "Mohammad Afzal": "55e0d2a1",
        "Mohammed Sameer": "e6409ae1",
        "Muhammad Abbasi": "08f04bc3",
        "Nadeem Javed": "33e72826",
        "Omar Imtiaz": "db30162d",
        "Sarfraz Butt": "b73625cb",
        "Shahbaz Rasheed": "b1a281cd",
        "Shoaib Ali": "f0e8d51a",
        "Tabarak Dar": "2259c12d",
        "Tahir Dar": "5cbeb83d"
      }
    },
    "season": "2017",
    "team_type": "international",
    "teams": [
      "Bahrain",
      "Saudi Arabia"
    ],
    "toss": {
      "decision": "field",
      "winner": "Saudi Arabia"
    },
    "venue": "Royal Chiangmai Golf Club"
  },
  "innings": [
    {
      "team": "Bahrain",
      "overs": [
        {
          "over": 0,
          "deliveries": [
            {
              "batter": "Imran Ali Butt",
              "bowler": "Ibrarul Haq",
              "extras": {
                "wides": 1
              },
              "non_striker": "J Chaturanga",
              "runs": {
                "batter": 0,
                "extras": 1,
                "total": 1
              }
            },
            {
              "batter": "Imran Ali Butt",
              "bowler": "Ibrarul Haq",
              "non_striker": "J Chaturanga",
              "runs": {
                "batter": 1,
                "extras": 0,
                "total": 1
              }
            },
            {
              "batter": "J Chaturanga",
              "bowler": "Ibrarul Haq",
              "non_striker": "Imran Ali Butt",
              "runs": {
                "batter": 0,
                "extras": 0,
                "total": 0
              }
            },
            {
              "batter": "J Chaturanga",
              "bowler": "Ibrarul Haq",
              "non_striker": "Imran Ali Butt",
              "runs": {
                "batter": 0,
                "extras": 0,
                "total": 0
              }
            },
            {
              "batter": "J Chaturanga",
              "bowler": "Ibrarul Haq",
              "non_striker": "Imran Ali Butt",
              "runs": {
                "batter": 0,
                "extras": 0,
                "total": 0
              }
            },
            {
              "batter": "J Chaturanga",
              "bowler": "Ibrarul Haq",
              "non_striker": "Imran Ali Butt",
              "runs": {
                "batter": 4,
                "extras": 0,
                "total": 4
              }
            },
            {
              "batter": "J Chaturanga",
              "bowler": "Ibrarul Haq",
              "non_striker": "Imran Ali Butt",
              "runs": {
                "batter": 0,
                "extras": 0,
                "total": 0
              }
            }
          ]
        },
        {
          "over": 1,
          "deliveries": [
            {
              "batter": "Imran Ali Butt",
              "bowler": "Muhammad Abbasi",
              "non_striker": "J Chaturanga",
              "runs": {
                "batter": 0,
                "extras": 0,
                "total": 0
              }
            },
            {
              "batter": "Imran Ali Butt",
              "bowler": "Muhammad Abbasi",
              "non_striker": "J Chaturanga",
              "runs": {
                "batter": 2,
                "extras": 0,
                "total": 2
              }
            },
            {
              "batter": "Imran Ali Butt",
              "bowler": "Muhammad Abbasi",
              "non_striker": "J Chaturanga",
              "runs": {
                "batter": 1,
                "extras": 0,
                "total": 1
              }
            },
            {
              "batter": "J Chaturanga",
              "bowler": "Muhammad Abbasi",
              "non_striker": "Imran Ali Butt",
              "runs": {
                "batter": 4,
                "extras": 0,
                "total": 4
              }
            },
            {
              "batter": "J Chaturanga",
              "bowler": "Muhammad Abbasi",
              "non_striker": "Imran Ali Butt",
              "runs": {
                "batter": 0,
                "extras": 0,
                "total": 0
              }
            },
            {
              "batter": "J Chaturanga",
              "bowler": "Muhammad Abbasi",
              "non_striker": "Imran Ali Butt",
              "runs": {
                "batter": 0,
                "extras": 0,
                "total": 0
              }
            }
          ]
        },
        {
          "over": 2,
          "deliveries": [
            {
              "batter": "Imran Ali Butt",
              "bowler": "Ibrarul Haq",
              "non_striker": "J Chaturanga",
              "runs": {
                "batter": 0,
                "extras": 0,
                "total": 0
              },
              "wickets": [
                {
                  "player_out": "Imran Ali Butt",
                  "fielders": [
                    {
                      "name": "Sarfraz Butt"
                    }
                  ],
                  "kind": "caught"
                }
              ]
            },
            {
              "batter": "Mohammed Sameer",
              "bowler": "Ibrarul Haq",
              "non_striker": "J Chaturanga",
              "runs": {
                "batter": 0,
                "extras": 0,
                "total": 0
              }
            },
            {
              "batter": "Mohammed Sameer",
              "bowler": "Ibrarul Haq",
              "non_striker": "J Chaturanga",
              "runs": {
                "batter": 0,
                "extras": 0,
                "total": 0
              },
              "wickets": [
                {
                  "player_out": "Mohammed Sameer",
                  "fielders": [
                    {
                      "name": "Muhammad Abbasi"
                    }
                  ],
                  "kind": "caught"
                }
              ]
            },
            {
              "batter": "GSPR Arachchige",
              "bowler": "Ibrarul Haq",
              "non_striker": "J Chaturanga",
              "runs": {
                "batter": 0,
                "extras": 0,
                "total": 0
              }
            },
            {
              "batter": "GSPR Arachchige",
              "bowler": "Ibrarul Haq",
              "non_striker": "J Chaturanga",
              "runs": {
                "batter": 1,
                "extras": 0,
                "total": 1
              }
            },
            {
              "batter": "J Chaturanga",
              "bowler": "Ibrarul Haq",
              "non_striker": "GSPR Arachchige",
              "runs": {
                "batter": 0,
                "extras": 0,
                "total": 0
              }
            }
          ]
        },
        {
          "over": 3,
          "deliveries": [
            {
              "batter": "GSPR Arachchige",
              "bowler": "Muhammad Abbasi",
              "non_striker": "J Chaturanga",
              "runs": {
                "batter": 0,
                "extras": 0,
                "total": 0
              }
            },
            {
              "batter": "GSPR Arachchige",
              "bowler": "Muhammad Abbasi",
              "non_striker": "J Chaturanga",
              "runs": {
                "batter": 1,
                "extras": 0,
                "total": 1
              }
            },
            {
              "batter": "J Chaturanga",
              "bowler": "Muhammad Abbasi",
              "non_striker": "GSPR Arachchige",
              "runs": {
                "batter": 0,
                "extras": 0,
                "total": 0
              }
            },
            {
              "batter": "J Chaturanga",
              "bowler": "Muhammad Abbasi",
              "non_striker": "GSPR Arachchige",
              "runs": {
                "batter": 0,
                "extras": 0,
                "total": 0
              }
            },
            {
              "batter": "J Chaturanga",
              "bowler": "Muhammad Abbasi",
              "non_striker": "GSPR Arachchige",
              "runs": {
                "batter": 1,
                "extras": 0,
                "total": 1
              }
            },
            {
              "batter": "GSPR Arachchige",
              "bowler": "Muhammad Abbasi",
              "non_striker": "J Chaturanga",
              "runs": {
                "batter": 0,
                "extras": 0,
                "total": 0
              }
            }
          ]
        },
        {
          "over": 4,
          "deliveries": [
            {
              "batter": "J Chaturanga",
              "bowler": "Ibrarul Haq",
              "non_striker": "GSPR Arachchige",
              "runs": {
                "batter": 0,
                "extras": 0,
                "total": 0
              }
            },
            {
              "batter": "J Chaturanga",
              "bowler": "Ibrarul Haq",
              "non_striker": "GSPR Arachchige",
              "runs": {
                "batter": 0,
                "extras": 0,
                "total": 0
              }
            },
            {
              "batter": "J Chaturanga",
              "bowler": "Ibrarul Haq",
              "non_striker": "GSPR Arachchige",
              "runs": {
                "batter": 1,
                "extras": 0,
                "total": 1
              }
            },
            {
              "batter": "GSPR Arachchige",
              "bowler": "Ibrarul Haq",
              "non_striker": "J Chaturanga",
              "runs": {
                "batter": 0,
                "extras": 0,
                "total": 0
              }
            },
            {
              "batter": "GSPR Arachchige",
              "bowler": "Ibrarul Haq",
              "non_striker": "J Chaturanga",
              "runs": {
                "batter": 1,
                "extras": 0,
                "total": 1
              }
            },
            {
              "batter": "J Chaturanga",
              "bowler": "Ibrarul Haq",
              "extras": {
                "wides": 1
              },
              "non_striker": "GSPR Arachchige",
              "runs": {
                "batter": 0,
                "extras": 1,
                "total": 1
              }
            },
            {
              "batter": "J Chaturanga",
              "bowler": "Ibrarul Haq",
              "non_striker": "GSPR Arachchige",
              "runs": {
                "batter": 0,
                "extras": 0,
                "total": 0
              }
            }
          ]
        },
        {
          "over": 5,
          "deliveries": [
            {
              "batter": "GSPR Arachchige",
              "bowler": "Muhammad Abbasi",
              "non_striker": "J Chaturanga",
              "runs": {
                "batter": 0,
                "extras": 0,
                "total": 0
              }
            },
            {
              "batter": "GSPR Arachchige",
              "bowler": "Muhammad Abbasi",
              "non_striker": "J Chaturanga",
              "runs": {
                "batter": 1,
                "extras": 0,
                "total": 1
              }
            },
            {
              "batter": "J Chaturanga",
              "bowler": "Muhammad Abbasi",
              "non_striker": "GSPR Arachchige",
              "runs": {
                "batter": 0,
                "extras": 0,
                "total": 0
              }
            },
            {
              "batter": "J Chaturanga",
              "bowler": "Muhammad Abbasi",
              "non_striker": "GSPR Arachchige",
              "runs": {
                "batter": 0,
                "extras": 0,
                "total": 0
              }
            },
            {
              "batter": "J Chaturanga",
              "bowler": "Muhammad Abbasi",
              "non_striker": "GSPR Arachchige",
              "runs": {
                "batter": 0,
                "extras": 0,
                "total": 0
              }
            },
            {
              "batter": "J Chaturanga",
              "bowler": "Muhammad Abbasi",
              "non_striker": "GSPR Arachchige",
              "runs": {
                "batter": 2,
                "extras": 0,
                "total": 2
              }
            }
          ]
        },
        {
          "over": 6,
          "deliveries": [
            {
              "batter": "GSPR Arachchige",
              "bowler": "Ibrarul Haq",
              "non_striker": "J Chaturanga",
              "runs": {
                "batter": 0,
                "extras": 0,
                "total": 0
              },
              "wickets": [
                {
                  "player_out": "GSPR Arachchige",
                  "fielders": [
                    {
                      "name": "Sarfraz Butt"
                    }
                  ],
                  "kind": "caught"
                }
              ]
            },
            {
              "batter": "Awad Khan",
              "bowler": "Ibrarul Haq",
              "non_striker": "J Chaturanga",
              "runs": {
                "batter": 4,
                "extras": 0,
                "total": 4
              }
            },
            {
              "batter": "Awad Khan",
              "bowler": "Ibrarul Haq",
              "non_striker": "J Chaturanga",
              "runs": {
                "batter": 0,
                "extras": 0,
                "total": 0
              }
            },
            {
              "batter": "Awad Khan",
              "bowler": "Ibrarul Haq",
              "non_striker": "J Chaturanga",
              "runs": {
                "batter": 0,
                "extras": 0,
                "total": 0
              }
            },
            {
              "batter": "Awad Khan",
              "bowler": "Ibrarul Haq",
              "extras": {
                "wides": 3
              },
              "non_striker": "J Chaturanga",
              "runs": {
                "batter": 0,
                "extras": 3,
                "total": 3
              }
            },
            {
              "batter": "Awad Khan",
              "bowler": "Ibrarul Haq",
              "extras": {
                "wides": 1
              },
              "non_striker": "J Chaturanga",
              "runs": {
                "batter": 0,
                "extras": 1,
                "total": 1
              }
            },
            {
              "batter": "Awad Khan",
              "bowler": "Ibrarul Haq",
              "non_striker": "J Chaturanga",
              "runs": {
                "batter": 0,
                "extras": 0,
                "total": 0
              }
            },
            {
              "batter": "Awad Khan",
              "bowler": "Ibrarul Haq",
              "non_striker": "J Chaturanga",
              "runs": {
                "batter": 4,
                "extras": 0,
                "total": 4
              }
            }
          ]
        },
        {
          "over": 7,
          "deliveries": [
            {
              "batter": "J Chaturanga",
              "bowler": "Muhammad Abbasi",
              "non_striker": "Awad Khan",
              "runs": {
                "batter": 0,
                "extras": 0,
                "total": 0
              }
            },
            {
              "batter": "J Chaturanga",
              "bowler": "Muhammad Abbasi",
              "non_striker": "Awad Khan",
              "runs": {
                "batter": 0,
                "extras": 0,
                "total": 0
              }
            },
            {
              "batter": "J Chaturanga",
              "bowler": "Muhammad Abbasi",
              "non_striker": "Awad Khan",
              "runs": {
                "batter": 1,
                "extras": 0,
                "total": 1
              }
            },
            {
              "batter": "Awad Khan",
              "bowler": "Muhammad Abbasi",
              "non_striker": "J Chaturanga",
              "runs": {
                "batter": 1,
                "extras": 0,
                "total": 1
              }
            },
            {
              "batter": "J Chaturanga",
              "bowler": "Muhammad Abbasi",
              "non_striker": "Awad Khan",
              "runs": {
                "batter": 1,
                "extras": 0,
                "total": 1
              }
            },
            {
              "batter": "Awad Khan",
              "bowler": "Muhammad Abbasi",
              "non_striker": "J Chaturanga",
              "runs": {
                "batter": 0,
                "extras": 0,
                "total": 0
              }
            }
          ]
        },
        {
          "over": 8,
          "deliveries": [
            {
              "batter": "J Chaturanga",
              "bowler": "Ibrarul Haq",
              "non_striker": "Awad Khan",
              "runs": {
                "batter": 0,
                "extras": 0,
                "total": 0
              }
            },
            {
              "batter": "J Chaturanga",
              "bowler": "Ibrarul Haq",
              "non_striker": "Awad Khan",
              "runs": {
                "batter": 0,
                "extras": 0,
                "total": 0
              }
            },
            {
              "batter": "J Chaturanga",
              "bowler": "Ibrarul Haq",
              "extras": {
                "wides": 1
              },
              "non_striker": "Awad Khan",
              "runs": {
                "batter": 0,
                "extras": 1,
                "total": 1
              }
            },
            {
              "batter": "J Chaturanga",
              "bowler": "Ibrarul Haq",
              "non_striker": "Awad Khan",
              "runs": {
                "batter": 0,
                "extras": 0,
                "total": 0
              }
            },
            {
              "batter": "J Chaturanga",
              "bowler": "Ibrarul Haq",
              "non_striker": "Awad Khan",
              "runs": {
                "batter": 0,
                "extras": 0,
                "total": 0
              }
            },
            {
              "batter": "J Chaturanga",
              "bowler": "Ibrarul Haq",
              "non_striker": "Awad Khan",
              "runs": {
                "batter": 0,
                "extras": 0,
                "total": 0
              }
            },
            {
              "batter": "J Chaturanga",
              "bowler": "Ibrarul Haq",
              "non_striker": "Awad Khan",
              "runs": {
                "batter": 4,
                "extras": 0,
                "total": 4
              }
            }
          ]
        },
        {
          "over": 9,
          "deliveries": [
            {
              "batter": "Awad Khan",
              "bowler": "Muhammad Abbasi",
              "non_striker": "J Chaturanga",
              "runs": {
                "batter": 0,
                "extras": 0,
                "total": 0
              }
            },
            {
              "batter": "Awad Khan",
              "bowler": "Muhammad Abbasi",
              "non_striker": "J Chaturanga",
              "runs": {
                "batter": 1,
                "extras": 0,
                "total": 1
              }
            },
            {
              "batter": "J Chaturanga",
              "bowler": "Muhammad Abbasi",
              "non_striker": "Awad Khan",
              "runs": {
                "batter": 0,
                "extras": 0,
                "total": 0
              }
            },
            {
              "batter": "J Chaturanga",
              "bowler": "Muhammad Abbasi",
              "non_striker": "Awad Khan",
              "runs": {
                "batter": 0,
                "extras": 0,
                "total": 0
              }
            },
            {
              "batter": "J Chaturanga",
              "bowler": "Muhammad Abbasi",
              "non_striker": "Awad Khan",
              "runs": {
                "batter": 0,
                "extras": 0,
                "total": 0
              },
              "wickets": [
                {
                  "player_out": "J Chaturanga",
                  "kind": "bowled"
                }
              ]
            },
            {
              "batter": "Azeem ul Haq",
              "bowler": "Muhammad Abbasi",
              "non_striker": "Awad Khan",
              "runs": {
                "batter": 0,
                "extras": 0,
                "total": 0
              }
            }
          ]
        },
        {
          "over": 10,
          "deliveries": [
            {
              "batter": "Awad Khan",
              "bowler": "Omar Imtiaz",
              "non_striker": "Azeem ul Haq",
              "runs": {
                "batter": 0,
                "extras": 0,
                "total": 0
              },
              "wickets": [
                {
                  "player_out": "Awad Khan",
                  "kind": "caught and bowled"
                }
              ]
            },
            {
              "batter": "Tahir Dar",
              "bowler": "Omar Imtiaz",
              "extras": {
                "wides": 1
              },
              "non_striker": "Azeem ul Haq",
              "runs": {
                "batter": 0,
                "extras": 1,
                "total": 1
              }
            },
            {
              "batter": "Tahir Dar",
              "bowler": "Omar Imtiaz",
              "non_striker": "Azeem ul Haq",
              "runs": {
                "batter": 0,
                "extras": 0,
                "total": 0
              }
            },
            {
              "batter": "Tahir Dar",
              "bowler": "Omar Imtiaz",
              "extras": {
                "wides": 1
              },
              "non_striker": "Azeem ul Haq",
              "runs": {
                "batter": 0,
                "extras": 1,
                "total": 1
              }
            },
            {
              "batter": "Tahir Dar",
              "bowler": "Omar Imtiaz",
              "non_striker": "Azeem ul Haq",
              "runs": {
                "batter": 0,
                "extras": 0,
                "total": 0
              }
            },
            {
              "batter": "Tahir Dar",
              "bowler": "Omar Imtiaz",
              "extras": {
                "wides": 1
              },
              "non_striker": "Azeem ul Haq",
              "runs": {
                "batter": 0,
                "extras": 1,
                "total": 1
              }
            },
            {
              "batter": "Tahir Dar",
              "bowler": "Omar Imtiaz",
              "non_striker": "Azeem ul Haq",
              "runs": {
                "batter": 0,
                "extras": 0,
                "total": 0
              }
            },
            {
              "batter": "Tahir Dar",
              "bowler": "Omar Imtiaz",
              "non_striker": "Azeem ul Haq",
              "runs": {
                "batter": 0,
                "extras": 0,
                "total": 0
              }
            },
            {
              "batter": "Tahir Dar",
              "bowler": "Omar Imtiaz",
              "non_striker": "Azeem ul Haq",
              "runs": {
                "batter": 0,
                "extras": 0,
                "total": 0
              }
            }
          ]
        },
        {
          "over": 11,
          "deliveries": [
            {
              "batter": "Azeem ul Haq",
              "bowler": "Muhammad Abbasi",
              "non_striker": "Tahir Dar",
              "runs": {
                "batter": 0,
                "extras": 0,
                "total": 0
              }
            },
            {
              "batter": "Azeem ul Haq",
              "bowler": "Muhammad Abbasi",
              "non_striker": "Tahir Dar",
              "runs": {
                "batter": 0,
                "extras": 0,
                "total": 0
              }
            },
            {
              "batter": "Azeem ul Haq",
              "bowler": "Muhammad Abbasi",
              "non_striker": "Tahir Dar",
              "runs": {
                "batter": 0,
                "extras": 0,
                "total": 0
              }
            },
            {
              "batter": "Azeem ul Haq",
              "bowler": "Muhammad Abbasi",
              "non_striker": "Tahir Dar",
              "runs": {
                "batter": 0,
                "extras": 0,
                "total": 0
              }
            },
            {
              "batter": "Azeem ul Haq",
              "bowler": "Muhammad Abbasi",
              "non_striker": "Tahir Dar",
              "runs": {
                "batter": 0,
                "extras": 0,
                "total": 0
              }
            },
            {
              "batter": "Azeem ul Haq",
              "bowler": "Muhammad Abbasi",
              "non_striker": "Tahir Dar",
              "runs": {
                "batter": 0,
                "extras": 0,
                "total": 0
              }
            }
          ]
        },
        {
          "over": 12,
          "deliveries": [
            {
              "batter": "Tahir Dar",
              "bowler": "Omar Imtiaz",
              "non_striker": "Azeem ul Haq",
              "runs": {
                "batter": 6,
                "extras": 0,
                "total": 6
              }
            },
            {
              "batter": "Tahir Dar",
              "bowler": "Omar Imtiaz",
              "non_striker": "Azeem ul Haq",
              "runs": {
                "batter": 0,
                "extras": 0,
                "total": 0
              }
            },
            {
              "batter": "Tahir Dar",
              "bowler": "Omar Imtiaz",
              "non_striker": "Azeem ul Haq",
              "runs": {
                "batter": 2,
                "extras": 0,
                "total": 2
              }
            },
            {
              "batter": "Tahir Dar",
              "bowler": "Omar Imtiaz",
              "extras": {
                "wides": 1
              },
              "non_striker": "Azeem ul Haq",
              "runs": {
                "batter": 0,
                "extras": 1,
                "total": 1
              }
            },
            {
              "batter": "Tahir Dar",
              "bowler": "Omar Imtiaz",
              "non_striker": "Azeem ul Haq",
              "runs": {
                "batter": 1,
                "extras": 0,
                "total": 1
              }
            },
            {
              "batter": "Azeem ul Haq",
              "bowler": "Omar Imtiaz",
              "non_striker": "Tahir Dar",
              "runs": {
                "batter": 1,
                "extras": 0,
                "total": 1
              }
            },
            {
              "batter": "Tahir Dar",
              "bowler": "Omar Imtiaz",
              "non_striker": "Azeem ul Haq",
              "runs": {
                "batter": 0,
                "extras": 0,
                "total": 0
              }
            }
          ]
        },
        {
          "over": 13,
          "deliveries": [
            {
              "batter": "Azeem ul Haq",
              "bowler": "Muhammad Abbasi",
              "non_striker": "Tahir Dar",
              "runs": {
                "batter": 0,
                "extras": 0,
                "total": 0
              }
            },
            {
              "batter": "Azeem ul Haq",
              "bowler": "Muhammad Abbasi",
              "non_striker": "Tahir Dar",
              "runs": {
                "batter": 0,
                "extras": 0,
                "total": 0
              }
            },
            {
              "batter": "Azeem ul Haq",
              "bowler": "Muhammad Abbasi",
              "non_striker": "Tahir Dar",
              "runs": {
                "batter": 0,
                "extras": 0,
                "total": 0
              }
            },
            {
              "batter": "Azeem ul Haq",
              "bowler": "Muhammad Abbasi",
              "non_striker": "Tahir Dar",
              "runs": {
                "batter": 0,
                "extras": 0,
                "total": 0
              }
            },
            {
              "batter": "Azeem ul Haq",
              "bowler": "Muhammad Abbasi",
              "non_striker": "Tahir Dar",
              "runs": {
                "batter": 0,
                "extras": 0,
                "total": 0
              }
            },
            {
              "batter": "Azeem ul Haq",
              "bowler": "Muhammad Abbasi",
              "extras": {
                "wides": 1
              },
              "non_striker": "Tahir Dar",
              "runs": {
                "batter": 0,
                "extras": 1,
                "total": 1
              }
            },
            {
              "batter": "Azeem ul Haq",
              "bowler": "Muhammad Abbasi",
              "non_striker": "Tahir Dar",
              "runs": {
                "batter": 0,
                "extras": 0,
                "total": 0
              }
            }
          ]
        },
        {
          "over": 14,
          "deliveries": [
            {
              "batter": "Tahir Dar",
              "bowler": "Omar Imtiaz",
              "non_striker": "Azeem ul Haq",
              "runs": {
                "batter": 2,
                "extras": 0,
                "total": 2
              }
            },
            {
              "batter": "Tahir Dar",
              "bowler": "Omar Imtiaz",
              "non_striker": "Azeem ul Haq",
              "runs": {
                "batter": 0,
                "extras": 0,
                "total": 0
              }
            },
            {
              "batter": "Tahir Dar",
              "bowler": "Omar Imtiaz",
              "non_striker": "Azeem ul Haq",
              "runs": {
                "batter": 0,
                "extras": 0,
                "total": 0
              }
            },
            {
              "batter": "Tahir Dar",
              "bowler": "Omar Imtiaz",
              "non_striker": "Azeem ul Haq",
              "runs": {
                "batter": 0,
                "extras": 0,
                "total": 0
              }
            },
            {
              "batter": "Tahir Dar",
              "bowler": "Omar Imtiaz",
              "non_striker": "Azeem ul Haq",
              "runs": {
                "batter": 0,
                "extras": 0,
                "total": 0
              }
            },
            {
              "batter": "Tahir Dar",
              "bowler": "Omar Imtiaz",
              "non_striker": "Azeem ul Haq",
              "runs": {
                "batter": 1,
                "extras": 0,
                "total": 1
              }
            }
          ]
        },
        {
          "over": 15,
          "deliveries": [
            {
              "batter": "Tahir Dar",
              "bowler": "Imran Arif",
              "non_striker": "Azeem ul Haq",
              "runs": {
                "batter": 0,
                "extras": 0,
                "total": 0
              }
            },
            {
              "batter": "Tahir Dar",
              "bowler": "Imran Arif",
              "non_striker": "Azeem ul Haq",
              "runs": {
                "batter": 0,
                "extras": 0,
                "total": 0
              }
            },
            {
              "batter": "Tahir Dar",
              "bowler": "Imran Arif",
              "non_striker": "Azeem ul Haq",
              "runs": {
                "batter": 0,
                "extras": 0,
                "total": 0
              }
            },
            {
              "batter": "Tahir Dar",
              "bowler": "Imran Arif",
              "non_striker": "Azeem ul Haq",
              "runs": {
                "batter": 0,
                "extras": 0,
                "total": 0
              },
              "wickets": [
                {
                  "player_out": "Tahir Dar",
                  "kind": "caught and bowled"
                }
              ]
            },
            {
              "batter": "Babar Ali",
              "bowler": "Imran Arif",
              "non_striker": "Azeem ul Haq",
              "runs": {
                "batter": 0,
                "extras": 0,
                "total": 0
              },
              "wickets": [
                {
                  "player_out": "Babar Ali",
                  "kind": "bowled"
                }
              ]
            },
            {
              "batter": "Junaid Aziz",
              "bowler": "Imran Arif",
              "non_striker": "Azeem ul Haq",
              "runs": {
                "batter": 0,
                "extras": 0,
                "total": 0
              }
            }
          ]
        },
        {
          "over": 16,
          "deliveries": [
            {
              "batter": "Azeem ul Haq",
              "bowler": "Ibrarul Haq",
              "non_striker": "Junaid Aziz",
              "runs": {
                "batter": 0,
                "extras": 0,
                "total": 0
              }
            },
            {
              "batter": "Azeem ul Haq",
              "bowler": "Ibrarul Haq",
              "non_striker": "Junaid Aziz",
              "runs": {
                "batter": 0,
                "extras": 0,
                "total": 0
              }
            },
            {
              "batter": "Azeem ul Haq",
              "bowler": "Ibrarul Haq",
              "non_striker": "Junaid Aziz",
              "runs": {
                "batter": 0,
                "extras": 0,
                "total": 0
              }
            },
            {
              "batter": "Azeem ul Haq",
              "bowler": "Ibrarul Haq",
              "extras": {
                "wides": 1
              },
              "non_striker": "Junaid Aziz",
              "runs": {
                "batter": 0,
                "extras": 1,
                "total": 1
              }
            },
            {
              "batter": "Azeem ul Haq",
              "bowler": "Ibrarul Haq",
              "non_striker": "Junaid Aziz",
              "runs": {
                "batter": 0,
                "extras": 0,
                "total": 0
              }
            },
            {
              "batter": "Azeem ul Haq",
              "bowler": "Ibrarul Haq",
              "extras": {
                "wides": 1
              },
              "non_striker": "Junaid Aziz",
              "runs": {
                "batter": 0,
                "extras": 1,
                "total": 1
              }
            },
            {
              "batter": "Azeem ul Haq",
              "bowler": "Ibrarul Haq",
              "non_striker": "Junaid Aziz",
              "runs": {
                "batter": 0,
                "extras": 0,
                "total": 0
              },
              "wickets": [
                {
                  "player_out": "Azeem ul Haq",
                  "fielders": [
                    {
                      "name": "Sarfraz Butt"
                    }
                  ],
                  "kind": "caught"
                }
              ]
            },
            {
              "batter": "Jabbar Amjad",
              "bowler": "Ibrarul Haq",
              "non_striker": "Junaid Aziz",
              "runs": {
                "batter": 1,
                "extras": 0,
                "total": 1
              }
            }
          ]
        },
        {
          "over": 17,
          "deliveries": [
            {
              "batter": "Jabbar Amjad",
              "bowler": "Imran Arif",
              "non_striker": "Junaid Aziz",
              "runs": {
                "batter": 0,
                "extras": 0,
                "total": 0
              },
              "wickets": [
                {
                  "player_out": "Jabbar Amjad",
                  "kind": "caught and bowled"
                }
              ]
            },
            {
              "batter": "Mohamed Iqbal Noor",
              "bowler": "Imran Arif",
              "extras": {
                "byes": 4
              },
              "non_striker": "Junaid Aziz",
              "runs": {
                "batter": 0,
                "extras": 4,
                "total": 4
              }
            },
            {
              "batter": "Mohamed Iqbal Noor",
              "bowler": "Imran Arif",
              "non_striker": "Junaid Aziz",
              "runs": {
                "batter": 0,
                "extras": 0,
                "total": 0
              }
            },
            {
              "batter": "Mohamed Iqbal Noor",
              "bowler": "Imran Arif",
              "non_striker": "Junaid Aziz",
              "runs": {
                "batter": 0,
                "extras": 0,
                "total": 0
              }
            },
            {
              "batter": "Mohamed Iqbal Noor",
              "bowler": "Imran Arif",
              "non_striker": "Junaid Aziz",
              "runs": {
                "batter": 1,
                "extras": 0,
                "total": 1
              }
            },
            {
              "batter": "Junaid Aziz",
              "bowler": "Imran Arif",
              "non_striker": "Mohamed Iqbal Noor",
              "runs": {
                "batter": 0,
                "extras": 0,
                "total": 0
              }
            }
          ]
        },
        {
          "over": 18,
          "deliveries": [
            {
              "batter": "Mohamed Iqbal Noor",
              "bowler": "Ibrarul Haq",
              "non_striker": "Junaid Aziz",
              "runs": {
                "batter": 0,
                "extras": 0,
                "total": 0
              }
            },
            {
              "batter": "Mohamed Iqbal Noor",
              "bowler": "Ibrarul Haq",
              "non_striker": "Junaid Aziz",
              "runs": {
                "batter": 4,
                "extras": 0,
                "total": 4
              }
            },
            {
              "batter": "Mohamed Iqbal Noor",
              "bowler": "Ibrarul Haq",
              "non_striker": "Junaid Aziz",
              "runs": {
                "batter": 0,
                "extras": 0,
                "total": 0
              }
            },
            {
              "batter": "Mohamed Iqbal Noor",
              "bowler": "Ibrarul Haq",
              "non_striker": "Junaid Aziz",
              "runs": {
                "batter": 1,
                "extras": 0,
                "total": 1
              }
            },
            {
              "batter": "Junaid Aziz",
              "bowler": "Ibrarul Haq",
              "non_striker": "Mohamed Iqbal Noor",
              "runs": {
                "batter": 0,
                "extras": 0,
                "total": 0
              }
            },
            {
              "batter": "Junaid Aziz",
              "bowler": "Ibrarul Haq",
              "non_striker": "Mohamed Iqbal Noor",
              "runs": {
                "batter": 1,
                "extras": 0,
                "total": 1
              }
            }
          ]
        },
        {
          "over": 19,
          "deliveries": [
            {
              "batter": "Junaid Aziz",
              "bowler": "Imran Arif",
              "non_striker": "Mohamed Iqbal Noor",
              "runs": {
                "batter": 1,
                "extras": 0,
                "total": 1
              }
            },
            {
              "batter": "Mohamed Iqbal Noor",
              "bowler": "Imran Arif",
              "non_striker": "Junaid Aziz",
              "runs": {
                "batter": 0,
                "extras": 0,
                "total": 0
              }
            },
            {
              "batter": "Mohamed Iqbal Noor",
              "bowler": "Imran Arif",
              "non_striker": "Junaid Aziz",
              "runs": {
                "batter": 1,
                "extras": 0,
                "total": 1
              }
            },
            {
              "batter": "Junaid Aziz",
              "bowler": "Imran Arif",
              "non_striker": "Mohamed Iqbal Noor",
              "runs": {
                "batter": 1,
                "extras": 0,
                "total": 1
              }
            },
            {
              "batter": "Mohamed Iqbal Noor",
              "bowler": "Imran Arif",
              "non_striker": "Junaid Aziz",
              "runs": {
                "batter": 0,
                "extras": 0,
                "total": 0
              }
            },
            {
              "batter": "Mohamed Iqbal Noor",
              "bowler": "Imran Arif",
              "non_striker": "Junaid Aziz",
              "runs": {
                "batter": 0,
                "extras": 0,
                "total": 0
              },
              "wickets": [
                {
                  "player_out": "Mohamed Iqbal Noor",
                  "kind": "bowled"
                }
              ]
            }
          ]
        }
      ],
      "powerplays": [
        {
          "from": 0.1,
          "to": 9.6,
          "type": "mandatory"
        },
        {
          "from": 10.1,
          "to": 19.6,
          "type": "mandatory"
        }
      ]
    },
    {
      "team": "Saudi Arabia",
      "overs": [
        {
          "over": 0,
          "deliveries": [
            {
              "batter": "Abdul Waheed",
              "bowler": "Jabbar Amjad",
              "extras": {
                "wides": 1
              },
              "non_striker": "Imran Arif",
              "runs": {
                "batter": 0,
                "extras": 1,
                "total": 1
              }
            },
            {
              "batter": "Abdul Waheed",
              "bowler": "Jabbar Amjad",
              "non_striker": "Imran Arif",
              "runs": {
                "batter": 0,
                "extras": 0,
                "total": 0
              }
            },
            {
              "batter": "Abdul Waheed",
              "bowler": "Jabbar Amjad",
              "non_striker": "Imran Arif",
              "runs": {
                "batter": 0,
                "extras": 0,
                "total": 0
              }
            },
            {
              "batter": "Abdul Waheed",
              "bowler": "Jabbar Amjad",
              "non_striker": "Imran Arif",
              "runs": {
                "batter": 0,
                "extras": 0,
                "total": 0
              }
            },
            {
              "batter": "Abdul Waheed",
              "bowler": "Jabbar Amjad",
              "non_striker": "Imran Arif",
              "runs": {
                "batter": 0,
                "extras": 0,
                "total": 0
              }
            },
            {
              "batter": "Abdul Waheed",
              "bowler": "Jabbar Amjad",
              "non_striker": "Imran Arif",
              "runs": {
                "batter": 0,
                "extras": 0,
                "total": 0
              }
            },
            {
              "batter": "Abdul Waheed",
              "bowler": "Jabbar Amjad",
              "non_striker": "Imran Arif",
              "runs": {
                "batter": 0,
                "extras": 0,
                "total": 0
              }
            }
          ]
        },
        {
          "over": 1,
          "deliveries": [
            {
              "batter": "Imran Arif",
              "bowler": "Mohamed Iqbal Noor",
              "non_striker": "Abdul Waheed",
              "runs": {
                "batter": 0,
                "extras": 0,
                "total": 0
              }
            },
            {
              "batter": "Imran Arif",
              "bowler": "Mohamed Iqbal Noor",
              "non_striker": "Abdul Waheed",
              "runs": {
                "batter": 0,
                "extras": 0,
                "total": 0
              }
            },
            {
              "batter": "Imran Arif",
              "bowler": "Mohamed Iqbal Noor",
              "non_striker": "Abdul Waheed",
              "runs": {
                "batter": 0,
                "extras": 0,
                "total": 0
              },
              "wickets": [
                {
                  "player_out": "Imran Arif",
                  "fielders": [
                    {
                      "name": "Imran Ali Butt"
                    }
                  ],
                  "kind": "caught"
                }
              ]
            },
            {
              "batter": "Hammad Saeed",
              "bowler": "Mohamed Iqbal Noor",
              "non_striker": "Abdul Waheed",
              "runs": {
                "batter": 0,
                "extras": 0,
                "total": 0
              }
            },
            {
              "batter": "Hammad Saeed",
              "bowler": "Mohamed Iqbal Noor",
              "non_striker": "Abdul Waheed",
              "runs": {
                "batter": 0,
                "extras": 0,
                "total": 0
              }
            },
            {
              "batter": "Hammad Saeed",
              "bowler": "Mohamed Iqbal Noor",
              "non_striker": "Abdul Waheed",
              "runs": {
                "batter": 4,
                "extras": 0,
                "total": 4
              }
            }
          ]
        },
        {
          "over": 2,
          "deliveries": [
            {
              "batter": "Abdul Waheed",
              "bowler": "Jabbar Amjad",
              "extras": {
                "wides": 1
              },
              "non_striker": "Hammad Saeed",
              "runs": {
                "batter": 0,
                "extras": 1,
                "total": 1
              }
            },
            {
              "batter": "Abdul Waheed",
              "bowler": "Jabbar Amjad",
              "non_striker": "Hammad Saeed",
              "runs": {
                "batter": 0,
                "extras": 0,
                "total": 0
              },
              "wickets": [
                {
                  "player_out": "Abdul Waheed",
                  "kind": "lbw"
                }
              ]
            },
            {
              "batter": "Mohammad Afzal",
              "bowler": "Jabbar Amjad",
              "extras": {
                "wides": 1
              },
              "non_striker": "Hammad Saeed",
              "runs": {
                "batter": 0,
                "extras": 1,
                "total": 1
              }
            },
            {
              "batter": "Mohammad Afzal",
              "bowler": "Jabbar Amjad",
              "extras": {
                "wides": 1
              },
              "non_striker": "Hammad Saeed",
              "runs": {
                "batter": 0,
                "extras": 1,
                "total": 1
              }
            },
            {
              "batter": "Mohammad Afzal",
              "bowler": "Jabbar Amjad",
              "non_striker": "Hammad Saeed",
              "runs": {
                "batter": 0,
                "extras": 0,
                "total": 0
              }
            },
            {
              "batter": "Mohammad Afzal",
              "bowler": "Jabbar Amjad",
              "non_striker": "Hammad Saeed",
              "runs": {
                "batter": 0,
                "extras": 0,
                "total": 0
              }
            },
            {
              "batter": "Mohammad Afzal",
              "bowler": "Jabbar Amjad",
              "non_striker": "Hammad Saeed",
              "runs": {
                "batter": 0,
                "extras": 0,
                "total": 0
              }
            },
            {
              "batter": "Mohammad Afzal",
              "bowler": "Jabbar Amjad",
              "non_striker": "Hammad Saeed",
              "runs": {
                "batter": 0,
                "extras": 0,
                "total": 0
              }
            },
            {
              "batter": "Mohammad Afzal",
              "bowler": "Jabbar Amjad",
              "non_striker": "Hammad Saeed",
              "runs": {
                "batter": 1,
                "extras": 0,
                "total": 1
              }
            }
          ]
        },
        {
          "over": 3,
          "deliveries": [
            {
              "batter": "Mohammad Afzal",
              "bowler": "Mohamed Iqbal Noor",
              "non_striker": "Hammad Saeed",
              "runs": {
                "batter": 0,
                "extras": 0,
                "total": 0
              }
            },
            {
              "batter": "Mohammad Afzal",
              "bowler": "Mohamed Iqbal Noor",
              "non_striker": "Hammad Saeed",
              "runs": {
                "batter": 0,
                "extras": 0,
                "total": 0
              }
            },
            {
              "batter": "Mohammad Afzal",
              "bowler": "Mohamed Iqbal Noor",
              "non_striker": "Hammad Saeed",
              "runs": {
                "batter": 0,
                "extras": 0,
                "total": 0
              }
            },
            {
              "batter": "Mohammad Afzal",
              "bowler": "Mohamed Iqbal Noor",
              "non_striker": "Hammad Saeed",
              "runs": {
                "batter": 0,
                "extras": 0,
                "total": 0
              }
            },
            {
              "batter": "Mohammad Afzal",
              "bowler": "Mohamed Iqbal Noor",
              "non_striker": "Hammad Saeed",
              "runs": {
                "batter": 0,
                "extras": 0,
                "total": 0
              }
            },
            {
              "batter": "Mohammad Afzal",
              "bowler": "Mohamed Iqbal Noor",
              "non_striker": "Hammad Saeed",
              "runs": {
                "batter": 0,
                "extras": 0,
                "total": 0
              }
            }
          ]
        },
        {
          "over": 4,
          "deliveries": [
            {
              "batter": "Hammad Saeed",
              "bowler": "Awad Khan",
              "non_striker": "Mohammad Afzal",
              "runs": {
                "batter": 0,
                "extras": 0,
                "total": 0
              }
            },
            {
              "batter": "Hammad Saeed",
              "bowler": "Awad Khan",
              "non_striker": "Mohammad Afzal",
              "runs": {
                "batter": 0,
                "extras": 0,
                "total": 0
              }
            },
            {
              "batter": "Hammad Saeed",
              "bowler": "Awad Khan",
              "non_striker": "Mohammad Afzal",
              "runs": {
                "batter": 0,
                "extras": 0,
                "total": 0
              }
            },
            {
              "batter": "Hammad Saeed",
              "bowler": "Awad Khan",
              "non_striker": "Mohammad Afzal",
              "runs": {
                "batter": 4,
                "extras": 0,
                "total": 4
              }
            },
            {
              "batter": "Hammad Saeed",
              "bowler": "Awad Khan",
              "non_striker": "Mohammad Afzal",
              "runs": {
                "batter": 0,
                "extras": 0,
                "total": 0
              }
            },
            {
              "batter": "Hammad Saeed",
              "bowler": "Awad Khan",
              "non_striker": "Mohammad Afzal",
              "runs": {
                "batter": 1,
                "extras": 0,
                "total": 1
              }
            }
          ]
        },
        {
          "over": 5,
          "deliveries": [
            {
              "batter": "Hammad Saeed",
              "bowler": "Mohamed Iqbal Noor",
              "non_striker": "Mohammad Afzal",
              "runs": {
                "batter": 0,
                "extras": 0,
                "total": 0
              }
            },
            {
              "batter": "Hammad Saeed",
              "bowler": "Mohamed Iqbal Noor",
              "non_striker": "Mohammad Afzal",
              "runs": {
                "batter": 0,
                "extras": 0,
                "total": 0
              }
            },
            {
              "batter": "Hammad Saeed",
              "bowler": "Mohamed Iqbal Noor",
              "non_striker": "Mohammad Afzal",
              "runs": {
                "batter": 0,
                "extras": 0,
                "total": 0
              }
            },
            {
              "batter": "Hammad Saeed",
              "bowler": "Mohamed Iqbal Noor",
              "non_striker": "Mohammad Afzal",
              "runs": {
                "batter": 0,
                "extras": 0,
                "total": 0
              }
            },
            {
              "batter": "Hammad Saeed",
              "bowler": "Mohamed Iqbal Noor",
              "non_striker": "Mohammad Afzal",
              "runs": {
                "batter": 0,
                "extras": 0,
                "total": 0
              }
            },
            {
              "batter": "Hammad Saeed",
              "bowler": "Mohamed Iqbal Noor",
              "non_striker": "Mohammad Afzal",
              "runs": {
                "batter": 2,
                "extras": 0,
                "total": 2
              }
            }
          ]
        },
        {
          "over": 6,
          "deliveries": [
            {
              "batter": "Mohammad Afzal",
              "bowler": "Awad Khan",
              "non_striker": "Hammad Saeed",
              "runs": {
                "batter": 0,
                "extras": 0,
                "total": 0
              }
            },
            {
              "batter": "Mohammad Afzal",
              "bowler": "Awad Khan",
              "extras": {
                "wides": 1
              },
              "non_striker": "Hammad Saeed",
              "runs": {
                "batter": 0,
                "extras": 1,
                "total": 1
              }
            },
            {
              "batter": "Mohammad Afzal",
              "bowler": "Awad Khan",
              "extras": {
                "noballs": 1
              },
              "non_striker": "Hammad Saeed",
              "runs": {
                "batter": 0,
                "extras": 1,
                "total": 1
              }
            },
            {
              "batter": "Mohammad Afzal",
              "bowler": "Awad Khan",
              "non_striker": "Hammad Saeed",
              "runs": {
                "batter": 4,
                "extras": 0,
                "total": 4
              }
            },
            {
              "batter": "Mohammad Afzal",
              "bowler": "Awad Khan",
              "non_striker": "Hammad Saeed",
              "runs": {
                "batter": 1,
                "extras": 0,
                "total": 1
              }
            },
            {
              "batter": "Hammad Saeed",
              "bowler": "Awad Khan",
              "non_striker": "Mohammad Afzal",
              "runs": {
                "batter": 0,
                "extras": 0,
                "total": 0
              }
            },
            {
              "batter": "Hammad Saeed",
              "bowler": "Awad Khan",
              "non_striker": "Mohammad Afzal",
              "runs": {
                "batter": 6,
                "extras": 0,
                "total": 6
              }
            },
            {
              "batter": "Hammad Saeed",
              "bowler": "Awad Khan",
              "non_striker": "Mohammad Afzal",
              "runs": {
                "batter": 0,
                "extras": 0,
                "total": 0
              }
            }
          ]
        },
        {
          "over": 7,
          "deliveries": [
            {
              "batter": "Mohammad Afzal",
              "bowler": "Mohamed Iqbal Noor",
              "non_striker": "Hammad Saeed",
              "runs": {
                "batter": 0,
                "extras": 0,
                "total": 0
              }
            },
            {
              "batter": "Mohammad Afzal",
              "bowler": "Mohamed Iqbal Noor",
              "non_striker": "Hammad Saeed",
              "runs": {
                "batter": 0,
                "extras": 0,
                "total": 0
              }
            },
            {
              "batter": "Mohammad Afzal",
              "bowler": "Mohamed Iqbal Noor",
              "non_striker": "Hammad Saeed",
              "runs": {
                "batter": 0,
                "extras": 0,
                "total": 0
              }
            },
            {
              "batter": "Mohammad Afzal",
              "bowler": "Mohamed Iqbal Noor",
              "non_striker": "Hammad Saeed",
              "runs": {
                "batter": 0,
                "extras": 0,
                "total": 0
              }
            },
            {
              "batter": "Mohammad Afzal",
              "bowler": "Mohamed Iqbal Noor",
              "non_striker": "Hammad Saeed",
              "runs": {
                "batter": 0,
                "extras": 0,
                "total": 0
              }
            },
            {
              "batter": "Mohammad Afzal",
              "bowler": "Mohamed Iqbal Noor",
              "non_striker": "Hammad Saeed",
              "runs": {
                "batter": 0,
                "extras": 0,
                "total": 0
              }
            }
          ]
        },
        {
          "over": 8,
          "deliveries": [
            {
              "batter": "Hammad Saeed",
              "bowler": "Jabbar Amjad",
              "non_striker": "Mohammad Afzal",
              "runs": {
                "batter": 0,
                "extras": 0,
                "total": 0
              }
            },
            {
              "batter": "Hammad Saeed",
              "bowler": "Jabbar Amjad",
              "non_striker": "Mohammad Afzal",
              "runs": {
                "batter": 0,
                "extras": 0,
                "total": 0
              }
            },
            {
              "batter": "Hammad Saeed",
              "bowler": "Jabbar Amjad",
              "non_striker": "Mohammad Afzal",
              "runs": {
                "batter": 0,
                "extras": 0,
                "total": 0
              }
            },
            {
              "batter": "Hammad Saeed",
              "bowler": "Jabbar Amjad",
              "extras": {
                "wides": 1
              },
              "non_striker": "Mohammad Afzal",
              "runs": {
                "batter": 0,
                "extras": 1,
                "total": 1
              }
            },
            {
              "batter": "Hammad Saeed",
              "bowler": "Jabbar Amjad",
              "non_striker": "Mohammad Afzal",
              "runs": {
                "batter": 4,
                "extras": 0,
                "total": 4
              }
            },
            {
              "batter": "Hammad Saeed",
              "bowler": "Jabbar Amjad",
              "non_striker": "Mohammad Afzal",
              "runs": {
                "batter": 0,
                "extras": 0,
                "total": 0
              }
            },
            {
              "batter": "Hammad Saeed",
              "bowler": "Jabbar Amjad",
              "non_striker": "Mohammad Afzal",
              "runs": {
                "batter": 0,
                "extras": 0,
                "total": 0
              }
            }
          ]
        },
        {
          "over": 9,
          "deliveries": [
            {
              "batter": "Mohammad Afzal",
              "bowler": "Mohamed Iqbal Noor",
              "non_striker": "Hammad Saeed",
              "runs": {
                "batter": 0,
                "extras": 0,
                "total": 0
              }
            },
            {
              "batter": "Mohammad Afzal",
              "bowler": "Mohamed Iqbal Noor",
              "non_striker": "Hammad Saeed",
              "runs": {
                "batter": 4,
                "extras": 0,
                "total": 4
              }
            },
            {
              "batter": "Mohammad Afzal",
              "bowler": "Mohamed Iqbal Noor",
              "non_striker": "Hammad Saeed",
              "runs": {
                "batter": 0,
                "extras": 0,
                "total": 0
              }
            },
            {
              "batter": "Mohammad Afzal",
              "bowler": "Mohamed Iqbal Noor",
              "non_striker": "Hammad Saeed",
              "runs": {
                "batter": 0,
                "extras": 0,
                "total": 0
              }
            },
            {
              "batter": "Mohammad Afzal",
              "bowler": "Mohamed Iqbal Noor",
              "non_striker": "Hammad Saeed",
              "runs": {
                "batter": 0,
                "extras": 0,
                "total": 0
              }
            },
            {
              "batter": "Mohammad Afzal",
              "bowler": "Mohamed Iqbal Noor",
              "non_striker": "Hammad Saeed",
              "runs": {
                "batter": 0,
                "extras": 0,
                "total": 0
              }
            }
          ]
        },
        {
          "over": 10,
          "deliveries": [
            {
              "batter": "Hammad Saeed",
              "bowler": "Jabbar Amjad",
              "non_striker": "Mohammad Afzal",
              "runs": {
                "batter": 0,
                "extras": 0,
                "total": 0
              }
            },
            {
              "batter": "Hammad Saeed",
              "bowler": "Jabbar Amjad",
              "non_striker": "Mohammad Afzal",
              "runs": {
                "batter": 0,
                "extras": 0,
                "total": 0
              }
            },
            {
              "batter": "Hammad Saeed",
              "bowler": "Jabbar Amjad",
              "non_striker": "Mohammad Afzal",
              "runs": {
                "batter": 1,
                "extras": 0,
                "total": 1
              }
            },
            {
              "batter": "Mohammad Afzal",
              "bowler": "Jabbar Amjad",
              "non_striker": "Hammad Saeed",
              "runs": {
                "batter": 0,
                "extras": 0,
                "total": 0
              },
              "wickets": [
                {
                  "player_out": "Mohammad Afzal",
                  "fielders": [
                    {
                      "name": "Imran Ali Butt"
                    }
                  ],
                  "kind": "caught"
                }
              ]
            },
            {
              "batter": "Muhammad Abbasi",
              "bowler": "Jabbar Amjad",
              "non_striker": "Hammad Saeed",
              "runs": {
                "batter": 0,
                "extras": 0,
                "total": 0
              }
            },
            {
              "batter": "Muhammad Abbasi",
              "bowler": "Jabbar Amjad",
              "non_striker": "Hammad Saeed",
              "runs": {
                "batter": 0,
                "extras": 0,
                "total": 0
              }
            }
          ]
        },
        {
          "over": 11,
          "deliveries": [
            {
              "batter": "Hammad Saeed",
              "bowler": "J Chaturanga",
              "non_striker": "Muhammad Abbasi",
              "runs": {
                "batter": 0,
                "extras": 0,
                "total": 0
              }
            },
            {
              "batter": "Hammad Saeed",
              "bowler": "J Chaturanga",
              "non_striker": "Muhammad Abbasi",
              "runs": {
                "batter": 0,
                "extras": 0,
                "total": 0
              }
            },
            {
              "batter": "Hammad Saeed",
              "bowler": "J Chaturanga",
              "non_striker": "Muhammad Abbasi",
              "runs": {
                "batter": 0,
                "extras": 0,
                "total": 0
              }
            },
            {
              "batter": "Hammad Saeed",
              "bowler": "J Chaturanga",
              "non_striker": "Muhammad Abbasi",
              "runs": {
                "batter": 0,
                "extras": 0,
                "total": 0
              }
            },
            {
              "batter": "Hammad Saeed",
              "bowler": "J Chaturanga",
              "non_striker": "Muhammad Abbasi",
              "runs": {
                "batter": 0,
                "extras": 0,
                "total": 0
              }
            },
            {
              "batter": "Hammad Saeed",
              "bowler": "J Chaturanga",
              "extras": {
                "legbyes": 1
              },
              "non_striker": "Muhammad Abbasi",
              "runs": {
                "batter": 0,
                "extras": 1,
                "total": 1
              }
            }
          ]
        },
        {
          "over": 12,
          "deliveries": [
            {
              "batter": "Hammad Saeed",
              "bowler": "Jabbar Amjad",
              "non_striker": "Muhammad Abbasi",
              "runs": {
                "batter": 0,
                "extras": 0,
                "total": 0
              }
            },
            {
              "batter": "Hammad Saeed",
              "bowler": "Jabbar Amjad",
              "extras": {
                "wides": 1
              },
              "non_striker": "Muhammad Abbasi",
              "runs": {
                "batter": 0,
                "extras": 1,
                "total": 1
              }
            },
            {
              "batter": "Hammad Saeed",
              "bowler": "Jabbar Amjad",
              "extras": {
                "wides": 1
              },
              "non_striker": "Muhammad Abbasi",
              "runs": {
                "batter": 0,
                "extras": 1,
                "total": 1
              }
            },
            {
              "batter": "Hammad Saeed",
              "bowler": "Jabbar Amjad",
              "non_striker": "Muhammad Abbasi",
              "runs": {
                "batter": 0,
                "extras": 0,
                "total": 0
              }
            },
            {
              "batter": "Hammad Saeed",
              "bowler": "Jabbar Amjad",
              "non_striker": "Muhammad Abbasi",
              "runs": {
                "batter": 0,
                "extras": 0,
                "total": 0
              }
            },
            {
              "batter": "Hammad Saeed",
              "bowler": "Jabbar Amjad",
              "non_striker": "Muhammad Abbasi",
              "runs": {
                "batter": 0,
                "extras": 0,
                "total": 0
              }
            },
            {
              "batter": "Hammad Saeed",
              "bowler": "Jabbar Amjad",
              "non_striker": "Muhammad Abbasi",
              "runs": {
                "batter": 0,
                "extras": 0,
                "total": 0
              }
            },
            {
              "batter": "Hammad Saeed",
              "bowler": "Jabbar Amjad",
              "non_striker": "Muhammad Abbasi",
              "runs": {
                "batter": 1,
                "extras": 0,
                "total": 1
              }
            }
          ]
        },
        {
          "over": 13,
          "deliveries": [
            {
              "batter": "Hammad Saeed",
              "bowler": "J Chaturanga",
              "non_striker": "Muhammad Abbasi",
              "runs": {
                "batter": 4,
                "extras": 0,
                "total": 4
              }
            },
            {
              "batter": "Hammad Saeed",
              "bowler": "J Chaturanga",
              "non_striker": "Muhammad Abbasi",
              "runs": {
                "batter": 0,
                "extras": 0,
                "total": 0
              }
            },
            {
              "batter": "Hammad Saeed",
              "bowler": "J Chaturanga",
              "extras": {
                "wides": 1
              },
              "non_striker": "Muhammad Abbasi",
              "runs": {
                "batter": 0,
                "extras": 1,
                "total": 1
              }
            },
            {
              "batter": "Hammad Saeed",
              "bowler": "J Chaturanga",
              "extras": {
                "wides": 1
              },
              "non_striker": "Muhammad Abbasi",
              "runs": {
                "batter": 0,
                "extras": 1,
                "total": 1
              }
            },
            {
              "batter": "Hammad Saeed",
              "bowler": "J Chaturanga",
              "non_striker": "Muhammad Abbasi",
              "runs": {
                "batter": 0,
                "extras": 0,
                "total": 0
              }
            },
            {
              "batter": "Hammad Saeed",
              "bowler": "J Chaturanga",
              "non_striker": "Muhammad Abbasi",
              "runs": {
                "batter": 0,
                "extras": 0,
                "total": 0
              },
              "wickets": [
                {
                  "player_out": "Hammad Saeed",
                  "fielders": [
                    {
                      "name": "Imran Ali Butt"
                    }
                  ],
                  "kind": "caught"
                }
              ]
            },
            {
              "batter": "Shahbaz Rasheed",
              "bowler": "J Chaturanga",
              "non_striker": "Muhammad Abbasi",
              "runs": {
                "batter": 0,
                "extras": 0,
                "total": 0
              }
            },
            {
              "batter": "Shahbaz Rasheed",
              "bowler": "J Chaturanga",
              "non_striker": "Muhammad Abbasi",
              "runs": {
                "batter": 0,
                "extras": 0,
                "total": 0
              }
            }
          ]
        },
        {
          "over": 14,
          "deliveries": [
            {
              "batter": "Muhammad Abbasi",
              "bowler": "Jabbar Amjad",
              "non_striker": "Shahbaz Rasheed",
              "runs": {
                "batter": 0,
                "extras": 0,
                "total": 0
              }
            },
            {
              "batter": "Muhammad Abbasi",
              "bowler": "Jabbar Amjad",
              "non_striker": "Shahbaz Rasheed",
              "runs": {
                "batter": 0,
                "extras": 0,
                "total": 0
              }
            },
            {
              "batter": "Muhammad Abbasi",
              "bowler": "Jabbar Amjad",
              "non_striker": "Shahbaz Rasheed",
              "runs": {
                "batter": 0,
                "extras": 0,
                "total": 0
              }
            },
            {
              "batter": "Muhammad Abbasi",
              "bowler": "Jabbar Amjad",
              "non_striker": "Shahbaz Rasheed",
              "runs": {
                "batter": 0,
                "extras": 0,
                "total": 0
              }
            },
            {
              "batter": "Muhammad Abbasi",
              "bowler": "Jabbar Amjad",
              "extras": {
                "legbyes": 1
              },
              "non_striker": "Shahbaz Rasheed",
              "runs": {
                "batter": 0,
                "extras": 1,
                "total": 1
              }
            },
            {
              "batter": "Shahbaz Rasheed",
              "bowler": "Jabbar Amjad",
              "non_striker": "Muhammad Abbasi",
              "runs": {
                "batter": 0,
                "extras": 0,
                "total": 0
              }
            }
          ]
        },
        {
          "over": 15,
          "deliveries": [
            {
              "batter": "Muhammad Abbasi",
              "bowler": "Tahir Dar",
              "non_striker": "Shahbaz Rasheed",
              "runs": {
                "batter": 0,
                "extras": 0,
                "total": 0
              }
            },
            {
              "batter": "Muhammad Abbasi",
              "bowler": "Tahir Dar",
              "non_striker": "Shahbaz Rasheed",
              "runs": {
                "batter": 0,
                "extras": 0,
                "total": 0
              }
            },
            {
              "batter": "Muhammad Abbasi",
              "bowler": "Tahir Dar",
              "non_striker": "Shahbaz Rasheed",
              "runs": {
                "batter": 0,
                "extras": 0,
                "total": 0
              }
            },
            {
              "batter": "Muhammad Abbasi",
              "bowler": "Tahir Dar",
              "non_striker": "Shahbaz Rasheed",
              "runs": {
                "batter": 4,
                "extras": 0,
                "total": 4
              }
            },
            {
              "batter": "Muhammad Abbasi",
              "bowler": "Tahir Dar",
              "non_striker": "Shahbaz Rasheed",
              "runs": {
                "batter": 0,
                "extras": 0,
                "total": 0
              }
            },
            {
              "batter": "Muhammad Abbasi",
              "bowler": "Tahir Dar",
              "non_striker": "Shahbaz Rasheed",
              "runs": {
                "batter": 0,
                "extras": 0,
                "total": 0
              }
            }
          ]
        },
        {
          "over": 16,
          "deliveries": [
            {
              "batter": "Shahbaz Rasheed",
              "bowler": "Babar Ali",
              "extras": {
                "wides": 1
              },
              "non_striker": "Muhammad Abbasi",
              "runs": {
                "batter": 0,
                "extras": 1,
                "total": 1
              }
            },
            {
              "batter": "Shahbaz Rasheed",
              "bowler": "Babar Ali",
              "non_striker": "Muhammad Abbasi",
              "runs": {
                "batter": 0,
                "extras": 0,
                "total": 0
              }
            },
            {
              "batter": "Shahbaz Rasheed",
              "bowler": "Babar Ali",
              "non_striker": "Muhammad Abbasi",
              "runs": {
                "batter": 0,
                "extras": 0,
                "total": 0
              }
            },
            {
              "batter": "Shahbaz Rasheed",
              "bowler": "Babar Ali",
              "non_striker": "Muhammad Abbasi",
              "runs": {
                "batter": 0,
                "extras": 0,
                "total": 0
              }
            },
            {
              "batter": "Shahbaz Rasheed",
              "bowler": "Babar Ali",
              "non_striker": "Muhammad Abbasi",
              "runs": {
                "batter": 0,
                "extras": 0,
                "total": 0
              }
            },
            {
              "batter": "Shahbaz Rasheed",
              "bowler": "Babar Ali",
              "non_striker": "Muhammad Abbasi",
              "runs": {
                "batter": 2,
                "extras": 0,
                "total": 2
              }
            },
            {
              "batter": "Shahbaz Rasheed",
              "bowler": "Babar Ali",
              "non_striker": "Muhammad Abbasi",
              "runs": {
                "batter": 2,
                "extras": 0,
                "total": 2
              }
            }
          ]
        },
        {
          "over": 17,
          "deliveries": [
            {
              "batter": "Muhammad Abbasi",
              "bowler": "Tahir Dar",
              "non_striker": "Shahbaz Rasheed",
              "runs": {
                "batter": 0,
                "extras": 0,
                "total": 0
              }
            },
            {
              "batter": "Muhammad Abbasi",
              "bowler": "Tahir Dar",
              "non_striker": "Shahbaz Rasheed",
              "runs": {
                "batter": 0,
                "extras": 0,
                "total": 0
              }
            },
            {
              "batter": "Muhammad Abbasi",
              "bowler": "Tahir Dar",
              "non_striker": "Shahbaz Rasheed",
              "runs": {
                "batter": 0,
                "extras": 0,
                "total": 0
              }
            },
            {
              "batter": "Muhammad Abbasi",
              "bowler": "Tahir Dar",
              "non_striker": "Shahbaz Rasheed",
              "runs": {
                "batter": 0,
                "extras": 0,
                "total": 0
              }
            },
            {
              "batter": "Muhammad Abbasi",
              "bowler": "Tahir Dar",
              "non_striker": "Shahbaz Rasheed",
              "runs": {
                "batter": 0,
                "extras": 0,
                "total": 0
              }
            },
            {
              "batter": "Muhammad Abbasi",
              "bowler": "Tahir Dar",
              "non_striker": "Shahbaz Rasheed",
              "runs": {
                "batter": 1,
                "extras": 0,
                "total": 1
              }
            }
          ]
        },
        {
          "over": 18,
          "deliveries": [
            {
              "batter": "Muhammad Abbasi",
              "bowler": "Babar Ali",
              "non_striker": "Shahbaz Rasheed",
              "runs": {
                "batter": 0,
                "extras": 0,
                "total": 0
              }
            },
            {
              "batter": "Muhammad Abbasi",
              "bowler": "Babar Ali",
              "non_striker": "Shahbaz Rasheed",
              "runs": {
                "batter": 0,
                "extras": 0,
                "total": 0
              }
            },
            {
              "batter": "Muhammad Abbasi",
              "bowler": "Babar Ali",
              "non_striker": "Shahbaz Rasheed",
              "runs": {
                "batter": 0,
                "extras": 0,
                "total": 0
              }
            },
            {
              "batter": "Muhammad Abbasi",
              "bowler": "Babar Ali",
              "non_striker": "Shahbaz Rasheed",
              "runs": {
                "batter": 0,
                "extras": 0,
                "total": 0
              }
            },
            {
              "batter": "Muhammad Abbasi",
              "bowler": "Babar Ali",
              "non_striker": "Shahbaz Rasheed",
              "runs": {
                "batter": 6,
                "extras": 0,
                "total": 6
              }
            },
            {
              "batter": "Muhammad Abbasi",
              "bowler": "Babar Ali",
              "non_striker": "Shahbaz Rasheed",
              "runs": {
                "batter": 6,
                "extras": 0,
                "total": 6
              }
            }
          ]
        },
        {
          "over": 19,
          "deliveries": [
            {
              "batter": "Shahbaz Rasheed",
              "bowler": "Tahir Dar",
              "non_striker": "Muhammad Abbasi",
              "runs": {
                "batter": 0,
                "extras": 0,
                "total": 0
              }
            },
            {
              "batter": "Shahbaz Rasheed",
              "bowler": "Tahir Dar",
              "non_striker": "Muhammad Abbasi",
              "runs": {
                "batter": 0,
                "extras": 0,
                "total": 0
              }
            },
            {
              "batter": "Shahbaz Rasheed",
              "bowler": "Tahir Dar",
              "non_striker": "Muhammad Abbasi",
              "runs": {
                "batter": 1,
                "extras": 0,
                "total": 1
              }
            },
            {
              "batter": "Muhammad Abbasi",
              "bowler": "Tahir Dar",
              "non_striker": "Shahbaz Rasheed",
              "runs": {
                "batter": 0,
                "extras": 0,
                "total": 0
              }
            },
            {
              "batter": "Muhammad Abbasi",
              "bowler": "Tahir Dar",
              "non_striker": "Shahbaz Rasheed",
              "runs": {
                "batter": 4,
                "extras": 0,
                "total": 4
              }
            },
            {
              "batter": "Muhammad Abbasi",
              "bowler": "Tahir Dar",
              "extras": {
                "byes": 1
              },
              "non_striker": "Shahbaz Rasheed",
              "runs": {
                "batter": 0,
                "extras": 1,
                "total": 1
              }
            }
          ]
        },
        {
          "over": 20,
          "deliveries": [
            {
              "batter": "Muhammad Abbasi",
              "bowler": "Junaid Aziz",
              "non_striker": "Shahbaz Rasheed",
              "runs": {
                "batter": 0,
                "extras": 0,
                "total": 0
              }
            },
            {
              "batter": "Muhammad Abbasi",
              "bowler": "Junaid Aziz",
              "extras": {
                "wides": 1
              },
              "non_striker": "Shahbaz Rasheed",
              "runs": {
                "batter": 0,
                "extras": 1,
                "total": 1
              }
            }
          ]
        }
      ],
      "powerplays": [
        {
          "from": 0.1,
          "to": 9.6,
          "type": "mandatory"
        },
        {
          "from": 10.1,
          "to": 20.2,
          "type": "mandatory"
        }
      ],
      "target": {
        "overs": 49,
        "runs": 79
      }
    }
  ]
}