{
  "meta": {
    "data_version": "1.0.0",
    "created": "2020-10-21",
    "revision": 1
  },
  "info": {
    "balls_per_over": 6,
    "city": "Kampala",
    "dates": [
      "2017-05-30"
    ],
    "event": {
      "name": "ICC World Cricket League Division Three",
      "stage": "Final"
    },
    "gender": "male",
    "match_type": "ODM",
    "officials": {
      "match_referees": [
        "D Govindjee"
      ],
      "reserve_umpires": [
        "D Odhiambo"
      ],
      "umpires": [
        "Akbar Ali",
        "BB Pradhan"
      ]
    },
    "outcome": {
      "result": "no result"
    },
    "overs": 50,
    "players": {
      "Canada": [
        "BS Adhihetty",
        "NR Kumar",
        "NS Dhaliwal",
        "DN Pathirana",
        "N Dutta",
        "D Soraine",
        "Rizwan Cheema",
        "Hamza Tariq",
        "Saad Bin Zafar",
        "SS Dhindsa",
        "C Pervez"
      ],
      "Oman": [
        "Zeeshan Maqsood",
        "Khawar Ali",
        "Aqib Ilyas",
        "Mohammad Nadeem",
        "AV Lalcheta",
        "Jatinder Singh",
        "M Ansari",
        "Bilal Khan",
        "Naseem Khushi",
        "Sultan Ahmed",
        "Nestor Dhamba"
      ]
    },
    "registry": {
      "people": {
        "AV Lalcheta": "b858be20",
        "Akbar Ali": "e753931d",
        "Aqib Ilyas": "b3b39bed",
        "BB Pradhan": "8603d942",
        "BS Adhihetty": "502ad1dd",
        "Bilal Khan": "dcdb87f2",
        "C Pervez": "7bf34437",
        "D Govindjee": "8b4c4069",
        "D Odhiambo": "45994517",
        "D Soraine": "8a79613a",
        "DN Pathirana": "c760c778",
        "Hamza Tariq": "82e81007",
        "Jatinder Singh": "b80dd12c",
        "Khawar Ali": "934b36a6",
        "M Ansari": "681af475",
        "Mohammad Nadeem": "c5d7b244",
        "N Dutta": "e258a603",
        "NR Kumar": "b3bad3f2",
        "NS Dhaliwal": "cbabd6ad",
        "Naseem Khushi": "c63671e9",
        "Nestor Dhamba": "b878fc9a",
        "Rizwan Cheema": "3a026eb4",
        "SS Dhindsa": "ed97af2b",
        "Saad Bin Zafar": "f28a60e0",
        "Sultan Ahmed": "3bf7c034",
        "Zeeshan Maqsood": "34464143"
      }
    },
    "season": "2017",
    "team_type": "international",
    "teams": [
      "Canada",
      "Oman"
    ],
    "toss": {
      "decision": "field",
      "winner": "Oman"
    },
    "venue": "Lugogo Cricket Oval"
  },
  "innings": [
    {
      "team": "Canada",
      "overs": [
        {
          "over": 0,
          "deliveries": [
            {
              "batter": "BS Adhihetty",
              "bowler": "Bilal Khan",
              "non_striker": "NR Kumar",
              "runs": {
                "batter": 0,
                "extras": 0,
                "total": 0
              }
            },
            {
              "batter": "BS Adhihetty",
              "bowler": "Bilal Khan",
              "non_striker": "NR Kumar",
              "runs": {
                "batter": 0,
                "extras": 0,
                "total": 0
              }
            },
            {
              "batter": "BS Adhihetty",
              "bowler": "Bilal Khan",
              "non_striker": "NR Kumar",
              "runs": {
                "batter": 0,
                "extras": 0,
                "total": 0
              }
            },
            {
              "batter": "BS Adhihetty",
              "bowler": "Bilal Khan",
              "non_striker": "NR Kumar",
              "runs": {
                "batter": 0,
                "extras": 0,
                "total": 0
              }
            },
            {
              "batter": "BS Adhihetty",
              "bowler": "Bilal Khan",
              "non_striker": "NR Kumar",
              "runs": {
                "batter": 4,
                "extras": 0,
                "total": 4
              }
            },
            {
              "batter": "BS Adhihetty",
              "bowler": "Bilal Khan",
              "non_striker": "NR Kumar",
              "runs": {
                "batter": 0,
                "extras": 0,
                "total": 0
              }
            }
          ]
        },
        {
          "over": 1,
          "deliveries": [
            {
              "batter": "NR Kumar",
              "bowler": "M Ansari",
              "non_striker": "BS Adhihetty",
              "runs": {
                "batter": 0,
                "extras": 0,
                "total": 0
              }
            },
            {
              "batter": "NR Kumar",
              "bowler": "M Ansari",
              "non_striker": "BS Adhihetty",
              "runs": {
                "batter": 1,
                "extras": 0,
                "total": 1
              }
            },
            {
              "batter": "BS Adhihetty",
              "bowler": "M Ansari",
              "non_striker": "NR Kumar",
              "runs": {
                "batter": 0,
                "extras": 0,
                "total": 0
              }
            },
            {
              "batter": "BS Adhihetty",
              "bowler": "M Ansari",
              "extras": {
                "byes": 1
              },
              "non_striker": "NR Kumar",
              "runs": {
                "batter": 0,
                "extras": 1,
                "total": 1
              }
            },
            {
              "batter": "NR Kumar",
              "bowler": "M Ansari",
              "non_striker": "BS Adhihetty",
              "runs": {
                "batter": 0,
                "extras": 0,
                "total": 0
              }
            },
            {
              "batter": "NR Kumar",
              "bowler": "M Ansari",
              "non_striker": "BS Adhihetty",
              "runs": {
                "batter": 4,
                "extras": 0,
                "total": 4
              }
            }
          ]
        },
        {
          "over": 2,
          "deliveries": [
            {
              "batter": "BS Adhihetty",
              "bowler": "Bilal Khan",
              "non_striker": "NR Kumar",
              "runs": {
                "batter": 0,
                "extras": 0,
                "total": 0
              }
            },
            {
              "batter": "BS Adhihetty",
              "bowler": "Bilal Khan",
              "non_striker": "NR Kumar",
              "runs": {
                "batter": 0,
                "extras": 0,
                "total": 0
              }
            },
            {
              "batter": "BS Adhihetty",
              "bowler": "Bilal Khan",
              "non_striker": "NR Kumar",
              "runs": {
                "batter": 0,
                "extras": 0,
                "total": 0
              }
            },
            {
              "batter": "BS Adhihetty",
              "bowler": "Bilal Khan",
              "non_striker": "NR Kumar",
              "runs": {
                "batter": 0,
                "extras": 0,
                "total": 0
              }
            },
            {
              "batter": "BS Adhihetty",
              "bowler": "Bilal Khan",
              "non_striker": "NR Kumar",
              "runs": {
                "batter": 4,
                "extras": 0,
                "total": 4
              }
            },
            {
              "batter": "BS Adhihetty",
              "bowler": "Bilal Khan",
              "non_striker": "NR Kumar",
              "runs": {
                "batter": 0,
                "extras": 0,
                "total": 0
              }
            }
          ]
        },
        {
          "over": 3,
          "deliveries": [
            {
              "batter": "NR Kumar",
              "bowler": "M Ansari",
              "non_striker": "BS Adhihetty",
              "runs": {
                "batter": 0,
                "extras": 0,
                "total": 0
              }
            },
            {
              "batter": "NR Kumar",
              "bowler": "M Ansari",
              "non_striker": "BS Adhihetty",
              "runs": {
                "batter": 4,
                "extras": 0,
                "total": 4
              }
            },
            {
              "batter": "NR Kumar",
              "bowler": "M Ansari",
              "non_striker": "BS Adhihetty",
              "runs": {
                "batter": 0,
                "extras": 0,
                "total": 0
              }
            },
            {
              "batter": "NR Kumar",
              "bowler": "M Ansari",
              "non_striker": "BS Adhihetty",
              "runs": {
                "batter": 0,
                "extras": 0,
                "total": 0
              }
            },
            {
              "batter": "NR Kumar",
              "bowler": "M Ansari",
              "non_striker": "BS Adhihetty",
              "runs": {
                "batter": 4,
                "extras": 0,
                "total": 4
              }
            },
            {
              "batter": "NR Kumar",
              "bowler": "M Ansari",
              "non_striker": "BS Adhihetty",
              "runs": {
                "batter": 0,
                "extras": 0,
                "total": 0
              }
            }
          ]
        },
        {
          "over": 4,
          "deliveries": [
            {
              "batter": "BS Adhihetty",
              "bowler": "Bilal Khan",
              "non_striker": "NR Kumar",
              "runs": {
                "batter": 4,
                "extras": 0,
                "total": 4
              }
            },
            {
              "batter": "BS Adhihetty",
              "bowler": "Bilal Khan",
              "non_striker": "NR Kumar",
              "runs": {
                "batter": 0,
                "extras": 0,
                "total": 0
              }
            },
            {
              "batter": "BS Adhihetty",
              "bowler": "Bilal Khan",
              "non_striker": "NR Kumar",
              "runs": {
                "batter": 0,
                "extras": 0,
                "total": 0
              }
            },
            {
              "batter": "BS Adhihetty",
              "bowler": "Bilal Khan",
              "non_striker": "NR Kumar",
              "runs": {
                "batter": 4,
                "extras": 0,
                "total": 4
              }
            },
            {
              "batter": "BS Adhihetty",
              "bowler": "Bilal Khan",
              "non_striker": "NR Kumar",
              "runs": {
                "batter": 4,
                "extras": 0,
                "total": 4
              }
            },
            {
              "batter": "BS Adhihetty",
              "bowler": "Bilal Khan",
              "non_striker": "NR Kumar",
              "runs": {
                "batter": 0,
                "extras": 0,
                "total": 0
              }
            }
          ]
        },
        {
          "over": 5,
          "deliveries": [
            {
              "batter": "NR Kumar",
              "bowler": "Nestor Dhamba",
              "non_striker": "BS Adhihetty",
              "runs": {
                "batter": 0,
                "extras": 0,
                "total": 0
              }
            },
            {
              "batter": "NR Kumar",
              "bowler": "Nestor Dhamba",
              "non_striker": "BS Adhihetty",
              "runs": {
                "batter": 0,
                "extras": 0,
                "total": 0
              }
            },
            {
              "batter": "NR Kumar",
              "bowler": "Nestor Dhamba",
              "non_striker": "BS Adhihetty",
              "runs": {
                "batter": 0,
                "extras": 0,
                "total": 0
              }
            },
            {
              "batter": "NR Kumar",
              "bowler": "Nestor Dhamba",
              "non_striker": "BS Adhihetty",
              "runs": {
                "batter": 0,
                "extras": 0,
                "total": 0
              }
            },
            {
              "batter": "NR Kumar",
              "bowler": "Nestor Dhamba",
              "non_striker": "BS Adhihetty",
              "runs": {
                "batter": 1,
                "extras": 0,
                "total": 1
              }
            },
            {
              "batter": "BS Adhihetty",
              "bowler": "Nestor Dhamba",
              "non_striker": "NR Kumar",
              "runs": {
                "batter": 0,
                "extras": 0,
                "total": 0
              }
            }
          ]
        },
        {
          "over": 6,
          "deliveries": [
            {
              "batter": "NR Kumar",
              "bowler": "Mohammad Nadeem",
              "non_striker": "BS Adhihetty",
              "runs": {
                "batter": 0,
                "extras": 0,
                "total": 0
              }
            },
            {
              "batter": "NR Kumar",
              "bowler": "Mohammad Nadeem",
              "non_striker": "BS Adhihetty",
              "runs": {
                "batter": 0,
                "extras": 0,
                "total": 0
              }
            },
            {
              "batter": "NR Kumar",
              "bowler": "Mohammad Nadeem",
              "non_striker": "BS Adhihetty",
              "runs": {
                "batter": 2,
                "extras": 0,
                "total": 2
              }
            },
            {
              "batter": "NR Kumar",
              "bowler": "Mohammad Nadeem",
              "non_striker": "BS Adhihetty",
              "runs": {
                "batter": 0,
                "extras": 0,
                "total": 0
              }
            },
            {
              "batter": "NR Kumar",
              "bowler": "Mohammad Nadeem",
              "non_striker": "BS Adhihetty",
              "runs": {
                "batter": 0,
                "extras": 0,
                "total": 0
              }
            },
            {
              "batter": "NR Kumar",
              "bowler": "Mohammad Nadeem",
              "non_striker": "BS Adhihetty",
              "runs": {
                "batter": 0,
                "extras": 0,
                "total": 0
              }
            }
          ]
        },
        {
          "over": 7,
          "deliveries": [
            {
              "batter": "BS Adhihetty",
              "bowler": "Nestor Dhamba",
              "non_striker": "NR Kumar",
              "runs": {
                "batter": 0,
                "extras": 0,
                "total": 0
              }
            },
            {
              "batter": "BS Adhihetty",
              "bowler": "Nestor Dhamba",
              "extras": {
                "legbyes": 1
              },
              "non_striker": "NR Kumar",
              "runs": {
                "batter": 0,
                "extras": 1,
                "total": 1
              }
            },
            {
              "batter": "NR Kumar",
              "bowler": "Nestor Dhamba",
              "non_striker": "BS Adhihetty",
              "runs": {
                "batter": 4,
                "extras": 0,
                "total": 4
              }
            },
            {
              "batter": "NR Kumar",
              "bowler": "Nestor Dhamba",
              "non_striker": "BS Adhihetty",
              "runs": {
                "batter": 1,
                "extras": 0,
                "total": 1
              }
            },
            {
              "batter": "BS Adhihetty",
              "bowler": "Nestor Dhamba",
              "non_striker": "NR Kumar",
              "runs": {
                "batter": 1,
                "extras": 0,
                "total": 1
              }
            },
            {
              "batter": "NR Kumar",
              "bowler": "Nestor Dhamba",
              "non_striker": "BS Adhihetty",
              "runs": {
                "batter": 0,
                "extras": 0,
                "total": 0
              }
            }
          ]
        },
        {
          "over": 8,
          "deliveries": [
            {
              "batter": "BS Adhihetty",
              "bowler": "Mohammad Nadeem",
              "non_striker": "NR Kumar",
              "runs": {
                "batter": 0,
                "extras": 0,
                "total": 0
              }
            },
            {
              "batter": "BS Adhihetty",
              "bowler": "Mohammad Nadeem",
              "non_striker": "NR Kumar",
              "runs": {
                "batter": 0,
                "extras": 0,
                "total": 0
              }
            },
            {
              "batter": "BS Adhihetty",
              "bowler": "Mohammad Nadeem",
              "non_striker": "NR Kumar",
              "runs": {
                "batter": 1,
                "extras": 0,
                "total": 1
              }
            },
            {
              "batter": "NR Kumar",
              "bowler": "Mohammad Nadeem",
              "non_striker": "BS Adhihetty",
              "runs": {
                "batter": 0,
                "extras": 0,
                "total": 0
              }
            },
            {
              "batter": "NR Kumar",
              "bowler": "Mohammad Nadeem",
              "non_striker": "BS Adhihetty",
              "runs": {
                "batter": 0,
                "extras": 0,
                "total": 0
              }
            },
            {
              "batter": "NR Kumar",
              "bowler": "Mohammad Nadeem",
              "non_striker": "BS Adhihetty",
              "runs": {
                "batter": 0,
                "extras": 0,
                "total": 0
              }
            }
          ]
        },
        {
          "over": 9,
          "deliveries": [
            {
              "batter": "BS Adhihetty",
              "bowler": "Nestor Dhamba",
              "non_striker": "NR Kumar",
              "runs": {
                "batter": 1,
                "extras": 0,
                "total": 1
              }
            },
            {
              "batter": "NR Kumar",
              "bowler": "Nestor Dhamba",
              "non_striker": "BS Adhihetty",
              "runs": {
                "batter": 4,
                "extras": 0,
                "total": 4
              }
            },
            {
              "batter": "NR Kumar",
              "bowler": "Nestor Dhamba",
              "non_striker": "BS Adhihetty",
              "runs": {
                "batter": 0,
                "extras": 0,
                "total": 0
              }
            },
            {
              "batter": "NR Kumar",
              "bowler": "Nestor Dhamba",
              "non_striker": "BS Adhihetty",
              "runs": {
                "batter": 0,
                "extras": 0,
                "total": 0
              }
            },
            {
              "batter": "NR Kumar",
              "bowler": "Nestor Dhamba",
              "non_striker": "BS Adhihetty",
              "runs": {
                "batter": 0,
                "extras": 0,
                "total": 0
              }
            },
            {
              "batter": "NR Kumar",
              "bowler": "Nestor Dhamba",
              "non_striker": "BS Adhihetty",
              "runs": {
                "batter": 0,
                "extras": 0,
                "total": 0
              }
            }
          ]
        },
        {
          "over": 10,
          "deliveries": [
            {
              "batter": "BS Adhihetty",
              "bowler": "Mohammad Nadeem",
              "non_striker": "NR Kumar",
              "runs": {
                "batter": 0,
                "extras": 0,
                "total": 0
              }
            },
            {
              "batter": "BS Adhihetty",
              "bowler": "Mohammad Nadeem",
              "non_striker": "NR Kumar",
              "runs": {
                "batter": 1,
                "extras": 0,
                "total": 1
              }
            },
            {
              "batter": "NR Kumar",
              "bowler": "Mohammad Nadeem",
              "non_striker": "BS Adhihetty",
              "runs": {
                "batter": 4,
                "extras": 0,
                "total": 4
              }
            },
            {
              "batter": "NR Kumar",
              "bowler": "Mohammad Nadeem",
              "non_striker": "BS Adhihetty",
              "runs": {
                "batter": 0,
                "extras": 0,
                "total": 0
              }
            },
            {
              "batter": "NR Kumar",
              "bowler": "Mohammad Nadeem",
              "non_striker": "BS Adhihetty",
              "runs": {
                "batter": 0,
                "extras": 0,
                "total": 0
              }
            },
            {
              "batter": "NR Kumar",
              "bowler": "Mohammad Nadeem",
              "non_striker": "BS Adhihetty",
              "runs": {
                "batter": 1,
                "extras": 0,
                "total": 1
              }
            }
          ]
        },
        {
          "over": 11,
          "deliveries": [
            {
              "batter": "NR Kumar",
              "bowler": "Nestor Dhamba",
              "non_striker": "BS Adhihetty",
              "runs": {
                "batter": 0,
                "extras": 0,
                "total": 0
              }
            },
            {
              "batter": "NR Kumar",
              "bowler": "Nestor Dhamba",
              "non_striker": "BS Adhihetty",
              "runs": {
                "batter": 0,
                "extras": 0,
                "total": 0
              }
            },
            {
              "batter": "NR Kumar",
              "bowler": "Nestor Dhamba",
              "non_striker": "BS Adhihetty",
              "runs": {
                "batter": 0,
                "extras": 0,
                "total": 0
              }
            },
            {
              "batter": "NR Kumar",
              "bowler": "Nestor Dhamba",
              "non_striker": "BS Adhihetty",
              "runs": {
                "batter": 0,
                "extras": 0,
                "total": 0
              }
            },
            {
              "batter": "NR Kumar",
              "bowler": "Nestor Dhamba",
              "non_striker": "BS Adhihetty",
              "runs": {
                "batter": 0,
                "extras": 0,
                "total": 0
              }
            },
            {
              "batter": "NR Kumar",
              "bowler": "Nestor Dhamba",
              "non_striker": "BS Adhihetty",
              "runs": {
                "batter": 0,
                "extras": 0,
                "total": 0
              }
            }
          ]
        },
        {
          "over": 12,
          "deliveries": [
            {
              "batter": "BS Adhihetty",
              "bowler": "Mohammad Nadeem",
              "non_striker": "NR Kumar",
              "runs": {
                "batter": 1,
                "extras": 0,
                "total": 1
              }
            },
            {
              "batter": "NR Kumar",
              "bowler": "Mohammad Nadeem",
              "non_striker": "BS Adhihetty",
              "runs": {
                "batter": 1,
                "extras": 0,
                "total": 1
              }
            },
            {
              "batter": "BS Adhihetty",
              "bowler": "Mohammad Nadeem",
              "non_striker": "NR Kumar",
              "runs": {
                "batter": 0,
                "extras": 0,
                "total": 0
              }
            },
            {
              "batter": "BS Adhihetty",
              "bowler": "Mohammad Nadeem",
              "non_striker": "NR Kumar",
              "runs": {
                "batter": 0,
                "extras": 0,
                "total": 0
              }
            },
            {
              "batter": "BS Adhihetty",
              "bowler": "Mohammad Nadeem",
              "non_striker": "NR Kumar",
              "runs": {
                "batter": 0,
                "extras": 0,
                "total": 0
              }
            },
            {
              "batter": "BS Adhihetty",
              "bowler": "Mohammad Nadeem",
              "non_striker": "NR Kumar",
              "runs": {
                "batter": 1,
                "extras": 0,
                "total": 1
              }
            }
          ]
        },
        {
          "over": 13,
          "deliveries": [
            {
              "batter": "BS Adhihetty",
              "bowler": "Nestor Dhamba",
              "non_striker": "NR Kumar",
              "runs": {
                "batter": 0,
                "extras": 0,
                "total": 0
              }
            },
            {
              "batter": "BS Adhihetty",
              "bowler": "Nestor Dhamba",
              "non_striker": "NR Kumar",
              "runs": {
                "batter": 1,
                "extras": 0,
                "total": 1
              }
            },
            {
              "batter": "NR Kumar",
              "bowler": "Nestor Dhamba",
              "non_striker": "BS Adhihetty",
              "runs": {
                "batter": 4,
                "extras": 0,
                "total": 4
              }
            },
            {
              "batter": "NR Kumar",
              "bowler": "Nestor Dhamba",
              "non_striker": "BS Adhihetty",
              "runs": {
                "batter": 0,
                "extras": 0,
                "total": 0
              }
            },
            {
              "batter": "NR Kumar",
              "bowler": "Nestor Dhamba",
              "non_striker": "BS Adhihetty",
              "runs": {
                "batter": 1,
                "extras": 0,
                "total": 1
              }
            },
            {
              "batter": "BS Adhihetty",
              "bowler": "Nestor Dhamba",
              "non_striker": "NR Kumar",
              "runs": {
                "batter": 1,
                "extras": 0,
                "total": 1
              }
            }
          ]
        },
        {
          "over": 14,
          "deliveries": [
            {
              "batter": "BS Adhihetty",
              "bowler": "Zeeshan Maqsood",
              "non_striker": "NR Kumar",
              "runs": {
                "batter": 1,
                "extras": 0,
                "total": 1
              }
            },
            {
              "batter": "NR Kumar",
              "bowler": "Zeeshan Maqsood",
              "non_striker": "BS Adhihetty",
              "runs": {
                "batter": 0,
                "extras": 0,
                "total": 0
              }
            },
            {
              "batter": "NR Kumar",
              "bowler": "Zeeshan Maqsood",
              "non_striker": "BS Adhihetty",
              "runs": {
                "batter": 1,
                "extras": 0,
                "total": 1
              }
            },
            {
              "batter": "BS Adhihetty",
              "bowler": "Zeeshan Maqsood",
              "non_striker": "NR Kumar",
              "runs": {
                "batter": 0,
                "extras": 0,
                "total": 0
              }
            },
            {
              "batter": "BS Adhihetty",
              "bowler": "Zeeshan Maqsood",
              "non_striker": "NR Kumar",
              "runs": {
                "batter": 1,
                "extras": 0,
                "total": 1
              }
            },
            {
              "batter": "NR Kumar",
              "bowler": "Zeeshan Maqsood",
              "non_striker": "BS Adhihetty",
              "runs": {
                "batter": 0,
                "extras": 0,
                "total": 0
              }
            }
          ]
        },
        {
          "over": 15,
          "deliveries": [
            {
              "batter": "BS Adhihetty",
              "bowler": "Nestor Dhamba",
              "non_striker": "NR Kumar",
              "runs": {
                "batter": 1,
                "extras": 0,
                "total": 1
              }
            },
            {
              "batter": "NR Kumar",
              "bowler": "Nestor Dhamba",
              "non_striker": "BS Adhihetty",
              "runs": {
                "batter": 0,
                "extras": 0,
                "total": 0
              }
            },
            {
              "batter": "NR Kumar",
              "bowler": "Nestor Dhamba",
              "non_striker": "BS Adhihetty",
              "runs": {
                "batter": 0,
                "extras": 0,
                "total": 0
              }
            },
            {
              "batter": "NR Kumar",
              "bowler": "Nestor Dhamba",
              "non_striker": "BS Adhihetty",
              "runs": {
                "batter": 1,
                "extras": 0,
                "total": 1
              }
            },
            {
              "batter": "BS Adhihetty",
              "bowler": "Nestor Dhamba",
              "non_striker": "NR Kumar",
              "runs": {
                "batter": 1,
                "extras": 0,
                "total": 1
              }
            },
            {
              "batter": "NR Kumar",
              "bowler": "Nestor Dhamba",
              "non_striker": "BS Adhihetty",
              "runs": {
                "batter": 0,
                "extras": 0,
                "total": 0
              }
            }
          ]
        },
        {
          "over": 16,
          "deliveries": [
            {
              "batter": "BS Adhihetty",
              "bowler": "Zeeshan Maqsood",
              "non_striker": "NR Kumar",
              "runs": {
                "batter": 0,
                "extras": 0,
                "total": 0
              }
            },
            {
              "batter": "BS Adhihetty",
              "bowler": "Zeeshan Maqsood",
              "non_striker": "NR Kumar",
              "runs": {
                "batter": 1,
                "extras": 0,
                "total": 1
              }
            },
            {
              "batter": "NR Kumar",
              "bowler": "Zeeshan Maqsood",
              "non_striker": "BS Adhihetty",
              "runs": {
                "batter": 0,
                "extras": 0,
                "total": 0
              }
            },
            {
              "batter": "NR Kumar",
              "bowler": "Zeeshan Maqsood",
              "non_striker": "BS Adhihetty",
              "runs": {
                "batter": 0,
                "extras": 0,
                "total": 0
              }
            },
            {
              "batter": "NR Kumar",
              "bowler": "Zeeshan Maqsood",
              "non_striker": "BS Adhihetty",
              "runs": {
                "batter": 1,
                "extras": 0,
                "total": 1
              }
            },
            {
              "batter": "BS Adhihetty",
              "bowler": "Zeeshan Maqsood",
              "non_striker": "NR Kumar",
              "runs": {
                "batter": 0,
                "extras": 0,
                "total": 0
              }
            }
          ]
        },
        {
          "over": 17,
          "deliveries": [
            {
              "batter": "NR Kumar",
              "bowler": "Nestor Dhamba",
              "non_striker": "BS Adhihetty",
              "runs": {
                "batter": 0,
                "extras": 0,
                "total": 0
              }
            },
            {
              "batter": "NR Kumar",
              "bowler": "Nestor Dhamba",
              "non_striker": "BS Adhihetty",
              "runs": {
                "batter": 0,
                "extras": 0,
                "total": 0
              }
            },
            {
              "batter": "NR Kumar",
              "bowler": "Nestor Dhamba",
              "non_striker": "BS Adhihetty",
              "runs": {
                "batter": 0,
                "extras": 0,
                "total": 0
              }
            },
            {
              "batter": "NR Kumar",
              "bowler": "Nestor Dhamba",
              "non_striker": "BS Adhihetty",
              "runs": {
                "batter": 1,
                "extras": 0,
                "total": 1
              }
            },
            {
              "batter": "BS Adhihetty",
              "bowler": "Nestor Dhamba",
              "non_striker": "NR Kumar",
              "runs": {
                "batter": 0,
                "extras": 0,
                "total": 0
              }
            },
            {
              "batter": "BS Adhihetty",
              "bowler": "Nestor Dhamba",
              "non_striker": "NR Kumar",
              "runs": {
                "batter": 1,
                "extras": 0,
                "total": 1
              }
            }
          ]
        },
        {
          "over": 18,
          "deliveries": [
            {
              "batter": "BS Adhihetty",
              "bowler": "Zeeshan Maqsood",
              "non_striker": "NR Kumar",
              "runs": {
                "batter": 0,
                "extras": 0,
                "total": 0
              }
            },
            {
              "batter": "BS Adhihetty",
              "bowler": "Zeeshan Maqsood",
              "non_striker": "NR Kumar",
              "runs": {
                "batter": 2,
                "extras": 0,
                "total": 2
              }
            },
            {
              "batter": "BS Adhihetty",
              "bowler": "Zeeshan Maqsood",
              "non_striker": "NR Kumar",
              "runs": {
                "batter": 0,
                "extras": 0,
                "total": 0
              }
            },
            {
              "batter": "BS Adhihetty",
              "bowler": "Zeeshan Maqsood",
              "non_striker": "NR Kumar",
              "runs": {
                "batter": 4,
                "extras": 0,
                "total": 4
              }
            },
            {
              "batter": "BS Adhihetty",
              "bowler": "Zeeshan Maqsood",
              "non_striker": "NR Kumar",
              "runs": {
                "batter": 0,
                "extras": 0,
                "total": 0
              }
            },
            {
              "batter": "BS Adhihetty",
              "bowler": "Zeeshan Maqsood",
              "non_striker": "NR Kumar",
              "runs": {
                "batter": 1,
                "extras": 0,
                "total": 1
              }
            }
          ]
        },
        {
          "over": 19,
          "deliveries": [
            {
              "batter": "BS Adhihetty",
              "bowler": "Nestor Dhamba",
              "non_striker": "NR Kumar",
              "runs": {
                "batter": 0,
                "extras": 0,
                "total": 0
              }
            },
            {
              "batter": "BS Adhihetty",
              "bowler": "Nestor Dhamba",
              "non_striker": "NR Kumar",
              "runs": {
                "batter": 1,
                "extras": 0,
                "total": 1
              }
            },
            {
              "batter": "NR Kumar",
              "bowler": "Nestor Dhamba",
              "non_striker": "BS Adhihetty",
              "runs": {
                "batter": 0,
                "extras": 0,
                "total": 0
              }
            },
            {
              "batter": "NR Kumar",
              "bowler": "Nestor Dhamba",
              "non_striker": "BS Adhihetty",
              "runs": {
                "batter": 0,
                "extras": 0,
                "total": 0
              }
            },
            {
              "batter": "NR Kumar",
              "bowler": "Nestor Dhamba",
              "non_striker": "BS Adhihetty",
              "runs": {
                "batter": 1,
                "extras": 0,
                "total": 1
              }
            },
            {
              "batter": "BS Adhihetty",
              "bowler": "Nestor Dhamba",
              "non_striker": "NR Kumar",
              "runs": {
                "batter": 0,
                "extras": 0,
                "total": 0
              }
            }
          ]
        },
        {
          "over": 20,
          "deliveries": [
            {
              "batter": "NR Kumar",
              "bowler": "Zeeshan Maqsood",
              "non_striker": "BS Adhihetty",
              "runs": {
                "batter": 0,
                "extras": 0,
                "total": 0
              }
            },
            {
              "batter": "NR Kumar",
              "bowler": "Zeeshan Maqsood",
              "non_striker": "BS Adhihetty",
              "runs": {
                "batter": 1,
                "extras": 0,
                "total": 1
              }
            },
            {
              "batter": "BS Adhihetty",
              "bowler": "Zeeshan Maqsood",
              "non_striker": "NR Kumar",
              "runs": {
                "batter": 0,
                "extras": 0,
                "total": 0
              }
            },
            {
              "batter": "BS Adhihetty",
              "bowler": "Zeeshan Maqsood",
              "non_striker": "NR Kumar",
              "runs": {
                "batter": 1,
                "extras": 0,
                "total": 1
              }
            },
            {
              "batter": "NR Kumar",
              "bowler": "Zeeshan Maqsood",
              "non_striker": "BS Adhihetty",
              "runs": {
                "batter": 1,
                "extras": 0,
                "total": 1
              }
            },
            {
              "batter": "BS Adhihetty",
              "bowler": "Zeeshan Maqsood",
              "non_striker": "NR Kumar",
              "runs": {
                "batter": 4,
                "extras": 0,
                "total": 4
              }
            }
          ]
        },
        {
          "over": 21,
          "deliveries": [
            {
              "batter": "NR Kumar",
              "bowler": "Nestor Dhamba",
              "non_striker": "BS Adhihetty",
              "runs": {
                "batter": 1,
                "extras": 0,
                "total": 1
              }
            },
            {
              "batter": "BS Adhihetty",
              "bowler": "Nestor Dhamba",
              "non_striker": "NR Kumar",
              "runs": {
                "batter": 1,
                "extras": 0,
                "total": 1
              }
            },
            {
              "batter": "NR Kumar",
              "bowler": "Nestor Dhamba",
              "non_striker": "BS Adhihetty",
              "runs": {
                "batter": 0,
                "extras": 0,
                "total": 0
              }
            },
            {
              "batter": "NR Kumar",
              "bowler": "Nestor Dhamba",
              "non_striker": "BS Adhihetty",
              "runs": {
                "batter": 0,
                "extras": 0,
                "total": 0
              }
            },
            {
              "batter": "NR Kumar",
              "bowler": "Nestor Dhamba",
              "non_striker": "BS Adhihetty",
              "runs": {
                "batter": 0,
                "extras": 0,
                "total": 0
              }
            },
            {
              "batter": "NR Kumar",
              "bowler": "Nestor Dhamba",
              "non_striker": "BS Adhihetty",
              "runs": {
                "batter": 1,
                "extras": 0,
                "total": 1
              }
            }
          ]
        },
        {
          "over": 22,
          "deliveries": [
            {
              "batter": "NR Kumar",
              "bowler": "Aqib Ilyas",
              "non_striker": "BS Adhihetty",
              "runs": {
                "batter": 0,
                "extras": 0,
                "total": 0
              }
            },
            {
              "batter": "NR Kumar",
              "bowler": "Aqib Ilyas",
              "non_striker": "BS Adhihetty",
              "runs": {
                "batter": 0,
                "extras": 0,
                "total": 0
              }
            },
            {
              "batter": "NR Kumar",
              "bowler": "Aqib Ilyas",
              "non_striker": "BS Adhihetty",
              "runs": {
                "batter": 0,
                "extras": 0,
                "total": 0
              }
            },
            {
              "batter": "NR Kumar",
              "bowler": "Aqib Ilyas",
              "non_striker": "BS Adhihetty",
              "runs": {
                "batter": 0,
                "extras": 0,
                "total": 0
              }
            },
            {
              "batter": "NR Kumar",
              "bowler": "Aqib Ilyas",
              "non_striker": "BS Adhihetty",
              "runs": {
                "batter": 1,
                "extras": 0,
                "total": 1
              }
            },
            {
              "batter": "BS Adhihetty",
              "bowler": "Aqib Ilyas",
              "non_striker": "NR Kumar",
              "runs": {
                "batter": 1,
                "extras": 0,
                "total": 1
              }
            }
          ]
        },
        {
          "over": 23,
          "deliveries": [
            {
              "batter": "BS Adhihetty",
              "bowler": "Nestor Dhamba",
              "non_striker": "NR Kumar",
              "runs": {
                "batter": 0,
                "extras": 0,
                "total": 0
              }
            },
            {
              "batter": "BS Adhihetty",
              "bowler": "Nestor Dhamba",
              "non_striker": "NR Kumar",
              "runs": {
                "batter": 1,
                "extras": 0,
                "total": 1
              }
            },
            {
              "batter": "NR Kumar",
              "bowler": "Nestor Dhamba",
              "non_striker": "BS Adhihetty",
              "runs": {
                "batter": 4,
                "extras": 0,
                "total": 4
              }
            },
            {
              "batter": "NR Kumar",
              "bowler": "Nestor Dhamba",
              "non_striker": "BS Adhihetty",
              "runs": {
                "batter": 0,
                "extras": 0,
                "total": 0
              },
              "wickets": [
                {
                  "player_out": "NR Kumar",
                  "kind": "bowled"
                }
              ]
            },
            {
              "batter": "NS Dhaliwal",
              "bowler": "Nestor Dhamba",
              "non_striker": "BS Adhihetty",
              "runs": {
                "batter": 1,
                "extras": 0,
                "total": 1
              }
            },
            {
              "batter": "BS Adhihetty",
              "bowler": "Nestor Dhamba",
              "non_striker": "NS Dhaliwal",
              "runs": {
                "batter": 0,
                "extras": 0,
                "total": 0
              }
            }
          ]
        },
        {
          "over": 24,
          "deliveries": [
            {
              "batter": "NS Dhaliwal",
              "bowler": "Aqib Ilyas",
              "non_striker": "BS Adhihetty",
              "runs": {
                "batter": 1,
                "extras": 0,
                "total": 1
              }
            },
            {
              "batter": "BS Adhihetty",
              "bowler": "Aqib Ilyas",
              "non_striker": "NS Dhaliwal",
              "runs": {
                "batter": 1,
                "extras": 0,
                "total": 1
              }
            },
            {
              "batter": "NS Dhaliwal",
              "bowler": "Aqib Ilyas",
              "non_striker": "BS Adhihetty",
              "runs": {
                "batter": 1,
                "extras": 0,
                "total": 1
              }
            },
            {
              "batter": "BS Adhihetty",
              "bowler": "Aqib Ilyas",
              "non_striker": "NS Dhaliwal",
              "runs": {
                "batter": 1,
                "extras": 0,
                "total": 1
              }
            },
            {
              "batter": "NS Dhaliwal",
              "bowler": "Aqib Ilyas",
              "non_striker": "BS Adhihetty",
              "runs": {
                "batter": 0,
                "extras": 0,
                "total": 0
              }
            },
            {
              "batter": "NS Dhaliwal",
              "bowler": "Aqib Ilyas",
              "non_striker": "BS Adhihetty",
              "runs": {
                "batter": 1,
                "extras": 0,
                "total": 1
              }
            }
          ]
        },
        {
          "over": 25,
          "deliveries": [
            {
              "batter": "NS Dhaliwal",
              "bowler": "Khawar Ali",
              "non_striker": "BS Adhihetty",
              "runs": {
                "batter": 4,
                "extras": 0,
                "total": 4
              }
            },
            {
              "batter": "NS Dhaliwal",
              "bowler": "Khawar Ali",
              "non_striker": "BS Adhihetty",
              "runs": {
                "batter": 1,
                "extras": 0,
                "total": 1
              }
            },
            {
              "batter": "BS Adhihetty",
              "bowler": "Khawar Ali",
              "non_striker": "NS Dhaliwal",
              "runs": {
                "batter": 0,
                "extras": 0,
                "total": 0
              }
            },
            {
              "batter": "BS Adhihetty",
              "bowler": "Khawar Ali",
              "non_striker": "NS Dhaliwal",
              "runs": {
                "batter": 1,
                "extras": 0,
                "total": 1
              }
            },
            {
              "batter": "NS Dhaliwal",
              "bowler": "Khawar Ali",
              "non_striker": "BS Adhihetty",
              "runs": {
                "batter": 1,
                "extras": 0,
                "total": 1
              }
            },
            {
              "batter": "BS Adhihetty",
              "bowler": "Khawar Ali",
              "non_striker": "NS Dhaliwal",
              "runs": {
                "batter": 0,
                "extras": 0,
                "total": 0
              }
            }
          ]
        },
        {
          "over": 26,
          "deliveries": [
            {
              "batter": "NS Dhaliwal",
              "bowler": "Aqib Ilyas",
              "non_striker": "BS Adhihetty",
              "runs": {
                "batter": 1,
                "extras": 0,
                "total": 1
              }
            },
            {
              "batter": "BS Adhihetty",
              "bowler": "Aqib Ilyas",
              "non_striker": "NS Dhaliwal",
              "runs": {
                "batter": 0,
                "extras": 0,
                "total": 0
              }
            },
            {
              "batter": "BS Adhihetty",
              "bowler": "Aqib Ilyas",
              "non_striker": "NS Dhaliwal",
              "runs": {
                "batter": 0,
                "extras": 0,
                "total": 0
              }
            },
            {
              "batter": "BS Adhihetty",
              "bowler": "Aqib Ilyas",
              "extras": {
                "legbyes": 2
              },
              "non_striker": "NS Dhaliwal",
              "runs": {
                "batter": 0,
                "extras": 2,
                "total": 2
              }
            },
            {
              "batter": "BS Adhihetty",
              "bowler": "Aqib Ilyas",
              "non_striker": "NS Dhaliwal",
              "runs": {
                "batter": 1,
                "extras": 0,
                "total": 1
              }
            },
            {
              "batter": "NS Dhaliwal",
              "bowler": "Aqib Ilyas",
              "non_striker": "BS Adhihetty",
              "runs": {
                "batter": 0,
                "extras": 0,
                "total": 0
              }
            }
          ]
        },
        {
          "over": 27,
          "deliveries": [
            {
              "batter": "BS Adhihetty",
              "bowler": "Khawar Ali",
              "non_striker": "NS Dhaliwal",
              "runs": {
                "batter": 1,
                "extras": 0,
                "total": 1
              }
            },
            {
              "batter": "NS Dhaliwal",
              "bowler": "Khawar Ali",
              "non_striker": "BS Adhihetty",
              "runs": {
                "batter": 1,
                "extras": 0,
                "total": 1
              }
            },
            {
              "batter": "BS Adhihetty",
              "bowler": "Khawar Ali",
              "non_striker": "NS Dhaliwal",
              "runs": {
                "batter": 0,
                "extras": 0,
                "total": 0
              }
            },
            {
              "batter": "BS Adhihetty",
              "bowler": "Khawar Ali",
              "non_striker": "NS Dhaliwal",
              "runs": {
                "batter": 1,
                "extras": 0,
                "total": 1
              }
            },
            {
              "batter": "NS Dhaliwal",
              "bowler": "Khawar Ali",
              "non_striker": "BS Adhihetty",
              "runs": {
                "batter": 1,
                "extras": 0,
                "total": 1
              }
            },
            {
              "batter": "BS Adhihetty",
              "bowler": "Khawar Ali",
              "non_striker": "NS Dhaliwal",
              "runs": {
                "batter": 1,
                "extras": 0,
                "total": 1
              }
            }
          ]
        },
        {
          "over": 28,
          "deliveries": [
            {
              "batter": "BS Adhihetty",
              "bowler": "Aqib Ilyas",
              "non_striker": "NS Dhaliwal",
              "runs": {
                "batter": 0,
                "extras": 0,
                "total": 0
              }
            },
            {
              "batter": "BS Adhihetty",
              "bowler": "Aqib Ilyas",
              "non_striker": "NS Dhaliwal",
              "runs": {
                "batter": 0,
                "extras": 0,
                "total": 0
              }
            },
            {
              "batter": "BS Adhihetty",
              "bowler": "Aqib Ilyas",
              "non_striker": "NS Dhaliwal",
              "runs": {
                "batter": 1,
                "extras": 0,
                "total": 1
              }
            },
            {
              "batter": "NS Dhaliwal",
              "bowler": "Aqib Ilyas",
              "non_striker": "BS Adhihetty",
              "runs": {
                "batter": 0,
                "extras": 0,
                "total": 0
              }
            },
            {
              "batter": "NS Dhaliwal",
              "bowler": "Aqib Ilyas",
              "non_striker": "BS Adhihetty",
              "runs": {
                "batter": 0,
                "extras": 0,
                "total": 0
              },
              "wickets": [
                {
                  "player_out": "NS Dhaliwal",
                  "fielders": [
                    {
                      "name": "Sultan Ahmed"
                    }
                  ],
                  "kind": "caught"
                }
              ]
            },
            {
              "batter": "DN Pathirana",
              "bowler": "Aqib Ilyas",
              "non_striker": "BS Adhihetty",
              "runs": {
                "batter": 0,
                "extras": 0,
                "total": 0
              }
            }
          ]
        },
        {
          "over": 29,
          "deliveries": [
            {
              "batter": "BS Adhihetty",
              "bowler": "Khawar Ali",
              "non_striker": "DN Pathirana",
              "runs": {
                "batter": 1,
                "extras": 0,
                "total": 1
              }
            },
            {
              "batter": "DN Pathirana",
              "bowler": "Khawar Ali",
              "non_striker": "BS Adhihetty",
              "runs": {
                "batter": 1,
                "extras": 0,
                "total": 1
              }
            },
            {
              "batter": "BS Adhihetty",
              "bowler": "Khawar Ali",
              "non_striker": "DN Pathirana",
              "runs": {
                "batter": 0,
                "extras": 0,
                "total": 0
              }
            },
            {
              "batter": "BS Adhihetty",
              "bowler": "Khawar Ali",
              "non_striker": "DN Pathirana",
              "runs": {
                "batter": 0,
                "extras": 0,
                "total": 0
              }
            },
            {
              "batter": "BS Adhihetty",
              "bowler": "Khawar Ali",
              "non_striker": "DN Pathirana",
              "runs": {
                "batter": 0,
                "extras": 0,
                "total": 0
              }
            },
            {
              "batter": "BS Adhihetty",
              "bowler": "Khawar Ali",
              "non_striker": "DN Pathirana",
              "runs": {
                "batter": 4,
                "extras": 0,
                "total": 4
              }
            }
          ]
        },
        {
          "over": 30,
          "deliveries": [
            {
              "batter": "DN Pathirana",
              "bowler": "Aqib Ilyas",
              "non_striker": "BS Adhihetty",
              "runs": {
                "batter": 1,
                "extras": 0,
                "total": 1
              }
            },
            {
              "batter": "BS Adhihetty",
              "bowler": "Aqib Ilyas",
              "non_striker": "DN Pathirana",
              "runs": {
                "batter": 1,
                "extras": 0,
                "total": 1
              }
            },
            {
              "batter": "DN Pathirana",
              "bowler": "Aqib Ilyas",
              "non_striker": "BS Adhihetty",
              "runs": {
                "batter": 0,
                "extras": 0,
                "total": 0
              }
            },
            {
              "batter": "DN Pathirana",
              "bowler": "Aqib Ilyas",
              "non_striker": "BS Adhihetty",
              "runs": {
                "batter": 0,
                "extras": 0,
                "total": 0
              }
            },
            {
              "batter": "DN Pathirana",
              "bowler": "Aqib Ilyas",
              "non_striker": "BS Adhihetty",
              "runs": {
                "batter": 0,
                "extras": 0,
                "total": 0
              }
            },
            {
              "batter": "DN Pathirana",
              "bowler": "Aqib Ilyas",
              "non_striker": "BS Adhihetty",
              "runs": {
                "batter": 0,
                "extras": 0,
                "total": 0
              }
            }
          ]
        },
        {
          "over": 31,
          "deliveries": [
            {
              "batter": "BS Adhihetty",
              "bowler": "Khawar Ali",
              "non_striker": "DN Pathirana",
              "runs": {
                "batter": 1,
                "extras": 0,
                "total": 1
              }
            },
            {
              "batter": "DN Pathirana",
              "bowler": "Khawar Ali",
              "non_striker": "BS Adhihetty",
              "runs": {
                "batter": 0,
                "extras": 0,
                "total": 0
              }
            },
            {
              "batter": "DN Pathirana",
              "bowler": "Khawar Ali",
              "non_striker": "BS Adhihetty",
              "runs": {
                "batter": 1,
                "extras": 0,
                "total": 1
              }
            },
            {
              "batter": "BS Adhihetty",
              "bowler": "Khawar Ali",
              "non_striker": "DN Pathirana",
              "runs": {
                "batter": 1,
                "extras": 0,
                "total": 1
              }
            },
            {
              "batter": "DN Pathirana",
              "bowler": "Khawar Ali",
              "non_striker": "BS Adhihetty",
              "runs": {
                "batter": 0,
                "extras": 0,
                "total": 0
              }
            },
            {
              "batter": "DN Pathirana",
              "bowler": "Khawar Ali",
              "non_striker": "BS Adhihetty",
              "runs": {
                "batter": 4,
                "extras": 0,
                "total": 4
              }
            }
          ]
        },
        {
          "over": 32,
          "deliveries": [
            {
              "batter": "BS Adhihetty",
              "bowler": "Aqib Ilyas",
              "non_striker": "DN Pathirana",
              "runs": {
                "batter": 0,
                "extras": 0,
                "total": 0
              }
            },
            {
              "batter": "BS Adhihetty",
              "bowler": "Aqib Ilyas",
              "non_striker": "DN Pathirana",
              "runs": {
                "batter": 4,
                "extras": 0,
                "total": 4
              }
            },
            {
              "batter": "BS Adhihetty",
              "bowler": "Aqib Ilyas",
              "non_striker": "DN Pathirana",
              "runs": {
                "batter": 0,
                "extras": 0,
                "total": 0
              }
            },
            {
              "batter": "BS Adhihetty",
              "bowler": "Aqib Ilyas",
              "non_striker": "DN Pathirana",
              "runs": {
                "batter": 0,
                "extras": 0,
                "total": 0
              }
            },
            {
              "batter": "BS Adhihetty",
              "bowler": "Aqib Ilyas",
              "non_striker": "DN Pathirana",
              "runs": {
                "batter": 1,
                "extras": 0,
                "total": 1
              }
            },
            {
              "batter": "DN Pathirana",
              "bowler": "Aqib Ilyas",
              "non_striker": "BS Adhihetty",
              "runs": {
                "batter": 1,
                "extras": 0,
                "total": 1
              }
            }
          ]
        },
        {
          "over": 33,
          "deliveries": [
            {
              "batter": "DN Pathirana",
              "bowler": "Zeeshan Maqsood",
              "non_striker": "BS Adhihetty",
              "runs": {
                "batter": 1,
                "extras": 0,
                "total": 1
              }
            },
            {
              "batter": "BS Adhihetty",
              "bowler": "Zeeshan Maqsood",
              "non_striker": "DN Pathirana",
              "runs": {
                "batter": 1,
                "extras": 0,
                "total": 1
              }
            },
            {
              "batter": "DN Pathirana",
              "bowler": "Zeeshan Maqsood",
              "non_striker": "BS Adhihetty",
              "runs": {
                "batter": 1,
                "extras": 0,
                "total": 1
              }
            },
            {
              "batter": "BS Adhihetty",
              "bowler": "Zeeshan Maqsood",
              "extras": {
                "noballs": 1
              },
              "non_striker": "DN Pathirana",
              "runs": {
                "batter": 1,
                "extras": 1,
                "total": 2
              }
            },
            {
              "batter": "DN Pathirana",
              "bowler": "Zeeshan Maqsood",
              "non_striker": "BS Adhihetty",
              "runs": {
                "batter": 0,
                "extras": 0,
                "total": 0
              }
            },
            {
              "batter": "DN Pathirana",
              "bowler": "Zeeshan Maqsood",
              "non_striker": "BS Adhihetty",
              "runs": {
                "batter": 0,
                "extras": 0,
                "total": 0
              }
            },
            {
              "batter": "DN Pathirana",
              "bowler": "Zeeshan Maqsood",
              "non_striker": "BS Adhihetty",
              "runs": {
                "batter": 1,
                "extras": 0,
                "total": 1
              }
            }
          ]
        },
        {
          "over": 34,
          "deliveries": [
            {
              "batter": "DN Pathirana",
              "bowler": "Bilal Khan",
              "non_striker": "BS Adhihetty",
              "runs": {
                "batter": 0,
                "extras": 0,
                "total": 0
              }
            },
            {
              "batter": "DN Pathirana",
              "bowler": "Bilal Khan",
              "non_striker": "BS Adhihetty",
              "runs": {
                "batter": 0,
                "extras": 0,
                "total": 0
              }
            },
            {
              "batter": "DN Pathirana",
              "bowler": "Bilal Khan",
              "non_striker": "BS Adhihetty",
              "runs": {
                "batter": 0,
                "extras": 0,
                "total": 0
              }
            },
            {
              "batter": "DN Pathirana",
              "bowler": "Bilal Khan",
              "non_striker": "BS Adhihetty",
              "runs": {
                "batter": 0,
                "extras": 0,
                "total": 0
              }
            },
            {
              "batter": "DN Pathirana",
              "bowler": "Bilal Khan",
              "non_striker": "BS Adhihetty",
              "runs": {
                "batter": 1,
                "extras": 0,
                "total": 1
              }
            },
            {
              "batter": "BS Adhihetty",
              "bowler": "Bilal Khan",
              "non_striker": "DN Pathirana",
              "runs": {
                "batter": 1,
                "extras": 0,
                "total": 1
              }
            }
          ]
        },
        {
          "over": 35,
          "deliveries": [
            {
              "batter": "BS Adhihetty",
              "bowler": "Zeeshan Maqsood",
              "non_striker": "DN Pathirana",
              "runs": {
                "batter": 0,
                "extras": 0,
                "total": 0
              }
            },
            {
              "batter": "BS Adhihetty",
              "bowler": "Zeeshan Maqsood",
              "non_striker": "DN Pathirana",
              "runs": {
                "batter": 0,
                "extras": 0,
                "total": 0
              }
            },
            {
              "batter": "BS Adhihetty",
              "bowler": "Zeeshan Maqsood",
              "non_striker": "DN Pathirana",
              "runs": {
                "batter": 2,
                "extras": 0,
                "total": 2
              }
            },
            {
              "batter": "BS Adhihetty",
              "bowler": "Zeeshan Maqsood",
              "non_striker": "DN Pathirana",
              "runs": {
                "batter": 1,
                "extras": 0,
                "total": 1
              }
            },
            {
              "batter": "DN Pathirana",
              "bowler": "Zeeshan Maqsood",
              "non_striker": "BS Adhihetty",
              "runs": {
                "batter": 0,
                "extras": 0,
                "total": 0
              }
            },
            {
              "batter": "DN Pathirana",
              "bowler": "Zeeshan Maqsood",
              "non_striker": "BS Adhihetty",
              "runs": {
                "batter": 0,
                "extras": 0,
                "total": 0
              }
            }
          ]
        },
        {
          "over": 36,
          "deliveries": [
            {
              "batter": "BS Adhihetty",
              "bowler": "Bilal Khan",
              "non_striker": "DN Pathirana",
              "runs": {
                "batter": 2,
                "extras": 0,
                "total": 2
              }
            },
            {
              "batter": "BS Adhihetty",
              "bowler": "Bilal Khan",
              "non_striker": "DN Pathirana",
              "runs": {
                "batter": 0,
                "extras": 0,
                "total": 0
              }
            },
            {
              "batter": "BS Adhihetty",
              "bowler": "Bilal Khan",
              "non_striker": "DN Pathirana",
              "runs": {
                "batter": 1,
                "extras": 0,
                "total": 1
              }
            },
            {
              "batter": "DN Pathirana",
              "bowler": "Bilal Khan",
              "non_striker": "BS Adhihetty",
              "runs": {
                "batter": 4,
                "extras": 0,
                "total": 4
              }
            },
            {
              "batter": "DN Pathirana",
              "bowler": "Bilal Khan",
              "non_striker": "BS Adhihetty",
              "runs": {
                "batter": 0,
                "extras": 0,
                "total": 0
              }
            },
            {
              "batter": "DN Pathirana",
              "bowler": "Bilal Khan",
              "non_striker": "BS Adhihetty",
              "runs": {
                "batter": 4,
                "extras": 0,
                "total": 4
              }
            }
          ]
        },
        {
          "over": 37,
          "deliveries": [
            {
              "batter": "BS Adhihetty",
              "bowler": "M Ansari",
              "non_striker": "DN Pathirana",
              "runs": {
                "batter": 4,
                "extras": 0,
                "total": 4
              }
            },
            {
              "batter": "BS Adhihetty",
              "bowler": "M Ansari",
              "non_striker": "DN Pathirana",
              "runs": {
                "batter": 1,
                "extras": 0,
                "total": 1
              }
            },
            {
              "batter": "DN Pathirana",
              "bowler": "M Ansari",
              "extras": {
                "byes": 1
              },
              "non_striker": "BS Adhihetty",
              "runs": {
                "batter": 0,
                "extras": 1,
                "total": 1
              }
            },
            {
              "batter": "BS Adhihetty",
              "bowler": "M Ansari",
              "non_striker": "DN Pathirana",
              "runs": {
                "batter": 1,
                "extras": 0,
                "total": 1
              }
            },
            {
              "batter": "DN Pathirana",
              "bowler": "M Ansari",
              "non_striker": "BS Adhihetty",
              "runs": {
                "batter": 1,
                "extras": 0,
                "total": 1
              }
            },
            {
              "batter": "BS Adhihetty",
              "bowler": "M Ansari",
              "non_striker": "DN Pathirana",
              "runs": {
                "batter": 0,
                "extras": 0,
                "total": 0
              },
              "wickets": [
                {
                  "player_out": "BS Adhihetty",
                  "fielders": [
                    {
                      "name": "Mohammad Nadeem"
                    }
                  ],
                  "kind": "caught"
                }
              ]
            }
          ]
        }
      ],
      "powerplays": [
        {
          "from": 0.1,
          "to": 9.6,
          "type": "mandatory"
        },
        {
          "from": 10.1,
          "to": 36.2,
          "type": "mandatory"
        },
        {
          "from": 36.3,
          "to": 37.6,
          "type": "mandatory"
        }
      ]
    },
    {
      "team": "Oman",
      "overs": [
        {
          "over": 0,
          "deliveries": [
            {
              "batter": "Zeeshan Maqsood",
              "bowler": "C Pervez",
              "non_striker": "Khawar Ali",
              "runs": {
                "batter": 0,
                "extras": 0,
                "total": 0
              }
            },
            {
              "batter": "Zeeshan Maqsood",
              "bowler": "C Pervez",
              "non_striker": "Khawar Ali",
              "runs": {
                "batter": 0,
                "extras": 0,
                "total": 0
              }
            },
            {
              "batter": "Zeeshan Maqsood",
              "bowler": "C Pervez",
              "non_striker": "Khawar Ali",
              "runs": {
                "batter": 0,
                "extras": 0,
                "total": 0
              }
            },
            {
              "batter": "Zeeshan Maqsood",
              "bowler": "C Pervez",
              "non_striker": "Khawar Ali",
              "runs": {
                "batter": 0,
                "extras": 0,
                "total": 0
              }
            },
            {
              "batter": "Zeeshan Maqsood",
              "bowler": "C Pervez",
              "extras": {
                "wides": 1
              },
              "non_striker": "Khawar Ali",
              "runs": {
                "batter": 0,
                "extras": 1,
                "total": 1
              }
            },
            {
              "batter": "Zeeshan Maqsood",
              "bowler": "C Pervez",
              "non_striker": "Khawar Ali",
              "runs": {
                "batter": 1,
                "extras": 0,
                "total": 1
              }
            },
            {
              "batter": "Khawar Ali",
              "bowler": "C Pervez",
              "non_striker": "Zeeshan Maqsood",
              "runs": {
                "batter": 0,
                "extras": 0,
                "total": 0
              }
            }
          ]
        },
        {
          "over": 1,
          "deliveries": [
            {
              "batter": "Zeeshan Maqsood",
              "bowler": "SS Dhindsa",
              "non_striker": "Khawar Ali",
              "runs": {
                "batter": 4,
                "extras": 0,
                "total": 4
              }
            },
            {
              "batter": "Zeeshan Maqsood",
              "bowler": "SS Dhindsa",
              "non_striker": "Khawar Ali",
              "runs": {
                "batter": 2,
                "extras": 0,
                "total": 2
              }
            },
            {
              "batter": "Zeeshan Maqsood",
              "bowler": "SS Dhindsa",
              "non_striker": "Khawar Ali",
              "runs": {
                "batter": 1,
                "extras": 0,
                "total": 1
              }
            },
            {
              "batter": "Khawar Ali",
              "bowler": "SS Dhindsa",
              "non_striker": "Zeeshan Maqsood",
              "runs": {
                "batter": 0,
                "extras": 0,
                "total": 0
              }
            },
            {
              "batter": "Khawar Ali",
              "bowler": "SS Dhindsa",
              "non_striker": "Zeeshan Maqsood",
              "runs": {
                "batter": 4,
                "extras": 0,
                "total": 4
              }
            },
            {
              "batter": "Khawar Ali",
              "bowler": "SS Dhindsa",
              "non_striker": "Zeeshan Maqsood",
              "runs": {
                "batter": 0,
                "extras": 0,
                "total": 0
              }
            }
          ]
        },
        {
          "over": 2,
          "deliveries": [
            {
              "batter": "Zeeshan Maqsood",
              "bowler": "C Pervez",
              "non_striker": "Khawar Ali",
              "runs": {
                "batter": 4,
                "extras": 0,
                "total": 4
              }
            },
            {
              "batter": "Zeeshan Maqsood",
              "bowler": "C Pervez",
              "non_striker": "Khawar Ali",
              "runs": {
                "batter": 0,
                "extras": 0,
                "total": 0
              }
            },
            {
              "batter": "Zeeshan Maqsood",
              "bowler": "C Pervez",
              "extras": {
                "legbyes": 1
              },
              "non_striker": "Khawar Ali",
              "runs": {
                "batter": 0,
                "extras": 1,
                "total": 1
              }
            },
            {
              "batter": "Khawar Ali",
              "bowler": "C Pervez",
              "non_striker": "Zeeshan Maqsood",
              "runs": {
                "batter": 4,
                "extras": 0,
                "total": 4
              }
            },
            {
              "batter": "Khawar Ali",
              "bowler": "C Pervez",
              "non_striker": "Zeeshan Maqsood",
              "runs": {
                "batter": 0,
                "extras": 0,
                "total": 0
              }
            },
            {
              "batter": "Khawar Ali",
              "bowler": "C Pervez",
              "non_striker": "Zeeshan Maqsood",
              "runs": {
                "batter": 0,
                "extras": 0,
                "total": 0
              }
            }
          ]
        },
        {
          "over": 3,
          "deliveries": [
            {
              "batter": "Zeeshan Maqsood",
              "bowler": "SS Dhindsa",
              "non_striker": "Khawar Ali",
              "runs": {
                "batter": 4,
                "extras": 0,
                "total": 4
              }
            },
            {
              "batter": "Zeeshan Maqsood",
              "bowler": "SS Dhindsa",
              "extras": {
                "wides": 1
              },
              "non_striker": "Khawar Ali",
              "runs": {
                "batter": 0,
                "extras": 1,
                "total": 1
              }
            },
            {
              "batter": "Zeeshan Maqsood",
              "bowler": "SS Dhindsa",
              "non_striker": "Khawar Ali",
              "runs": {
                "batter": 6,
                "extras": 0,
                "total": 6
              }
            },
            {
              "batter": "Zeeshan Maqsood",
              "bowler": "SS Dhindsa",
              "non_striker": "Khawar Ali",
              "runs": {
                "batter": 4,
                "extras": 0,
                "total": 4
              }
            },
            {
              "batter": "Zeeshan Maqsood",
              "bowler": "SS Dhindsa",
              "non_striker": "Khawar Ali",
              "runs": {
                "batter": 6,
                "extras": 0,
                "total": 6
              }
            },
            {
              "batter": "Zeeshan Maqsood",
              "bowler": "SS Dhindsa",
              "non_striker": "Khawar Ali",
              "runs": {
                "batter": 0,
                "extras": 0,
                "total": 0
              },
              "wickets": [
                {
                  "player_out": "Zeeshan Maqsood",
                  "fielders": [
                    {
                      "name": "DN Pathirana"
                    }
                  ],
                  "kind": "caught"
                }
              ]
            },
            {
              "batter": "Aqib Ilyas",
              "bowler": "SS Dhindsa",
              "non_striker": "Khawar Ali",
              "runs": {
                "batter": 0,
                "extras": 0,
                "total": 0
              },
              "wickets": [
                {
                  "player_out": "Aqib Ilyas",
                  "kind": "bowled"
                }
              ]
            }
          ]
        },
        {
          "over": 4,
          "deliveries": [
            {
              "batter": "Khawar Ali",
              "bowler": "N Dutta",
              "non_striker": "Mohammad Nadeem",
              "runs": {
                "batter": 1,
                "extras": 0,
                "total": 1
              }
            },
            {
              "batter": "Mohammad Nadeem",
              "bowler": "N Dutta",
              "non_striker": "Khawar Ali",
              "runs": {
                "batter": 6,
                "extras": 0,
                "total": 6
              }
            },
            {
              "batter": "Mohammad Nadeem",
              "bowler": "N Dutta",
              "non_striker": "Khawar Ali",
              "runs": {
                "batter": 0,
                "extras": 0,
                "total": 0
              }
            }
          ]
        }
      ],
      "powerplays": [
        {
          "from": 0.1,
          "to": 4.3,
          "type": "mandatory"
        }
      ],
      "target": {
        "overs": 24,
        "runs": 177
      }
    }
  ]
}