{
  "meta": {
    "data_version": "1.0.0",
    "created": "2020-10-21",
    "revision": 1
  },
  "info": {
    "balls_per_over": 6,
    "city": "Kampala",
    "dates": [
      "2017-05-30"
    ],
    "event": {
      "name": "ICC World Cricket League Division Three",
      "stage": "3rd Place Play-Off"
    },
    "gender": "male",
    "match_type": "ODM",
    "officials": {
      "match_referees": [
        "D Govindjee"
      ],
      "reserve_umpires": [
        "S George"
      ],
      "umpires": [
        "VK Jha",
        "V Kalidas"
      ]
    },
    "outcome": {
      "result": "no result"
    },
    "overs": 50,
    "players": {
      "United States of America": [
        "AL Dodson",
        "SP Patel",
        "SR Taylor",
        "AAA Amsterdam",
        "EH Hutchinson",
        "Jasdeep Singh",
        "NI Standford",
        "NP Kenjige",
        "MK Patel",
        "TK Patel",
        "TP Allen"
      ],
      "Singapore": [
        "CR Suryawanshi",
        "M Dharmichand",
        "AE Paraam",
        "A Krishna",
        "PA Dahiwal",
        "R Rohan",
        "A Mutreja",
        "NMS Param",
        "Janak Prakash",
        "S Vijayakumar",
        "U Rakshit"
      ]
    },
    "registry": {
      "people": {
        "A Krishna": "13598ebc",
        "A Mutreja": "a2ec22d2",
        "AAA Amsterdam": "b4a23876",
        "AE Paraam": "b56f5b6f",
        "AL Dodson": "f5efe5e0",
        "CR Suryawanshi": "8a3756a0",
        "D Govindjee": "8b4c4069",
        "EH Hutchinson": "e6ddab51",
        "Janak Prakash": "f092b4c7",
        "Jasdeep Singh": "5ec41cd7",
        "M Dharmichand": "1f3e6df4",
        "MK Patel": "3bc24c1a",
        "NI Standford": "652ee2b0",
        "NMS Param": "270b4de6",
        "NP Kenjige": "f7d267f7",
        "PA Dahiwal": "cde6b673",
        "R Rohan": "baf0fc26",
        "S George": "6d9e5a54",
        "S Vijayakumar": "44c69e2b",
        "SP Patel": "3a2d873e",
        "SR Taylor": "a9231c3f",
        "TK Patel": "95fcbfb7",
        "TP Allen": "30baaf1f",
        "U Rakshit": "f6b39059",
        "V Kalidas": "42d76418",
        "VK Jha": "5d46eb72"
      }
    },
    "season": "2017",
    "team_type": "international",
    "teams": [
      "United States of America",
      "Singapore"
    ],
    "toss": {
      "decision": "field",
      "winner": "Singapore"
    },
    "venue": "Kyambogo Cricket Oval"
  },
  "innings": [
    {
      "team": "United States of America",
      "overs": [
        {
          "over": 0,
          "deliveries": [
            {
              "batter": "AL Dodson",
              "bowler": "Janak Prakash",
              "non_striker": "SP Patel",
              "runs": {
                "batter": 0,
                "extras": 0,
                "total": 0
              }
            },
            {
              "batter": "AL Dodson",
              "bowler": "Janak Prakash",
              "non_striker": "SP Patel",
              "runs": {
                "batter": 0,
                "extras": 0,
                "total": 0
              }
            },
            {
              "batter": "AL Dodson",
              "bowler": "Janak Prakash",
              "non_striker": "SP Patel",
              "runs": {
                "batter": 4,
                "extras": 0,
                "total": 4
              }
            },
            {
              "batter": "AL Dodson",
              "bowler": "Janak Prakash",
              "non_striker": "SP Patel",
              "runs": {
                "batter": 0,
                "extras": 0,
                "total": 0
              }
            },
            {
              "batter": "AL Dodson",
              "bowler": "Janak Prakash",
              "non_striker": "SP Patel",
              "runs": {
                "batter": 0,
                "extras": 0,
                "total": 0
              }
            },
            {
              "batter": "AL Dodson",
              "bowler": "Janak Prakash",
              "non_striker": "SP Patel",
              "runs": {
                "batter": 0,
                "extras": 0,
                "total": 0
              }
            }
          ]
        },
        {
          "over": 1,
          "deliveries": [
            {
              "batter": "SP Patel",
              "bowler": "CR Suryawanshi",
              "non_striker": "AL Dodson",
              "runs": {
                "batter": 0,
                "extras": 0,
                "total": 0
              }
            },
            {
              "batter": "SP Patel",
              "bowler": "CR Suryawanshi",
              "non_striker": "AL Dodson",
              "runs": {
                "batter": 0,
                "extras": 0,
                "total": 0
              }
            },
            {
              "batter": "SP Patel",
              "bowler": "CR Suryawanshi",
              "non_striker": "AL Dodson",
              "runs": {
                "batter": 0,
                "extras": 0,
                "total": 0
              }
            },
            {
              "batter": "SP Patel",
              "bowler": "CR Suryawanshi",
              "non_striker": "AL Dodson",
              "runs": {
                "batter": 0,
                "extras": 0,
                "total": 0
              }
            },
            {
              "batter": "SP Patel",
              "bowler": "CR Suryawanshi",
              "non_striker": "AL Dodson",
              "runs": {
                "batter": 0,
                "extras": 0,
                "total": 0
              }
            },
            {
              "batter": "SP Patel",
              "bowler": "CR Suryawanshi",
              "non_striker": "AL Dodson",
              "runs": {
                "batter": 0,
                "extras": 0,
                "total": 0
              }
            }
          ]
        },
        {
          "over": 2,
          "deliveries": [
            {
              "batter": "AL Dodson",
              "bowler": "Janak Prakash",
              "non_striker": "SP Patel",
              "runs": {
                "batter": 0,
                "extras": 0,
                "total": 0
              }
            },
            {
              "batter": "AL Dodson",
              "bowler": "Janak Prakash",
              "non_striker": "SP Patel",
              "runs": {
                "batter": 1,
                "extras": 0,
                "total": 1
              }
            },
            {
              "batter": "SP Patel",
              "bowler": "Janak Prakash",
              "non_striker": "AL Dodson",
              "runs": {
                "batter": 0,
                "extras": 0,
                "total": 0
              }
            },
            {
              "batter": "SP Patel",
              "bowler": "Janak Prakash",
              "non_striker": "AL Dodson",
              "runs": {
                "batter": 0,
                "extras": 0,
                "total": 0
              }
            },
            {
              "batter": "SP Patel",
              "bowler": "Janak Prakash",
              "non_striker": "AL Dodson",
              "runs": {
                "batter": 0,
                "extras": 0,
                "total": 0
              }
            },
            {
              "batter": "SP Patel",
              "bowler": "Janak Prakash",
              "non_striker": "AL Dodson",
              "runs": {
                "batter": 1,
                "extras": 0,
                "total": 1
              }
            }
          ]
        },
        {
          "over": 3,
          "deliveries": [
            {
              "batter": "SP Patel",
              "bowler": "CR Suryawanshi",
              "non_striker": "AL Dodson",
              "runs": {
                "batter": 0,
                "extras": 0,
                "total": 0
              }
            },
            {
              "batter": "SP Patel",
              "bowler": "CR Suryawanshi",
              "non_striker": "AL Dodson",
              "runs": {
                "batter": 0,
                "extras": 0,
                "total": 0
              }
            },
            {
              "batter": "SP Patel",
              "bowler": "CR Suryawanshi",
              "non_striker": "AL Dodson",
              "runs": {
                "batter": 0,
                "extras": 0,
                "total": 0
              }
            },
            {
              "batter": "SP Patel",
              "bowler": "CR Suryawanshi",
              "non_striker": "AL Dodson",
              "runs": {
                "batter": 1,
                "extras": 0,
                "total": 1
              }
            },
            {
              "batter": "AL Dodson",
              "bowler": "CR Suryawanshi",
              "non_striker": "SP Patel",
              "runs": {
                "batter": 0,
                "extras": 0,
                "total": 0
              }
            },
            {
              "batter": "AL Dodson",
              "bowler": "CR Suryawanshi",
              "non_striker": "SP Patel",
              "runs": {
                "batter": 0,
                "extras": 0,
                "total": 0
              }
            }
          ]
        },
        {
          "over": 4,
          "deliveries": [
            {
              "batter": "SP Patel",
              "bowler": "Janak Prakash",
              "non_striker": "AL Dodson",
              "runs": {
                "batter": 3,
                "extras": 0,
                "total": 3
              }
            },
            {
              "batter": "AL Dodson",
              "bowler": "Janak Prakash",
              "non_striker": "SP Patel",
              "runs": {
                "batter": 0,
                "extras": 0,
                "total": 0
              }
            },
            {
              "batter": "AL Dodson",
              "bowler": "Janak Prakash",
              "extras": {
                "wides": 1
              },
              "non_striker": "SP Patel",
              "runs": {
                "batter": 0,
                "extras": 1,
                "total": 1
              }
            },
            {
              "batter": "AL Dodson",
              "bowler": "Janak Prakash",
              "non_striker": "SP Patel",
              "runs": {
                "batter": 4,
                "extras": 0,
                "total": 4
              }
            },
            {
              "batter": "AL Dodson",
              "bowler": "Janak Prakash",
              "non_striker": "SP Patel",
              "runs": {
                "batter": 4,
                "extras": 0,
                "total": 4
              }
            },
            {
              "batter": "AL Dodson",
              "bowler": "Janak Prakash",
              "non_striker": "SP Patel",
              "runs": {
                "batter": 0,
                "extras": 0,
                "total": 0
              }
            },
            {
              "batter": "AL Dodson",
              "bowler": "Janak Prakash",
              "non_striker": "SP Patel",
              "runs": {
                "batter": 0,
                "extras": 0,
                "total": 0
              }
            }
          ]
        },
        {
          "over": 5,
          "deliveries": [
            {
              "batter": "SP Patel",
              "bowler": "CR Suryawanshi",
              "non_striker": "AL Dodson",
              "runs": {
                "batter": 1,
                "extras": 0,
                "total": 1
              }
            },
            {
              "batter": "AL Dodson",
              "bowler": "CR Suryawanshi",
              "non_striker": "SP Patel",
              "runs": {
                "batter": 0,
                "extras": 0,
                "total": 0
              }
            },
            {
              "batter": "AL Dodson",
              "bowler": "CR Suryawanshi",
              "non_striker": "SP Patel",
              "runs": {
                "batter": 0,
                "extras": 0,
                "total": 0
              }
            },
            {
              "batter": "AL Dodson",
              "bowler": "CR Suryawanshi",
              "non_striker": "SP Patel",
              "runs": {
                "batter": 0,
                "extras": 0,
                "total": 0
              }
            },
            {
              "batter": "AL Dodson",
              "bowler": "CR Suryawanshi",
              "non_striker": "SP Patel",
              "runs": {
                "batter": 0,
                "extras": 0,
                "total": 0
              }
            },
            {
              "batter": "AL Dodson",
              "bowler": "CR Suryawanshi",
              "non_striker": "SP Patel",
              "runs": {
                "batter": 0,
                "extras": 0,
                "total": 0
              }
            }
          ]
        },
        {
          "over": 6,
          "deliveries": [
            {
              "batter": "SP Patel",
              "bowler": "S Vijayakumar",
              "non_striker": "AL Dodson",
              "runs": {
                "batter": 0,
                "extras": 0,
                "total": 0
              }
            },
            {
              "batter": "SP Patel",
              "bowler": "S Vijayakumar",
              "non_striker": "AL Dodson",
              "runs": {
                "batter": 0,
                "extras": 0,
                "total": 0
              }
            },
            {
              "batter": "SP Patel",
              "bowler": "S Vijayakumar",
              "non_striker": "AL Dodson",
              "runs": {
                "batter": 0,
                "extras": 0,
                "total": 0
              }
            },
            {
              "batter": "SP Patel",
              "bowler": "S Vijayakumar",
              "non_striker": "AL Dodson",
              "runs": {
                "batter": 0,
                "extras": 0,
                "total": 0
              }
            },
            {
              "batter": "SP Patel",
              "bowler": "S Vijayakumar",
              "non_striker": "AL Dodson",
              "runs": {
                "batter": 0,
                "extras": 0,
                "total": 0
              }
            },
            {
              "batter": "SP Patel",
              "bowler": "S Vijayakumar",
              "non_striker": "AL Dodson",
              "runs": {
                "batter": 0,
                "extras": 0,
                "total": 0
              }
            }
          ]
        },
        {
          "over": 7,
          "deliveries": [
            {
              "batter": "AL Dodson",
              "bowler": "CR Suryawanshi",
              "non_striker": "SP Patel",
              "runs": {
                "batter": 6,
                "extras": 0,
                "total": 6
              }
            },
            {
              "batter": "AL Dodson",
              "bowler": "CR Suryawanshi",
              "non_striker": "SP Patel",
              "runs": {
                "batter": 0,
                "extras": 0,
                "total": 0
              }
            },
            {
              "batter": "AL Dodson",
              "bowler": "CR Suryawanshi",
              "non_striker": "SP Patel",
              "runs": {
                "batter": 0,
                "extras": 0,
                "total": 0
              }
            },
            {
              "batter": "AL Dodson",
              "bowler": "CR Suryawanshi",
              "non_striker": "SP Patel",
              "runs": {
                "batter": 0,
                "extras": 0,
                "total": 0
              },
              "wickets": [
                {
                  "player_out": "AL Dodson",
                  "fielders": [
                    {
                      "name": "M Dharmichand"
                    }
                  ],
                  "kind": "caught"
                }
              ]
            },
            {
              "batter": "SR Taylor",
              "bowler": "CR Suryawanshi",
              "non_striker": "SP Patel",
              "runs": {
                "batter": 4,
                "extras": 0,
                "total": 4
              }
            },
            {
              "batter": "SR Taylor",
              "bowler": "CR Suryawanshi",
              "non_striker": "SP Patel",
              "runs": {
                "batter": 0,
                "extras": 0,
                "total": 0
              }
            }
          ]
        },
        {
          "over": 8,
          "deliveries": [
            {
              "batter": "SP Patel",
              "bowler": "S Vijayakumar",
              "non_striker": "SR Taylor",
              "runs": {
                "batter": 1,
                "extras": 0,
                "total": 1
              }
            },
            {
              "batter": "SR Taylor",
              "bowler": "S Vijayakumar",
              "non_striker": "SP Patel",
              "runs": {
                "batter": 1,
                "extras": 0,
                "total": 1
              }
            },
            {
              "batter": "SP Patel",
              "bowler": "S Vijayakumar",
              "non_striker": "SR Taylor",
              "runs": {
                "batter": 3,
                "extras": 0,
                "total": 3
              }
            },
            {
              "batter": "SR Taylor",
              "bowler": "S Vijayakumar",
              "non_striker": "SP Patel",
              "runs": {
                "batter": 0,
                "extras": 0,
                "total": 0
              }
            },
            {
              "batter": "SR Taylor",
              "bowler": "S Vijayakumar",
              "non_striker": "SP Patel",
              "runs": {
                "batter": 0,
                "extras": 0,
                "total": 0
              }
            },
            {
              "batter": "SR Taylor",
              "bowler": "S Vijayakumar",
              "non_striker": "SP Patel",
              "runs": {
                "batter": 0,
                "extras": 0,
                "total": 0
              }
            }
          ]
        },
        {
          "over": 9,
          "deliveries": [
            {
              "batter": "SP Patel",
              "bowler": "CR Suryawanshi",
              "non_striker": "SR Taylor",
              "runs": {
                "batter": 1,
                "extras": 0,
                "total": 1
              }
            },
            {
              "batter": "SR Taylor",
              "bowler": "CR Suryawanshi",
              "non_striker": "SP Patel",
              "runs": {
                "batter": 4,
                "extras": 0,
                "total": 4
              }
            },
            {
              "batter": "SR Taylor",
              "bowler": "CR Suryawanshi",
              "non_striker": "SP Patel",
              "runs": {
                "batter": 1,
                "extras": 0,
                "total": 1
              }
            },
            {
              "batter": "SP Patel",
              "bowler": "CR Suryawanshi",
              "non_striker": "SR Taylor",
              "runs": {
                "batter": 0,
                "extras": 0,
                "total": 0
              }
            },
            {
              "batter": "SP Patel",
              "bowler": "CR Suryawanshi",
              "non_striker": "SR Taylor",
              "runs": {
                "batter": 0,
                "extras": 0,
                "total": 0
              }
            },
            {
              "batter": "SP Patel",
              "bowler": "CR Suryawanshi",
              "non_striker": "SR Taylor",
              "runs": {
                "batter": 2,
                "extras": 0,
                "total": 2
              }
            }
          ]
        },
        {
          "over": 10,
          "deliveries": [
            {
              "batter": "SR Taylor",
              "bowler": "S Vijayakumar",
              "non_striker": "SP Patel",
              "runs": {
                "batter": 0,
                "extras": 0,
                "total": 0
              }
            },
            {
              "batter": "SR Taylor",
              "bowler": "S Vijayakumar",
              "non_striker": "SP Patel",
              "runs": {
                "batter": 0,
                "extras": 0,
                "total": 0
              }
            },
            {
              "batter": "SR Taylor",
              "bowler": "S Vijayakumar",
              "non_striker": "SP Patel",
              "runs": {
                "batter": 0,
                "extras": 0,
                "total": 0
              },
              "wickets": [
                {
                  "player_out": "SR Taylor",
                  "kind": "lbw"
                }
              ]
            },
            {
              "batter": "AAA Amsterdam",
              "bowler": "S Vijayakumar",
              "non_striker": "SP Patel",
              "runs": {
                "batter": 0,
                "extras": 0,
                "total": 0
              }
            },
            {
              "batter": "AAA Amsterdam",
              "bowler": "S Vijayakumar",
              "non_striker": "SP Patel",
              "runs": {
                "batter": 0,
                "extras": 0,
                "total": 0
              }
            },
            {
              "batter": "AAA Amsterdam",
              "bowler": "S Vijayakumar",
              "non_striker": "SP Patel",
              "runs": {
                "batter": 0,
                "extras": 0,
                "total": 0
              }
            }
          ]
        },
        {
          "over": 11,
          "deliveries": [
            {
              "batter": "SP Patel",
              "bowler": "PA Dahiwal",
              "non_striker": "AAA Amsterdam",
              "runs": {
                "batter": 0,
                "extras": 0,
                "total": 0
              }
            },
            {
              "batter": "SP Patel",
              "bowler": "PA Dahiwal",
              "non_striker": "AAA Amsterdam",
              "runs": {
                "batter": 0,
                "extras": 0,
                "total": 0
              }
            },
            {
              "batter": "SP Patel",
              "bowler": "PA Dahiwal",
              "non_striker": "AAA Amsterdam",
              "runs": {
                "batter": 4,
                "extras": 0,
                "total": 4
              }
            },
            {
              "batter": "SP Patel",
              "bowler": "PA Dahiwal",
              "non_striker": "AAA Amsterdam",
              "runs": {
                "batter": 0,
                "extras": 0,
                "total": 0
              }
            },
            {
              "batter": "SP Patel",
              "bowler": "PA Dahiwal",
              "non_striker": "AAA Amsterdam",
              "runs": {
                "batter": 0,
                "extras": 0,
                "total": 0
              }
            },
            {
              "batter": "SP Patel",
              "bowler": "PA Dahiwal",
              "non_striker": "AAA Amsterdam",
              "runs": {
                "batter": 0,
                "extras": 0,
                "total": 0
              }
            }
          ]
        },
        {
          "over": 12,
          "deliveries": [
            {
              "batter": "AAA Amsterdam",
              "bowler": "S Vijayakumar",
              "non_striker": "SP Patel",
              "runs": {
                "batter": 0,
                "extras": 0,
                "total": 0
              }
            },
            {
              "batter": "AAA Amsterdam",
              "bowler": "S Vijayakumar",
              "non_striker": "SP Patel",
              "runs": {
                "batter": 1,
                "extras": 0,
                "total": 1
              }
            },
            {
              "batter": "SP Patel",
              "bowler": "S Vijayakumar",
              "non_striker": "AAA Amsterdam",
              "runs": {
                "batter": 0,
                "extras": 0,
                "total": 0
              }
            },
            {
              "batter": "SP Patel",
              "bowler": "S Vijayakumar",
              "non_striker": "AAA Amsterdam",
              "runs": {
                "batter": 0,
                "extras": 0,
                "total": 0
              }
            },
            {
              "batter": "SP Patel",
              "bowler": "S Vijayakumar",
              "non_striker": "AAA Amsterdam",
              "runs": {
                "batter": 0,
                "extras": 0,
                "total": 0
              }
            },
            {
              "batter": "SP Patel",
              "bowler": "S Vijayakumar",
              "non_striker": "AAA Amsterdam",
              "runs": {
                "batter": 0,
                "extras": 0,
                "total": 0
              }
            }
          ]
        },
        {
          "over": 13,
          "deliveries": [
            {
              "batter": "AAA Amsterdam",
              "bowler": "PA Dahiwal",
              "non_striker": "SP Patel",
              "runs": {
                "batter": 0,
                "extras": 0,
                "total": 0
              }
            },
            {
              "batter": "AAA Amsterdam",
              "bowler": "PA Dahiwal",
              "extras": {
                "wides": 1
              },
              "non_striker": "SP Patel",
              "runs": {
                "batter": 0,
                "extras": 1,
                "total": 1
              }
            },
            {
              "batter": "AAA Amsterdam",
              "bowler": "PA Dahiwal",
              "non_striker": "SP Patel",
              "runs": {
                "batter": 1,
                "extras": 0,
                "total": 1
              }
            },
            {
              "batter": "SP Patel",
              "bowler": "PA Dahiwal",
              "non_striker": "AAA Amsterdam",
              "runs": {
                "batter": 1,
                "extras": 0,
                "total": 1
              }
            },
            {
              "batter": "AAA Amsterdam",
              "bowler": "PA Dahiwal",
              "non_striker": "SP Patel",
              "runs": {
                "batter": 0,
                "extras": 0,
                "total": 0
              }
            },
            {
              "batter": "AAA Amsterdam",
              "bowler": "PA Dahiwal",
              "non_striker": "SP Patel",
              "runs": {
                "batter": 0,
                "extras": 0,
                "total": 0
              }
            },
            {
              "batter": "AAA Amsterdam",
              "bowler": "PA Dahiwal",
              "non_striker": "SP Patel",
              "runs": {
                "batter": 4,
                "extras": 0,
                "total": 4
              }
            }
          ]
        },
        {
          "over": 14,
          "deliveries": [
            {
              "batter": "SP Patel",
              "bowler": "S Vijayakumar",
              "non_striker": "AAA Amsterdam",
              "runs": {
                "batter": 0,
                "extras": 0,
                "total": 0
              }
            },
            {
              "batter": "SP Patel",
              "bowler": "S Vijayakumar",
              "non_striker": "AAA Amsterdam",
              "runs": {
                "batter": 0,
                "extras": 0,
                "total": 0
              }
            },
            {
              "batter": "SP Patel",
              "bowler": "S Vijayakumar",
              "non_striker": "AAA Amsterdam",
              "runs": {
                "batter": 0,
                "extras": 0,
                "total": 0
              }
            },
            {
              "batter": "SP Patel",
              "bowler": "S Vijayakumar",
              "non_striker": "AAA Amsterdam",
              "runs": {
                "batter": 0,
                "extras": 0,
                "total": 0
              }
            },
            {
              "batter": "SP Patel",
              "bowler": "S Vijayakumar",
              "non_striker": "AAA Amsterdam",
              "runs": {
                "batter": 1,
                "extras": 0,
                "total": 1
              }
            },
            {
              "batter": "AAA Amsterdam",
              "bowler": "S Vijayakumar",
              "non_striker": "SP Patel",
              "runs": {
                "batter": 0,
                "extras": 0,
                "total": 0
              }
            }
          ]
        },
        {
          "over": 15,
          "deliveries": [
            {
              "batter": "SP Patel",
              "bowler": "PA Dahiwal",
              "non_striker": "AAA Amsterdam",
              "runs": {
                "batter": 0,
                "extras": 0,
                "total": 0
              }
            },
            {
              "batter": "SP Patel",
              "bowler": "PA Dahiwal",
              "non_striker": "AAA Amsterdam",
              "runs": {
                "batter": 0,
                "extras": 0,
                "total": 0
              }
            },
            {
              "batter": "SP Patel",
              "bowler": "PA Dahiwal",
              "non_striker": "AAA Amsterdam",
              "runs": {
                "batter": 4,
                "extras": 0,
                "total": 4
              }
            },
            {
              "batter": "SP Patel",
              "bowler": "PA Dahiwal",
              "non_striker": "AAA Amsterdam",
              "runs": {
                "batter": 0,
                "extras": 0,
                "total": 0
              }
            },
            {
              "batter": "SP Patel",
              "bowler": "PA Dahiwal",
              "non_striker": "AAA Amsterdam",
              "runs": {
                "batter": 0,
                "extras": 0,
                "total": 0
              }
            },
            {
              "batter": "SP Patel",
              "bowler": "PA Dahiwal",
              "non_striker": "AAA Amsterdam",
              "runs": {
                "batter": 1,
                "extras": 0,
                "total": 1
              }
            }
          ]
        },
        {
          "over": 16,
          "deliveries": [
            {
              "batter": "SP Patel",
              "bowler": "S Vijayakumar",
              "non_striker": "AAA Amsterdam",
              "runs": {
                "batter": 1,
                "extras": 0,
                "total": 1
              }
            },
            {
              "batter": "AAA Amsterdam",
              "bowler": "S Vijayakumar",
              "non_striker": "SP Patel",
              "runs": {
                "batter": 1,
                "extras": 0,
                "total": 1
              }
            },
            {
              "batter": "SP Patel",
              "bowler": "S Vijayakumar",
              "non_striker": "AAA Amsterdam",
              "runs": {
                "batter": 0,
                "extras": 0,
                "total": 0
              }
            },
            {
              "batter": "SP Patel",
              "bowler": "S Vijayakumar",
              "non_striker": "AAA Amsterdam",
              "runs": {
                "batter": 1,
                "extras": 0,
                "total": 1
              }
            },
            {
              "batter": "AAA Amsterdam",
              "bowler": "S Vijayakumar",
              "non_striker": "SP Patel",
              "runs": {
                "batter": 0,
                "extras": 0,
                "total": 0
              }
            },
            {
              "batter": "AAA Amsterdam",
              "bowler": "S Vijayakumar",
              "non_striker": "SP Patel",
              "runs": {
                "batter": 0,
                "extras": 0,
                "total": 0
              }
            }
          ]
        },
        {
          "over": 17,
          "deliveries": [
            {
              "batter": "SP Patel",
              "bowler": "M Dharmichand",
              "non_striker": "AAA Amsterdam",
              "runs": {
                "batter": 0,
                "extras": 0,
                "total": 0
              }
            },
            {
              "batter": "SP Patel",
              "bowler": "M Dharmichand",
              "extras": {
                "wides": 1
              },
              "non_striker": "AAA Amsterdam",
              "runs": {
                "batter": 0,
                "extras": 1,
                "total": 1
              }
            },
            {
              "batter": "SP Patel",
              "bowler": "M Dharmichand",
              "non_striker": "AAA Amsterdam",
              "runs": {
                "batter": 0,
                "extras": 0,
                "total": 0
              }
            },
            {
              "batter": "SP Patel",
              "bowler": "M Dharmichand",
              "non_striker": "AAA Amsterdam",
              "runs": {
                "batter": 1,
                "extras": 0,
                "total": 1
              }
            },
            {
              "batter": "AAA Amsterdam",
              "bowler": "M Dharmichand",
              "non_striker": "SP Patel",
              "runs": {
                "batter": 1,
                "extras": 0,
                "total": 1
              }
            },
            {
              "batter": "SP Patel",
              "bowler": "M Dharmichand",
              "non_striker": "AAA Amsterdam",
              "runs": {
                "batter": 1,
                "extras": 0,
                "total": 1
              }
            },
            {
              "batter": "AAA Amsterdam",
              "bowler": "M Dharmichand",
              "non_striker": "SP Patel",
              "runs": {
                "batter": 1,
                "extras": 0,
                "total": 1
              }
            }
          ]
        },
        {
          "over": 18,
          "deliveries": [
            {
              "batter": "AAA Amsterdam",
              "bowler": "S Vijayakumar",
              "non_striker": "SP Patel",
              "runs": {
                "batter": 0,
                "extras": 0,
                "total": 0
              }
            },
            {
              "batter": "AAA Amsterdam",
              "bowler": "S Vijayakumar",
              "non_striker": "SP Patel",
              "runs": {
                "batter": 0,
                "extras": 0,
                "total": 0
              }
            },
            {
              "batter": "AAA Amsterdam",
              "bowler": "S Vijayakumar",
              "non_striker": "SP Patel",
              "runs": {
                "batter": 1,
                "extras": 0,
                "total": 1
              }
            },
            {
              "batter": "SP Patel",
              "bowler": "S Vijayakumar",
              "non_striker": "AAA Amsterdam",
              "runs": {
                "batter": 1,
                "extras": 0,
                "total": 1
              }
            },
            {
              "batter": "AAA Amsterdam",
              "bowler": "S Vijayakumar",
              "non_striker": "SP Patel",
              "runs": {
                "batter": 0,
                "extras": 0,
                "total": 0
              }
            },
            {
              "batter": "AAA Amsterdam",
              "bowler": "S Vijayakumar",
              "non_striker": "SP Patel",
              "runs": {
                "batter": 1,
                "extras": 0,
                "total": 1
              }
            }
          ]
        },
        {
          "over": 19,
          "deliveries": [
            {
              "batter": "AAA Amsterdam",
              "bowler": "M Dharmichand",
              "non_striker": "SP Patel",
              "runs": {
                "batter": 0,
                "extras": 0,
                "total": 0
              }
            },
            {
              "batter": "AAA Amsterdam",
              "bowler": "M Dharmichand",
              "non_striker": "SP Patel",
              "runs": {
                "batter": 0,
                "extras": 0,
                "total": 0
              }
            },
            {
              "batter": "AAA Amsterdam",
              "bowler": "M Dharmichand",
              "non_striker": "SP Patel",
              "runs": {
                "batter": 0,
                "extras": 0,
                "total": 0
              }
            },
            {
              "batter": "AAA Amsterdam",
              "bowler": "M Dharmichand",
              "non_striker": "SP Patel",
              "runs": {
                "batter": 0,
                "extras": 0,
                "total": 0
              }
            },
            {
              "batter": "AAA Amsterdam",
              "bowler": "M Dharmichand",
              "non_striker": "SP Patel",
              "runs": {
                "batter": 0,
                "extras": 0,
                "total": 0
              }
            },
            {
              "batter": "AAA Amsterdam",
              "bowler": "M Dharmichand",
              "extras": {
                "wides": 3
              },
              "non_striker": "SP Patel",
              "runs": {
                "batter": 0,
                "extras": 3,
                "total": 3
              }
            },
            {
              "batter": "AAA Amsterdam",
              "bowler": "M Dharmichand",
              "non_striker": "SP Patel",
              "runs": {
                "batter": 0,
                "extras": 0,
                "total": 0
              }
            }
          ]
        },
        {
          "over": 20,
          "deliveries": [
            {
              "batter": "AAA Amsterdam",
              "bowler": "S Vijayakumar",
              "non_striker": "SP Patel",
              "runs": {
                "batter": 0,
                "extras": 0,
                "total": 0
              }
            },
            {
              "batter": "AAA Amsterdam",
              "bowler": "S Vijayakumar",
              "non_striker": "SP Patel",
              "runs": {
                "batter": 0,
                "extras": 0,
                "total": 0
              }
            },
            {
              "batter": "AAA Amsterdam",
              "bowler": "S Vijayakumar",
              "non_striker": "SP Patel",
              "runs": {
                "batter": 3,
                "extras": 0,
                "total": 3
              }
            },
            {
              "batter": "SP Patel",
              "bowler": "S Vijayakumar",
              "non_striker": "AAA Amsterdam",
              "runs": {
                "batter": 0,
                "extras": 0,
                "total": 0
              }
            },
            {
              "batter": "SP Patel",
              "bowler": "S Vijayakumar",
              "non_striker": "AAA Amsterdam",
              "runs": {
                "batter": 0,
                "extras": 0,
                "total": 0
              }
            },
            {
              "batter": "SP Patel",
              "bowler": "S Vijayakumar",
              "non_striker": "AAA Amsterdam",
              "runs": {
                "batter": 0,
                "extras": 0,
                "total": 0
              }
            }
          ]
        },
        {
          "over": 21,
          "deliveries": [
            {
              "batter": "AAA Amsterdam",
              "bowler": "M Dharmichand",
              "non_striker": "SP Patel",
              "runs": {
                "batter": 1,
                "extras": 0,
                "total": 1
              }
            },
            {
              "batter": "SP Patel",
              "bowler": "M Dharmichand",
              "non_striker": "AAA Amsterdam",
              "runs": {
                "batter": 0,
                "extras": 0,
                "total": 0
              }
            },
            {
              "batter": "SP Patel",
              "bowler": "M Dharmichand",
              "non_striker": "AAA Amsterdam",
              "runs": {
                "batter": 0,
                "extras": 0,
                "total": 0
              }
            },
            {
              "batter": "SP Patel",
              "bowler": "M Dharmichand",
              "non_striker": "AAA Amsterdam",
              "runs": {
                "batter": 0,
                "extras": 0,
                "total": 0
              }
            },
            {
              "batter": "SP Patel",
              "bowler": "M Dharmichand",
              "non_striker": "AAA Amsterdam",
              "runs": {
                "batter": 0,
                "extras": 0,
                "total": 0
              }
            },
            {
              "batter": "SP Patel",
              "bowler": "M Dharmichand",
              "non_striker": "AAA Amsterdam",
              "runs": {
                "batter": 1,
                "extras": 0,
                "total": 1
              }
            }
          ]
        },
        {
          "over": 22,
          "deliveries": [
            {
              "batter": "SP Patel",
              "bowler": "S Vijayakumar",
              "non_striker": "AAA Amsterdam",
              "runs": {
                "batter": 0,
                "extras": 0,
                "total": 0
              }
            },
            {
              "batter": "SP Patel",
              "bowler": "S Vijayakumar",
              "non_striker": "AAA Amsterdam",
              "runs": {
                "batter": 0,
                "extras": 0,
                "total": 0
              }
            },
            {
              "batter": "SP Patel",
              "bowler": "S Vijayakumar",
              "non_striker": "AAA Amsterdam",
              "runs": {
                "batter": 1,
                "extras": 0,
                "total": 1
              }
            },
            {
              "batter": "AAA Amsterdam",
              "bowler": "S Vijayakumar",
              "non_striker": "SP Patel",
              "runs": {
                "batter": 1,
                "extras": 0,
                "total": 1
              }
            },
            {
              "batter": "SP Patel",
              "bowler": "S Vijayakumar",
              "non_striker": "AAA Amsterdam",
              "runs": {
                "batter": 0,
                "extras": 0,
                "total": 0
              }
            },
            {
              "batter": "SP Patel",
              "bowler": "S Vijayakumar",
              "non_striker": "AAA Amsterdam",
              "runs": {
                "batter": 1,
                "extras": 0,
                "total": 1
              }
            }
          ]
        },
        {
          "over": 23,
          "deliveries": [
            {
              "batter": "SP Patel",
              "bowler": "M Dharmichand",
              "non_striker": "AAA Amsterdam",
              "runs": {
                "batter": 0,
                "extras": 0,
                "total": 0
              }
            },
            {
              "batter": "SP Patel",
              "bowler": "M Dharmichand",
              "non_striker": "AAA Amsterdam",
              "runs": {
                "batter": 0,
                "extras": 0,
                "total": 0
              }
            },
            {
              "batter": "SP Patel",
              "bowler": "M Dharmichand",
              "non_striker": "AAA Amsterdam",
              "runs": {
                "batter": 0,
                "extras": 0,
                "total": 0
              }
            },
            {
              "batter": "SP Patel",
              "bowler": "M Dharmichand",
              "non_striker": "AAA Amsterdam",
              "runs": {
                "batter": 0,
                "extras": 0,
                "total": 0
              }
            },
            {
              "batter": "SP Patel",
              "bowler": "M Dharmichand",
              "non_striker": "AAA Amsterdam",
              "runs": {
                "batter": 0,
                "extras": 0,
                "total": 0
              }
            },
            {
              "batter": "SP Patel",
              "bowler": "M Dharmichand",
              "non_striker": "AAA Amsterdam",
              "runs": {
                "batter": 1,
                "extras": 0,
                "total": 1
              }
            }
          ]
        },
        {
          "over": 24,
          "deliveries": [
            {
              "batter": "SP Patel",
              "bowler": "S Vijayakumar",
              "non_striker": "AAA Amsterdam",
              "runs": {
                "batter": 1,
                "extras": 0,
                "total": 1
              }
            },
            {
              "batter": "AAA Amsterdam",
              "bowler": "S Vijayakumar",
              "non_striker": "SP Patel",
              "runs": {
                "batter": 0,
                "extras": 0,
                "total": 0
              }
            },
            {
              "batter": "AAA Amsterdam",
              "bowler": "S Vijayakumar",
              "non_striker": "SP Patel",
              "runs": {
                "batter": 0,
                "extras": 0,
                "total": 0
              }
            },
            {
              "batter": "AAA Amsterdam",
              "bowler": "S Vijayakumar",
              "non_striker": "SP Patel",
              "runs": {
                "batter": 4,
                "extras": 0,
                "total": 4
              }
            },
            {
              "batter": "AAA Amsterdam",
              "bowler": "S Vijayakumar",
              "non_striker": "SP Patel",
              "runs": {
                "batter": 4,
                "extras": 0,
                "total": 4
              }
            },
            {
              "batter": "AAA Amsterdam",
              "bowler": "S Vijayakumar",
              "non_striker": "SP Patel",
              "runs": {
                "batter": 0,
                "extras": 0,
                "total": 0
              }
            }
          ]
        },
        {
          "over": 25,
          "deliveries": [
            {
              "batter": "SP Patel",
              "bowler": "M Dharmichand",
              "non_striker": "AAA Amsterdam",
              "runs": {
                "batter": 0,
                "extras": 0,
                "total": 0
              }
            },
            {
              "batter": "SP Patel",
              "bowler": "M Dharmichand",
              "non_striker": "AAA Amsterdam",
              "runs": {
                "batter": 2,
                "extras": 0,
                "total": 2
              }
            }
          ]
        }
      ],
      "powerplays": [
        {
          "from": 0.1,
          "to": 9.6,
          "type": "mandatory"
        },
        {
          "from": 10.1,
          "to": 25.2,
          "type": "mandatory"
        }
      ]
    }
  ]
}