{
  "meta": {
    "data_version": "1.0.0",
    "created": "2020-09-24",
    "revision": 1
  },
  "info": {
    "balls_per_over": 6,
    "city": "Windhoek",
    "dates": [
      "2018-02-08"
    ],
    "event": {
      "name": "ICC World Cricket League Division Two",
      "match_number": 3
    },
    "gender": "male",
    "match_type": "ODM",
    "officials": {
      "match_referees": [
        "D Govindjee"
      ],
      "reserve_umpires": [
        "V Kalidas"
      ],
      "umpires": [
        "Tabarak Dar",
        "BB Pradhan"
      ]
    },
    "outcome": {
      "winner": "Canada",
      "by": {
        "wickets": 8
      }
    },
    "overs": 50,
    "player_of_match": [
      "N Dutta"
    ],
    "players": {
      "Oman": [
        "SS Khadye",
        "Jatinder Singh",
        "Aqib Ilyas",
        "VS Wategaonkar",
        "Khawar Ali",
        "Zeeshan Maqsood",
        "Sultan Ahmed",
        "Fayyaz Butt",
        "Jay Odedra",
        "Kaleemullah",
        "Bilal Khan"
      ],
      "Canada": [
        "BS Adhihetty",
        "R Gunasekera",
        "NR Kumar",
        "DN Pathirana",
        "NR Kirton",
        "NS Dhaliwal",
        "Hamza Tariq",
        "N Dutta",
        "D Heyliger",
        "SS Dhindsa",
        "C Pervez"
      ]
    },
    "registry": {
      "people": {
        "Aqib Ilyas": "b3b39bed",
        "BB Pradhan": "8603d942",
        "BS Adhihetty": "502ad1dd",
        "Bilal Khan": "dcdb87f2",
        "C Pervez": "7bf34437",
        "D Govindjee": "8b4c4069",
        "D Heyliger": "f8c72766",
        "DN Pathirana": "c760c778",
        "Fayyaz Butt": "bd9fbd51",
        "Hamza Tariq": "82e81007",
        "Jatinder Singh": "b80dd12c",
        "Jay Odedra": "526e006d",
        "Kaleemullah": "72253b87",
        "Khawar Ali": "934b36a6",
        "N Dutta": "e258a603",
        "NR Kirton": "6b75c2b1",
        "NR Kumar": "b3bad3f2",
        "NS Dhaliwal": "cbabd6ad",
        "R Gunasekera": "9b6ad88a",
        "SS Dhindsa": "ed97af2b",
        "SS Khadye": "04ff561c",
        "Sultan Ahmed": "3bf7c034",
        "Tabarak Dar": "2259c12d",
        "V Kalidas": "42d76418",
        "VS Wategaonkar": "dd340ef9",
        "Zeeshan Maqsood": "34464143"
      }
    },
    "season": "2017/18",
    "team_type": "international",
    "teams": [
      "Oman",
      "Canada"
    ],
    "toss": {
      "decision": "field",
      "winner": "Canada"
    },
    "venue": "United Cricket Club Ground"
  },
  "innings": [
    {
      "team": "Oman",
      "overs": [
        {
          "over": 0,
          "deliveries": [
            {
              "batter": "SS Khadye",
              "bowler": "C Pervez",
              "non_striker": "Jatinder Singh",
              "runs": {
                "batter": 0,
                "extras": 0,
                "total": 0
              }
            },
            {
              "batter": "SS Khadye",
              "bowler": "C Pervez",
              "non_striker": "Jatinder Singh",
              "runs": {
                "batter": 0,
                "extras": 0,
                "total": 0
              }
            },
            {
              "batter": "SS Khadye",
              "bowler": "C Pervez",
              "non_striker": "Jatinder Singh",
              "runs": {
                "batter": 0,
                "extras": 0,
                "total": 0
              }
            },
            {
              "batter": "SS Khadye",
              "bowler": "C Pervez",
              "non_striker": "Jatinder Singh",
              "runs": {
                "batter": 0,
                "extras": 0,
                "total": 0
              }
            },
            {
              "batter": "SS Khadye",
              "bowler": "C Pervez",
              "non_striker": "Jatinder Singh",
              "runs": {
                "batter": 2,
                "extras": 0,
                "total": 2
              }
            },
            {
              "batter": "SS Khadye",
              "bowler": "C Pervez",
              "non_striker": "Jatinder Singh",
              "runs": {
                "batter": 1,
                "extras": 0,
                "total": 1
              }
            }
          ]
        },
        {
          "over": 1,
          "deliveries": [
            {
              "batter": "SS Khadye",
              "bowler": "SS Dhindsa",
              "non_striker": "Jatinder Singh",
              "runs": {
                "batter": 0,
                "extras": 0,
                "total": 0
              }
            },
            {
              "batter": "SS Khadye",
              "bowler": "SS Dhindsa",
              "non_striker": "Jatinder Singh",
              "runs": {
                "batter": 0,
                "extras": 0,
                "total": 0
              }
            },
            {
              "batter": "SS Khadye",
              "bowler": "SS Dhindsa",
              "non_striker": "Jatinder Singh",
              "runs": {
                "batter": 0,
                "extras": 0,
                "total": 0
              }
            },
            {
              "batter": "SS Khadye",
              "bowler": "SS Dhindsa",
              "extras": {
                "wides": 1
              },
              "non_striker": "Jatinder Singh",
              "runs": {
                "batter": 0,
                "extras": 1,
                "total": 1
              }
            },
            {
              "batter": "SS Khadye",
              "bowler": "SS Dhindsa",
              "non_striker": "Jatinder Singh",
              "runs": {
                "batter": 0,
                "extras": 0,
                "total": 0
              },
              "wickets": [
                {
                  "player_out": "SS Khadye",
                  "fielders": [
                    {
                      "name": "NR Kumar"
                    }
                  ],
                  "kind": "caught"
                }
              ]
            },
            {
              "batter": "Jatinder Singh",
              "bowler": "SS Dhindsa",
              "non_striker": "Aqib Ilyas",
              "runs": {
                "batter": 0,
                "extras": 0,
                "total": 0
              }
            },
            {
              "batter": "Jatinder Singh",
              "bowler": "SS Dhindsa",
              "non_striker": "Aqib Ilyas",
              "runs": {
                "batter": 0,
                "extras": 0,
                "total": 0
              }
            }
          ]
        },
        {
          "over": 2,
          "deliveries": [
            {
              "batter": "Aqib Ilyas",
              "bowler": "C Pervez",
              "non_striker": "Jatinder Singh",
              "runs": {
                "batter": 4,
                "extras": 0,
                "total": 4
              }
            },
            {
              "batter": "Aqib Ilyas",
              "bowler": "C Pervez",
              "non_striker": "Jatinder Singh",
              "runs": {
                "batter": 0,
                "extras": 0,
                "total": 0
              }
            },
            {
              "batter": "Aqib Ilyas",
              "bowler": "C Pervez",
              "non_striker": "Jatinder Singh",
              "runs": {
                "batter": 1,
                "extras": 0,
                "total": 1
              }
            },
            {
              "batter": "Jatinder Singh",
              "bowler": "C Pervez",
              "non_striker": "Aqib Ilyas",
              "runs": {
                "batter": 1,
                "extras": 0,
                "total": 1
              }
            },
            {
              "batter": "Aqib Ilyas",
              "bowler": "C Pervez",
              "non_striker": "Jatinder Singh",
              "runs": {
                "batter": 0,
                "extras": 0,
                "total": 0
              }
            },
            {
              "batter": "Aqib Ilyas",
              "bowler": "C Pervez",
              "non_striker": "Jatinder Singh",
              "runs": {
                "batter": 0,
                "extras": 0,
                "total": 0
              }
            }
          ]
        },
        {
          "over": 3,
          "deliveries": [
            {
              "batter": "Jatinder Singh",
              "bowler": "SS Dhindsa",
              "non_striker": "Aqib Ilyas",
              "runs": {
                "batter": 0,
                "extras": 0,
                "total": 0
              }
            },
            {
              "batter": "Jatinder Singh",
              "bowler": "SS Dhindsa",
              "non_striker": "Aqib Ilyas",
              "runs": {
                "batter": 0,
                "extras": 0,
                "total": 0
              }
            },
            {
              "batter": "Jatinder Singh",
              "bowler": "SS Dhindsa",
              "non_striker": "Aqib Ilyas",
              "runs": {
                "batter": 0,
                "extras": 0,
                "total": 0
              }
            },
            {
              "batter": "Jatinder Singh",
              "bowler": "SS Dhindsa",
              "non_striker": "Aqib Ilyas",
              "runs": {
                "batter": 0,
                "extras": 0,
                "total": 0
              }
            },
            {
              "batter": "Jatinder Singh",
              "bowler": "SS Dhindsa",
              "non_striker": "Aqib Ilyas",
              "runs": {
                "batter": 0,
                "extras": 0,
                "total": 0
              }
            },
            {
              "batter": "Jatinder Singh",
              "bowler": "SS Dhindsa",
              "non_striker": "Aqib Ilyas",
              "runs": {
                "batter": 0,
                "extras": 0,
                "total": 0
              }
            }
          ]
        },
        {
          "over": 4,
          "deliveries": [
            {
              "batter": "Aqib Ilyas",
              "bowler": "C Pervez",
              "non_striker": "Jatinder Singh",
              "runs": {
                "batter": 6,
                "extras": 0,
                "total": 6
              }
            },
            {
              "batter": "Aqib Ilyas",
              "bowler": "C Pervez",
              "non_striker": "Jatinder Singh",
              "runs": {
                "batter": 1,
                "extras": 0,
                "total": 1
              }
            },
            {
              "batter": "Jatinder Singh",
              "bowler": "C Pervez",
              "non_striker": "Aqib Ilyas",
              "runs": {
                "batter": 0,
                "extras": 0,
                "total": 0
              },
              "wickets": [
                {
                  "player_out": "Jatinder Singh",
                  "fielders": [
                    {
                      "name": "DN Pathirana"
                    }
                  ],
                  "kind": "caught"
                }
              ]
            },
            {
              "batter": "VS Wategaonkar",
              "bowler": "C Pervez",
              "non_striker": "Aqib Ilyas",
              "runs": {
                "batter": 0,
                "extras": 0,
                "total": 0
              }
            },
            {
              "batter": "VS Wategaonkar",
              "bowler": "C Pervez",
              "non_striker": "Aqib Ilyas",
              "runs": {
                "batter": 0,
                "extras": 0,
                "total": 0
              }
            },
            {
              "batter": "VS Wategaonkar",
              "bowler": "C Pervez",
              "non_striker": "Aqib Ilyas",
              "runs": {
                "batter": 1,
                "extras": 0,
                "total": 1
              }
            }
          ]
        },
        {
          "over": 5,
          "deliveries": [
            {
              "batter": "VS Wategaonkar",
              "bowler": "SS Dhindsa",
              "non_striker": "Aqib Ilyas",
              "runs": {
                "batter": 0,
                "extras": 0,
                "total": 0
              },
              "wickets": [
                {
                  "player_out": "VS Wategaonkar",
                  "kind": "lbw"
                }
              ]
            },
            {
              "batter": "Khawar Ali",
              "bowler": "SS Dhindsa",
              "non_striker": "Aqib Ilyas",
              "runs": {
                "batter": 1,
                "extras": 0,
                "total": 1
              }
            },
            {
              "batter": "Aqib Ilyas",
              "bowler": "SS Dhindsa",
              "non_striker": "Khawar Ali",
              "runs": {
                "batter": 1,
                "extras": 0,
                "total": 1
              }
            },
            {
              "batter": "Khawar Ali",
              "bowler": "SS Dhindsa",
              "non_striker": "Aqib Ilyas",
              "runs": {
                "batter": 0,
                "extras": 0,
                "total": 0
              }
            },
            {
              "batter": "Khawar Ali",
              "bowler": "SS Dhindsa",
              "non_striker": "Aqib Ilyas",
              "runs": {
                "batter": 1,
                "extras": 0,
                "total": 1
              }
            },
            {
              "batter": "Aqib Ilyas",
              "bowler": "SS Dhindsa",
              "non_striker": "Khawar Ali",
              "runs": {
                "batter": 1,
                "extras": 0,
                "total": 1
              }
            }
          ]
        },
        {
          "over": 6,
          "deliveries": [
            {
              "batter": "Aqib Ilyas",
              "bowler": "C Pervez",
              "non_striker": "Khawar Ali",
              "runs": {
                "batter": 1,
                "extras": 0,
                "total": 1
              }
            },
            {
              "batter": "Khawar Ali",
              "bowler": "C Pervez",
              "non_striker": "Aqib Ilyas",
              "runs": {
                "batter": 1,
                "extras": 0,
                "total": 1
              }
            },
            {
              "batter": "Aqib Ilyas",
              "bowler": "C Pervez",
              "non_striker": "Khawar Ali",
              "runs": {
                "batter": 2,
                "extras": 0,
                "total": 2
              }
            },
            {
              "batter": "Aqib Ilyas",
              "bowler": "C Pervez",
              "non_striker": "Khawar Ali",
              "runs": {
                "batter": 1,
                "extras": 0,
                "total": 1
              }
            },
            {
              "batter": "Khawar Ali",
              "bowler": "C Pervez",
              "non_striker": "Aqib Ilyas",
              "runs": {
                "batter": 1,
                "extras": 0,
                "total": 1
              }
            },
            {
              "batter": "Aqib Ilyas",
              "bowler": "C Pervez",
              "non_striker": "Khawar Ali",
              "runs": {
                "batter": 0,
                "extras": 0,
                "total": 0
              }
            }
          ]
        },
        {
          "over": 7,
          "deliveries": [
            {
              "batter": "Khawar Ali",
              "bowler": "SS Dhindsa",
              "non_striker": "Aqib Ilyas",
              "runs": {
                "batter": 0,
                "extras": 0,
                "total": 0
              }
            },
            {
              "batter": "Khawar Ali",
              "bowler": "SS Dhindsa",
              "non_striker": "Aqib Ilyas",
              "runs": {
                "batter": 0,
                "extras": 0,
                "total": 0
              }
            },
            {
              "batter": "Khawar Ali",
              "bowler": "SS Dhindsa",
              "non_striker": "Aqib Ilyas",
              "runs": {
                "batter": 1,
                "extras": 0,
                "total": 1
              }
            },
            {
              "batter": "Aqib Ilyas",
              "bowler": "SS Dhindsa",
              "non_striker": "Khawar Ali",
              "runs": {
                "batter": 2,
                "extras": 0,
                "total": 2
              }
            },
            {
              "batter": "Aqib Ilyas",
              "bowler": "SS Dhindsa",
              "non_striker": "Khawar Ali",
              "runs": {
                "batter": 1,
                "extras": 0,
                "total": 1
              }
            },
            {
              "batter": "Khawar Ali",
              "bowler": "SS Dhindsa",
              "non_striker": "Aqib Ilyas",
              "runs": {
                "batter": 0,
                "extras": 0,
                "total": 0
              }
            }
          ]
        },
        {
          "over": 8,
          "deliveries": [
            {
              "batter": "Aqib Ilyas",
              "bowler": "C Pervez",
              "non_striker": "Khawar Ali",
              "runs": {
                "batter": 1,
                "extras": 0,
                "total": 1
              }
            },
            {
              "batter": "Khawar Ali",
              "bowler": "C Pervez",
              "non_striker": "Aqib Ilyas",
              "runs": {
                "batter": 0,
                "extras": 0,
                "total": 0
              }
            },
            {
              "batter": "Khawar Ali",
              "bowler": "C Pervez",
              "non_striker": "Aqib Ilyas",
              "runs": {
                "batter": 0,
                "extras": 0,
                "total": 0
              }
            },
            {
              "batter": "Khawar Ali",
              "bowler": "C Pervez",
              "non_striker": "Aqib Ilyas",
              "runs": {
                "batter": 0,
                "extras": 0,
                "total": 0
              }
            },
            {
              "batter": "Khawar Ali",
              "bowler": "C Pervez",
              "non_striker": "Aqib Ilyas",
              "runs": {
                "batter": 0,
                "extras": 0,
                "total": 0
              }
            },
            {
              "batter": "Khawar Ali",
              "bowler": "C Pervez",
              "non_striker": "Aqib Ilyas",
              "runs": {
                "batter": 0,
                "extras": 0,
                "total": 0
              }
            }
          ]
        },
        {
          "over": 9,
          "deliveries": [
            {
              "batter": "Aqib Ilyas",
              "bowler": "D Heyliger",
              "non_striker": "Khawar Ali",
              "runs": {
                "batter": 1,
                "extras": 0,
                "total": 1
              }
            },
            {
              "batter": "Khawar Ali",
              "bowler": "D Heyliger",
              "non_striker": "Aqib Ilyas",
              "runs": {
                "batter": 0,
                "extras": 0,
                "total": 0
              },
              "wickets": [
                {
                  "player_out": "Khawar Ali",
                  "kind": "lbw"
                }
              ]
            },
            {
              "batter": "Zeeshan Maqsood",
              "bowler": "D Heyliger",
              "non_striker": "Aqib Ilyas",
              "runs": {
                "batter": 0,
                "extras": 0,
                "total": 0
              }
            },
            {
              "batter": "Zeeshan Maqsood",
              "bowler": "D Heyliger",
              "non_striker": "Aqib Ilyas",
              "runs": {
                "batter": 0,
                "extras": 0,
                "total": 0
              }
            },
            {
              "batter": "Zeeshan Maqsood",
              "bowler": "D Heyliger",
              "non_striker": "Aqib Ilyas",
              "runs": {
                "batter": 0,
                "extras": 0,
                "total": 0
              }
            },
            {
              "batter": "Zeeshan Maqsood",
              "bowler": "D Heyliger",
              "extras": {
                "wides": 1
              },
              "non_striker": "Aqib Ilyas",
              "runs": {
                "batter": 0,
                "extras": 1,
                "total": 1
              }
            },
            {
              "batter": "Zeeshan Maqsood",
              "bowler": "D Heyliger",
              "non_striker": "Aqib Ilyas",
              "runs": {
                "batter": 0,
                "extras": 0,
                "total": 0
              }
            }
          ]
        },
        {
          "over": 10,
          "deliveries": [
            {
              "batter": "Aqib Ilyas",
              "bowler": "SS Dhindsa",
              "non_striker": "Zeeshan Maqsood",
              "runs": {
                "batter": 1,
                "extras": 0,
                "total": 1
              }
            },
            {
              "batter": "Zeeshan Maqsood",
              "bowler": "SS Dhindsa",
              "non_striker": "Aqib Ilyas",
              "runs": {
                "batter": 0,
                "extras": 0,
                "total": 0
              }
            },
            {
              "batter": "Zeeshan Maqsood",
              "bowler": "SS Dhindsa",
              "non_striker": "Aqib Ilyas",
              "runs": {
                "batter": 0,
                "extras": 0,
                "total": 0
              }
            },
            {
              "batter": "Zeeshan Maqsood",
              "bowler": "SS Dhindsa",
              "non_striker": "Aqib Ilyas",
              "runs": {
                "batter": 1,
                "extras": 0,
                "total": 1
              }
            },
            {
              "batter": "Aqib Ilyas",
              "bowler": "SS Dhindsa",
              "non_striker": "Zeeshan Maqsood",
              "runs": {
                "batter": 0,
                "extras": 0,
                "total": 0
              }
            },
            {
              "batter": "Aqib Ilyas",
              "bowler": "SS Dhindsa",
              "non_striker": "Zeeshan Maqsood",
              "runs": {
                "batter": 1,
                "extras": 0,
                "total": 1
              }
            }
          ]
        },
        {
          "over": 11,
          "deliveries": [
            {
              "batter": "Aqib Ilyas",
              "bowler": "D Heyliger",
              "non_striker": "Zeeshan Maqsood",
              "runs": {
                "batter": 0,
                "extras": 0,
                "total": 0
              }
            },
            {
              "batter": "Aqib Ilyas",
              "bowler": "D Heyliger",
              "non_striker": "Zeeshan Maqsood",
              "runs": {
                "batter": 4,
                "extras": 0,
                "total": 4
              }
            },
            {
              "batter": "Aqib Ilyas",
              "bowler": "D Heyliger",
              "non_striker": "Zeeshan Maqsood",
              "runs": {
                "batter": 2,
                "extras": 0,
                "total": 2
              }
            },
            {
              "batter": "Aqib Ilyas",
              "bowler": "D Heyliger",
              "non_striker": "Zeeshan Maqsood",
              "runs": {
                "batter": 2,
                "extras": 0,
                "total": 2
              }
            },
            {
              "batter": "Aqib Ilyas",
              "bowler": "D Heyliger",
              "non_striker": "Zeeshan Maqsood",
              "runs": {
                "batter": 0,
                "extras": 0,
                "total": 0
              }
            },
            {
              "batter": "Aqib Ilyas",
              "bowler": "D Heyliger",
              "non_striker": "Zeeshan Maqsood",
              "runs": {
                "batter": 4,
                "extras": 0,
                "total": 4
              }
            }
          ]
        },
        {
          "over": 12,
          "deliveries": [
            {
              "batter": "Zeeshan Maqsood",
              "bowler": "SS Dhindsa",
              "non_striker": "Aqib Ilyas",
              "runs": {
                "batter": 1,
                "extras": 0,
                "total": 1
              }
            },
            {
              "batter": "Aqib Ilyas",
              "bowler": "SS Dhindsa",
              "non_striker": "Zeeshan Maqsood",
              "runs": {
                "batter": 0,
                "extras": 0,
                "total": 0
              }
            },
            {
              "batter": "Aqib Ilyas",
              "bowler": "SS Dhindsa",
              "non_striker": "Zeeshan Maqsood",
              "runs": {
                "batter": 1,
                "extras": 0,
                "total": 1
              }
            },
            {
              "batter": "Zeeshan Maqsood",
              "bowler": "SS Dhindsa",
              "non_striker": "Aqib Ilyas",
              "runs": {
                "batter": 0,
                "extras": 0,
                "total": 0
              }
            },
            {
              "batter": "Zeeshan Maqsood",
              "bowler": "SS Dhindsa",
              "non_striker": "Aqib Ilyas",
              "runs": {
                "batter": 0,
                "extras": 0,
                "total": 0
              }
            },
            {
              "batter": "Zeeshan Maqsood",
              "bowler": "SS Dhindsa",
              "non_striker": "Aqib Ilyas",
              "runs": {
                "batter": 0,
                "extras": 0,
                "total": 0
              }
            }
          ]
        },
        {
          "over": 13,
          "deliveries": [
            {
              "batter": "Aqib Ilyas",
              "bowler": "D Heyliger",
              "non_striker": "Zeeshan Maqsood",
              "runs": {
                "batter": 6,
                "extras": 0,
                "total": 6
              }
            },
            {
              "batter": "Aqib Ilyas",
              "bowler": "D Heyliger",
              "non_striker": "Zeeshan Maqsood",
              "runs": {
                "batter": 2,
                "extras": 0,
                "total": 2
              }
            },
            {
              "batter": "Aqib Ilyas",
              "bowler": "D Heyliger",
              "non_striker": "Zeeshan Maqsood",
              "runs": {
                "batter": 0,
                "extras": 0,
                "total": 0
              }
            },
            {
              "batter": "Aqib Ilyas",
              "bowler": "D Heyliger",
              "non_striker": "Zeeshan Maqsood",
              "runs": {
                "batter": 0,
                "extras": 0,
                "total": 0
              },
              "wickets": [
                {
                  "player_out": "Aqib Ilyas",
                  "fielders": [
                    {
                      "name": "Hamza Tariq"
                    }
                  ],
                  "kind": "caught"
                }
              ]
            },
            {
              "batter": "Sultan Ahmed",
              "bowler": "D Heyliger",
              "non_striker": "Zeeshan Maqsood",
              "runs": {
                "batter": 0,
                "extras": 0,
                "total": 0
              }
            },
            {
              "batter": "Sultan Ahmed",
              "bowler": "D Heyliger",
              "non_striker": "Zeeshan Maqsood",
              "runs": {
                "batter": 0,
                "extras": 0,
                "total": 0
              }
            }
          ]
        },
        {
          "over": 14,
          "deliveries": [
            {
              "batter": "Zeeshan Maqsood",
              "bowler": "C Pervez",
              "non_striker": "Sultan Ahmed",
              "runs": {
                "batter": 2,
                "extras": 0,
                "total": 2
              }
            },
            {
              "batter": "Zeeshan Maqsood",
              "bowler": "C Pervez",
              "non_striker": "Sultan Ahmed",
              "runs": {
                "batter": 0,
                "extras": 0,
                "total": 0
              }
            },
            {
              "batter": "Zeeshan Maqsood",
              "bowler": "C Pervez",
              "non_striker": "Sultan Ahmed",
              "runs": {
                "batter": 1,
                "extras": 0,
                "total": 1
              }
            },
            {
              "batter": "Sultan Ahmed",
              "bowler": "C Pervez",
              "non_striker": "Zeeshan Maqsood",
              "runs": {
                "batter": 0,
                "extras": 0,
                "total": 0
              }
            },
            {
              "batter": "Sultan Ahmed",
              "bowler": "C Pervez",
              "non_striker": "Zeeshan Maqsood",
              "runs": {
                "batter": 0,
                "extras": 0,
                "total": 0
              }
            },
            {
              "batter": "Sultan Ahmed",
              "bowler": "C Pervez",
              "non_striker": "Zeeshan Maqsood",
              "runs": {
                "batter": 0,
                "extras": 0,
                "total": 0
              }
            }
          ]
        },
        {
          "over": 15,
          "deliveries": [
            {
              "batter": "Zeeshan Maqsood",
              "bowler": "D Heyliger",
              "non_striker": "Sultan Ahmed",
              "runs": {
                "batter": 0,
                "extras": 0,
                "total": 0
              }
            },
            {
              "batter": "Zeeshan Maqsood",
              "bowler": "D Heyliger",
              "non_striker": "Sultan Ahmed",
              "runs": {
                "batter": 0,
                "extras": 0,
                "total": 0
              }
            },
            {
              "batter": "Zeeshan Maqsood",
              "bowler": "D Heyliger",
              "non_striker": "Sultan Ahmed",
              "runs": {
                "batter": 0,
                "extras": 0,
                "total": 0
              }
            },
            {
              "batter": "Zeeshan Maqsood",
              "bowler": "D Heyliger",
              "non_striker": "Sultan Ahmed",
              "runs": {
                "batter": 1,
                "extras": 0,
                "total": 1
              }
            },
            {
              "batter": "Sultan Ahmed",
              "bowler": "D Heyliger",
              "non_striker": "Zeeshan Maqsood",
              "runs": {
                "batter": 0,
                "extras": 0,
                "total": 0
              }
            },
            {
              "batter": "Sultan Ahmed",
              "bowler": "D Heyliger",
              "extras": {
                "legbyes": 1
              },
              "non_striker": "Zeeshan Maqsood",
              "runs": {
                "batter": 0,
                "extras": 1,
                "total": 1
              }
            }
          ]
        },
        {
          "over": 16,
          "deliveries": [
            {
              "batter": "Sultan Ahmed",
              "bowler": "C Pervez",
              "non_striker": "Zeeshan Maqsood",
              "runs": {
                "batter": 0,
                "extras": 0,
                "total": 0
              }
            },
            {
              "batter": "Sultan Ahmed",
              "bowler": "C Pervez",
              "non_striker": "Zeeshan Maqsood",
              "runs": {
                "batter": 0,
                "extras": 0,
                "total": 0
              },
              "wickets": [
                {
                  "player_out": "Sultan Ahmed",
                  "kind": "lbw"
                }
              ]
            },
            {
              "batter": "Fayyaz Butt",
              "bowler": "C Pervez",
              "non_striker": "Zeeshan Maqsood",
              "runs": {
                "batter": 0,
                "extras": 0,
                "total": 0
              }
            },
            {
              "batter": "Fayyaz Butt",
              "bowler": "C Pervez",
              "non_striker": "Zeeshan Maqsood",
              "runs": {
                "batter": 0,
                "extras": 0,
                "total": 0
              }
            },
            {
              "batter": "Fayyaz Butt",
              "bowler": "C Pervez",
              "non_striker": "Zeeshan Maqsood",
              "runs": {
                "batter": 1,
                "extras": 0,
                "total": 1
              }
            },
            {
              "batter": "Zeeshan Maqsood",
              "bowler": "C Pervez",
              "non_striker": "Fayyaz Butt",
              "runs": {
                "batter": 1,
                "extras": 0,
                "total": 1
              }
            }
          ]
        },
        {
          "over": 17,
          "deliveries": [
            {
              "batter": "Zeeshan Maqsood",
              "bowler": "D Heyliger",
              "non_striker": "Fayyaz Butt",
              "runs": {
                "batter": 4,
                "extras": 0,
                "total": 4
              }
            },
            {
              "batter": "Zeeshan Maqsood",
              "bowler": "D Heyliger",
              "non_striker": "Fayyaz Butt",
              "runs": {
                "batter": 0,
                "extras": 0,
                "total": 0
              }
            },
            {
              "batter": "Zeeshan Maqsood",
              "bowler": "D Heyliger",
              "non_striker": "Fayyaz Butt",
              "runs": {
                "batter": 1,
                "extras": 0,
                "total": 1
              }
            },
            {
              "batter": "Fayyaz Butt",
              "bowler": "D Heyliger",
              "non_striker": "Zeeshan Maqsood",
              "runs": {
                "batter": 2,
                "extras": 0,
                "total": 2
              }
            },
            {
              "batter": "Fayyaz Butt",
              "bowler": "D Heyliger",
              "non_striker": "Zeeshan Maqsood",
              "runs": {
                "batter": 0,
                "extras": 0,
                "total": 0
              }
            },
            {
              "batter": "Fayyaz Butt",
              "bowler": "D Heyliger",
              "non_striker": "Zeeshan Maqsood",
              "runs": {
                "batter": 0,
                "extras": 0,
                "total": 0
              }
            }
          ]
        },
        {
          "over": 18,
          "deliveries": [
            {
              "batter": "Zeeshan Maqsood",
              "bowler": "C Pervez",
              "non_striker": "Fayyaz Butt",
              "runs": {
                "batter": 0,
                "extras": 0,
                "total": 0
              }
            },
            {
              "batter": "Zeeshan Maqsood",
              "bowler": "C Pervez",
              "non_striker": "Fayyaz Butt",
              "runs": {
                "batter": 2,
                "extras": 0,
                "total": 2
              }
            },
            {
              "batter": "Zeeshan Maqsood",
              "bowler": "C Pervez",
              "non_striker": "Fayyaz Butt",
              "runs": {
                "batter": 0,
                "extras": 0,
                "total": 0
              }
            },
            {
              "batter": "Zeeshan Maqsood",
              "bowler": "C Pervez",
              "non_striker": "Fayyaz Butt",
              "runs": {
                "batter": 0,
                "extras": 0,
                "total": 0
              }
            },
            {
              "batter": "Zeeshan Maqsood",
              "bowler": "C Pervez",
              "non_striker": "Fayyaz Butt",
              "runs": {
                "batter": 0,
                "extras": 0,
                "total": 0
              }
            },
            {
              "batter": "Zeeshan Maqsood",
              "bowler": "C Pervez",
              "non_striker": "Fayyaz Butt",
              "runs": {
                "batter": 0,
                "extras": 0,
                "total": 0
              }
            }
          ]
        },
        {
          "over": 19,
          "deliveries": [
            {
              "batter": "Fayyaz Butt",
              "bowler": "D Heyliger",
              "non_striker": "Zeeshan Maqsood",
              "runs": {
                "batter": 0,
                "extras": 0,
                "total": 0
              }
            },
            {
              "batter": "Fayyaz Butt",
              "bowler": "D Heyliger",
              "non_striker": "Zeeshan Maqsood",
              "runs": {
                "batter": 0,
                "extras": 0,
                "total": 0
              }
            },
            {
              "batter": "Fayyaz Butt",
              "bowler": "D Heyliger",
              "non_striker": "Zeeshan Maqsood",
              "runs": {
                "batter": 0,
                "extras": 0,
                "total": 0
              }
            },
            {
              "batter": "Fayyaz Butt",
              "bowler": "D Heyliger",
              "non_striker": "Zeeshan Maqsood",
              "runs": {
                "batter": 0,
                "extras": 0,
                "total": 0
              }
            },
            {
              "batter": "Fayyaz Butt",
              "bowler": "D Heyliger",
              "non_striker": "Zeeshan Maqsood",
              "runs": {
                "batter": 0,
                "extras": 0,
                "total": 0
              }
            },
            {
              "batter": "Fayyaz Butt",
              "bowler": "D Heyliger",
              "non_striker": "Zeeshan Maqsood",
              "runs": {
                "batter": 0,
                "extras": 0,
                "total": 0
              }
            }
          ]
        },
        {
          "over": 20,
          "deliveries": [
            {
              "batter": "Zeeshan Maqsood",
              "bowler": "SS Dhindsa",
              "non_striker": "Fayyaz Butt",
              "runs": {
                "batter": 0,
                "extras": 0,
                "total": 0
              }
            },
            {
              "batter": "Zeeshan Maqsood",
              "bowler": "SS Dhindsa",
              "non_striker": "Fayyaz Butt",
              "runs": {
                "batter": 0,
                "extras": 0,
                "total": 0
              }
            },
            {
              "batter": "Zeeshan Maqsood",
              "bowler": "SS Dhindsa",
              "extras": {
                "wides": 1
              },
              "non_striker": "Fayyaz Butt",
              "runs": {
                "batter": 0,
                "extras": 1,
                "total": 1
              }
            },
            {
              "batter": "Zeeshan Maqsood",
              "bowler": "SS Dhindsa",
              "non_striker": "Fayyaz Butt",
              "runs": {
                "batter": 2,
                "extras": 0,
                "total": 2
              }
            },
            {
              "batter": "Zeeshan Maqsood",
              "bowler": "SS Dhindsa",
              "non_striker": "Fayyaz Butt",
              "runs": {
                "batter": 0,
                "extras": 0,
                "total": 0
              }
            },
            {
              "batter": "Zeeshan Maqsood",
              "bowler": "SS Dhindsa",
              "non_striker": "Fayyaz Butt",
              "runs": {
                "batter": 0,
                "extras": 0,
                "total": 0
              }
            },
            {
              "batter": "Zeeshan Maqsood",
              "bowler": "SS Dhindsa",
              "non_striker": "Fayyaz Butt",
              "runs": {
                "batter": 2,
                "extras": 0,
                "total": 2
              }
            }
          ]
        },
        {
          "over": 21,
          "deliveries": [
            {
              "batter": "Fayyaz Butt",
              "bowler": "N Dutta",
              "non_striker": "Zeeshan Maqsood",
              "runs": {
                "batter": 0,
                "extras": 0,
                "total": 0
              }
            },
            {
              "batter": "Fayyaz Butt",
              "bowler": "N Dutta",
              "non_striker": "Zeeshan Maqsood",
              "runs": {
                "batter": 0,
                "extras": 0,
                "total": 0
              }
            },
            {
              "batter": "Fayyaz Butt",
              "bowler": "N Dutta",
              "non_striker": "Zeeshan Maqsood",
              "runs": {
                "batter": 0,
                "extras": 0,
                "total": 0
              }
            },
            {
              "batter": "Fayyaz Butt",
              "bowler": "N Dutta",
              "non_striker": "Zeeshan Maqsood",
              "runs": {
                "batter": 0,
                "extras": 0,
                "total": 0
              }
            },
            {
              "batter": "Fayyaz Butt",
              "bowler": "N Dutta",
              "non_striker": "Zeeshan Maqsood",
              "runs": {
                "batter": 0,
                "extras": 0,
                "total": 0
              }
            },
            {
              "batter": "Fayyaz Butt",
              "bowler": "N Dutta",
              "non_striker": "Zeeshan Maqsood",
              "runs": {
                "batter": 0,
                "extras": 0,
                "total": 0
              }
            }
          ]
        },
        {
          "over": 22,
          "deliveries": [
            {
              "batter": "Zeeshan Maqsood",
              "bowler": "NS Dhaliwal",
              "non_striker": "Fayyaz Butt",
              "runs": {
                "batter": 0,
                "extras": 0,
                "total": 0
              }
            },
            {
              "batter": "Zeeshan Maqsood",
              "bowler": "NS Dhaliwal",
              "extras": {
                "noballs": 1
              },
              "non_striker": "Fayyaz Butt",
              "runs": {
                "batter": 0,
                "extras": 1,
                "total": 1
              }
            },
            {
              "batter": "Zeeshan Maqsood",
              "bowler": "NS Dhaliwal",
              "non_striker": "Fayyaz Butt",
              "runs": {
                "batter": 1,
                "extras": 0,
                "total": 1
              }
            },
            {
              "batter": "Fayyaz Butt",
              "bowler": "NS Dhaliwal",
              "non_striker": "Zeeshan Maqsood",
              "runs": {
                "batter": 0,
                "extras": 0,
                "total": 0
              }
            },
            {
              "batter": "Fayyaz Butt",
              "bowler": "NS Dhaliwal",
              "non_striker": "Zeeshan Maqsood",
              "runs": {
                "batter": 0,
                "extras": 0,
                "total": 0
              }
            },
            {
              "batter": "Fayyaz Butt",
              "bowler": "NS Dhaliwal",
              "non_striker": "Zeeshan Maqsood",
              "runs": {
                "batter": 1,
                "extras": 0,
                "total": 1
              }
            },
            {
              "batter": "Zeeshan Maqsood",
              "bowler": "NS Dhaliwal",
              "non_striker": "Fayyaz Butt",
              "runs": {
                "batter": 1,
                "extras": 0,
                "total": 1
              }
            }
          ]
        },
        {
          "over": 23,
          "deliveries": [
            {
              "batter": "Zeeshan Maqsood",
              "bowler": "N Dutta",
              "non_striker": "Fayyaz Butt",
              "runs": {
                "batter": 0,
                "extras": 0,
                "total": 0
              }
            },
            {
              "batter": "Zeeshan Maqsood",
              "bowler": "N Dutta",
              "non_striker": "Fayyaz Butt",
              "runs": {
                "batter": 1,
                "extras": 0,
                "total": 1
              }
            },
            {
              "batter": "Fayyaz Butt",
              "bowler": "N Dutta",
              "non_striker": "Zeeshan Maqsood",
              "runs": {
                "batter": 0,
                "extras": 0,
                "total": 0
              }
            },
            {
              "batter": "Fayyaz Butt",
              "bowler": "N Dutta",
              "non_striker": "Zeeshan Maqsood",
              "runs": {
                "batter": 0,
                "extras": 0,
                "total": 0
              }
            },
            {
              "batter": "Fayyaz Butt",
              "bowler": "N Dutta",
              "non_striker": "Zeeshan Maqsood",
              "runs": {
                "batter": 0,
                "extras": 0,
                "total": 0
              }
            },
            {
              "batter": "Fayyaz Butt",
              "bowler": "N Dutta",
              "non_striker": "Zeeshan Maqsood",
              "runs": {
                "batter": 0,
                "extras": 0,
                "total": 0
              }
            }
          ]
        },
        {
          "over": 24,
          "deliveries": [
            {
              "batter": "Zeeshan Maqsood",
              "bowler": "NS Dhaliwal",
              "non_striker": "Fayyaz Butt",
              "runs": {
                "batter": 1,
                "extras": 0,
                "total": 1
              }
            },
            {
              "batter": "Fayyaz Butt",
              "bowler": "NS Dhaliwal",
              "non_striker": "Zeeshan Maqsood",
              "runs": {
                "batter": 0,
                "extras": 0,
                "total": 0
              }
            },
            {
              "batter": "Fayyaz Butt",
              "bowler": "NS Dhaliwal",
              "non_striker": "Zeeshan Maqsood",
              "runs": {
                "batter": 0,
                "extras": 0,
                "total": 0
              }
            },
            {
              "batter": "Fayyaz Butt",
              "bowler": "NS Dhaliwal",
              "non_striker": "Zeeshan Maqsood",
              "runs": {
                "batter": 0,
                "extras": 0,
                "total": 0
              }
            },
            {
              "batter": "Fayyaz Butt",
              "bowler": "NS Dhaliwal",
              "non_striker": "Zeeshan Maqsood",
              "runs": {
                "batter": 2,
                "extras": 0,
                "total": 2
              }
            },
            {
              "batter": "Fayyaz Butt",
              "bowler": "NS Dhaliwal",
              "non_striker": "Zeeshan Maqsood",
              "runs": {
                "batter": 0,
                "extras": 0,
                "total": 0
              }
            }
          ]
        },
        {
          "over": 25,
          "deliveries": [
            {
              "batter": "Zeeshan Maqsood",
              "bowler": "N Dutta",
              "non_striker": "Fayyaz Butt",
              "runs": {
                "batter": 0,
                "extras": 0,
                "total": 0
              }
            },
            {
              "batter": "Zeeshan Maqsood",
              "bowler": "N Dutta",
              "non_striker": "Fayyaz Butt",
              "runs": {
                "batter": 0,
                "extras": 0,
                "total": 0
              },
              "wickets": [
                {
                  "player_out": "Zeeshan Maqsood",
                  "fielders": [
                    {
                      "name": "R Gunasekera"
                    }
                  ],
                  "kind": "caught"
                }
              ]
            },
            {
              "batter": "Jay Odedra",
              "bowler": "N Dutta",
              "non_striker": "Fayyaz Butt",
              "runs": {
                "batter": 0,
                "extras": 0,
                "total": 0
              },
              "wickets": [
                {
                  "player_out": "Jay Odedra",
                  "kind": "bowled"
                }
              ]
            },
            {
              "batter": "Kaleemullah",
              "bowler": "N Dutta",
              "non_striker": "Fayyaz Butt",
              "runs": {
                "batter": 0,
                "extras": 0,
                "total": 0
              }
            },
            {
              "batter": "Kaleemullah",
              "bowler": "N Dutta",
              "non_striker": "Fayyaz Butt",
              "runs": {
                "batter": 0,
                "extras": 0,
                "total": 0
              }
            },
            {
              "batter": "Kaleemullah",
              "bowler": "N Dutta",
              "non_striker": "Fayyaz Butt",
              "runs": {
                "batter": 0,
                "extras": 0,
                "total": 0
              }
            }
          ]
        },
        {
          "over": 26,
          "deliveries": [
            {
              "batter": "Fayyaz Butt",
              "bowler": "NS Dhaliwal",
              "non_striker": "Kaleemullah",
              "runs": {
                "batter": 0,
                "extras": 0,
                "total": 0
              },
              "wickets": [
                {
                  "player_out": "Fayyaz Butt",
                  "fielders": [
                    {
                      "name": "Hamza Tariq"
                    }
                  ],
                  "kind": "caught"
                }
              ]
            },
            {
              "batter": "Kaleemullah",
              "bowler": "NS Dhaliwal",
              "non_striker": "Bilal Khan",
              "runs": {
                "batter": 0,
                "extras": 0,
                "total": 0
              }
            },
            {
              "batter": "Kaleemullah",
              "bowler": "NS Dhaliwal",
              "non_striker": "Bilal Khan",
              "runs": {
                "batter": 0,
                "extras": 0,
                "total": 0
              }
            },
            {
              "batter": "Kaleemullah",
              "bowler": "NS Dhaliwal",
              "non_striker": "Bilal Khan",
              "runs": {
                "batter": 6,
                "extras": 0,
                "total": 6
              }
            },
            {
              "batter": "Kaleemullah",
              "bowler": "NS Dhaliwal",
              "non_striker": "Bilal Khan",
              "runs": {
                "batter": 1,
                "extras": 0,
                "total": 1
              }
            },
            {
              "batter": "Bilal Khan",
              "bowler": "NS Dhaliwal",
              "non_striker": "Kaleemullah",
              "runs": {
                "batter": 0,
                "extras": 0,
                "total": 0
              }
            }
          ]
        },
        {
          "over": 27,
          "deliveries": [
            {
              "batter": "Kaleemullah",
              "bowler": "N Dutta",
              "non_striker": "Bilal Khan",
              "runs": {
                "batter": 6,
                "extras": 0,
                "total": 6
              }
            },
            {
              "batter": "Kaleemullah",
              "bowler": "N Dutta",
              "non_striker": "Bilal Khan",
              "runs": {
                "batter": 4,
                "extras": 0,
                "total": 4
              }
            },
            {
              "batter": "Kaleemullah",
              "bowler": "N Dutta",
              "non_striker": "Bilal Khan",
              "runs": {
                "batter": 0,
                "extras": 0,
                "total": 0
              }
            },
            {
              "batter": "Kaleemullah",
              "bowler": "N Dutta",
              "non_striker": "Bilal Khan",
              "runs": {
                "batter": 0,
                "extras": 0,
                "total": 0
              },
              "wickets": [
                {
                  "player_out": "Kaleemullah",
                  "fielders": [
                    {
                      "name": "R Gunasekera"
                    }
                  ],
                  "kind": "caught"
                }
              ]
            }
          ]
        }
      ],
      "powerplays": [
        {
          "from": 0.1,
          "to": 9.7,
          "type": "mandatory"
        },
        {
          "from": 10.1,
          "to": 27.4,
          "type": "mandatory"
        }
      ]
    },
    {
      "team": "Canada",
      "overs": [
        {
          "over": 0,
          "deliveries": [
            {
              "batter": "BS Adhihetty",
              "bowler": "Bilal Khan",
              "non_striker": "R Gunasekera",
              "runs": {
                "batter": 0,
                "extras": 0,
                "total": 0
              }
            },
            {
              "batter": "BS Adhihetty",
              "bowler": "Bilal Khan",
              "non_striker": "R Gunasekera",
              "runs": {
                "batter": 0,
                "extras": 0,
                "total": 0
              }
            },
            {
              "batter": "BS Adhihetty",
              "bowler": "Bilal Khan",
              "non_striker": "R Gunasekera",
              "runs": {
                "batter": 0,
                "extras": 0,
                "total": 0
              }
            },
            {
              "batter": "BS Adhihetty",
              "bowler": "Bilal Khan",
              "non_striker": "R Gunasekera",
              "runs": {
                "batter": 0,
                "extras": 0,
                "total": 0
              }
            },
            {
              "batter": "BS Adhihetty",
              "bowler": "Bilal Khan",
              "non_striker": "R Gunasekera",
              "runs": {
                "batter": 0,
                "extras": 0,
                "total": 0
              },
              "wickets": [
                {
                  "player_out": "BS Adhihetty",
                  "fielders": [
                    {
                      "name": "Sultan Ahmed"
                    }
                  ],
                  "kind": "caught"
                }
              ]
            },
            {
              "batter": "NR Kumar",
              "bowler": "Bilal Khan",
              "non_striker": "R Gunasekera",
              "runs": {
                "batter": 2,
                "extras": 0,
                "total": 2
              }
            }
          ]
        },
        {
          "over": 1,
          "deliveries": [
            {
              "batter": "R Gunasekera",
              "bowler": "Jay Odedra",
              "non_striker": "NR Kumar",
              "runs": {
                "batter": 0,
                "extras": 0,
                "total": 0
              }
            },
            {
              "batter": "R Gunasekera",
              "bowler": "Jay Odedra",
              "non_striker": "NR Kumar",
              "runs": {
                "batter": 0,
                "extras": 0,
                "total": 0
              }
            },
            {
              "batter": "R Gunasekera",
              "bowler": "Jay Odedra",
              "extras": {
                "wides": 1
              },
              "non_striker": "NR Kumar",
              "runs": {
                "batter": 0,
                "extras": 1,
                "total": 1
              }
            },
            {
              "batter": "R Gunasekera",
              "bowler": "Jay Odedra",
              "non_striker": "NR Kumar",
              "runs": {
                "batter": 0,
                "extras": 0,
                "total": 0
              }
            },
            {
              "batter": "R Gunasekera",
              "bowler": "Jay Odedra",
              "non_striker": "NR Kumar",
              "runs": {
                "batter": 0,
                "extras": 0,
                "total": 0
              }
            },
            {
              "batter": "R Gunasekera",
              "bowler": "Jay Odedra",
              "non_striker": "NR Kumar",
              "runs": {
                "batter": 6,
                "extras": 0,
                "total": 6
              }
            },
            {
              "batter": "R Gunasekera",
              "bowler": "Jay Odedra",
              "non_striker": "NR Kumar",
              "runs": {
                "batter": 0,
                "extras": 0,
                "total": 0
              }
            }
          ]
        },
        {
          "over": 2,
          "deliveries": [
            {
              "batter": "NR Kumar",
              "bowler": "Bilal Khan",
              "non_striker": "R Gunasekera",
              "runs": {
                "batter": 0,
                "extras": 0,
                "total": 0
              }
            },
            {
              "batter": "NR Kumar",
              "bowler": "Bilal Khan",
              "non_striker": "R Gunasekera",
              "runs": {
                "batter": 0,
                "extras": 0,
                "total": 0
              }
            },
            {
              "batter": "NR Kumar",
              "bowler": "Bilal Khan",
              "non_striker": "R Gunasekera",
              "runs": {
                "batter": 4,
                "extras": 0,
                "total": 4
              }
            },
            {
              "batter": "NR Kumar",
              "bowler": "Bilal Khan",
              "non_striker": "R Gunasekera",
              "runs": {
                "batter": 0,
                "extras": 0,
                "total": 0
              }
            },
            {
              "batter": "NR Kumar",
              "bowler": "Bilal Khan",
              "non_striker": "R Gunasekera",
              "runs": {
                "batter": 0,
                "extras": 0,
                "total": 0
              }
            },
            {
              "batter": "NR Kumar",
              "bowler": "Bilal Khan",
              "non_striker": "R Gunasekera",
              "runs": {
                "batter": 6,
                "extras": 0,
                "total": 6
              }
            }
          ]
        },
        {
          "over": 3,
          "deliveries": [
            {
              "batter": "R Gunasekera",
              "bowler": "Jay Odedra",
              "non_striker": "NR Kumar",
              "runs": {
                "batter": 6,
                "extras": 0,
                "total": 6
              }
            },
            {
              "batter": "R Gunasekera",
              "bowler": "Jay Odedra",
              "non_striker": "NR Kumar",
              "runs": {
                "batter": 4,
                "extras": 0,
                "total": 4
              }
            },
            {
              "batter": "R Gunasekera",
              "bowler": "Jay Odedra",
              "non_striker": "NR Kumar",
              "runs": {
                "batter": 1,
                "extras": 0,
                "total": 1
              }
            },
            {
              "batter": "NR Kumar",
              "bowler": "Jay Odedra",
              "non_striker": "R Gunasekera",
              "runs": {
                "batter": 0,
                "extras": 0,
                "total": 0
              }
            },
            {
              "batter": "NR Kumar",
              "bowler": "Jay Odedra",
              "non_striker": "R Gunasekera",
              "runs": {
                "batter": 2,
                "extras": 0,
                "total": 2
              }
            },
            {
              "batter": "NR Kumar",
              "bowler": "Jay Odedra",
              "non_striker": "R Gunasekera",
              "runs": {
                "batter": 0,
                "extras": 0,
                "total": 0
              }
            }
          ]
        },
        {
          "over": 4,
          "deliveries": [
            {
              "batter": "R Gunasekera",
              "bowler": "Bilal Khan",
              "non_striker": "NR Kumar",
              "runs": {
                "batter": 0,
                "extras": 0,
                "total": 0
              }
            },
            {
              "batter": "R Gunasekera",
              "bowler": "Bilal Khan",
              "non_striker": "NR Kumar",
              "runs": {
                "batter": 0,
                "extras": 0,
                "total": 0
              }
            },
            {
              "batter": "R Gunasekera",
              "bowler": "Bilal Khan",
              "non_striker": "NR Kumar",
              "runs": {
                "batter": 2,
                "extras": 0,
                "total": 2
              }
            },
            {
              "batter": "R Gunasekera",
              "bowler": "Bilal Khan",
              "non_striker": "NR Kumar",
              "runs": {
                "batter": 6,
                "extras": 0,
                "total": 6
              }
            },
            {
              "batter": "R Gunasekera",
              "bowler": "Bilal Khan",
              "non_striker": "NR Kumar",
              "runs": {
                "batter": 0,
                "extras": 0,
                "total": 0
              }
            },
            {
              "batter": "R Gunasekera",
              "bowler": "Bilal Khan",
              "non_striker": "NR Kumar",
              "runs": {
                "batter": 0,
                "extras": 0,
                "total": 0
              }
            }
          ]
        },
        {
          "over": 5,
          "deliveries": [
            {
              "batter": "NR Kumar",
              "bowler": "Fayyaz Butt",
              "non_striker": "R Gunasekera",
              "runs": {
                "batter": 1,
                "extras": 0,
                "total": 1
              }
            },
            {
              "batter": "R Gunasekera",
              "bowler": "Fayyaz Butt",
              "non_striker": "NR Kumar",
              "runs": {
                "batter": 0,
                "extras": 0,
                "total": 0
              }
            },
            {
              "batter": "R Gunasekera",
              "bowler": "Fayyaz Butt",
              "non_striker": "NR Kumar",
              "runs": {
                "batter": 2,
                "extras": 0,
                "total": 2
              }
            },
            {
              "batter": "R Gunasekera",
              "bowler": "Fayyaz Butt",
              "non_striker": "NR Kumar",
              "runs": {
                "batter": 0,
                "extras": 0,
                "total": 0
              }
            },
            {
              "batter": "R Gunasekera",
              "bowler": "Fayyaz Butt",
              "non_striker": "NR Kumar",
              "runs": {
                "batter": 0,
                "extras": 0,
                "total": 0
              }
            },
            {
              "batter": "R Gunasekera",
              "bowler": "Fayyaz Butt",
              "non_striker": "NR Kumar",
              "runs": {
                "batter": 4,
                "extras": 0,
                "total": 4
              }
            }
          ]
        },
        {
          "over": 6,
          "deliveries": [
            {
              "batter": "NR Kumar",
              "bowler": "Kaleemullah",
              "non_striker": "R Gunasekera",
              "runs": {
                "batter": 0,
                "extras": 0,
                "total": 0
              }
            },
            {
              "batter": "NR Kumar",
              "bowler": "Kaleemullah",
              "non_striker": "R Gunasekera",
              "runs": {
                "batter": 0,
                "extras": 0,
                "total": 0
              }
            },
            {
              "batter": "NR Kumar",
              "bowler": "Kaleemullah",
              "non_striker": "R Gunasekera",
              "runs": {
                "batter": 0,
                "extras": 0,
                "total": 0
              }
            },
            {
              "batter": "NR Kumar",
              "bowler": "Kaleemullah",
              "non_striker": "R Gunasekera",
              "runs": {
                "batter": 0,
                "extras": 0,
                "total": 0
              }
            },
            {
              "batter": "NR Kumar",
              "bowler": "Kaleemullah",
              "non_striker": "R Gunasekera",
              "runs": {
                "batter": 1,
                "extras": 0,
                "total": 1
              }
            },
            {
              "batter": "R Gunasekera",
              "bowler": "Kaleemullah",
              "non_striker": "NR Kumar",
              "runs": {
                "batter": 1,
                "extras": 0,
                "total": 1
              }
            }
          ]
        },
        {
          "over": 7,
          "deliveries": [
            {
              "batter": "R Gunasekera",
              "bowler": "Fayyaz Butt",
              "non_striker": "NR Kumar",
              "runs": {
                "batter": 0,
                "extras": 0,
                "total": 0
              }
            },
            {
              "batter": "R Gunasekera",
              "bowler": "Fayyaz Butt",
              "non_striker": "NR Kumar",
              "runs": {
                "batter": 0,
                "extras": 0,
                "total": 0
              }
            },
            {
              "batter": "R Gunasekera",
              "bowler": "Fayyaz Butt",
              "non_striker": "NR Kumar",
              "runs": {
                "batter": 0,
                "extras": 0,
                "total": 0
              }
            },
            {
              "batter": "R Gunasekera",
              "bowler": "Fayyaz Butt",
              "non_striker": "NR Kumar",
              "runs": {
                "batter": 0,
                "extras": 0,
                "total": 0
              }
            },
            {
              "batter": "R Gunasekera",
              "bowler": "Fayyaz Butt",
              "non_striker": "NR Kumar",
              "runs": {
                "batter": 0,
                "extras": 0,
                "total": 0
              }
            },
            {
              "batter": "R Gunasekera",
              "bowler": "Fayyaz Butt",
              "extras": {
                "wides": 1
              },
              "non_striker": "NR Kumar",
              "runs": {
                "batter": 0,
                "extras": 1,
                "total": 1
              }
            },
            {
              "batter": "R Gunasekera",
              "bowler": "Fayyaz Butt",
              "non_striker": "NR Kumar",
              "runs": {
                "batter": 0,
                "extras": 0,
                "total": 0
              }
            }
          ]
        },
        {
          "over": 8,
          "deliveries": [
            {
              "batter": "NR Kumar",
              "bowler": "Kaleemullah",
              "non_striker": "R Gunasekera",
              "runs": {
                "batter": 4,
                "extras": 0,
                "total": 4
              }
            },
            {
              "batter": "NR Kumar",
              "bowler": "Kaleemullah",
              "non_striker": "R Gunasekera",
              "runs": {
                "batter": 0,
                "extras": 0,
                "total": 0
              }
            },
            {
              "batter": "NR Kumar",
              "bowler": "Kaleemullah",
              "non_striker": "R Gunasekera",
              "runs": {
                "batter": 0,
                "extras": 0,
                "total": 0
              }
            },
            {
              "batter": "NR Kumar",
              "bowler": "Kaleemullah",
              "non_striker": "R Gunasekera",
              "runs": {
                "batter": 4,
                "extras": 0,
                "total": 4
              }
            },
            {
              "batter": "NR Kumar",
              "bowler": "Kaleemullah",
              "non_striker": "R Gunasekera",
              "runs": {
                "batter": 0,
                "extras": 0,
                "total": 0
              }
            },
            {
              "batter": "NR Kumar",
              "bowler": "Kaleemullah",
              "non_striker": "R Gunasekera",
              "runs": {
                "batter": 1,
                "extras": 0,
                "total": 1
              }
            }
          ]
        },
        {
          "over": 9,
          "deliveries": [
            {
              "batter": "NR Kumar",
              "bowler": "Fayyaz Butt",
              "non_striker": "R Gunasekera",
              "runs": {
                "batter": 0,
                "extras": 0,
                "total": 0
              }
            },
            {
              "batter": "NR Kumar",
              "bowler": "Fayyaz Butt",
              "non_striker": "R Gunasekera",
              "runs": {
                "batter": 1,
                "extras": 0,
                "total": 1
              }
            },
            {
              "batter": "R Gunasekera",
              "bowler": "Fayyaz Butt",
              "non_striker": "NR Kumar",
              "runs": {
                "batter": 4,
                "extras": 0,
                "total": 4
              }
            },
            {
              "batter": "R Gunasekera",
              "bowler": "Fayyaz Butt",
              "extras": {
                "wides": 1
              },
              "non_striker": "NR Kumar",
              "runs": {
                "batter": 0,
                "extras": 1,
                "total": 1
              }
            },
            {
              "batter": "R Gunasekera",
              "bowler": "Fayyaz Butt",
              "non_striker": "NR Kumar",
              "runs": {
                "batter": 6,
                "extras": 0,
                "total": 6
              }
            },
            {
              "batter": "R Gunasekera",
              "bowler": "Fayyaz Butt",
              "non_striker": "NR Kumar",
              "runs": {
                "batter": 4,
                "extras": 0,
                "total": 4
              }
            },
            {
              "batter": "R Gunasekera",
              "bowler": "Fayyaz Butt",
              "non_striker": "NR Kumar",
              "runs": {
                "batter": 0,
                "extras": 0,
                "total": 0
              }
            }
          ]
        },
        {
          "over": 10,
          "deliveries": [
            {
              "batter": "NR Kumar",
              "bowler": "Zeeshan Maqsood",
              "non_striker": "R Gunasekera",
              "runs": {
                "batter": 1,
                "extras": 0,
                "total": 1
              }
            },
            {
              "batter": "R Gunasekera",
              "bowler": "Zeeshan Maqsood",
              "non_striker": "NR Kumar",
              "runs": {
                "batter": 0,
                "extras": 0,
                "total": 0
              }
            },
            {
              "batter": "R Gunasekera",
              "bowler": "Zeeshan Maqsood",
              "non_striker": "NR Kumar",
              "runs": {
                "batter": 0,
                "extras": 0,
                "total": 0
              }
            },
            {
              "batter": "R Gunasekera",
              "bowler": "Zeeshan Maqsood",
              "non_striker": "NR Kumar",
              "runs": {
                "batter": 0,
                "extras": 0,
                "total": 0
              },
              "wickets": [
                {
                  "player_out": "R Gunasekera",
                  "fielders": [
                    {
                      "name": "SS Khadye"
                    }
                  ],
                  "kind": "caught"
                }
              ]
            },
            {
              "batter": "DN Pathirana",
              "bowler": "Zeeshan Maqsood",
              "non_striker": "NR Kumar",
              "runs": {
                "batter": 1,
                "extras": 0,
                "total": 1
              }
            },
            {
              "batter": "NR Kumar",
              "bowler": "Zeeshan Maqsood",
              "non_striker": "DN Pathirana",
              "runs": {
                "batter": 0,
                "extras": 0,
                "total": 0
              }
            }
          ]
        },
        {
          "over": 11,
          "deliveries": [
            {
              "batter": "DN Pathirana",
              "bowler": "Khawar Ali",
              "non_striker": "NR Kumar",
              "runs": {
                "batter": 0,
                "extras": 0,
                "total": 0
              }
            },
            {
              "batter": "DN Pathirana",
              "bowler": "Khawar Ali",
              "non_striker": "NR Kumar",
              "runs": {
                "batter": 0,
                "extras": 0,
                "total": 0
              }
            },
            {
              "batter": "DN Pathirana",
              "bowler": "Khawar Ali",
              "non_striker": "NR Kumar",
              "runs": {
                "batter": 0,
                "extras": 0,
                "total": 0
              }
            },
            {
              "batter": "DN Pathirana",
              "bowler": "Khawar Ali",
              "non_striker": "NR Kumar",
              "runs": {
                "batter": 1,
                "extras": 0,
                "total": 1
              }
            },
            {
              "batter": "NR Kumar",
              "bowler": "Khawar Ali",
              "non_striker": "DN Pathirana",
              "runs": {
                "batter": 0,
                "extras": 0,
                "total": 0
              }
            },
            {
              "batter": "NR Kumar",
              "bowler": "Khawar Ali",
              "non_striker": "DN Pathirana",
              "runs": {
                "batter": 2,
                "extras": 0,
                "total": 2
              }
            }
          ]
        },
        {
          "over": 12,
          "deliveries": [
            {
              "batter": "DN Pathirana",
              "bowler": "Zeeshan Maqsood",
              "non_striker": "NR Kumar",
              "runs": {
                "batter": 2,
                "extras": 0,
                "total": 2
              }
            },
            {
              "batter": "DN Pathirana",
              "bowler": "Zeeshan Maqsood",
              "non_striker": "NR Kumar",
              "runs": {
                "batter": 1,
                "extras": 0,
                "total": 1
              }
            },
            {
              "batter": "NR Kumar",
              "bowler": "Zeeshan Maqsood",
              "non_striker": "DN Pathirana",
              "runs": {
                "batter": 2,
                "extras": 0,
                "total": 2
              }
            },
            {
              "batter": "NR Kumar",
              "bowler": "Zeeshan Maqsood",
              "non_striker": "DN Pathirana",
              "runs": {
                "batter": 6,
                "extras": 0,
                "total": 6
              }
            },
            {
              "batter": "NR Kumar",
              "bowler": "Zeeshan Maqsood",
              "non_striker": "DN Pathirana",
              "runs": {
                "batter": 0,
                "extras": 0,
                "total": 0
              }
            },
            {
              "batter": "NR Kumar",
              "bowler": "Zeeshan Maqsood",
              "non_striker": "DN Pathirana",
              "runs": {
                "batter": 0,
                "extras": 0,
                "total": 0
              }
            }
          ]
        },
        {
          "over": 13,
          "deliveries": [
            {
              "batter": "DN Pathirana",
              "bowler": "Khawar Ali",
              "non_striker": "NR Kumar",
              "runs": {
                "batter": 1,
                "extras": 0,
                "total": 1
              }
            },
            {
              "batter": "NR Kumar",
              "bowler": "Khawar Ali",
              "non_striker": "DN Pathirana",
              "runs": {
                "batter": 6,
                "extras": 0,
                "total": 6
              }
            },
            {
              "batter": "NR Kumar",
              "bowler": "Khawar Ali",
              "non_striker": "DN Pathirana",
              "runs": {
                "batter": 1,
                "extras": 0,
                "total": 1
              }
            },
            {
              "batter": "DN Pathirana",
              "bowler": "Khawar Ali",
              "non_striker": "NR Kumar",
              "runs": {
                "batter": 0,
                "extras": 0,
                "total": 0
              }
            },
            {
              "batter": "DN Pathirana",
              "bowler": "Khawar Ali",
              "non_striker": "NR Kumar",
              "runs": {
                "batter": 0,
                "extras": 0,
                "total": 0
              }
            },
            {
              "batter": "DN Pathirana",
              "bowler": "Khawar Ali",
              "non_striker": "NR Kumar",
              "runs": {
                "batter": 0,
                "extras": 0,
                "total": 0
              }
            }
          ]
        },
        {
          "over": 14,
          "deliveries": [
            {
              "batter": "NR Kumar",
              "bowler": "Aqib Ilyas",
              "non_striker": "DN Pathirana",
              "runs": {
                "batter": 0,
                "extras": 0,
                "total": 0
              }
            },
            {
              "batter": "NR Kumar",
              "bowler": "Aqib Ilyas",
              "non_striker": "DN Pathirana",
              "runs": {
                "batter": 0,
                "extras": 0,
                "total": 0
              }
            },
            {
              "batter": "NR Kumar",
              "bowler": "Aqib Ilyas",
              "non_striker": "DN Pathirana",
              "runs": {
                "batter": 1,
                "extras": 0,
                "total": 1
              }
            },
            {
              "batter": "DN Pathirana",
              "bowler": "Aqib Ilyas",
              "non_striker": "NR Kumar",
              "runs": {
                "batter": 0,
                "extras": 0,
                "total": 0
              }
            },
            {
              "batter": "DN Pathirana",
              "bowler": "Aqib Ilyas",
              "non_striker": "NR Kumar",
              "runs": {
                "batter": 0,
                "extras": 0,
                "total": 0
              }
            },
            {
              "batter": "DN Pathirana",
              "bowler": "Aqib Ilyas",
              "non_striker": "NR Kumar",
              "runs": {
                "batter": 0,
                "extras": 0,
                "total": 0
              }
            }
          ]
        },
        {
          "over": 15,
          "deliveries": [
            {
              "batter": "NR Kumar",
              "bowler": "Jay Odedra",
              "non_striker": "DN Pathirana",
              "runs": {
                "batter": 0,
                "extras": 0,
                "total": 0
              }
            },
            {
              "batter": "NR Kumar",
              "bowler": "Jay Odedra",
              "non_striker": "DN Pathirana",
              "runs": {
                "batter": 2,
                "extras": 0,
                "total": 2
              }
            },
            {
              "batter": "NR Kumar",
              "bowler": "Jay Odedra",
              "non_striker": "DN Pathirana",
              "runs": {
                "batter": 2,
                "extras": 0,
                "total": 2
              }
            },
            {
              "batter": "NR Kumar",
              "bowler": "Jay Odedra",
              "non_striker": "DN Pathirana",
              "runs": {
                "batter": 4,
                "extras": 0,
                "total": 4
              }
            }
          ]
        }
      ],
      "powerplays": [
        {
          "from": 0.1,
          "to": 9.7,
          "type": "mandatory"
        },
        {
          "from": 10.1,
          "to": 15.4,
          "type": "mandatory"
        }
      ],
      "target": {
        "overs": 50,
        "runs": 107
      }
    }
  ]
}