{
  "meta": {
    "data_version": "1.0.0",
    "created": "2020-09-24",
    "revision": 1
  },
  "info": {
    "balls_per_over": 6,
    "city": "Windhoek",
    "dates": [
      "2018-02-09",
      "2018-02-10"
    ],
    "event": {
      "name": "ICC World Cricket League Division Two",
      "match_number": 6
    },
    "gender": "male",
    "match_type": "ODM",
    "officials": {
      "match_referees": [
        "D Govindjee"
      ],
      "reserve_umpires": [
        "Tabarak Dar"
      ],
      "umpires": [
        "AJT Dowdalls",
        "BB Pradhan"
      ]
    },
    "outcome": {
      "result": "no result"
    },
    "overs": 50,
    "players": {
      "Kenya": [
        "IA Karim",
        "AA Obanda",
        "DM Gondaria",
        "CO Obuya",
        "RR Patel",
        "RN Patel",
        "NM Odhiambo",
        "NN Odhiambo",
        "HA Varaiya",
        "SO Ngoche",
        "EB Ringera"
      ],
      "Namibia": [
        "SJ Baard",
        "L Louwrens",
        "JP Kotze",
        "CG Williams",
        "N Davin",
        "MG Erasmus",
        "JN Frylinck",
        "SF Burger",
        "JJ Smit",
        "BM Scholtz",
        "T Lungameni"
      ]
    },
    "registry": {
      "people": {
        "AA Obanda": "7081491e",
        "AJT Dowdalls": "f06852e3",
        "BB Pradhan": "8603d942",
        "BM Scholtz": "e85d03d6",
        "CG Williams": "e16e7347",
        "CO Obuya": "5680f1ad",
        "D Govindjee": "8b4c4069",
        "DM Gondaria": "9048c17e",
        "EB Ringera": "6cedad99",
        "HA Varaiya": "eeeebf82",
        "IA Karim": "ca92a578",
        "JJ Smit": "bb134e5c",
        "JN Frylinck": "3c87f0c3",
        "JP Kotze": "9f308dfc",
        "L Louwrens": "b018e1eb",
        "MG Erasmus": "95a5e066",
        "N Davin": "72e361fe",
        "NM Odhiambo": "c07a1f41",
        "NN Odhiambo": "753b5a2d",
        "RN Patel": "db1bf9c2",
        "RR Patel": "7fa6bd8e",
        "SF Burger": "9ff7f691",
        "SJ Baard": "e8511411",
        "SO Ngoche": "49118dc7",
        "T Lungameni": "1688f2dc",
        "Tabarak Dar": "2259c12d"
      }
    },
    "season": "2017/18",
    "team_type": "international",
    "teams": [
      "Kenya",
      "Namibia"
    ],
    "toss": {
      "decision": "field",
      "winner": "Namibia"
    },
    "venue": "United Cricket Club Ground"
  },
  "innings": [
    {
      "team": "Kenya",
      "overs": [
        {
          "over": 0,
          "deliveries": [
            {
              "batter": "IA Karim",
              "bowler": "SF Burger",
              "non_striker": "AA Obanda",
              "runs": {
                "batter": 0,
                "extras": 0,
                "total": 0
              }
            },
            {
              "batter": "IA Karim",
              "bowler": "SF Burger",
              "non_striker": "AA Obanda",
              "runs": {
                "batter": 0,
                "extras": 0,
                "total": 0
              }
            },
            {
              "batter": "IA Karim",
              "bowler": "SF Burger",
              "non_striker": "AA Obanda",
              "runs": {
                "batter": 0,
                "extras": 0,
                "total": 0
              }
            },
            {
              "batter": "IA Karim",
              "bowler": "SF Burger",
              "non_striker": "AA Obanda",
              "runs": {
                "batter": 0,
                "extras": 0,
                "total": 0
              }
            },
            {
              "batter": "IA Karim",
              "bowler": "SF Burger",
              "non_striker": "AA Obanda",
              "runs": {
                "batter": 0,
                "extras": 0,
                "total": 0
              }
            },
            {
              "batter": "IA Karim",
              "bowler": "SF Burger",
              "non_striker": "AA Obanda",
              "runs": {
                "batter": 0,
                "extras": 0,
                "total": 0
              }
            }
          ]
        },
        {
          "over": 1,
          "deliveries": [
            {
              "batter": "AA Obanda",
              "bowler": "JJ Smit",
              "extras": {
                "wides": 1
              },
              "non_striker": "IA Karim",
              "runs": {
                "batter": 0,
                "extras": 1,
                "total": 1
              }
            },
            {
              "batter": "AA Obanda",
              "bowler": "JJ Smit",
              "extras": {
                "legbyes": 4
              },
              "non_striker": "IA Karim",
              "runs": {
                "batter": 0,
                "extras": 4,
                "total": 4
              }
            },
            {
              "batter": "AA Obanda",
              "bowler": "JJ Smit",
              "non_striker": "IA Karim",
              "runs": {
                "batter": 1,
                "extras": 0,
                "total": 1
              }
            },
            {
              "batter": "IA Karim",
              "bowler": "JJ Smit",
              "non_striker": "AA Obanda",
              "runs": {
                "batter": 0,
                "extras": 0,
                "total": 0
              }
            },
            {
              "batter": "IA Karim",
              "bowler": "JJ Smit",
              "non_striker": "AA Obanda",
              "runs": {
                "batter": 0,
                "extras": 0,
                "total": 0
              }
            },
            {
              "batter": "IA Karim",
              "bowler": "JJ Smit",
              "non_striker": "AA Obanda",
              "runs": {
                "batter": 3,
                "extras": 0,
                "total": 3
              }
            },
            {
              "batter": "AA Obanda",
              "bowler": "JJ Smit",
              "non_striker": "IA Karim",
              "runs": {
                "batter": 0,
                "extras": 0,
                "total": 0
              }
            }
          ]
        },
        {
          "over": 2,
          "deliveries": [
            {
              "batter": "IA Karim",
              "bowler": "SF Burger",
              "non_striker": "AA Obanda",
              "runs": {
                "batter": 0,
                "extras": 0,
                "total": 0
              }
            },
            {
              "batter": "IA Karim",
              "bowler": "SF Burger",
              "non_striker": "AA Obanda",
              "runs": {
                "batter": 0,
                "extras": 0,
                "total": 0
              }
            },
            {
              "batter": "IA Karim",
              "bowler": "SF Burger",
              "non_striker": "AA Obanda",
              "runs": {
                "batter": 0,
                "extras": 0,
                "total": 0
              }
            },
            {
              "batter": "IA Karim",
              "bowler": "SF Burger",
              "non_striker": "AA Obanda",
              "runs": {
                "batter": 0,
                "extras": 0,
                "total": 0
              }
            },
            {
              "batter": "IA Karim",
              "bowler": "SF Burger",
              "non_striker": "AA Obanda",
              "runs": {
                "batter": 0,
                "extras": 0,
                "total": 0
              }
            },
            {
              "batter": "IA Karim",
              "bowler": "SF Burger",
              "non_striker": "AA Obanda",
              "runs": {
                "batter": 0,
                "extras": 0,
                "total": 0
              }
            }
          ]
        },
        {
          "over": 3,
          "deliveries": [
            {
              "batter": "AA Obanda",
              "bowler": "JJ Smit",
              "non_striker": "IA Karim",
              "runs": {
                "batter": 0,
                "extras": 0,
                "total": 0
              }
            },
            {
              "batter": "AA Obanda",
              "bowler": "JJ Smit",
              "non_striker": "IA Karim",
              "runs": {
                "batter": 0,
                "extras": 0,
                "total": 0
              }
            },
            {
              "batter": "AA Obanda",
              "bowler": "JJ Smit",
              "non_striker": "IA Karim",
              "runs": {
                "batter": 0,
                "extras": 0,
                "total": 0
              }
            },
            {
              "batter": "AA Obanda",
              "bowler": "JJ Smit",
              "non_striker": "IA Karim",
              "runs": {
                "batter": 6,
                "extras": 0,
                "total": 6
              }
            },
            {
              "batter": "AA Obanda",
              "bowler": "JJ Smit",
              "non_striker": "IA Karim",
              "runs": {
                "batter": 1,
                "extras": 0,
                "total": 1
              }
            },
            {
              "batter": "IA Karim",
              "bowler": "JJ Smit",
              "non_striker": "AA Obanda",
              "runs": {
                "batter": 4,
                "extras": 0,
                "total": 4
              }
            }
          ]
        },
        {
          "over": 4,
          "deliveries": [
            {
              "batter": "AA Obanda",
              "bowler": "SF Burger",
              "non_striker": "IA Karim",
              "runs": {
                "batter": 0,
                "extras": 0,
                "total": 0
              }
            },
            {
              "batter": "AA Obanda",
              "bowler": "SF Burger",
              "non_striker": "IA Karim",
              "runs": {
                "batter": 1,
                "extras": 0,
                "total": 1
              }
            },
            {
              "batter": "IA Karim",
              "bowler": "SF Burger",
              "non_striker": "AA Obanda",
              "runs": {
                "batter": 0,
                "extras": 0,
                "total": 0
              }
            },
            {
              "batter": "IA Karim",
              "bowler": "SF Burger",
              "non_striker": "AA Obanda",
              "runs": {
                "batter": 0,
                "extras": 0,
                "total": 0
              }
            },
            {
              "batter": "IA Karim",
              "bowler": "SF Burger",
              "non_striker": "AA Obanda",
              "runs": {
                "batter": 0,
                "extras": 0,
                "total": 0
              }
            },
            {
              "batter": "IA Karim",
              "bowler": "SF Burger",
              "non_striker": "AA Obanda",
              "runs": {
                "batter": 0,
                "extras": 0,
                "total": 0
              }
            }
          ]
        },
        {
          "over": 5,
          "deliveries": [
            {
              "batter": "AA Obanda",
              "bowler": "JJ Smit",
              "non_striker": "IA Karim",
              "runs": {
                "batter": 0,
                "extras": 0,
                "total": 0
              }
            },
            {
              "batter": "AA Obanda",
              "bowler": "JJ Smit",
              "non_striker": "IA Karim",
              "runs": {
                "batter": 0,
                "extras": 0,
                "total": 0
              }
            },
            {
              "batter": "AA Obanda",
              "bowler": "JJ Smit",
              "non_striker": "IA Karim",
              "runs": {
                "batter": 0,
                "extras": 0,
                "total": 0
              }
            },
            {
              "batter": "AA Obanda",
              "bowler": "JJ Smit",
              "non_striker": "IA Karim",
              "runs": {
                "batter": 1,
                "extras": 0,
                "total": 1
              }
            },
            {
              "batter": "IA Karim",
              "bowler": "JJ Smit",
              "non_striker": "AA Obanda",
              "runs": {
                "batter": 0,
                "extras": 0,
                "total": 0
              }
            },
            {
              "batter": "IA Karim",
              "bowler": "JJ Smit",
              "non_striker": "AA Obanda",
              "runs": {
                "batter": 0,
                "extras": 0,
                "total": 0
              }
            }
          ]
        },
        {
          "over": 6,
          "deliveries": [
            {
              "batter": "AA Obanda",
              "bowler": "SF Burger",
              "non_striker": "IA Karim",
              "runs": {
                "batter": 1,
                "extras": 0,
                "total": 1
              }
            },
            {
              "batter": "IA Karim",
              "bowler": "SF Burger",
              "non_striker": "AA Obanda",
              "runs": {
                "batter": 0,
                "extras": 0,
                "total": 0
              }
            },
            {
              "batter": "IA Karim",
              "bowler": "SF Burger",
              "non_striker": "AA Obanda",
              "runs": {
                "batter": 0,
                "extras": 0,
                "total": 0
              }
            },
            {
              "batter": "IA Karim",
              "bowler": "SF Burger",
              "non_striker": "AA Obanda",
              "runs": {
                "batter": 0,
                "extras": 0,
                "total": 0
              }
            },
            {
              "batter": "IA Karim",
              "bowler": "SF Burger",
              "non_striker": "AA Obanda",
              "runs": {
                "batter": 1,
                "extras": 0,
                "total": 1
              }
            },
            {
              "batter": "AA Obanda",
              "bowler": "SF Burger",
              "non_striker": "IA Karim",
              "runs": {
                "batter": 0,
                "extras": 0,
                "total": 0
              }
            }
          ]
        },
        {
          "over": 7,
          "deliveries": [
            {
              "batter": "IA Karim",
              "bowler": "JJ Smit",
              "non_striker": "AA Obanda",
              "runs": {
                "batter": 0,
                "extras": 0,
                "total": 0
              }
            },
            {
              "batter": "IA Karim",
              "bowler": "JJ Smit",
              "non_striker": "AA Obanda",
              "runs": {
                "batter": 0,
                "extras": 0,
                "total": 0
              }
            },
            {
              "batter": "IA Karim",
              "bowler": "JJ Smit",
              "non_striker": "AA Obanda",
              "runs": {
                "batter": 0,
                "extras": 0,
                "total": 0
              }
            },
            {
              "batter": "IA Karim",
              "bowler": "JJ Smit",
              "non_striker": "AA Obanda",
              "runs": {
                "batter": 0,
                "extras": 0,
                "total": 0
              }
            },
            {
              "batter": "IA Karim",
              "bowler": "JJ Smit",
              "non_striker": "AA Obanda",
              "runs": {
                "batter": 0,
                "extras": 0,
                "total": 0
              }
            },
            {
              "batter": "IA Karim",
              "bowler": "JJ Smit",
              "non_striker": "AA Obanda",
              "runs": {
                "batter": 0,
                "extras": 0,
                "total": 0
              }
            }
          ]
        },
        {
          "over": 8,
          "deliveries": [
            {
              "batter": "AA Obanda",
              "bowler": "CG Williams",
              "non_striker": "IA Karim",
              "runs": {
                "batter": 0,
                "extras": 0,
                "total": 0
              }
            },
            {
              "batter": "AA Obanda",
              "bowler": "CG Williams",
              "non_striker": "IA Karim",
              "runs": {
                "batter": 0,
                "extras": 0,
                "total": 0
              }
            },
            {
              "batter": "AA Obanda",
              "bowler": "CG Williams",
              "non_striker": "IA Karim",
              "runs": {
                "batter": 0,
                "extras": 0,
                "total": 0
              },
              "wickets": [
                {
                  "player_out": "AA Obanda",
                  "fielders": [
                    {
                      "name": "T Lungameni"
                    }
                  ],
                  "kind": "caught"
                }
              ]
            },
            {
              "batter": "DM Gondaria",
              "bowler": "CG Williams",
              "non_striker": "IA Karim",
              "runs": {
                "batter": 0,
                "extras": 0,
                "total": 0
              }
            },
            {
              "batter": "DM Gondaria",
              "bowler": "CG Williams",
              "non_striker": "IA Karim",
              "runs": {
                "batter": 1,
                "extras": 0,
                "total": 1
              }
            },
            {
              "batter": "IA Karim",
              "bowler": "CG Williams",
              "non_striker": "DM Gondaria",
              "runs": {
                "batter": 0,
                "extras": 0,
                "total": 0
              }
            }
          ]
        },
        {
          "over": 9,
          "deliveries": [
            {
              "batter": "DM Gondaria",
              "bowler": "T Lungameni",
              "non_striker": "IA Karim",
              "runs": {
                "batter": 1,
                "extras": 0,
                "total": 1
              }
            },
            {
              "batter": "IA Karim",
              "bowler": "T Lungameni",
              "non_striker": "DM Gondaria",
              "runs": {
                "batter": 0,
                "extras": 0,
                "total": 0
              }
            },
            {
              "batter": "IA Karim",
              "bowler": "T Lungameni",
              "non_striker": "DM Gondaria",
              "runs": {
                "batter": 1,
                "extras": 0,
                "total": 1
              }
            },
            {
              "batter": "DM Gondaria",
              "bowler": "T Lungameni",
              "non_striker": "IA Karim",
              "runs": {
                "batter": 0,
                "extras": 0,
                "total": 0
              }
            },
            {
              "batter": "DM Gondaria",
              "bowler": "T Lungameni",
              "non_striker": "IA Karim",
              "runs": {
                "batter": 1,
                "extras": 0,
                "total": 1
              }
            },
            {
              "batter": "IA Karim",
              "bowler": "T Lungameni",
              "non_striker": "DM Gondaria",
              "runs": {
                "batter": 0,
                "extras": 0,
                "total": 0
              },
              "wickets": [
                {
                  "player_out": "IA Karim",
                  "fielders": [
                    {
                      "name": "SJ Baard"
                    }
                  ],
                  "kind": "caught"
                }
              ]
            }
          ]
        },
        {
          "over": 10,
          "deliveries": [
            {
              "batter": "DM Gondaria",
              "bowler": "CG Williams",
              "non_striker": "CO Obuya",
              "runs": {
                "batter": 0,
                "extras": 0,
                "total": 0
              }
            },
            {
              "batter": "DM Gondaria",
              "bowler": "CG Williams",
              "non_striker": "CO Obuya",
              "runs": {
                "batter": 1,
                "extras": 0,
                "total": 1
              }
            },
            {
              "batter": "CO Obuya",
              "bowler": "CG Williams",
              "non_striker": "DM Gondaria",
              "runs": {
                "batter": 0,
                "extras": 0,
                "total": 0
              }
            },
            {
              "batter": "CO Obuya",
              "bowler": "CG Williams",
              "non_striker": "DM Gondaria",
              "runs": {
                "batter": 0,
                "extras": 0,
                "total": 0
              }
            },
            {
              "batter": "CO Obuya",
              "bowler": "CG Williams",
              "non_striker": "DM Gondaria",
              "runs": {
                "batter": 0,
                "extras": 0,
                "total": 0
              }
            },
            {
              "batter": "CO Obuya",
              "bowler": "CG Williams",
              "non_striker": "DM Gondaria",
              "runs": {
                "batter": 0,
                "extras": 0,
                "total": 0
              }
            }
          ]
        },
        {
          "over": 11,
          "deliveries": [
            {
              "batter": "DM Gondaria",
              "bowler": "T Lungameni",
              "non_striker": "CO Obuya",
              "runs": {
                "batter": 0,
                "extras": 0,
                "total": 0
              }
            },
            {
              "batter": "DM Gondaria",
              "bowler": "T Lungameni",
              "non_striker": "CO Obuya",
              "runs": {
                "batter": 0,
                "extras": 0,
                "total": 0
              }
            },
            {
              "batter": "DM Gondaria",
              "bowler": "T Lungameni",
              "non_striker": "CO Obuya",
              "runs": {
                "batter": 0,
                "extras": 0,
                "total": 0
              }
            },
            {
              "batter": "DM Gondaria",
              "bowler": "T Lungameni",
              "non_striker": "CO Obuya",
              "runs": {
                "batter": 0,
                "extras": 0,
                "total": 0
              }
            },
            {
              "batter": "DM Gondaria",
              "bowler": "T Lungameni",
              "non_striker": "CO Obuya",
              "runs": {
                "batter": 0,
                "extras": 0,
                "total": 0
              }
            },
            {
              "batter": "DM Gondaria",
              "bowler": "T Lungameni",
              "non_striker": "CO Obuya",
              "runs": {
                "batter": 0,
                "extras": 0,
                "total": 0
              }
            }
          ]
        },
        {
          "over": 12,
          "deliveries": [
            {
              "batter": "CO Obuya",
              "bowler": "CG Williams",
              "non_striker": "DM Gondaria",
              "runs": {
                "batter": 0,
                "extras": 0,
                "total": 0
              }
            },
            {
              "batter": "CO Obuya",
              "bowler": "CG Williams",
              "non_striker": "DM Gondaria",
              "runs": {
                "batter": 1,
                "extras": 0,
                "total": 1
              }
            },
            {
              "batter": "DM Gondaria",
              "bowler": "CG Williams",
              "non_striker": "CO Obuya",
              "runs": {
                "batter": 0,
                "extras": 0,
                "total": 0
              }
            },
            {
              "batter": "DM Gondaria",
              "bowler": "CG Williams",
              "non_striker": "CO Obuya",
              "runs": {
                "batter": 0,
                "extras": 0,
                "total": 0
              }
            },
            {
              "batter": "DM Gondaria",
              "bowler": "CG Williams",
              "non_striker": "CO Obuya",
              "runs": {
                "batter": 1,
                "extras": 0,
                "total": 1
              }
            },
            {
              "batter": "CO Obuya",
              "bowler": "CG Williams",
              "non_striker": "DM Gondaria",
              "runs": {
                "batter": 1,
                "extras": 0,
                "total": 1
              }
            }
          ]
        },
        {
          "over": 13,
          "deliveries": [
            {
              "batter": "CO Obuya",
              "bowler": "T Lungameni",
              "non_striker": "DM Gondaria",
              "runs": {
                "batter": 0,
                "extras": 0,
                "total": 0
              }
            },
            {
              "batter": "CO Obuya",
              "bowler": "T Lungameni",
              "non_striker": "DM Gondaria",
              "runs": {
                "batter": 0,
                "extras": 0,
                "total": 0
              }
            },
            {
              "batter": "CO Obuya",
              "bowler": "T Lungameni",
              "non_striker": "DM Gondaria",
              "runs": {
                "batter": 0,
                "extras": 0,
                "total": 0
              }
            },
            {
              "batter": "CO Obuya",
              "bowler": "T Lungameni",
              "non_striker": "DM Gondaria",
              "runs": {
                "batter": 0,
                "extras": 0,
                "total": 0
              }
            },
            {
              "batter": "CO Obuya",
              "bowler": "T Lungameni",
              "non_striker": "DM Gondaria",
              "runs": {
                "batter": 0,
                "extras": 0,
                "total": 0
              }
            },
            {
              "batter": "CO Obuya",
              "bowler": "T Lungameni",
              "non_striker": "DM Gondaria",
              "runs": {
                "batter": 0,
                "extras": 0,
                "total": 0
              }
            }
          ]
        },
        {
          "over": 14,
          "deliveries": [
            {
              "batter": "DM Gondaria",
              "bowler": "CG Williams",
              "non_striker": "CO Obuya",
              "runs": {
                "batter": 0,
                "extras": 0,
                "total": 0
              }
            },
            {
              "batter": "DM Gondaria",
              "bowler": "CG Williams",
              "non_striker": "CO Obuya",
              "runs": {
                "batter": 0,
                "extras": 0,
                "total": 0
              }
            },
            {
              "batter": "DM Gondaria",
              "bowler": "CG Williams",
              "non_striker": "CO Obuya",
              "runs": {
                "batter": 1,
                "extras": 0,
                "total": 1
              }
            },
            {
              "batter": "CO Obuya",
              "bowler": "CG Williams",
              "non_striker": "DM Gondaria",
              "runs": {
                "batter": 0,
                "extras": 0,
                "total": 0
              }
            },
            {
              "batter": "CO Obuya",
              "bowler": "CG Williams",
              "non_striker": "DM Gondaria",
              "runs": {
                "batter": 0,
                "extras": 0,
                "total": 0
              }
            },
            {
              "batter": "CO Obuya",
              "bowler": "CG Williams",
              "non_striker": "DM Gondaria",
              "runs": {
                "batter": 0,
                "extras": 0,
                "total": 0
              }
            }
          ]
        },
        {
          "over": 15,
          "deliveries": [
            {
              "batter": "DM Gondaria",
              "bowler": "T Lungameni",
              "non_striker": "CO Obuya",
              "runs": {
                "batter": 0,
                "extras": 0,
                "total": 0
              }
            },
            {
              "batter": "DM Gondaria",
              "bowler": "T Lungameni",
              "non_striker": "CO Obuya",
              "runs": {
                "batter": 0,
                "extras": 0,
                "total": 0
              },
              "wickets": [
                {
                  "player_out": "DM Gondaria",
                  "fielders": [
                    {
                      "name": "N Davin"
                    }
                  ],
                  "kind": "caught"
                }
              ]
            },
            {
              "batter": "RR Patel",
              "bowler": "T Lungameni",
              "non_striker": "CO Obuya",
              "runs": {
                "batter": 0,
                "extras": 0,
                "total": 0
              }
            },
            {
              "batter": "RR Patel",
              "bowler": "T Lungameni",
              "non_striker": "CO Obuya",
              "runs": {
                "batter": 0,
                "extras": 0,
                "total": 0
              }
            },
            {
              "batter": "RR Patel",
              "bowler": "T Lungameni",
              "non_striker": "CO Obuya",
              "runs": {
                "batter": 0,
                "extras": 0,
                "total": 0
              }
            },
            {
              "batter": "RR Patel",
              "bowler": "T Lungameni",
              "non_striker": "CO Obuya",
              "runs": {
                "batter": 0,
                "extras": 0,
                "total": 0
              }
            }
          ]
        },
        {
          "over": 16,
          "deliveries": [
            {
              "batter": "CO Obuya",
              "bowler": "SF Burger",
              "non_striker": "RR Patel",
              "runs": {
                "batter": 0,
                "extras": 0,
                "total": 0
              }
            },
            {
              "batter": "CO Obuya",
              "bowler": "SF Burger",
              "non_striker": "RR Patel",
              "runs": {
                "batter": 0,
                "extras": 0,
                "total": 0
              }
            },
            {
              "batter": "CO Obuya",
              "bowler": "SF Burger",
              "non_striker": "RR Patel",
              "runs": {
                "batter": 0,
                "extras": 0,
                "total": 0
              }
            },
            {
              "batter": "CO Obuya",
              "bowler": "SF Burger",
              "non_striker": "RR Patel",
              "runs": {
                "batter": 0,
                "extras": 0,
                "total": 0
              }
            },
            {
              "batter": "CO Obuya",
              "bowler": "SF Burger",
              "non_striker": "RR Patel",
              "runs": {
                "batter": 0,
                "extras": 0,
                "total": 0
              }
            },
            {
              "batter": "CO Obuya",
              "bowler": "SF Burger",
              "non_striker": "RR Patel",
              "runs": {
                "batter": 0,
                "extras": 0,
                "total": 0
              }
            }
          ]
        },
        {
          "over": 17,
          "deliveries": [
            {
              "batter": "RR Patel",
              "bowler": "T Lungameni",
              "non_striker": "CO Obuya",
              "runs": {
                "batter": 1,
                "extras": 0,
                "total": 1
              }
            },
            {
              "batter": "CO Obuya",
              "bowler": "T Lungameni",
              "non_striker": "RR Patel",
              "runs": {
                "batter": 0,
                "extras": 0,
                "total": 0
              }
            },
            {
              "batter": "CO Obuya",
              "bowler": "T Lungameni",
              "non_striker": "RR Patel",
              "runs": {
                "batter": 0,
                "extras": 0,
                "total": 0
              }
            },
            {
              "batter": "CO Obuya",
              "bowler": "T Lungameni",
              "non_striker": "RR Patel",
              "runs": {
                "batter": 0,
                "extras": 0,
                "total": 0
              }
            },
            {
              "batter": "CO Obuya",
              "bowler": "T Lungameni",
              "non_striker": "RR Patel",
              "runs": {
                "batter": 0,
                "extras": 0,
                "total": 0
              }
            },
            {
              "batter": "CO Obuya",
              "bowler": "T Lungameni",
              "non_striker": "RR Patel",
              "runs": {
                "batter": 0,
                "extras": 0,
                "total": 0
              },
              "wickets": [
                {
                  "player_out": "CO Obuya",
                  "fielders": [
                    {
                      "name": "MG Erasmus"
                    }
                  ],
                  "kind": "caught"
                }
              ]
            }
          ]
        },
        {
          "over": 18,
          "deliveries": [
            {
              "batter": "RR Patel",
              "bowler": "SF Burger",
              "non_striker": "RN Patel",
              "runs": {
                "batter": 0,
                "extras": 0,
                "total": 0
              }
            },
            {
              "batter": "RR Patel",
              "bowler": "SF Burger",
              "non_striker": "RN Patel",
              "runs": {
                "batter": 0,
                "extras": 0,
                "total": 0
              }
            },
            {
              "batter": "RR Patel",
              "bowler": "SF Burger",
              "non_striker": "RN Patel",
              "runs": {
                "batter": 0,
                "extras": 0,
                "total": 0
              }
            },
            {
              "batter": "RR Patel",
              "bowler": "SF Burger",
              "non_striker": "RN Patel",
              "runs": {
                "batter": 0,
                "extras": 0,
                "total": 0
              }
            },
            {
              "batter": "RR Patel",
              "bowler": "SF Burger",
              "non_striker": "RN Patel",
              "runs": {
                "batter": 0,
                "extras": 0,
                "total": 0
              }
            },
            {
              "batter": "RR Patel",
              "bowler": "SF Burger",
              "non_striker": "RN Patel",
              "runs": {
                "batter": 1,
                "extras": 0,
                "total": 1
              }
            }
          ]
        },
        {
          "over": 19,
          "deliveries": [
            {
              "batter": "RR Patel",
              "bowler": "JN Frylinck",
              "non_striker": "RN Patel",
              "runs": {
                "batter": 0,
                "extras": 0,
                "total": 0
              }
            },
            {
              "batter": "RR Patel",
              "bowler": "JN Frylinck",
              "non_striker": "RN Patel",
              "runs": {
                "batter": 0,
                "extras": 0,
                "total": 0
              }
            },
            {
              "batter": "RR Patel",
              "bowler": "JN Frylinck",
              "non_striker": "RN Patel",
              "runs": {
                "batter": 0,
                "extras": 0,
                "total": 0
              }
            },
            {
              "batter": "RR Patel",
              "bowler": "JN Frylinck",
              "non_striker": "RN Patel",
              "runs": {
                "batter": 0,
                "extras": 0,
                "total": 0
              }
            },
            {
              "batter": "RR Patel",
              "bowler": "JN Frylinck",
              "non_striker": "RN Patel",
              "runs": {
                "batter": 0,
                "extras": 0,
                "total": 0
              }
            },
            {
              "batter": "RR Patel",
              "bowler": "JN Frylinck",
              "non_striker": "RN Patel",
              "runs": {
                "batter": 0,
                "extras": 0,
                "total": 0
              }
            }
          ]
        },
        {
          "over": 20,
          "deliveries": [
            {
              "batter": "RN Patel",
              "bowler": "SF Burger",
              "non_striker": "RR Patel",
              "runs": {
                "batter": 0,
                "extras": 0,
                "total": 0
              }
            },
            {
              "batter": "RN Patel",
              "bowler": "SF Burger",
              "non_striker": "RR Patel",
              "runs": {
                "batter": 0,
                "extras": 0,
                "total": 0
              }
            },
            {
              "batter": "RN Patel",
              "bowler": "SF Burger",
              "non_striker": "RR Patel",
              "runs": {
                "batter": 0,
                "extras": 0,
                "total": 0
              }
            },
            {
              "batter": "RN Patel",
              "bowler": "SF Burger",
              "non_striker": "RR Patel",
              "runs": {
                "batter": 2,
                "extras": 0,
                "total": 2
              }
            },
            {
              "batter": "RN Patel",
              "bowler": "SF Burger",
              "non_striker": "RR Patel",
              "runs": {
                "batter": 0,
                "extras": 0,
                "total": 0
              }
            },
            {
              "batter": "RN Patel",
              "bowler": "SF Burger",
              "non_striker": "RR Patel",
              "runs": {
                "batter": 0,
                "extras": 0,
                "total": 0
              }
            }
          ]
        },
        {
          "over": 21,
          "deliveries": [
            {
              "batter": "RR Patel",
              "bowler": "JN Frylinck",
              "non_striker": "RN Patel",
              "runs": {
                "batter": 6,
                "extras": 0,
                "total": 6
              }
            },
            {
              "batter": "RR Patel",
              "bowler": "JN Frylinck",
              "non_striker": "RN Patel",
              "runs": {
                "batter": 0,
                "extras": 0,
                "total": 0
              }
            },
            {
              "batter": "RR Patel",
              "bowler": "JN Frylinck",
              "non_striker": "RN Patel",
              "runs": {
                "batter": 0,
                "extras": 0,
                "total": 0
              }
            },
            {
              "batter": "RR Patel",
              "bowler": "JN Frylinck",
              "non_striker": "RN Patel",
              "runs": {
                "batter": 0,
                "extras": 0,
                "total": 0
              }
            },
            {
              "batter": "RR Patel",
              "bowler": "JN Frylinck",
              "non_striker": "RN Patel",
              "runs": {
                "batter": 1,
                "extras": 0,
                "total": 1
              }
            },
            {
              "batter": "RN Patel",
              "bowler": "JN Frylinck",
              "non_striker": "RR Patel",
              "runs": {
                "batter": 0,
                "extras": 0,
                "total": 0
              }
            }
          ]
        },
        {
          "over": 22,
          "deliveries": [
            {
              "batter": "RR Patel",
              "bowler": "JJ Smit",
              "non_striker": "RN Patel",
              "runs": {
                "batter": 0,
                "extras": 0,
                "total": 0
              }
            },
            {
              "batter": "RR Patel",
              "bowler": "JJ Smit",
              "non_striker": "RN Patel",
              "runs": {
                "batter": 0,
                "extras": 0,
                "total": 0
              }
            },
            {
              "batter": "RR Patel",
              "bowler": "JJ Smit",
              "non_striker": "RN Patel",
              "runs": {
                "batter": 0,
                "extras": 0,
                "total": 0
              }
            },
            {
              "batter": "RR Patel",
              "bowler": "JJ Smit",
              "non_striker": "RN Patel",
              "runs": {
                "batter": 0,
                "extras": 0,
                "total": 0
              }
            },
            {
              "batter": "RR Patel",
              "bowler": "JJ Smit",
              "non_striker": "RN Patel",
              "runs": {
                "batter": 0,
                "extras": 0,
                "total": 0
              }
            },
            {
              "batter": "RR Patel",
              "bowler": "JJ Smit",
              "non_striker": "RN Patel",
              "runs": {
                "batter": 0,
                "extras": 0,
                "total": 0
              }
            }
          ]
        },
        {
          "over": 23,
          "deliveries": [
            {
              "batter": "RN Patel",
              "bowler": "JN Frylinck",
              "non_striker": "RR Patel",
              "runs": {
                "batter": 0,
                "extras": 0,
                "total": 0
              }
            },
            {
              "batter": "RN Patel",
              "bowler": "JN Frylinck",
              "non_striker": "RR Patel",
              "runs": {
                "batter": 0,
                "extras": 0,
                "total": 0
              },
              "wickets": [
                {
                  "player_out": "RN Patel",
                  "fielders": [
                    {
                      "name": "SF Burger"
                    }
                  ],
                  "kind": "caught"
                }
              ]
            },
            {
              "batter": "NM Odhiambo",
              "bowler": "JN Frylinck",
              "non_striker": "RR Patel",
              "runs": {
                "batter": 0,
                "extras": 0,
                "total": 0
              }
            },
            {
              "batter": "NM Odhiambo",
              "bowler": "JN Frylinck",
              "non_striker": "RR Patel",
              "runs": {
                "batter": 0,
                "extras": 0,
                "total": 0
              }
            },
            {
              "batter": "NM Odhiambo",
              "bowler": "JN Frylinck",
              "non_striker": "RR Patel",
              "runs": {
                "batter": 1,
                "extras": 0,
                "total": 1
              }
            },
            {
              "batter": "RR Patel",
              "bowler": "JN Frylinck",
              "non_striker": "NM Odhiambo",
              "runs": {
                "batter": 0,
                "extras": 0,
                "total": 0
              }
            }
          ]
        },
        {
          "over": 24,
          "deliveries": [
            {
              "batter": "NM Odhiambo",
              "bowler": "JJ Smit",
              "non_striker": "RR Patel",
              "runs": {
                "batter": 0,
                "extras": 0,
                "total": 0
              }
            },
            {
              "batter": "NM Odhiambo",
              "bowler": "JJ Smit",
              "non_striker": "RR Patel",
              "runs": {
                "batter": 0,
                "extras": 0,
                "total": 0
              }
            },
            {
              "batter": "NM Odhiambo",
              "bowler": "JJ Smit",
              "non_striker": "RR Patel",
              "runs": {
                "batter": 0,
                "extras": 0,
                "total": 0
              }
            },
            {
              "batter": "NM Odhiambo",
              "bowler": "JJ Smit",
              "non_striker": "RR Patel",
              "runs": {
                "batter": 0,
                "extras": 0,
                "total": 0
              }
            },
            {
              "batter": "NM Odhiambo",
              "bowler": "JJ Smit",
              "non_striker": "RR Patel",
              "runs": {
                "batter": 0,
                "extras": 0,
                "total": 0
              }
            },
            {
              "batter": "NM Odhiambo",
              "bowler": "JJ Smit",
              "non_striker": "RR Patel",
              "runs": {
                "batter": 1,
                "extras": 0,
                "total": 1
              }
            }
          ]
        },
        {
          "over": 25,
          "deliveries": [
            {
              "batter": "NM Odhiambo",
              "bowler": "JN Frylinck",
              "non_striker": "RR Patel",
              "runs": {
                "batter": 0,
                "extras": 0,
                "total": 0
              }
            },
            {
              "batter": "NM Odhiambo",
              "bowler": "JN Frylinck",
              "non_striker": "RR Patel",
              "runs": {
                "batter": 0,
                "extras": 0,
                "total": 0
              }
            },
            {
              "batter": "NM Odhiambo",
              "bowler": "JN Frylinck",
              "non_striker": "RR Patel",
              "runs": {
                "batter": 0,
                "extras": 0,
                "total": 0
              }
            },
            {
              "batter": "NM Odhiambo",
              "bowler": "JN Frylinck",
              "non_striker": "RR Patel",
              "runs": {
                "batter": 0,
                "extras": 0,
                "total": 0
              }
            },
            {
              "batter": "NM Odhiambo",
              "bowler": "JN Frylinck",
              "non_striker": "RR Patel",
              "runs": {
                "batter": 0,
                "extras": 0,
                "total": 0
              }
            },
            {
              "batter": "NM Odhiambo",
              "bowler": "JN Frylinck",
              "non_striker": "RR Patel",
              "runs": {
                "batter": 1,
                "extras": 0,
                "total": 1
              }
            }
          ]
        },
        {
          "over": 26,
          "deliveries": [
            {
              "batter": "NM Odhiambo",
              "bowler": "CG Williams",
              "extras": {
                "wides": 1
              },
              "non_striker": "RR Patel",
              "runs": {
                "batter": 0,
                "extras": 1,
                "total": 1
              }
            },
            {
              "batter": "NM Odhiambo",
              "bowler": "CG Williams",
              "non_striker": "RR Patel",
              "runs": {
                "batter": 1,
                "extras": 0,
                "total": 1
              }
            },
            {
              "batter": "RR Patel",
              "bowler": "CG Williams",
              "non_striker": "NM Odhiambo",
              "runs": {
                "batter": 0,
                "extras": 0,
                "total": 0
              }
            },
            {
              "batter": "RR Patel",
              "bowler": "CG Williams",
              "non_striker": "NM Odhiambo",
              "runs": {
                "batter": 1,
                "extras": 0,
                "total": 1
              }
            },
            {
              "batter": "NM Odhiambo",
              "bowler": "CG Williams",
              "non_striker": "RR Patel",
              "runs": {
                "batter": 2,
                "extras": 0,
                "total": 2
              }
            },
            {
              "batter": "NM Odhiambo",
              "bowler": "CG Williams",
              "non_striker": "RR Patel",
              "runs": {
                "batter": 0,
                "extras": 0,
                "total": 0
              }
            },
            {
              "batter": "NM Odhiambo",
              "bowler": "CG Williams",
              "non_striker": "RR Patel",
              "runs": {
                "batter": 0,
                "extras": 0,
                "total": 0
              }
            }
          ]
        },
        {
          "over": 27,
          "deliveries": [
            {
              "batter": "RR Patel",
              "bowler": "T Lungameni",
              "non_striker": "NM Odhiambo",
              "runs": {
                "batter": 0,
                "extras": 0,
                "total": 0
              }
            },
            {
              "batter": "RR Patel",
              "bowler": "T Lungameni",
              "non_striker": "NM Odhiambo",
              "runs": {
                "batter": 0,
                "extras": 0,
                "total": 0
              }
            },
            {
              "batter": "RR Patel",
              "bowler": "T Lungameni",
              "non_striker": "NM Odhiambo",
              "runs": {
                "batter": 0,
                "extras": 0,
                "total": 0
              }
            },
            {
              "batter": "RR Patel",
              "bowler": "T Lungameni",
              "non_striker": "NM Odhiambo",
              "runs": {
                "batter": 0,
                "extras": 0,
                "total": 0
              }
            },
            {
              "batter": "RR Patel",
              "bowler": "T Lungameni",
              "non_striker": "NM Odhiambo",
              "runs": {
                "batter": 0,
                "extras": 0,
                "total": 0
              }
            },
            {
              "batter": "RR Patel",
              "bowler": "T Lungameni",
              "non_striker": "NM Odhiambo",
              "runs": {
                "batter": 1,
                "extras": 0,
                "total": 1
              }
            }
          ]
        },
        {
          "over": 28,
          "deliveries": [
            {
              "batter": "RR Patel",
              "bowler": "CG Williams",
              "non_striker": "NM Odhiambo",
              "runs": {
                "batter": 0,
                "extras": 0,
                "total": 0
              }
            },
            {
              "batter": "RR Patel",
              "bowler": "CG Williams",
              "non_striker": "NM Odhiambo",
              "runs": {
                "batter": 0,
                "extras": 0,
                "total": 0
              }
            },
            {
              "batter": "RR Patel",
              "bowler": "CG Williams",
              "non_striker": "NM Odhiambo",
              "runs": {
                "batter": 0,
                "extras": 0,
                "total": 0
              }
            },
            {
              "batter": "RR Patel",
              "bowler": "CG Williams",
              "non_striker": "NM Odhiambo",
              "runs": {
                "batter": 4,
                "extras": 0,
                "total": 4
              }
            },
            {
              "batter": "RR Patel",
              "bowler": "CG Williams",
              "non_striker": "NM Odhiambo",
              "runs": {
                "batter": 1,
                "extras": 0,
                "total": 1
              }
            },
            {
              "batter": "NM Odhiambo",
              "bowler": "CG Williams",
              "non_striker": "RR Patel",
              "runs": {
                "batter": 1,
                "extras": 0,
                "total": 1
              }
            }
          ]
        },
        {
          "over": 29,
          "deliveries": [
            {
              "batter": "NM Odhiambo",
              "bowler": "BM Scholtz",
              "non_striker": "RR Patel",
              "runs": {
                "batter": 0,
                "extras": 0,
                "total": 0
              }
            },
            {
              "batter": "NM Odhiambo",
              "bowler": "BM Scholtz",
              "non_striker": "RR Patel",
              "runs": {
                "batter": 0,
                "extras": 0,
                "total": 0
              }
            },
            {
              "batter": "NM Odhiambo",
              "bowler": "BM Scholtz",
              "non_striker": "RR Patel",
              "runs": {
                "batter": 0,
                "extras": 0,
                "total": 0
              }
            },
            {
              "batter": "NM Odhiambo",
              "bowler": "BM Scholtz",
              "non_striker": "RR Patel",
              "runs": {
                "batter": 1,
                "extras": 0,
                "total": 1
              }
            },
            {
              "batter": "RR Patel",
              "bowler": "BM Scholtz",
              "non_striker": "NM Odhiambo",
              "runs": {
                "batter": 0,
                "extras": 0,
                "total": 0
              }
            },
            {
              "batter": "RR Patel",
              "bowler": "BM Scholtz",
              "non_striker": "NM Odhiambo",
              "runs": {
                "batter": 0,
                "extras": 0,
                "total": 0
              },
              "wickets": [
                {
                  "player_out": "RR Patel",
                  "kind": "lbw"
                }
              ]
            }
          ]
        },
        {
          "over": 30,
          "deliveries": [
            {
              "batter": "NM Odhiambo",
              "bowler": "CG Williams",
              "non_striker": "NN Odhiambo",
              "runs": {
                "batter": 1,
                "extras": 0,
                "total": 1
              }
            },
            {
              "batter": "NN Odhiambo",
              "bowler": "CG Williams",
              "non_striker": "NM Odhiambo",
              "runs": {
                "batter": 0,
                "extras": 0,
                "total": 0
              }
            },
            {
              "batter": "NN Odhiambo",
              "bowler": "CG Williams",
              "non_striker": "NM Odhiambo",
              "runs": {
                "batter": 0,
                "extras": 0,
                "total": 0
              }
            },
            {
              "batter": "NN Odhiambo",
              "bowler": "CG Williams",
              "non_striker": "NM Odhiambo",
              "runs": {
                "batter": 0,
                "extras": 0,
                "total": 0
              }
            },
            {
              "batter": "NN Odhiambo",
              "bowler": "CG Williams",
              "non_striker": "NM Odhiambo",
              "runs": {
                "batter": 0,
                "extras": 0,
                "total": 0
              },
              "wickets": [
                {
                  "player_out": "NN Odhiambo",
                  "fielders": [
                    {
                      "name": "SF Burger"
                    }
                  ],
                  "kind": "caught"
                }
              ]
            },
            {
              "batter": "HA Varaiya",
              "bowler": "CG Williams",
              "non_striker": "NM Odhiambo",
              "runs": {
                "batter": 0,
                "extras": 0,
                "total": 0
              }
            }
          ]
        },
        {
          "over": 31,
          "deliveries": [
            {
              "batter": "NM Odhiambo",
              "bowler": "BM Scholtz",
              "non_striker": "HA Varaiya",
              "runs": {
                "batter": 2,
                "extras": 0,
                "total": 2
              }
            },
            {
              "batter": "NM Odhiambo",
              "bowler": "BM Scholtz",
              "non_striker": "HA Varaiya",
              "runs": {
                "batter": 0,
                "extras": 0,
                "total": 0
              }
            },
            {
              "batter": "NM Odhiambo",
              "bowler": "BM Scholtz",
              "non_striker": "HA Varaiya",
              "runs": {
                "batter": 0,
                "extras": 0,
                "total": 0
              }
            },
            {
              "batter": "NM Odhiambo",
              "bowler": "BM Scholtz",
              "non_striker": "HA Varaiya",
              "runs": {
                "batter": 0,
                "extras": 0,
                "total": 0
              }
            },
            {
              "batter": "NM Odhiambo",
              "bowler": "BM Scholtz",
              "non_striker": "HA Varaiya",
              "runs": {
                "batter": 1,
                "extras": 0,
                "total": 1
              }
            },
            {
              "batter": "HA Varaiya",
              "bowler": "BM Scholtz",
              "non_striker": "NM Odhiambo",
              "runs": {
                "batter": 0,
                "extras": 0,
                "total": 0
              }
            }
          ]
        },
        {
          "over": 32,
          "deliveries": [
            {
              "batter": "NM Odhiambo",
              "bowler": "CG Williams",
              "non_striker": "HA Varaiya",
              "runs": {
                "batter": 0,
                "extras": 0,
                "total": 0
              }
            },
            {
              "batter": "NM Odhiambo",
              "bowler": "CG Williams",
              "non_striker": "HA Varaiya",
              "runs": {
                "batter": 0,
                "extras": 0,
                "total": 0
              }
            },
            {
              "batter": "NM Odhiambo",
              "bowler": "CG Williams",
              "non_striker": "HA Varaiya",
              "runs": {
                "batter": 0,
                "extras": 0,
                "total": 0
              }
            },
            {
              "batter": "NM Odhiambo",
              "bowler": "CG Williams",
              "non_striker": "HA Varaiya",
              "runs": {
                "batter": 0,
                "extras": 0,
                "total": 0
              }
            },
            {
              "batter": "NM Odhiambo",
              "bowler": "CG Williams",
              "non_striker": "HA Varaiya",
              "runs": {
                "batter": 1,
                "extras": 0,
                "total": 1
              }
            },
            {
              "batter": "HA Varaiya",
              "bowler": "CG Williams",
              "non_striker": "NM Odhiambo",
              "runs": {
                "batter": 0,
                "extras": 0,
                "total": 0
              }
            }
          ]
        },
        {
          "over": 33,
          "deliveries": [
            {
              "batter": "NM Odhiambo",
              "bowler": "BM Scholtz",
              "non_striker": "HA Varaiya",
              "runs": {
                "batter": 0,
                "extras": 0,
                "total": 0
              }
            },
            {
              "batter": "NM Odhiambo",
              "bowler": "BM Scholtz",
              "non_striker": "HA Varaiya",
              "runs": {
                "batter": 0,
                "extras": 0,
                "total": 0
              }
            },
            {
              "batter": "NM Odhiambo",
              "bowler": "BM Scholtz",
              "non_striker": "HA Varaiya",
              "runs": {
                "batter": 1,
                "extras": 0,
                "total": 1
              }
            },
            {
              "batter": "HA Varaiya",
              "bowler": "BM Scholtz",
              "non_striker": "NM Odhiambo",
              "runs": {
                "batter": 0,
                "extras": 0,
                "total": 0
              }
            },
            {
              "batter": "HA Varaiya",
              "bowler": "BM Scholtz",
              "non_striker": "NM Odhiambo",
              "runs": {
                "batter": 0,
                "extras": 0,
                "total": 0
              }
            },
            {
              "batter": "HA Varaiya",
              "bowler": "BM Scholtz",
              "non_striker": "NM Odhiambo",
              "runs": {
                "batter": 0,
                "extras": 0,
                "total": 0
              }
            }
          ]
        },
        {
          "over": 34,
          "deliveries": [
            {
              "batter": "NM Odhiambo",
              "bowler": "SF Burger",
              "non_striker": "HA Varaiya",
              "runs": {
                "batter": 0,
                "extras": 0,
                "total": 0
              },
              "wickets": [
                {
                  "player_out": "NM Odhiambo",
                  "fielders": [
                    {
                      "name": "CG Williams"
                    }
                  ],
                  "kind": "caught"
                }
              ]
            },
            {
              "batter": "SO Ngoche",
              "bowler": "SF Burger",
              "non_striker": "HA Varaiya",
              "runs": {
                "batter": 1,
                "extras": 0,
                "total": 1
              }
            },
            {
              "batter": "HA Varaiya",
              "bowler": "SF Burger",
              "non_striker": "SO Ngoche",
              "runs": {
                "batter": 0,
                "extras": 0,
                "total": 0
              }
            },
            {
              "batter": "HA Varaiya",
              "bowler": "SF Burger",
              "non_striker": "SO Ngoche",
              "runs": {
                "batter": 0,
                "extras": 0,
                "total": 0
              }
            },
            {
              "batter": "HA Varaiya",
              "bowler": "SF Burger",
              "non_striker": "SO Ngoche",
              "runs": {
                "batter": 1,
                "extras": 0,
                "total": 1
              }
            },
            {
              "batter": "SO Ngoche",
              "bowler": "SF Burger",
              "non_striker": "HA Varaiya",
              "runs": {
                "batter": 4,
                "extras": 0,
                "total": 4
              }
            }
          ]
        },
        {
          "over": 35,
          "deliveries": [
            {
              "batter": "HA Varaiya",
              "bowler": "BM Scholtz",
              "non_striker": "SO Ngoche",
              "runs": {
                "batter": 1,
                "extras": 0,
                "total": 1
              }
            },
            {
              "batter": "SO Ngoche",
              "bowler": "BM Scholtz",
              "non_striker": "HA Varaiya",
              "runs": {
                "batter": 0,
                "extras": 0,
                "total": 0
              }
            },
            {
              "batter": "SO Ngoche",
              "bowler": "BM Scholtz",
              "non_striker": "HA Varaiya",
              "runs": {
                "batter": 1,
                "extras": 0,
                "total": 1
              }
            },
            {
              "batter": "HA Varaiya",
              "bowler": "BM Scholtz",
              "non_striker": "SO Ngoche",
              "runs": {
                "batter": 0,
                "extras": 0,
                "total": 0
              }
            },
            {
              "batter": "HA Varaiya",
              "bowler": "BM Scholtz",
              "non_striker": "SO Ngoche",
              "runs": {
                "batter": 0,
                "extras": 0,
                "total": 0
              }
            },
            {
              "batter": "HA Varaiya",
              "bowler": "BM Scholtz",
              "non_striker": "SO Ngoche",
              "runs": {
                "batter": 0,
                "extras": 0,
                "total": 0
              }
            }
          ]
        },
        {
          "over": 36,
          "deliveries": [
            {
              "batter": "SO Ngoche",
              "bowler": "SF Burger",
              "non_striker": "HA Varaiya",
              "runs": {
                "batter": 0,
                "extras": 0,
                "total": 0
              }
            },
            {
              "batter": "SO Ngoche",
              "bowler": "SF Burger",
              "non_striker": "HA Varaiya",
              "runs": {
                "batter": 0,
                "extras": 0,
                "total": 0
              }
            },
            {
              "batter": "SO Ngoche",
              "bowler": "SF Burger",
              "non_striker": "HA Varaiya",
              "runs": {
                "batter": 2,
                "extras": 0,
                "total": 2
              }
            },
            {
              "batter": "SO Ngoche",
              "bowler": "SF Burger",
              "non_striker": "HA Varaiya",
              "runs": {
                "batter": 2,
                "extras": 0,
                "total": 2
              }
            },
            {
              "batter": "SO Ngoche",
              "bowler": "SF Burger",
              "non_striker": "HA Varaiya",
              "runs": {
                "batter": 0,
                "extras": 0,
                "total": 0
              }
            },
            {
              "batter": "SO Ngoche",
              "bowler": "SF Burger",
              "non_striker": "HA Varaiya",
              "runs": {
                "batter": 0,
                "extras": 0,
                "total": 0
              },
              "wickets": [
                {
                  "player_out": "SO Ngoche",
                  "fielders": [
                    {
                      "name": "JJ Smit"
                    }
                  ],
                  "kind": "caught"
                }
              ]
            }
          ]
        },
        {
          "over": 37,
          "deliveries": [
            {
              "batter": "HA Varaiya",
              "bowler": "T Lungameni",
              "extras": {
                "legbyes": 1
              },
              "non_striker": "EB Ringera",
              "runs": {
                "batter": 0,
                "extras": 1,
                "total": 1
              }
            },
            {
              "batter": "EB Ringera",
              "bowler": "T Lungameni",
              "non_striker": "HA Varaiya",
              "runs": {
                "batter": 1,
                "extras": 0,
                "total": 1
              }
            },
            {
              "batter": "HA Varaiya",
              "bowler": "T Lungameni",
              "extras": {
                "legbyes": 1
              },
              "non_striker": "EB Ringera",
              "runs": {
                "batter": 0,
                "extras": 1,
                "total": 1
              }
            },
            {
              "batter": "EB Ringera",
              "bowler": "T Lungameni",
              "non_striker": "HA Varaiya",
              "runs": {
                "batter": 0,
                "extras": 0,
                "total": 0
              }
            },
            {
              "batter": "EB Ringera",
              "bowler": "T Lungameni",
              "non_striker": "HA Varaiya",
              "runs": {
                "batter": 0,
                "extras": 0,
                "total": 0
              }
            },
            {
              "batter": "EB Ringera",
              "bowler": "T Lungameni",
              "non_striker": "HA Varaiya",
              "runs": {
                "batter": 0,
                "extras": 0,
                "total": 0
              }
            }
          ]
        },
        {
          "over": 38,
          "deliveries": [
            {
              "batter": "HA Varaiya",
              "bowler": "JJ Smit",
              "non_striker": "EB Ringera",
              "runs": {
                "batter": 2,
                "extras": 0,
                "total": 2
              }
            },
            {
              "batter": "HA Varaiya",
              "bowler": "JJ Smit",
              "non_striker": "EB Ringera",
              "runs": {
                "batter": 0,
                "extras": 0,
                "total": 0
              }
            },
            {
              "batter": "HA Varaiya",
              "bowler": "JJ Smit",
              "non_striker": "EB Ringera",
              "runs": {
                "batter": 0,
                "extras": 0,
                "total": 0
              }
            },
            {
              "batter": "HA Varaiya",
              "bowler": "JJ Smit",
              "non_striker": "EB Ringera",
              "runs": {
                "batter": 0,
                "extras": 0,
                "total": 0
              }
            },
            {
              "batter": "HA Varaiya",
              "bowler": "JJ Smit",
              "non_striker": "EB Ringera",
              "runs": {
                "batter": 0,
                "extras": 0,
                "total": 0
              },
              "wickets": [
                {
                  "player_out": "HA Varaiya",
                  "fielders": [
                    {
                      "name": "MG Erasmus"
                    }
                  ],
                  "kind": "caught"
                }
              ]
            }
          ]
        }
      ],
      "powerplays": [
        {
          "from": 0.1,
          "to": 8.6,
          "type": "mandatory"
        },
        {
          "from": 9.1,
          "to": 35.6,
          "type": "mandatory"
        },
        {
          "from": 36.1,
          "to": 38.5,
          "type": "mandatory"
        }
      ]
    },
    {
      "team": "Namibia",
      "overs": [
        {
          "over": 0,
          "deliveries": [
            {
              "batter": "SJ Baard",
              "bowler": "NN Odhiambo",
              "non_striker": "L Louwrens",
              "runs": {
                "batter": 0,
                "extras": 0,
                "total": 0
              }
            },
            {
              "batter": "SJ Baard",
              "bowler": "NN Odhiambo",
              "non_striker": "L Louwrens",
              "runs": {
                "batter": 0,
                "extras": 0,
                "total": 0
              }
            },
            {
              "batter": "SJ Baard",
              "bowler": "NN Odhiambo",
              "non_striker": "L Louwrens",
              "runs": {
                "batter": 1,
                "extras": 0,
                "total": 1
              }
            },
            {
              "batter": "L Louwrens",
              "bowler": "NN Odhiambo",
              "non_striker": "SJ Baard",
              "runs": {
                "batter": 0,
                "extras": 0,
                "total": 0
              }
            },
            {
              "batter": "L Louwrens",
              "bowler": "NN Odhiambo",
              "non_striker": "SJ Baard",
              "runs": {
                "batter": 0,
                "extras": 0,
                "total": 0
              }
            },
            {
              "batter": "L Louwrens",
              "bowler": "NN Odhiambo",
              "non_striker": "SJ Baard",
              "runs": {
                "batter": 1,
                "extras": 0,
                "total": 1
              }
            }
          ]
        },
        {
          "over": 1,
          "deliveries": [
            {
              "batter": "L Louwrens",
              "bowler": "NM Odhiambo",
              "non_striker": "SJ Baard",
              "runs": {
                "batter": 2,
                "extras": 0,
                "total": 2
              }
            },
            {
              "batter": "L Louwrens",
              "bowler": "NM Odhiambo",
              "extras": {
                "legbyes": 2
              },
              "non_striker": "SJ Baard",
              "runs": {
                "batter": 0,
                "extras": 2,
                "total": 2
              }
            },
            {
              "batter": "L Louwrens",
              "bowler": "NM Odhiambo",
              "non_striker": "SJ Baard",
              "runs": {
                "batter": 0,
                "extras": 0,
                "total": 0
              }
            },
            {
              "batter": "L Louwrens",
              "bowler": "NM Odhiambo",
              "non_striker": "SJ Baard",
              "runs": {
                "batter": 0,
                "extras": 0,
                "total": 0
              }
            },
            {
              "batter": "L Louwrens",
              "bowler": "NM Odhiambo",
              "non_striker": "SJ Baard",
              "runs": {
                "batter": 0,
                "extras": 0,
                "total": 0
              }
            },
            {
              "batter": "L Louwrens",
              "bowler": "NM Odhiambo",
              "non_striker": "SJ Baard",
              "runs": {
                "batter": 0,
                "extras": 0,
                "total": 0
              }
            }
          ]
        },
        {
          "over": 2,
          "deliveries": [
            {
              "batter": "SJ Baard",
              "bowler": "NN Odhiambo",
              "non_striker": "L Louwrens",
              "runs": {
                "batter": 0,
                "extras": 0,
                "total": 0
              }
            },
            {
              "batter": "SJ Baard",
              "bowler": "NN Odhiambo",
              "non_striker": "L Louwrens",
              "runs": {
                "batter": 0,
                "extras": 0,
                "total": 0
              }
            },
            {
              "batter": "SJ Baard",
              "bowler": "NN Odhiambo",
              "non_striker": "L Louwrens",
              "runs": {
                "batter": 0,
                "extras": 0,
                "total": 0
              }
            },
            {
              "batter": "SJ Baard",
              "bowler": "NN Odhiambo",
              "non_striker": "L Louwrens",
              "runs": {
                "batter": 1,
                "extras": 0,
                "total": 1
              }
            },
            {
              "batter": "L Louwrens",
              "bowler": "NN Odhiambo",
              "non_striker": "SJ Baard",
              "runs": {
                "batter": 1,
                "extras": 0,
                "total": 1
              }
            },
            {
              "batter": "SJ Baard",
              "bowler": "NN Odhiambo",
              "non_striker": "L Louwrens",
              "runs": {
                "batter": 1,
                "extras": 0,
                "total": 1
              }
            }
          ]
        },
        {
          "over": 3,
          "deliveries": [
            {
              "batter": "SJ Baard",
              "bowler": "NM Odhiambo",
              "non_striker": "L Louwrens",
              "runs": {
                "batter": 1,
                "extras": 0,
                "total": 1
              }
            },
            {
              "batter": "L Louwrens",
              "bowler": "NM Odhiambo",
              "non_striker": "SJ Baard",
              "runs": {
                "batter": 0,
                "extras": 0,
                "total": 0
              }
            },
            {
              "batter": "L Louwrens",
              "bowler": "NM Odhiambo",
              "non_striker": "SJ Baard",
              "runs": {
                "batter": 0,
                "extras": 0,
                "total": 0
              }
            },
            {
              "batter": "L Louwrens",
              "bowler": "NM Odhiambo",
              "non_striker": "SJ Baard",
              "runs": {
                "batter": 0,
                "extras": 0,
                "total": 0
              }
            },
            {
              "batter": "L Louwrens",
              "bowler": "NM Odhiambo",
              "non_striker": "SJ Baard",
              "runs": {
                "batter": 4,
                "extras": 0,
                "total": 4
              }
            },
            {
              "batter": "L Louwrens",
              "bowler": "NM Odhiambo",
              "non_striker": "SJ Baard",
              "runs": {
                "batter": 0,
                "extras": 0,
                "total": 0
              }
            }
          ]
        },
        {
          "over": 4,
          "deliveries": [
            {
              "batter": "SJ Baard",
              "bowler": "NN Odhiambo",
              "non_striker": "L Louwrens",
              "runs": {
                "batter": 1,
                "extras": 0,
                "total": 1
              }
            },
            {
              "batter": "L Louwrens",
              "bowler": "NN Odhiambo",
              "non_striker": "SJ Baard",
              "runs": {
                "batter": 0,
                "extras": 0,
                "total": 0
              }
            },
            {
              "batter": "L Louwrens",
              "bowler": "NN Odhiambo",
              "non_striker": "SJ Baard",
              "runs": {
                "batter": 0,
                "extras": 0,
                "total": 0
              }
            },
            {
              "batter": "L Louwrens",
              "bowler": "NN Odhiambo",
              "non_striker": "SJ Baard",
              "runs": {
                "batter": 0,
                "extras": 0,
                "total": 0
              }
            },
            {
              "batter": "L Louwrens",
              "bowler": "NN Odhiambo",
              "non_striker": "SJ Baard",
              "runs": {
                "batter": 0,
                "extras": 0,
                "total": 0
              }
            },
            {
              "batter": "L Louwrens",
              "bowler": "NN Odhiambo",
              "non_striker": "SJ Baard",
              "runs": {
                "batter": 0,
                "extras": 0,
                "total": 0
              }
            }
          ]
        }
      ],
      "powerplays": [
        {
          "from": 0.1,
          "to": 4.6,
          "type": "mandatory"
        }
      ],
      "target": {
        "overs": 45,
        "runs": 84
      }
    }
  ]
}