{
  "meta": {
    "data_version": "1.0.0",
    "created": "2020-10-02",
    "revision": 1
  },
  "info": {
    "balls_per_over": 6,
    "city": "Harare",
    "dates": [
      "2018-03-15"
    ],
    "event": {
      "name": "ICC Cricket World Cup Qualifier",
      "match_number": 23,
      "stage": "Play-off"
    },
    "gender": "male",
    "match_type": "ODM",
    "officials": {
      "umpires": [
        "Sharfuddoula",
        "L Rusere"
      ]
    },
    "outcome": {
      "winner": "Nepal",
      "by": {
        "wickets": 6
      }
    },
    "overs": 50,
    "player_of_match": [
      "DS Airee"
    ],
    "players": {
      "Papua New Guinea": [
        "TP Ura",
        "A Vala",
        "CA Soper",
        "S Bau",
        "MD Dai",
        "K Doriga",
        "CJA Amini",
        "J Kila",
        "N Vanua",
        "JB Reva",
        "A Nao"
      ],
      "Nepal": [
        "G Malla",
        "AK Sah",
        "P Khadka",
        "DS Airee",
        "Aarif Sheikh",
        "RK Paudel",
        "Sompal Kami",
        "Karan KC",
        "B Regmi",
        "S Lamichhane",
        "LN Rajbanshi"
      ]
    },
    "registry": {
      "people": {
        "A Nao": "4d1ec7eb",
        "A Vala": "72e60730",
        "AK Sah": "5b1d6583",
        "Aarif Sheikh": "cd4d7695",
        "B Regmi": "98d05440",
        "CA Soper": "9920dd86",
        "CJA Amini": "4d84ad05",
        "DS Airee": "1747ea18",
        "G Malla": "b2e1d224",
        "J Kila": "d996ba33",
        "JB Reva": "6a685375",
        "K Doriga": "365229a8",
        "Karan KC": "f53b3e1d",
        "L Rusere": "6a4734ae",
        "LN Rajbanshi": "6ad2d5f7",
        "MD Dai": "5be810ba",
        "N Vanua": "a36915ce",
        "P Khadka": "12c3ba4d",
        "RK Paudel": "1a3cc554",
        "S Bau": "9a95bebb",
        "S Lamichhane": "b410bd3d",
        "Sharfuddoula": "63896abb",
        "Sompal Kami": "1adb8ee8",
        "TP Ura": "a82eb3fb"
      }
    },
    "season": "2017/18",
    "team_type": "international",
    "teams": [
      "Papua New Guinea",
      "Nepal"
    ],
    "toss": {
      "decision": "field",
      "winner": "Nepal"
    },
    "venue": "Old Hararians Sports Club"
  },
  "innings": [
    {
      "team": "Papua New Guinea",
      "overs": [
        {
          "over": 0,
          "deliveries": [
            {
              "batter": "TP Ura",
              "bowler": "Sompal Kami",
              "non_striker": "A Vala",
              "runs": {
                "batter": 0,
                "extras": 0,
                "total": 0
              }
            },
            {
              "batter": "TP Ura",
              "bowler": "Sompal Kami",
              "non_striker": "A Vala",
              "runs": {
                "batter": 0,
                "extras": 0,
                "total": 0
              }
            },
            {
              "batter": "TP Ura",
              "bowler": "Sompal Kami",
              "non_striker": "A Vala",
              "runs": {
                "batter": 0,
                "extras": 0,
                "total": 0
              }
            },
            {
              "batter": "TP Ura",
              "bowler": "Sompal Kami",
              "non_striker": "A Vala",
              "runs": {
                "batter": 0,
                "extras": 0,
                "total": 0
              }
            },
            {
              "batter": "TP Ura",
              "bowler": "Sompal Kami",
              "non_striker": "A Vala",
              "runs": {
                "batter": 0,
                "extras": 0,
                "total": 0
              }
            },
            {
              "batter": "TP Ura",
              "bowler": "Sompal Kami",
              "non_striker": "A Vala",
              "runs": {
                "batter": 0,
                "extras": 0,
                "total": 0
              }
            }
          ]
        },
        {
          "over": 1,
          "deliveries": [
            {
              "batter": "A Vala",
              "bowler": "Karan KC",
              "non_striker": "TP Ura",
              "runs": {
                "batter": 1,
                "extras": 0,
                "total": 1
              }
            },
            {
              "batter": "TP Ura",
              "bowler": "Karan KC",
              "extras": {
                "wides": 1
              },
              "non_striker": "A Vala",
              "runs": {
                "batter": 0,
                "extras": 1,
                "total": 1
              }
            },
            {
              "batter": "TP Ura",
              "bowler": "Karan KC",
              "non_striker": "A Vala",
              "runs": {
                "batter": 1,
                "extras": 0,
                "total": 1
              }
            },
            {
              "batter": "A Vala",
              "bowler": "Karan KC",
              "non_striker": "TP Ura",
              "runs": {
                "batter": 4,
                "extras": 0,
                "total": 4
              }
            },
            {
              "batter": "A Vala",
              "bowler": "Karan KC",
              "non_striker": "TP Ura",
              "runs": {
                "batter": 0,
                "extras": 0,
                "total": 0
              }
            },
            {
              "batter": "A Vala",
              "bowler": "Karan KC",
              "non_striker": "TP Ura",
              "runs": {
                "batter": 1,
                "extras": 0,
                "total": 1
              }
            },
            {
              "batter": "TP Ura",
              "bowler": "Karan KC",
              "non_striker": "A Vala",
              "runs": {
                "batter": 0,
                "extras": 0,
                "total": 0
              }
            }
          ]
        },
        {
          "over": 2,
          "deliveries": [
            {
              "batter": "A Vala",
              "bowler": "Sompal Kami",
              "non_striker": "TP Ura",
              "runs": {
                "batter": 0,
                "extras": 0,
                "total": 0
              }
            },
            {
              "batter": "A Vala",
              "bowler": "Sompal Kami",
              "non_striker": "TP Ura",
              "runs": {
                "batter": 4,
                "extras": 0,
                "total": 4
              }
            },
            {
              "batter": "A Vala",
              "bowler": "Sompal Kami",
              "non_striker": "TP Ura",
              "runs": {
                "batter": 0,
                "extras": 0,
                "total": 0
              },
              "wickets": [
                {
                  "player_out": "A Vala",
                  "kind": "lbw"
                }
              ]
            },
            {
              "batter": "CA Soper",
              "bowler": "Sompal Kami",
              "non_striker": "TP Ura",
              "runs": {
                "batter": 0,
                "extras": 0,
                "total": 0
              }
            },
            {
              "batter": "CA Soper",
              "bowler": "Sompal Kami",
              "non_striker": "TP Ura",
              "runs": {
                "batter": 0,
                "extras": 0,
                "total": 0
              }
            },
            {
              "batter": "CA Soper",
              "bowler": "Sompal Kami",
              "non_striker": "TP Ura",
              "runs": {
                "batter": 0,
                "extras": 0,
                "total": 0
              }
            }
          ]
        },
        {
          "over": 3,
          "deliveries": [
            {
              "batter": "TP Ura",
              "bowler": "Karan KC",
              "non_striker": "CA Soper",
              "runs": {
                "batter": 0,
                "extras": 0,
                "total": 0
              }
            },
            {
              "batter": "TP Ura",
              "bowler": "Karan KC",
              "non_striker": "CA Soper",
              "runs": {
                "batter": 0,
                "extras": 0,
                "total": 0
              }
            },
            {
              "batter": "TP Ura",
              "bowler": "Karan KC",
              "non_striker": "CA Soper",
              "runs": {
                "batter": 0,
                "extras": 0,
                "total": 0
              }
            },
            {
              "batter": "TP Ura",
              "bowler": "Karan KC",
              "non_striker": "CA Soper",
              "runs": {
                "batter": 0,
                "extras": 0,
                "total": 0
              }
            },
            {
              "batter": "TP Ura",
              "bowler": "Karan KC",
              "non_striker": "CA Soper",
              "runs": {
                "batter": 0,
                "extras": 0,
                "total": 0
              }
            },
            {
              "batter": "TP Ura",
              "bowler": "Karan KC",
              "non_striker": "CA Soper",
              "runs": {
                "batter": 2,
                "extras": 0,
                "total": 2
              }
            }
          ]
        },
        {
          "over": 4,
          "deliveries": [
            {
              "batter": "CA Soper",
              "bowler": "Sompal Kami",
              "non_striker": "TP Ura",
              "runs": {
                "batter": 0,
                "extras": 0,
                "total": 0
              }
            },
            {
              "batter": "CA Soper",
              "bowler": "Sompal Kami",
              "non_striker": "TP Ura",
              "runs": {
                "batter": 1,
                "extras": 0,
                "total": 1
              }
            },
            {
              "batter": "TP Ura",
              "bowler": "Sompal Kami",
              "non_striker": "CA Soper",
              "runs": {
                "batter": 0,
                "extras": 0,
                "total": 0
              }
            },
            {
              "batter": "TP Ura",
              "bowler": "Sompal Kami",
              "non_striker": "CA Soper",
              "runs": {
                "batter": 0,
                "extras": 0,
                "total": 0
              }
            },
            {
              "batter": "TP Ura",
              "bowler": "Sompal Kami",
              "non_striker": "CA Soper",
              "runs": {
                "batter": 2,
                "extras": 0,
                "total": 2
              }
            },
            {
              "batter": "TP Ura",
              "bowler": "Sompal Kami",
              "non_striker": "CA Soper",
              "runs": {
                "batter": 0,
                "extras": 0,
                "total": 0
              }
            }
          ]
        },
        {
          "over": 5,
          "deliveries": [
            {
              "batter": "CA Soper",
              "bowler": "Karan KC",
              "non_striker": "TP Ura",
              "runs": {
                "batter": 0,
                "extras": 0,
                "total": 0
              }
            },
            {
              "batter": "CA Soper",
              "bowler": "Karan KC",
              "extras": {
                "wides": 1
              },
              "non_striker": "TP Ura",
              "runs": {
                "batter": 0,
                "extras": 1,
                "total": 1
              }
            },
            {
              "batter": "CA Soper",
              "bowler": "Karan KC",
              "non_striker": "TP Ura",
              "runs": {
                "batter": 0,
                "extras": 0,
                "total": 0
              }
            },
            {
              "batter": "CA Soper",
              "bowler": "Karan KC",
              "non_striker": "TP Ura",
              "runs": {
                "batter": 0,
                "extras": 0,
                "total": 0
              }
            },
            {
              "batter": "CA Soper",
              "bowler": "Karan KC",
              "non_striker": "TP Ura",
              "runs": {
                "batter": 0,
                "extras": 0,
                "total": 0
              }
            },
            {
              "batter": "CA Soper",
              "bowler": "Karan KC",
              "non_striker": "TP Ura",
              "runs": {
                "batter": 0,
                "extras": 0,
                "total": 0
              }
            },
            {
              "batter": "CA Soper",
              "bowler": "Karan KC",
              "non_striker": "TP Ura",
              "runs": {
                "batter": 0,
                "extras": 0,
                "total": 0
              }
            }
          ]
        },
        {
          "over": 6,
          "deliveries": [
            {
              "batter": "TP Ura",
              "bowler": "Sompal Kami",
              "non_striker": "CA Soper",
              "runs": {
                "batter": 1,
                "extras": 0,
                "total": 1
              }
            },
            {
              "batter": "CA Soper",
              "bowler": "Sompal Kami",
              "non_striker": "TP Ura",
              "runs": {
                "batter": 0,
                "extras": 0,
                "total": 0
              }
            },
            {
              "batter": "CA Soper",
              "bowler": "Sompal Kami",
              "non_striker": "TP Ura",
              "runs": {
                "batter": 0,
                "extras": 0,
                "total": 0
              }
            },
            {
              "batter": "CA Soper",
              "bowler": "Sompal Kami",
              "extras": {
                "legbyes": 4
              },
              "non_striker": "TP Ura",
              "runs": {
                "batter": 0,
                "extras": 4,
                "total": 4
              }
            },
            {
              "batter": "CA Soper",
              "bowler": "Sompal Kami",
              "non_striker": "TP Ura",
              "runs": {
                "batter": 0,
                "extras": 0,
                "total": 0
              }
            },
            {
              "batter": "CA Soper",
              "bowler": "Sompal Kami",
              "non_striker": "TP Ura",
              "runs": {
                "batter": 0,
                "extras": 0,
                "total": 0
              }
            }
          ]
        },
        {
          "over": 7,
          "deliveries": [
            {
              "batter": "TP Ura",
              "bowler": "Karan KC",
              "non_striker": "CA Soper",
              "runs": {
                "batter": 0,
                "extras": 0,
                "total": 0
              }
            },
            {
              "batter": "TP Ura",
              "bowler": "Karan KC",
              "non_striker": "CA Soper",
              "runs": {
                "batter": 4,
                "extras": 0,
                "total": 4
              }
            },
            {
              "batter": "TP Ura",
              "bowler": "Karan KC",
              "non_striker": "CA Soper",
              "runs": {
                "batter": 1,
                "extras": 0,
                "total": 1
              }
            },
            {
              "batter": "CA Soper",
              "bowler": "Karan KC",
              "non_striker": "TP Ura",
              "runs": {
                "batter": 1,
                "extras": 0,
                "total": 1
              }
            },
            {
              "batter": "TP Ura",
              "bowler": "Karan KC",
              "non_striker": "CA Soper",
              "runs": {
                "batter": 0,
                "extras": 0,
                "total": 0
              },
              "wickets": [
                {
                  "player_out": "TP Ura",
                  "fielders": [
                    {
                      "name": "AK Sah"
                    }
                  ],
                  "kind": "caught"
                }
              ]
            },
            {
              "batter": "S Bau",
              "bowler": "Karan KC",
              "non_striker": "CA Soper",
              "runs": {
                "batter": 0,
                "extras": 0,
                "total": 0
              }
            }
          ]
        },
        {
          "over": 8,
          "deliveries": [
            {
              "batter": "CA Soper",
              "bowler": "Sompal Kami",
              "non_striker": "S Bau",
              "runs": {
                "batter": 0,
                "extras": 0,
                "total": 0
              }
            },
            {
              "batter": "CA Soper",
              "bowler": "Sompal Kami",
              "extras": {
                "legbyes": 1
              },
              "non_striker": "S Bau",
              "runs": {
                "batter": 0,
                "extras": 1,
                "total": 1
              }
            },
            {
              "batter": "S Bau",
              "bowler": "Sompal Kami",
              "non_striker": "CA Soper",
              "runs": {
                "batter": 0,
                "extras": 0,
                "total": 0
              }
            },
            {
              "batter": "S Bau",
              "bowler": "Sompal Kami",
              "non_striker": "CA Soper",
              "runs": {
                "batter": 0,
                "extras": 0,
                "total": 0
              }
            },
            {
              "batter": "S Bau",
              "bowler": "Sompal Kami",
              "non_striker": "CA Soper",
              "runs": {
                "batter": 4,
                "extras": 0,
                "total": 4
              }
            },
            {
              "batter": "S Bau",
              "bowler": "Sompal Kami",
              "non_striker": "CA Soper",
              "runs": {
                "batter": 0,
                "extras": 0,
                "total": 0
              }
            }
          ]
        },
        {
          "over": 9,
          "deliveries": [
            {
              "batter": "CA Soper",
              "bowler": "Karan KC",
              "non_striker": "S Bau",
              "runs": {
                "batter": 0,
                "extras": 0,
                "total": 0
              }
            },
            {
              "batter": "CA Soper",
              "bowler": "Karan KC",
              "non_striker": "S Bau",
              "runs": {
                "batter": 0,
                "extras": 0,
                "total": 0
              }
            },
            {
              "batter": "CA Soper",
              "bowler": "Karan KC",
              "non_striker": "S Bau",
              "runs": {
                "batter": 1,
                "extras": 0,
                "total": 1
              }
            },
            {
              "batter": "S Bau",
              "bowler": "Karan KC",
              "non_striker": "CA Soper",
              "runs": {
                "batter": 0,
                "extras": 0,
                "total": 0
              }
            },
            {
              "batter": "S Bau",
              "bowler": "Karan KC",
              "non_striker": "CA Soper",
              "runs": {
                "batter": 4,
                "extras": 0,
                "total": 4
              }
            },
            {
              "batter": "S Bau",
              "bowler": "Karan KC",
              "extras": {
                "noballs": 1
              },
              "non_striker": "CA Soper",
              "runs": {
                "batter": 0,
                "extras": 1,
                "total": 1
              }
            },
            {
              "batter": "S Bau",
              "bowler": "Karan KC",
              "extras": {
                "wides": 1
              },
              "non_striker": "CA Soper",
              "runs": {
                "batter": 0,
                "extras": 1,
                "total": 1
              }
            },
            {
              "batter": "S Bau",
              "bowler": "Karan KC",
              "non_striker": "CA Soper",
              "runs": {
                "batter": 0,
                "extras": 0,
                "total": 0
              }
            }
          ]
        },
        {
          "over": 10,
          "deliveries": [
            {
              "batter": "CA Soper",
              "bowler": "S Lamichhane",
              "non_striker": "S Bau",
              "runs": {
                "batter": 0,
                "extras": 0,
                "total": 0
              }
            },
            {
              "batter": "CA Soper",
              "bowler": "S Lamichhane",
              "non_striker": "S Bau",
              "runs": {
                "batter": 4,
                "extras": 0,
                "total": 4
              }
            },
            {
              "batter": "CA Soper",
              "bowler": "S Lamichhane",
              "non_striker": "S Bau",
              "runs": {
                "batter": 0,
                "extras": 0,
                "total": 0
              }
            },
            {
              "batter": "CA Soper",
              "bowler": "S Lamichhane",
              "non_striker": "S Bau",
              "runs": {
                "batter": 1,
                "extras": 0,
                "total": 1
              }
            },
            {
              "batter": "S Bau",
              "bowler": "S Lamichhane",
              "non_striker": "CA Soper",
              "runs": {
                "batter": 0,
                "extras": 0,
                "total": 0
              }
            },
            {
              "batter": "S Bau",
              "bowler": "S Lamichhane",
              "non_striker": "CA Soper",
              "runs": {
                "batter": 0,
                "extras": 0,
                "total": 0
              }
            }
          ]
        },
        {
          "over": 11,
          "deliveries": [
            {
              "batter": "CA Soper",
              "bowler": "B Regmi",
              "non_striker": "S Bau",
              "runs": {
                "batter": 0,
                "extras": 0,
                "total": 0
              }
            },
            {
              "batter": "CA Soper",
              "bowler": "B Regmi",
              "non_striker": "S Bau",
              "runs": {
                "batter": 0,
                "extras": 0,
                "total": 0
              }
            },
            {
              "batter": "CA Soper",
              "bowler": "B Regmi",
              "non_striker": "S Bau",
              "runs": {
                "batter": 0,
                "extras": 0,
                "total": 0
              }
            },
            {
              "batter": "CA Soper",
              "bowler": "B Regmi",
              "non_striker": "S Bau",
              "runs": {
                "batter": 0,
                "extras": 0,
                "total": 0
              }
            },
            {
              "batter": "CA Soper",
              "bowler": "B Regmi",
              "non_striker": "S Bau",
              "runs": {
                "batter": 0,
                "extras": 0,
                "total": 0
              }
            },
            {
              "batter": "CA Soper",
              "bowler": "B Regmi",
              "non_striker": "S Bau",
              "runs": {
                "batter": 2,
                "extras": 0,
                "total": 2
              }
            }
          ]
        },
        {
          "over": 12,
          "deliveries": [
            {
              "batter": "S Bau",
              "bowler": "S Lamichhane",
              "extras": {
                "byes": 3
              },
              "non_striker": "CA Soper",
              "runs": {
                "batter": 0,
                "extras": 3,
                "total": 3
              }
            },
            {
              "batter": "CA Soper",
              "bowler": "S Lamichhane",
              "non_striker": "S Bau",
              "runs": {
                "batter": 0,
                "extras": 0,
                "total": 0
              }
            },
            {
              "batter": "CA Soper",
              "bowler": "S Lamichhane",
              "non_striker": "S Bau",
              "runs": {
                "batter": 0,
                "extras": 0,
                "total": 0
              }
            },
            {
              "batter": "CA Soper",
              "bowler": "S Lamichhane",
              "non_striker": "S Bau",
              "runs": {
                "batter": 0,
                "extras": 0,
                "total": 0
              },
              "wickets": [
                {
                  "player_out": "CA Soper",
                  "kind": "lbw"
                }
              ]
            },
            {
              "batter": "MD Dai",
              "bowler": "S Lamichhane",
              "non_striker": "S Bau",
              "runs": {
                "batter": 0,
                "extras": 0,
                "total": 0
              }
            },
            {
              "batter": "MD Dai",
              "bowler": "S Lamichhane",
              "non_striker": "S Bau",
              "runs": {
                "batter": 1,
                "extras": 0,
                "total": 1
              }
            }
          ]
        },
        {
          "over": 13,
          "deliveries": [
            {
              "batter": "MD Dai",
              "bowler": "B Regmi",
              "non_striker": "S Bau",
              "runs": {
                "batter": 0,
                "extras": 0,
                "total": 0
              }
            },
            {
              "batter": "MD Dai",
              "bowler": "B Regmi",
              "non_striker": "S Bau",
              "runs": {
                "batter": 2,
                "extras": 0,
                "total": 2
              }
            },
            {
              "batter": "MD Dai",
              "bowler": "B Regmi",
              "non_striker": "S Bau",
              "runs": {
                "batter": 1,
                "extras": 0,
                "total": 1
              }
            },
            {
              "batter": "S Bau",
              "bowler": "B Regmi",
              "non_striker": "MD Dai",
              "runs": {
                "batter": 0,
                "extras": 0,
                "total": 0
              }
            },
            {
              "batter": "S Bau",
              "bowler": "B Regmi",
              "non_striker": "MD Dai",
              "runs": {
                "batter": 0,
                "extras": 0,
                "total": 0
              }
            },
            {
              "batter": "S Bau",
              "bowler": "B Regmi",
              "non_striker": "MD Dai",
              "runs": {
                "batter": 1,
                "extras": 0,
                "total": 1
              }
            }
          ]
        },
        {
          "over": 14,
          "deliveries": [
            {
              "batter": "S Bau",
              "bowler": "S Lamichhane",
              "non_striker": "MD Dai",
              "runs": {
                "batter": 0,
                "extras": 0,
                "total": 0
              }
            },
            {
              "batter": "S Bau",
              "bowler": "S Lamichhane",
              "non_striker": "MD Dai",
              "runs": {
                "batter": 0,
                "extras": 0,
                "total": 0
              }
            },
            {
              "batter": "S Bau",
              "bowler": "S Lamichhane",
              "non_striker": "MD Dai",
              "runs": {
                "batter": 0,
                "extras": 0,
                "total": 0
              }
            },
            {
              "batter": "S Bau",
              "bowler": "S Lamichhane",
              "non_striker": "MD Dai",
              "runs": {
                "batter": 2,
                "extras": 0,
                "total": 2
              }
            },
            {
              "batter": "S Bau",
              "bowler": "S Lamichhane",
              "non_striker": "MD Dai",
              "runs": {
                "batter": 0,
                "extras": 0,
                "total": 0
              }
            },
            {
              "batter": "S Bau",
              "bowler": "S Lamichhane",
              "non_striker": "MD Dai",
              "runs": {
                "batter": 0,
                "extras": 0,
                "total": 0
              },
              "wickets": [
                {
                  "player_out": "S Bau",
                  "kind": "bowled"
                }
              ]
            }
          ]
        },
        {
          "over": 15,
          "deliveries": [
            {
              "batter": "MD Dai",
              "bowler": "B Regmi",
              "non_striker": "K Doriga",
              "runs": {
                "batter": 1,
                "extras": 0,
                "total": 1
              }
            },
            {
              "batter": "K Doriga",
              "bowler": "B Regmi",
              "non_striker": "MD Dai",
              "runs": {
                "batter": 2,
                "extras": 0,
                "total": 2
              }
            },
            {
              "batter": "K Doriga",
              "bowler": "B Regmi",
              "non_striker": "MD Dai",
              "runs": {
                "batter": 0,
                "extras": 0,
                "total": 0
              }
            },
            {
              "batter": "K Doriga",
              "bowler": "B Regmi",
              "non_striker": "MD Dai",
              "runs": {
                "batter": 0,
                "extras": 0,
                "total": 0
              }
            },
            {
              "batter": "K Doriga",
              "bowler": "B Regmi",
              "non_striker": "MD Dai",
              "runs": {
                "batter": 0,
                "extras": 0,
                "total": 0
              }
            },
            {
              "batter": "K Doriga",
              "bowler": "B Regmi",
              "non_striker": "MD Dai",
              "runs": {
                "batter": 2,
                "extras": 0,
                "total": 2
              }
            }
          ]
        },
        {
          "over": 16,
          "deliveries": [
            {
              "batter": "MD Dai",
              "bowler": "S Lamichhane",
              "non_striker": "K Doriga",
              "runs": {
                "batter": 0,
                "extras": 0,
                "total": 0
              },
              "wickets": [
                {
                  "player_out": "MD Dai",
                  "fielders": [
                    {
                      "name": "Sompal Kami"
                    }
                  ],
                  "kind": "caught"
                }
              ]
            },
            {
              "batter": "CJA Amini",
              "bowler": "S Lamichhane",
              "non_striker": "K Doriga",
              "runs": {
                "batter": 2,
                "extras": 0,
                "total": 2
              }
            },
            {
              "batter": "CJA Amini",
              "bowler": "S Lamichhane",
              "non_striker": "K Doriga",
              "runs": {
                "batter": 4,
                "extras": 0,
                "total": 4
              }
            },
            {
              "batter": "CJA Amini",
              "bowler": "S Lamichhane",
              "non_striker": "K Doriga",
              "runs": {
                "batter": 0,
                "extras": 0,
                "total": 0
              }
            },
            {
              "batter": "CJA Amini",
              "bowler": "S Lamichhane",
              "non_striker": "K Doriga",
              "runs": {
                "batter": 1,
                "extras": 0,
                "total": 1
              }
            },
            {
              "batter": "K Doriga",
              "bowler": "S Lamichhane",
              "non_striker": "CJA Amini",
              "runs": {
                "batter": 1,
                "extras": 0,
                "total": 1
              }
            }
          ]
        },
        {
          "over": 17,
          "deliveries": [
            {
              "batter": "K Doriga",
              "bowler": "B Regmi",
              "non_striker": "CJA Amini",
              "runs": {
                "batter": 2,
                "extras": 0,
                "total": 2
              }
            },
            {
              "batter": "K Doriga",
              "bowler": "B Regmi",
              "non_striker": "CJA Amini",
              "runs": {
                "batter": 0,
                "extras": 0,
                "total": 0
              }
            },
            {
              "batter": "K Doriga",
              "bowler": "B Regmi",
              "non_striker": "CJA Amini",
              "runs": {
                "batter": 0,
                "extras": 0,
                "total": 0
              }
            },
            {
              "batter": "K Doriga",
              "bowler": "B Regmi",
              "non_striker": "CJA Amini",
              "runs": {
                "batter": 1,
                "extras": 0,
                "total": 1
              }
            },
            {
              "batter": "CJA Amini",
              "bowler": "B Regmi",
              "non_striker": "K Doriga",
              "runs": {
                "batter": 2,
                "extras": 0,
                "total": 2
              }
            },
            {
              "batter": "CJA Amini",
              "bowler": "B Regmi",
              "non_striker": "K Doriga",
              "runs": {
                "batter": 0,
                "extras": 0,
                "total": 0
              }
            }
          ]
        },
        {
          "over": 18,
          "deliveries": [
            {
              "batter": "K Doriga",
              "bowler": "S Lamichhane",
              "non_striker": "CJA Amini",
              "runs": {
                "batter": 2,
                "extras": 0,
                "total": 2
              }
            },
            {
              "batter": "K Doriga",
              "bowler": "S Lamichhane",
              "non_striker": "CJA Amini",
              "runs": {
                "batter": 0,
                "extras": 0,
                "total": 0
              }
            },
            {
              "batter": "K Doriga",
              "bowler": "S Lamichhane",
              "non_striker": "CJA Amini",
              "runs": {
                "batter": 0,
                "extras": 0,
                "total": 0
              },
              "wickets": [
                {
                  "player_out": "K Doriga",
                  "kind": "bowled"
                }
              ]
            },
            {
              "batter": "J Kila",
              "bowler": "S Lamichhane",
              "non_striker": "CJA Amini",
              "runs": {
                "batter": 0,
                "extras": 0,
                "total": 0
              }
            },
            {
              "batter": "J Kila",
              "bowler": "S Lamichhane",
              "non_striker": "CJA Amini",
              "runs": {
                "batter": 4,
                "extras": 0,
                "total": 4
              }
            },
            {
              "batter": "J Kila",
              "bowler": "S Lamichhane",
              "non_striker": "CJA Amini",
              "runs": {
                "batter": 1,
                "extras": 0,
                "total": 1
              }
            }
          ]
        },
        {
          "over": 19,
          "deliveries": [
            {
              "batter": "J Kila",
              "bowler": "DS Airee",
              "non_striker": "CJA Amini",
              "runs": {
                "batter": 1,
                "extras": 0,
                "total": 1
              }
            },
            {
              "batter": "CJA Amini",
              "bowler": "DS Airee",
              "non_striker": "J Kila",
              "runs": {
                "batter": 2,
                "extras": 0,
                "total": 2
              }
            },
            {
              "batter": "CJA Amini",
              "bowler": "DS Airee",
              "non_striker": "J Kila",
              "runs": {
                "batter": 0,
                "extras": 0,
                "total": 0
              }
            },
            {
              "batter": "CJA Amini",
              "bowler": "DS Airee",
              "non_striker": "J Kila",
              "runs": {
                "batter": 2,
                "extras": 0,
                "total": 2
              }
            },
            {
              "batter": "CJA Amini",
              "bowler": "DS Airee",
              "non_striker": "J Kila",
              "runs": {
                "batter": 1,
                "extras": 0,
                "total": 1
              }
            },
            {
              "batter": "J Kila",
              "bowler": "DS Airee",
              "non_striker": "CJA Amini",
              "runs": {
                "batter": 1,
                "extras": 0,
                "total": 1
              }
            }
          ]
        },
        {
          "over": 20,
          "deliveries": [
            {
              "batter": "J Kila",
              "bowler": "S Lamichhane",
              "non_striker": "CJA Amini",
              "runs": {
                "batter": 1,
                "extras": 0,
                "total": 1
              }
            },
            {
              "batter": "CJA Amini",
              "bowler": "S Lamichhane",
              "non_striker": "J Kila",
              "runs": {
                "batter": 1,
                "extras": 0,
                "total": 1
              }
            },
            {
              "batter": "J Kila",
              "bowler": "S Lamichhane",
              "non_striker": "CJA Amini",
              "runs": {
                "batter": 0,
                "extras": 0,
                "total": 0
              }
            },
            {
              "batter": "J Kila",
              "bowler": "S Lamichhane",
              "non_striker": "CJA Amini",
              "runs": {
                "batter": 1,
                "extras": 0,
                "total": 1
              }
            },
            {
              "batter": "CJA Amini",
              "bowler": "S Lamichhane",
              "non_striker": "J Kila",
              "runs": {
                "batter": 1,
                "extras": 0,
                "total": 1
              }
            },
            {
              "batter": "J Kila",
              "bowler": "S Lamichhane",
              "non_striker": "CJA Amini",
              "runs": {
                "batter": 0,
                "extras": 0,
                "total": 0
              }
            }
          ]
        },
        {
          "over": 21,
          "deliveries": [
            {
              "batter": "CJA Amini",
              "bowler": "DS Airee",
              "non_striker": "J Kila",
              "runs": {
                "batter": 1,
                "extras": 0,
                "total": 1
              }
            },
            {
              "batter": "J Kila",
              "bowler": "DS Airee",
              "non_striker": "CJA Amini",
              "runs": {
                "batter": 0,
                "extras": 0,
                "total": 0
              }
            },
            {
              "batter": "J Kila",
              "bowler": "DS Airee",
              "non_striker": "CJA Amini",
              "runs": {
                "batter": 0,
                "extras": 0,
                "total": 0
              }
            },
            {
              "batter": "J Kila",
              "bowler": "DS Airee",
              "extras": {
                "byes": 4
              },
              "non_striker": "CJA Amini",
              "runs": {
                "batter": 0,
                "extras": 4,
                "total": 4
              }
            },
            {
              "batter": "J Kila",
              "bowler": "DS Airee",
              "non_striker": "CJA Amini",
              "runs": {
                "batter": 0,
                "extras": 0,
                "total": 0
              }
            },
            {
              "batter": "J Kila",
              "bowler": "DS Airee",
              "non_striker": "CJA Amini",
              "runs": {
                "batter": 0,
                "extras": 0,
                "total": 0
              }
            }
          ]
        },
        {
          "over": 22,
          "deliveries": [
            {
              "batter": "CJA Amini",
              "bowler": "Sompal Kami",
              "non_striker": "J Kila",
              "runs": {
                "batter": 1,
                "extras": 0,
                "total": 1
              }
            },
            {
              "batter": "J Kila",
              "bowler": "Sompal Kami",
              "non_striker": "CJA Amini",
              "runs": {
                "batter": 4,
                "extras": 0,
                "total": 4
              }
            },
            {
              "batter": "J Kila",
              "bowler": "Sompal Kami",
              "non_striker": "CJA Amini",
              "runs": {
                "batter": 0,
                "extras": 0,
                "total": 0
              }
            },
            {
              "batter": "J Kila",
              "bowler": "Sompal Kami",
              "non_striker": "CJA Amini",
              "runs": {
                "batter": 0,
                "extras": 0,
                "total": 0
              }
            },
            {
              "batter": "J Kila",
              "bowler": "Sompal Kami",
              "extras": {
                "legbyes": 1
              },
              "non_striker": "CJA Amini",
              "runs": {
                "batter": 0,
                "extras": 1,
                "total": 1
              }
            },
            {
              "batter": "CJA Amini",
              "bowler": "Sompal Kami",
              "non_striker": "J Kila",
              "runs": {
                "batter": 1,
                "extras": 0,
                "total": 1
              }
            }
          ]
        },
        {
          "over": 23,
          "deliveries": [
            {
              "batter": "CJA Amini",
              "bowler": "DS Airee",
              "non_striker": "J Kila",
              "runs": {
                "batter": 0,
                "extras": 0,
                "total": 0
              }
            },
            {
              "batter": "CJA Amini",
              "bowler": "DS Airee",
              "non_striker": "J Kila",
              "runs": {
                "batter": 0,
                "extras": 0,
                "total": 0
              }
            },
            {
              "batter": "CJA Amini",
              "bowler": "DS Airee",
              "non_striker": "J Kila",
              "runs": {
                "batter": 0,
                "extras": 0,
                "total": 0
              },
              "wickets": [
                {
                  "player_out": "CJA Amini",
                  "kind": "lbw"
                }
              ]
            },
            {
              "batter": "JB Reva",
              "bowler": "DS Airee",
              "non_striker": "J Kila",
              "runs": {
                "batter": 0,
                "extras": 0,
                "total": 0
              }
            },
            {
              "batter": "JB Reva",
              "bowler": "DS Airee",
              "non_striker": "J Kila",
              "runs": {
                "batter": 3,
                "extras": 0,
                "total": 3
              }
            },
            {
              "batter": "J Kila",
              "bowler": "DS Airee",
              "non_striker": "JB Reva",
              "runs": {
                "batter": 2,
                "extras": 0,
                "total": 2
              }
            }
          ]
        },
        {
          "over": 24,
          "deliveries": [
            {
              "batter": "JB Reva",
              "bowler": "S Lamichhane",
              "non_striker": "J Kila",
              "runs": {
                "batter": 0,
                "extras": 0,
                "total": 0
              }
            },
            {
              "batter": "JB Reva",
              "bowler": "S Lamichhane",
              "non_striker": "J Kila",
              "runs": {
                "batter": 0,
                "extras": 0,
                "total": 0
              }
            },
            {
              "batter": "JB Reva",
              "bowler": "S Lamichhane",
              "non_striker": "J Kila",
              "runs": {
                "batter": 0,
                "extras": 0,
                "total": 0
              }
            },
            {
              "batter": "JB Reva",
              "bowler": "S Lamichhane",
              "non_striker": "J Kila",
              "runs": {
                "batter": 0,
                "extras": 0,
                "total": 0
              }
            },
            {
              "batter": "JB Reva",
              "bowler": "S Lamichhane",
              "non_striker": "J Kila",
              "runs": {
                "batter": 0,
                "extras": 0,
                "total": 0
              }
            },
            {
              "batter": "JB Reva",
              "bowler": "S Lamichhane",
              "non_striker": "J Kila",
              "runs": {
                "batter": 1,
                "extras": 0,
                "total": 1
              }
            }
          ]
        },
        {
          "over": 25,
          "deliveries": [
            {
              "batter": "JB Reva",
              "bowler": "DS Airee",
              "non_striker": "J Kila",
              "runs": {
                "batter": 0,
                "extras": 0,
                "total": 0
              }
            },
            {
              "batter": "JB Reva",
              "bowler": "DS Airee",
              "non_striker": "J Kila",
              "runs": {
                "batter": 1,
                "extras": 0,
                "total": 1
              }
            },
            {
              "batter": "J Kila",
              "bowler": "DS Airee",
              "non_striker": "JB Reva",
              "runs": {
                "batter": 0,
                "extras": 0,
                "total": 0
              },
              "wickets": [
                {
                  "player_out": "J Kila",
                  "kind": "bowled"
                }
              ]
            },
            {
              "batter": "N Vanua",
              "bowler": "DS Airee",
              "non_striker": "JB Reva",
              "runs": {
                "batter": 0,
                "extras": 0,
                "total": 0
              },
              "wickets": [
                {
                  "player_out": "N Vanua",
                  "kind": "bowled"
                }
              ]
            },
            {
              "batter": "A Nao",
              "bowler": "DS Airee",
              "non_striker": "JB Reva",
              "runs": {
                "batter": 0,
                "extras": 0,
                "total": 0
              }
            },
            {
              "batter": "A Nao",
              "bowler": "DS Airee",
              "non_striker": "JB Reva",
              "runs": {
                "batter": 0,
                "extras": 0,
                "total": 0
              }
            }
          ]
        },
        {
          "over": 26,
          "deliveries": [
            {
              "batter": "JB Reva",
              "bowler": "S Lamichhane",
              "non_striker": "A Nao",
              "runs": {
                "batter": 0,
                "extras": 0,
                "total": 0
              }
            },
            {
              "batter": "JB Reva",
              "bowler": "S Lamichhane",
              "non_striker": "A Nao",
              "runs": {
                "batter": 1,
                "extras": 0,
                "total": 1
              }
            },
            {
              "batter": "A Nao",
              "bowler": "S Lamichhane",
              "non_striker": "JB Reva",
              "runs": {
                "batter": 0,
                "extras": 0,
                "total": 0
              }
            },
            {
              "batter": "A Nao",
              "bowler": "S Lamichhane",
              "non_striker": "JB Reva",
              "runs": {
                "batter": 0,
                "extras": 0,
                "total": 0
              }
            },
            {
              "batter": "A Nao",
              "bowler": "S Lamichhane",
              "non_striker": "JB Reva",
              "runs": {
                "batter": 0,
                "extras": 0,
                "total": 0
              }
            },
            {
              "batter": "A Nao",
              "bowler": "S Lamichhane",
              "non_striker": "JB Reva",
              "runs": {
                "batter": 0,
                "extras": 0,
                "total": 0
              }
            }
          ]
        },
        {
          "over": 27,
          "deliveries": [
            {
              "batter": "JB Reva",
              "bowler": "DS Airee",
              "non_striker": "A Nao",
              "runs": {
                "batter": 0,
                "extras": 0,
                "total": 0
              }
            },
            {
              "batter": "JB Reva",
              "bowler": "DS Airee",
              "non_striker": "A Nao",
              "runs": {
                "batter": 0,
                "extras": 0,
                "total": 0
              },
              "wickets": [
                {
                  "player_out": "JB Reva",
                  "fielders": [
                    {
                      "name": "AK Sah"
                    }
                  ],
                  "kind": "caught"
                }
              ]
            }
          ]
        }
      ],
      "powerplays": [
        {
          "from": 0.1,
          "to": 9.8,
          "type": "mandatory"
        },
        {
          "from": 10.1,
          "to": 27.2,
          "type": "mandatory"
        }
      ]
    },
    {
      "team": "Nepal",
      "overs": [
        {
          "over": 0,
          "deliveries": [
            {
              "batter": "G Malla",
              "bowler": "N Vanua",
              "non_striker": "AK Sah",
              "runs": {
                "batter": 1,
                "extras": 0,
                "total": 1
              }
            },
            {
              "batter": "AK Sah",
              "bowler": "N Vanua",
              "non_striker": "G Malla",
              "runs": {
                "batter": 0,
                "extras": 0,
                "total": 0
              }
            },
            {
              "batter": "AK Sah",
              "bowler": "N Vanua",
              "non_striker": "G Malla",
              "runs": {
                "batter": 0,
                "extras": 0,
                "total": 0
              }
            },
            {
              "batter": "AK Sah",
              "bowler": "N Vanua",
              "non_striker": "G Malla",
              "runs": {
                "batter": 4,
                "extras": 0,
                "total": 4
              }
            },
            {
              "batter": "AK Sah",
              "bowler": "N Vanua",
              "non_striker": "G Malla",
              "runs": {
                "batter": 0,
                "extras": 0,
                "total": 0
              }
            },
            {
              "batter": "AK Sah",
              "bowler": "N Vanua",
              "non_striker": "G Malla",
              "runs": {
                "batter": 1,
                "extras": 0,
                "total": 1
              }
            }
          ]
        },
        {
          "over": 1,
          "deliveries": [
            {
              "batter": "AK Sah",
              "bowler": "A Nao",
              "non_striker": "G Malla",
              "runs": {
                "batter": 0,
                "extras": 0,
                "total": 0
              }
            },
            {
              "batter": "AK Sah",
              "bowler": "A Nao",
              "non_striker": "G Malla",
              "runs": {
                "batter": 0,
                "extras": 0,
                "total": 0
              }
            },
            {
              "batter": "AK Sah",
              "bowler": "A Nao",
              "non_striker": "G Malla",
              "runs": {
                "batter": 3,
                "extras": 0,
                "total": 3
              }
            },
            {
              "batter": "G Malla",
              "bowler": "A Nao",
              "non_striker": "AK Sah",
              "runs": {
                "batter": 0,
                "extras": 0,
                "total": 0
              }
            },
            {
              "batter": "G Malla",
              "bowler": "A Nao",
              "non_striker": "AK Sah",
              "runs": {
                "batter": 0,
                "extras": 0,
                "total": 0
              },
              "wickets": [
                {
                  "player_out": "G Malla",
                  "fielders": [
                    {
                      "name": "A Vala"
                    }
                  ],
                  "kind": "caught"
                }
              ]
            },
            {
              "batter": "P Khadka",
              "bowler": "A Nao",
              "non_striker": "AK Sah",
              "runs": {
                "batter": 1,
                "extras": 0,
                "total": 1
              }
            }
          ]
        },
        {
          "over": 2,
          "deliveries": [
            {
              "batter": "P Khadka",
              "bowler": "N Vanua",
              "extras": {
                "legbyes": 1
              },
              "non_striker": "AK Sah",
              "runs": {
                "batter": 0,
                "extras": 1,
                "total": 1
              }
            },
            {
              "batter": "AK Sah",
              "bowler": "N Vanua",
              "non_striker": "P Khadka",
              "runs": {
                "batter": 1,
                "extras": 0,
                "total": 1
              }
            },
            {
              "batter": "P Khadka",
              "bowler": "N Vanua",
              "non_striker": "AK Sah",
              "runs": {
                "batter": 1,
                "extras": 0,
                "total": 1
              }
            },
            {
              "batter": "AK Sah",
              "bowler": "N Vanua",
              "non_striker": "P Khadka",
              "runs": {
                "batter": 0,
                "extras": 0,
                "total": 0
              }
            },
            {
              "batter": "AK Sah",
              "bowler": "N Vanua",
              "non_striker": "P Khadka",
              "runs": {
                "batter": 0,
                "extras": 0,
                "total": 0
              },
              "wickets": [
                {
                  "player_out": "AK Sah",
                  "kind": "lbw"
                }
              ]
            },
            {
              "batter": "DS Airee",
              "bowler": "N Vanua",
              "non_striker": "P Khadka",
              "runs": {
                "batter": 0,
                "extras": 0,
                "total": 0
              }
            }
          ]
        },
        {
          "over": 3,
          "deliveries": [
            {
              "batter": "P Khadka",
              "bowler": "A Nao",
              "non_striker": "DS Airee",
              "runs": {
                "batter": 1,
                "extras": 0,
                "total": 1
              }
            },
            {
              "batter": "DS Airee",
              "bowler": "A Nao",
              "non_striker": "P Khadka",
              "runs": {
                "batter": 0,
                "extras": 0,
                "total": 0
              }
            },
            {
              "batter": "DS Airee",
              "bowler": "A Nao",
              "non_striker": "P Khadka",
              "runs": {
                "batter": 1,
                "extras": 0,
                "total": 1
              }
            },
            {
              "batter": "P Khadka",
              "bowler": "A Nao",
              "non_striker": "DS Airee",
              "runs": {
                "batter": 0,
                "extras": 0,
                "total": 0
              }
            },
            {
              "batter": "P Khadka",
              "bowler": "A Nao",
              "non_striker": "DS Airee",
              "runs": {
                "batter": 0,
                "extras": 0,
                "total": 0
              }
            },
            {
              "batter": "P Khadka",
              "bowler": "A Nao",
              "non_striker": "DS Airee",
              "runs": {
                "batter": 0,
                "extras": 0,
                "total": 0
              }
            }
          ]
        },
        {
          "over": 4,
          "deliveries": [
            {
              "batter": "DS Airee",
              "bowler": "N Vanua",
              "non_striker": "P Khadka",
              "runs": {
                "batter": 1,
                "extras": 0,
                "total": 1
              }
            },
            {
              "batter": "P Khadka",
              "bowler": "N Vanua",
              "non_striker": "DS Airee",
              "runs": {
                "batter": 1,
                "extras": 0,
                "total": 1
              }
            },
            {
              "batter": "DS Airee",
              "bowler": "N Vanua",
              "non_striker": "P Khadka",
              "runs": {
                "batter": 0,
                "extras": 0,
                "total": 0
              }
            },
            {
              "batter": "DS Airee",
              "bowler": "N Vanua",
              "non_striker": "P Khadka",
              "runs": {
                "batter": 0,
                "extras": 0,
                "total": 0
              }
            },
            {
              "batter": "DS Airee",
              "bowler": "N Vanua",
              "extras": {
                "wides": 1
              },
              "non_striker": "P Khadka",
              "runs": {
                "batter": 0,
                "extras": 1,
                "total": 1
              }
            },
            {
              "batter": "DS Airee",
              "bowler": "N Vanua",
              "non_striker": "P Khadka",
              "runs": {
                "batter": 0,
                "extras": 0,
                "total": 0
              }
            },
            {
              "batter": "DS Airee",
              "bowler": "N Vanua",
              "non_striker": "P Khadka",
              "runs": {
                "batter": 0,
                "extras": 0,
                "total": 0
              }
            }
          ]
        },
        {
          "over": 5,
          "deliveries": [
            {
              "batter": "P Khadka",
              "bowler": "A Nao",
              "non_striker": "DS Airee",
              "runs": {
                "batter": 6,
                "extras": 0,
                "total": 6
              }
            },
            {
              "batter": "P Khadka",
              "bowler": "A Nao",
              "non_striker": "DS Airee",
              "runs": {
                "batter": 0,
                "extras": 0,
                "total": 0
              }
            },
            {
              "batter": "P Khadka",
              "bowler": "A Nao",
              "non_striker": "DS Airee",
              "runs": {
                "batter": 4,
                "extras": 0,
                "total": 4
              }
            },
            {
              "batter": "P Khadka",
              "bowler": "A Nao",
              "non_striker": "DS Airee",
              "runs": {
                "batter": 4,
                "extras": 0,
                "total": 4
              }
            },
            {
              "batter": "P Khadka",
              "bowler": "A Nao",
              "non_striker": "DS Airee",
              "runs": {
                "batter": 0,
                "extras": 0,
                "total": 0
              }
            },
            {
              "batter": "P Khadka",
              "bowler": "A Nao",
              "non_striker": "DS Airee",
              "runs": {
                "batter": 2,
                "extras": 0,
                "total": 2
              }
            }
          ]
        },
        {
          "over": 6,
          "deliveries": [
            {
              "batter": "DS Airee",
              "bowler": "JB Reva",
              "non_striker": "P Khadka",
              "runs": {
                "batter": 1,
                "extras": 0,
                "total": 1
              }
            },
            {
              "batter": "P Khadka",
              "bowler": "JB Reva",
              "non_striker": "DS Airee",
              "runs": {
                "batter": 0,
                "extras": 0,
                "total": 0
              }
            },
            {
              "batter": "P Khadka",
              "bowler": "JB Reva",
              "non_striker": "DS Airee",
              "runs": {
                "batter": 0,
                "extras": 0,
                "total": 0
              }
            },
            {
              "batter": "P Khadka",
              "bowler": "JB Reva",
              "non_striker": "DS Airee",
              "runs": {
                "batter": 0,
                "extras": 0,
                "total": 0
              }
            },
            {
              "batter": "P Khadka",
              "bowler": "JB Reva",
              "non_striker": "DS Airee",
              "runs": {
                "batter": 0,
                "extras": 0,
                "total": 0
              },
              "wickets": [
                {
                  "player_out": "P Khadka",
                  "fielders": [
                    {
                      "name": "TP Ura"
                    }
                  ],
                  "kind": "caught"
                }
              ]
            },
            {
              "batter": "DS Airee",
              "bowler": "JB Reva",
              "non_striker": "Aarif Sheikh",
              "runs": {
                "batter": 0,
                "extras": 0,
                "total": 0
              }
            }
          ]
        },
        {
          "over": 7,
          "deliveries": [
            {
              "batter": "Aarif Sheikh",
              "bowler": "CJA Amini",
              "non_striker": "DS Airee",
              "runs": {
                "batter": 1,
                "extras": 0,
                "total": 1
              }
            },
            {
              "batter": "DS Airee",
              "bowler": "CJA Amini",
              "extras": {
                "wides": 1
              },
              "non_striker": "Aarif Sheikh",
              "runs": {
                "batter": 0,
                "extras": 1,
                "total": 1
              }
            },
            {
              "batter": "DS Airee",
              "bowler": "CJA Amini",
              "non_striker": "Aarif Sheikh",
              "runs": {
                "batter": 0,
                "extras": 0,
                "total": 0
              }
            },
            {
              "batter": "DS Airee",
              "bowler": "CJA Amini",
              "non_striker": "Aarif Sheikh",
              "runs": {
                "batter": 0,
                "extras": 0,
                "total": 0
              }
            },
            {
              "batter": "DS Airee",
              "bowler": "CJA Amini",
              "non_striker": "Aarif Sheikh",
              "runs": {
                "batter": 1,
                "extras": 0,
                "total": 1
              }
            },
            {
              "batter": "Aarif Sheikh",
              "bowler": "CJA Amini",
              "non_striker": "DS Airee",
              "runs": {
                "batter": 0,
                "extras": 0,
                "total": 0
              }
            },
            {
              "batter": "Aarif Sheikh",
              "bowler": "CJA Amini",
              "non_striker": "DS Airee",
              "runs": {
                "batter": 0,
                "extras": 0,
                "total": 0
              }
            }
          ]
        },
        {
          "over": 8,
          "deliveries": [
            {
              "batter": "DS Airee",
              "bowler": "JB Reva",
              "non_striker": "Aarif Sheikh",
              "runs": {
                "batter": 1,
                "extras": 0,
                "total": 1
              }
            },
            {
              "batter": "Aarif Sheikh",
              "bowler": "JB Reva",
              "non_striker": "DS Airee",
              "runs": {
                "batter": 1,
                "extras": 0,
                "total": 1
              }
            },
            {
              "batter": "DS Airee",
              "bowler": "JB Reva",
              "non_striker": "Aarif Sheikh",
              "runs": {
                "batter": 3,
                "extras": 0,
                "total": 3
              }
            },
            {
              "batter": "Aarif Sheikh",
              "bowler": "JB Reva",
              "non_striker": "DS Airee",
              "runs": {
                "batter": 0,
                "extras": 0,
                "total": 0
              }
            },
            {
              "batter": "Aarif Sheikh",
              "bowler": "JB Reva",
              "non_striker": "DS Airee",
              "runs": {
                "batter": 0,
                "extras": 0,
                "total": 0
              }
            },
            {
              "batter": "Aarif Sheikh",
              "bowler": "JB Reva",
              "non_striker": "DS Airee",
              "runs": {
                "batter": 0,
                "extras": 0,
                "total": 0
              }
            }
          ]
        },
        {
          "over": 9,
          "deliveries": [
            {
              "batter": "DS Airee",
              "bowler": "CA Soper",
              "non_striker": "Aarif Sheikh",
              "runs": {
                "batter": 0,
                "extras": 0,
                "total": 0
              }
            },
            {
              "batter": "DS Airee",
              "bowler": "CA Soper",
              "non_striker": "Aarif Sheikh",
              "runs": {
                "batter": 2,
                "extras": 0,
                "total": 2
              }
            },
            {
              "batter": "DS Airee",
              "bowler": "CA Soper",
              "non_striker": "Aarif Sheikh",
              "runs": {
                "batter": 0,
                "extras": 0,
                "total": 0
              }
            },
            {
              "batter": "DS Airee",
              "bowler": "CA Soper",
              "non_striker": "Aarif Sheikh",
              "runs": {
                "batter": 1,
                "extras": 0,
                "total": 1
              }
            },
            {
              "batter": "Aarif Sheikh",
              "bowler": "CA Soper",
              "non_striker": "DS Airee",
              "runs": {
                "batter": 2,
                "extras": 0,
                "total": 2
              }
            },
            {
              "batter": "Aarif Sheikh",
              "bowler": "CA Soper",
              "non_striker": "DS Airee",
              "runs": {
                "batter": 0,
                "extras": 0,
                "total": 0
              }
            }
          ]
        },
        {
          "over": 10,
          "deliveries": [
            {
              "batter": "DS Airee",
              "bowler": "J Kila",
              "non_striker": "Aarif Sheikh",
              "runs": {
                "batter": 2,
                "extras": 0,
                "total": 2
              }
            },
            {
              "batter": "DS Airee",
              "bowler": "J Kila",
              "non_striker": "Aarif Sheikh",
              "runs": {
                "batter": 1,
                "extras": 0,
                "total": 1
              }
            },
            {
              "batter": "Aarif Sheikh",
              "bowler": "J Kila",
              "non_striker": "DS Airee",
              "runs": {
                "batter": 3,
                "extras": 0,
                "total": 3
              }
            },
            {
              "batter": "DS Airee",
              "bowler": "J Kila",
              "non_striker": "Aarif Sheikh",
              "runs": {
                "batter": 1,
                "extras": 0,
                "total": 1
              }
            },
            {
              "batter": "Aarif Sheikh",
              "bowler": "J Kila",
              "non_striker": "DS Airee",
              "runs": {
                "batter": 1,
                "extras": 0,
                "total": 1
              }
            },
            {
              "batter": "DS Airee",
              "bowler": "J Kila",
              "non_striker": "Aarif Sheikh",
              "runs": {
                "batter": 0,
                "extras": 0,
                "total": 0
              }
            }
          ]
        },
        {
          "over": 11,
          "deliveries": [
            {
              "batter": "Aarif Sheikh",
              "bowler": "CA Soper",
              "non_striker": "DS Airee",
              "runs": {
                "batter": 1,
                "extras": 0,
                "total": 1
              }
            },
            {
              "batter": "DS Airee",
              "bowler": "CA Soper",
              "non_striker": "Aarif Sheikh",
              "runs": {
                "batter": 0,
                "extras": 0,
                "total": 0
              }
            },
            {
              "batter": "DS Airee",
              "bowler": "CA Soper",
              "non_striker": "Aarif Sheikh",
              "runs": {
                "batter": 1,
                "extras": 0,
                "total": 1
              }
            },
            {
              "batter": "Aarif Sheikh",
              "bowler": "CA Soper",
              "non_striker": "DS Airee",
              "runs": {
                "batter": 0,
                "extras": 0,
                "total": 0
              }
            },
            {
              "batter": "Aarif Sheikh",
              "bowler": "CA Soper",
              "non_striker": "DS Airee",
              "runs": {
                "batter": 1,
                "extras": 0,
                "total": 1
              }
            },
            {
              "batter": "DS Airee",
              "bowler": "CA Soper",
              "non_striker": "Aarif Sheikh",
              "runs": {
                "batter": 1,
                "extras": 0,
                "total": 1
              }
            }
          ]
        },
        {
          "over": 12,
          "deliveries": [
            {
              "batter": "DS Airee",
              "bowler": "N Vanua",
              "non_striker": "Aarif Sheikh",
              "runs": {
                "batter": 0,
                "extras": 0,
                "total": 0
              }
            },
            {
              "batter": "DS Airee",
              "bowler": "N Vanua",
              "non_striker": "Aarif Sheikh",
              "runs": {
                "batter": 0,
                "extras": 0,
                "total": 0
              }
            },
            {
              "batter": "DS Airee",
              "bowler": "N Vanua",
              "non_striker": "Aarif Sheikh",
              "runs": {
                "batter": 0,
                "extras": 0,
                "total": 0
              }
            },
            {
              "batter": "DS Airee",
              "bowler": "N Vanua",
              "non_striker": "Aarif Sheikh",
              "runs": {
                "batter": 0,
                "extras": 0,
                "total": 0
              }
            },
            {
              "batter": "DS Airee",
              "bowler": "N Vanua",
              "non_striker": "Aarif Sheikh",
              "runs": {
                "batter": 2,
                "extras": 0,
                "total": 2
              }
            },
            {
              "batter": "DS Airee",
              "bowler": "N Vanua",
              "non_striker": "Aarif Sheikh",
              "runs": {
                "batter": 0,
                "extras": 0,
                "total": 0
              }
            }
          ]
        },
        {
          "over": 13,
          "deliveries": [
            {
              "batter": "Aarif Sheikh",
              "bowler": "MD Dai",
              "non_striker": "DS Airee",
              "runs": {
                "batter": 2,
                "extras": 0,
                "total": 2
              }
            },
            {
              "batter": "Aarif Sheikh",
              "bowler": "MD Dai",
              "non_striker": "DS Airee",
              "runs": {
                "batter": 0,
                "extras": 0,
                "total": 0
              }
            },
            {
              "batter": "Aarif Sheikh",
              "bowler": "MD Dai",
              "non_striker": "DS Airee",
              "runs": {
                "batter": 0,
                "extras": 0,
                "total": 0
              }
            },
            {
              "batter": "Aarif Sheikh",
              "bowler": "MD Dai",
              "non_striker": "DS Airee",
              "runs": {
                "batter": 1,
                "extras": 0,
                "total": 1
              }
            },
            {
              "batter": "DS Airee",
              "bowler": "MD Dai",
              "non_striker": "Aarif Sheikh",
              "runs": {
                "batter": 0,
                "extras": 0,
                "total": 0
              }
            },
            {
              "batter": "DS Airee",
              "bowler": "MD Dai",
              "non_striker": "Aarif Sheikh",
              "runs": {
                "batter": 0,
                "extras": 0,
                "total": 0
              }
            }
          ]
        },
        {
          "over": 14,
          "deliveries": [
            {
              "batter": "Aarif Sheikh",
              "bowler": "CJA Amini",
              "non_striker": "DS Airee",
              "runs": {
                "batter": 1,
                "extras": 0,
                "total": 1
              }
            },
            {
              "batter": "DS Airee",
              "bowler": "CJA Amini",
              "non_striker": "Aarif Sheikh",
              "runs": {
                "batter": 1,
                "extras": 0,
                "total": 1
              }
            },
            {
              "batter": "Aarif Sheikh",
              "bowler": "CJA Amini",
              "non_striker": "DS Airee",
              "runs": {
                "batter": 0,
                "extras": 0,
                "total": 0
              }
            },
            {
              "batter": "Aarif Sheikh",
              "bowler": "CJA Amini",
              "non_striker": "DS Airee",
              "runs": {
                "batter": 0,
                "extras": 0,
                "total": 0
              }
            },
            {
              "batter": "Aarif Sheikh",
              "bowler": "CJA Amini",
              "non_striker": "DS Airee",
              "runs": {
                "batter": 1,
                "extras": 0,
                "total": 1
              }
            },
            {
              "batter": "DS Airee",
              "bowler": "CJA Amini",
              "non_striker": "Aarif Sheikh",
              "runs": {
                "batter": 4,
                "extras": 0,
                "total": 4
              }
            }
          ]
        },
        {
          "over": 15,
          "deliveries": [
            {
              "batter": "Aarif Sheikh",
              "bowler": "MD Dai",
              "non_striker": "DS Airee",
              "runs": {
                "batter": 1,
                "extras": 0,
                "total": 1
              }
            },
            {
              "batter": "DS Airee",
              "bowler": "MD Dai",
              "non_striker": "Aarif Sheikh",
              "runs": {
                "batter": 0,
                "extras": 0,
                "total": 0
              }
            },
            {
              "batter": "DS Airee",
              "bowler": "MD Dai",
              "non_striker": "Aarif Sheikh",
              "runs": {
                "batter": 0,
                "extras": 0,
                "total": 0
              }
            },
            {
              "batter": "DS Airee",
              "bowler": "MD Dai",
              "non_striker": "Aarif Sheikh",
              "runs": {
                "batter": 0,
                "extras": 0,
                "total": 0
              }
            },
            {
              "batter": "DS Airee",
              "bowler": "MD Dai",
              "non_striker": "Aarif Sheikh",
              "runs": {
                "batter": 3,
                "extras": 0,
                "total": 3
              }
            },
            {
              "batter": "Aarif Sheikh",
              "bowler": "MD Dai",
              "extras": {
                "wides": 1
              },
              "non_striker": "DS Airee",
              "runs": {
                "batter": 0,
                "extras": 1,
                "total": 1
              }
            },
            {
              "batter": "Aarif Sheikh",
              "bowler": "MD Dai",
              "non_striker": "DS Airee",
              "runs": {
                "batter": 1,
                "extras": 0,
                "total": 1
              }
            }
          ]
        },
        {
          "over": 16,
          "deliveries": [
            {
              "batter": "Aarif Sheikh",
              "bowler": "CJA Amini",
              "non_striker": "DS Airee",
              "runs": {
                "batter": 0,
                "extras": 0,
                "total": 0
              }
            },
            {
              "batter": "Aarif Sheikh",
              "bowler": "CJA Amini",
              "non_striker": "DS Airee",
              "runs": {
                "batter": 0,
                "extras": 0,
                "total": 0
              }
            },
            {
              "batter": "Aarif Sheikh",
              "bowler": "CJA Amini",
              "non_striker": "DS Airee",
              "runs": {
                "batter": 1,
                "extras": 0,
                "total": 1
              }
            },
            {
              "batter": "DS Airee",
              "bowler": "CJA Amini",
              "non_striker": "Aarif Sheikh",
              "runs": {
                "batter": 0,
                "extras": 0,
                "total": 0
              }
            },
            {
              "batter": "DS Airee",
              "bowler": "CJA Amini",
              "non_striker": "Aarif Sheikh",
              "runs": {
                "batter": 6,
                "extras": 0,
                "total": 6
              }
            },
            {
              "batter": "DS Airee",
              "bowler": "CJA Amini",
              "non_striker": "Aarif Sheikh",
              "runs": {
                "batter": 0,
                "extras": 0,
                "total": 0
              }
            }
          ]
        },
        {
          "over": 17,
          "deliveries": [
            {
              "batter": "Aarif Sheikh",
              "bowler": "A Nao",
              "non_striker": "DS Airee",
              "runs": {
                "batter": 0,
                "extras": 0,
                "total": 0
              }
            },
            {
              "batter": "Aarif Sheikh",
              "bowler": "A Nao",
              "non_striker": "DS Airee",
              "runs": {
                "batter": 0,
                "extras": 0,
                "total": 0
              }
            },
            {
              "batter": "Aarif Sheikh",
              "bowler": "A Nao",
              "non_striker": "DS Airee",
              "runs": {
                "batter": 2,
                "extras": 0,
                "total": 2
              }
            },
            {
              "batter": "Aarif Sheikh",
              "bowler": "A Nao",
              "non_striker": "DS Airee",
              "runs": {
                "batter": 0,
                "extras": 0,
                "total": 0
              }
            },
            {
              "batter": "Aarif Sheikh",
              "bowler": "A Nao",
              "non_striker": "DS Airee",
              "runs": {
                "batter": 0,
                "extras": 0,
                "total": 0
              }
            },
            {
              "batter": "Aarif Sheikh",
              "bowler": "A Nao",
              "non_striker": "DS Airee",
              "runs": {
                "batter": 0,
                "extras": 0,
                "total": 0
              }
            }
          ]
        },
        {
          "over": 18,
          "deliveries": [
            {
              "batter": "DS Airee",
              "bowler": "J Kila",
              "non_striker": "Aarif Sheikh",
              "runs": {
                "batter": 0,
                "extras": 0,
                "total": 0
              }
            },
            {
              "batter": "DS Airee",
              "bowler": "J Kila",
              "non_striker": "Aarif Sheikh",
              "runs": {
                "batter": 0,
                "extras": 0,
                "total": 0
              }
            },
            {
              "batter": "DS Airee",
              "bowler": "J Kila",
              "non_striker": "Aarif Sheikh",
              "runs": {
                "batter": 6,
                "extras": 0,
                "total": 6
              }
            },
            {
              "batter": "DS Airee",
              "bowler": "J Kila",
              "non_striker": "Aarif Sheikh",
              "runs": {
                "batter": 0,
                "extras": 0,
                "total": 0
              }
            },
            {
              "batter": "DS Airee",
              "bowler": "J Kila",
              "non_striker": "Aarif Sheikh",
              "runs": {
                "batter": 1,
                "extras": 0,
                "total": 1
              }
            },
            {
              "batter": "Aarif Sheikh",
              "bowler": "J Kila",
              "non_striker": "DS Airee",
              "runs": {
                "batter": 0,
                "extras": 0,
                "total": 0
              }
            }
          ]
        },
        {
          "over": 19,
          "deliveries": [
            {
              "batter": "DS Airee",
              "bowler": "A Nao",
              "non_striker": "Aarif Sheikh",
              "runs": {
                "batter": 0,
                "extras": 0,
                "total": 0
              }
            },
            {
              "batter": "DS Airee",
              "bowler": "A Nao",
              "non_striker": "Aarif Sheikh",
              "runs": {
                "batter": 1,
                "extras": 0,
                "total": 1
              }
            },
            {
              "batter": "Aarif Sheikh",
              "bowler": "A Nao",
              "non_striker": "DS Airee",
              "runs": {
                "batter": 1,
                "extras": 0,
                "total": 1
              }
            },
            {
              "batter": "DS Airee",
              "bowler": "A Nao",
              "non_striker": "Aarif Sheikh",
              "runs": {
                "batter": 1,
                "extras": 0,
                "total": 1
              }
            },
            {
              "batter": "Aarif Sheikh",
              "bowler": "A Nao",
              "non_striker": "DS Airee",
              "runs": {
                "batter": 1,
                "extras": 0,
                "total": 1
              }
            },
            {
              "batter": "DS Airee",
              "bowler": "A Nao",
              "non_striker": "Aarif Sheikh",
              "runs": {
                "batter": 0,
                "extras": 0,
                "total": 0
              }
            }
          ]
        },
        {
          "over": 20,
          "deliveries": [
            {
              "batter": "Aarif Sheikh",
              "bowler": "N Vanua",
              "non_striker": "DS Airee",
              "runs": {
                "batter": 0,
                "extras": 0,
                "total": 0
              }
            },
            {
              "batter": "Aarif Sheikh",
              "bowler": "N Vanua",
              "non_striker": "DS Airee",
              "runs": {
                "batter": 0,
                "extras": 0,
                "total": 0
              }
            },
            {
              "batter": "Aarif Sheikh",
              "bowler": "N Vanua",
              "non_striker": "DS Airee",
              "runs": {
                "batter": 4,
                "extras": 0,
                "total": 4
              }
            },
            {
              "batter": "Aarif Sheikh",
              "bowler": "N Vanua",
              "non_striker": "DS Airee",
              "runs": {
                "batter": 0,
                "extras": 0,
                "total": 0
              }
            },
            {
              "batter": "Aarif Sheikh",
              "bowler": "N Vanua",
              "non_striker": "DS Airee",
              "runs": {
                "batter": 0,
                "extras": 0,
                "total": 0
              }
            },
            {
              "batter": "Aarif Sheikh",
              "bowler": "N Vanua",
              "non_striker": "DS Airee",
              "runs": {
                "batter": 0,
                "extras": 0,
                "total": 0
              },
              "wickets": [
                {
                  "player_out": "Aarif Sheikh",
                  "kind": "lbw"
                }
              ]
            }
          ]
        },
        {
          "over": 21,
          "deliveries": [
            {
              "batter": "DS Airee",
              "bowler": "JB Reva",
              "non_striker": "RK Paudel",
              "runs": {
                "batter": 1,
                "extras": 0,
                "total": 1
              }
            },
            {
              "batter": "RK Paudel",
              "bowler": "JB Reva",
              "non_striker": "DS Airee",
              "runs": {
                "batter": 1,
                "extras": 0,
                "total": 1
              }
            },
            {
              "batter": "RK Paudel",
              "bowler": "JB Reva",
              "non_striker": "DS Airee",
              "runs": {
                "batter": 0,
                "extras": 0,
                "total": 0
              }
            },
            {
              "batter": "RK Paudel",
              "bowler": "JB Reva",
              "non_striker": "DS Airee",
              "runs": {
                "batter": 0,
                "extras": 0,
                "total": 0
              }
            },
            {
              "batter": "RK Paudel",
              "bowler": "JB Reva",
              "non_striker": "DS Airee",
              "runs": {
                "batter": 1,
                "extras": 0,
                "total": 1
              }
            },
            {
              "batter": "DS Airee",
              "bowler": "JB Reva",
              "non_striker": "RK Paudel",
              "runs": {
                "batter": 1,
                "extras": 0,
                "total": 1
              }
            }
          ]
        },
        {
          "over": 22,
          "deliveries": [
            {
              "batter": "DS Airee",
              "bowler": "N Vanua",
              "extras": {
                "wides": 1
              },
              "non_striker": "RK Paudel",
              "runs": {
                "batter": 0,
                "extras": 1,
                "total": 1
              }
            },
            {
              "batter": "DS Airee",
              "bowler": "N Vanua",
              "non_striker": "RK Paudel",
              "runs": {
                "batter": 0,
                "extras": 0,
                "total": 0
              }
            },
            {
              "batter": "DS Airee",
              "bowler": "N Vanua",
              "non_striker": "RK Paudel",
              "runs": {
                "batter": 0,
                "extras": 0,
                "total": 0
              }
            },
            {
              "batter": "DS Airee",
              "bowler": "N Vanua",
              "extras": {
                "legbyes": 1
              },
              "non_striker": "RK Paudel",
              "runs": {
                "batter": 0,
                "extras": 1,
                "total": 1
              }
            },
            {
              "batter": "RK Paudel",
              "bowler": "N Vanua",
              "non_striker": "DS Airee",
              "runs": {
                "batter": 0,
                "extras": 0,
                "total": 0
              }
            },
            {
              "batter": "RK Paudel",
              "bowler": "N Vanua",
              "non_striker": "DS Airee",
              "runs": {
                "batter": 1,
                "extras": 0,
                "total": 1
              }
            },
            {
              "batter": "DS Airee",
              "bowler": "N Vanua",
              "non_striker": "RK Paudel",
              "runs": {
                "batter": 6,
                "extras": 0,
                "total": 6
              }
            }
          ]
        }
      ],
      "powerplays": [
        {
          "from": 0.1,
          "to": 9.6,
          "type": "mandatory"
        },
        {
          "from": 10.1,
          "to": 22.7,
          "type": "mandatory"
        }
      ]
    }
  ]
}