{
  "meta": {
    "data_version": "1.0.0",
    "created": "2020-09-24",
    "revision": 1
  },
  "info": {
    "balls_per_over": 6,
    "city": "Windhoek",
    "dates": [
      "2018-02-13"
    ],
    "event": {
      "name": "ICC World Cricket League Division Two",
      "match_number": 6
    },
    "gender": "male",
    "match_type": "ODM",
    "officials": {
      "match_referees": [
        "D Govindjee"
      ],
      "reserve_umpires": [
        "C Thorburn"
      ],
      "umpires": [
        "L Rusere",
        "Sarika Prasad"
      ]
    },
    "outcome": {
      "winner": "Namibia",
      "by": {
        "wickets": 8
      }
    },
    "overs": 50,
    "player_of_match": [
      "BM Scholtz"
    ],
    "players": {
      "Kenya": [
        "IA Karim",
        "AA Obanda",
        "DM Gondaria",
        "CO Obuya",
        "SO Ngoche",
        "RR Patel",
        "K Kaul",
        "NN Odhiambo",
        "HA Varaiya",
        "EB Ringera",
        "LN Oluoch"
      ],
      "Namibia": [
        "SJ Baard",
        "L Louwrens",
        "N Davin",
        "ZE Green",
        "CG Williams",
        "MG Erasmus",
        "JN Frylinck",
        "SF Burger",
        "JJ Smit",
        "BM Scholtz",
        "P Burger"
      ]
    },
    "registry": {
      "people": {
        "AA Obanda": "7081491e",
        "BM Scholtz": "e85d03d6",
        "C Thorburn": "904288fe",
        "CG Williams": "e16e7347",
        "CO Obuya": "5680f1ad",
        "D Govindjee": "8b4c4069",
        "DM Gondaria": "9048c17e",
        "EB Ringera": "6cedad99",
        "HA Varaiya": "eeeebf82",
        "IA Karim": "ca92a578",
        "JJ Smit": "bb134e5c",
        "JN Frylinck": "3c87f0c3",
        "K Kaul": "8a369727",
        "L Louwrens": "b018e1eb",
        "L Rusere": "6a4734ae",
        "LN Oluoch": "eb4f9c61",
        "MG Erasmus": "95a5e066",
        "N Davin": "72e361fe",
        "NN Odhiambo": "753b5a2d",
        "P Burger": "bb20e182",
        "RR Patel": "7fa6bd8e",
        "SF Burger": "9ff7f691",
        "SJ Baard": "e8511411",
        "SO Ngoche": "49118dc7",
        "Sarika Prasad": "8ff397fa",
        "ZE Green": "8716233e"
      }
    },
    "season": "2017/18",
    "team_type": "international",
    "teams": [
      "Kenya",
      "Namibia"
    ],
    "toss": {
      "decision": "bat",
      "winner": "Kenya"
    },
    "venue": "United Cricket Club Ground"
  },
  "innings": [
    {
      "team": "Kenya",
      "overs": [
        {
          "over": 0,
          "deliveries": [
            {
              "batter": "IA Karim",
              "bowler": "SF Burger",
              "non_striker": "AA Obanda",
              "runs": {
                "batter": 0,
                "extras": 0,
                "total": 0
              }
            },
            {
              "batter": "IA Karim",
              "bowler": "SF Burger",
              "non_striker": "AA Obanda",
              "runs": {
                "batter": 0,
                "extras": 0,
                "total": 0
              },
              "wickets": [
                {
                  "player_out": "IA Karim",
                  "fielders": [
                    {
                      "name": "ZE Green"
                    }
                  ],
                  "kind": "caught"
                }
              ]
            },
            {
              "batter": "DM Gondaria",
              "bowler": "SF Burger",
              "non_striker": "AA Obanda",
              "runs": {
                "batter": 0,
                "extras": 0,
                "total": 0
              }
            },
            {
              "batter": "DM Gondaria",
              "bowler": "SF Burger",
              "non_striker": "AA Obanda",
              "runs": {
                "batter": 0,
                "extras": 0,
                "total": 0
              }
            },
            {
              "batter": "DM Gondaria",
              "bowler": "SF Burger",
              "non_striker": "AA Obanda",
              "runs": {
                "batter": 0,
                "extras": 0,
                "total": 0
              }
            },
            {
              "batter": "DM Gondaria",
              "bowler": "SF Burger",
              "non_striker": "AA Obanda",
              "runs": {
                "batter": 0,
                "extras": 0,
                "total": 0
              }
            }
          ]
        },
        {
          "over": 1,
          "deliveries": [
            {
              "batter": "AA Obanda",
              "bowler": "JJ Smit",
              "non_striker": "DM Gondaria",
              "runs": {
                "batter": 1,
                "extras": 0,
                "total": 1
              }
            },
            {
              "batter": "DM Gondaria",
              "bowler": "JJ Smit",
              "non_striker": "AA Obanda",
              "runs": {
                "batter": 4,
                "extras": 0,
                "total": 4
              }
            },
            {
              "batter": "DM Gondaria",
              "bowler": "JJ Smit",
              "non_striker": "AA Obanda",
              "runs": {
                "batter": 1,
                "extras": 0,
                "total": 1
              }
            },
            {
              "batter": "AA Obanda",
              "bowler": "JJ Smit",
              "non_striker": "DM Gondaria",
              "runs": {
                "batter": 0,
                "extras": 0,
                "total": 0
              }
            },
            {
              "batter": "AA Obanda",
              "bowler": "JJ Smit",
              "non_striker": "DM Gondaria",
              "runs": {
                "batter": 1,
                "extras": 0,
                "total": 1
              }
            },
            {
              "batter": "DM Gondaria",
              "bowler": "JJ Smit",
              "non_striker": "AA Obanda",
              "runs": {
                "batter": 1,
                "extras": 0,
                "total": 1
              }
            }
          ]
        },
        {
          "over": 2,
          "deliveries": [
            {
              "batter": "DM Gondaria",
              "bowler": "SF Burger",
              "non_striker": "AA Obanda",
              "runs": {
                "batter": 1,
                "extras": 0,
                "total": 1
              }
            },
            {
              "batter": "AA Obanda",
              "bowler": "SF Burger",
              "non_striker": "DM Gondaria",
              "runs": {
                "batter": 1,
                "extras": 0,
                "total": 1
              }
            },
            {
              "batter": "DM Gondaria",
              "bowler": "SF Burger",
              "non_striker": "AA Obanda",
              "runs": {
                "batter": 0,
                "extras": 0,
                "total": 0
              }
            },
            {
              "batter": "DM Gondaria",
              "bowler": "SF Burger",
              "non_striker": "AA Obanda",
              "runs": {
                "batter": 0,
                "extras": 0,
                "total": 0
              }
            },
            {
              "batter": "DM Gondaria",
              "bowler": "SF Burger",
              "non_striker": "AA Obanda",
              "runs": {
                "batter": 0,
                "extras": 0,
                "total": 0
              }
            },
            {
              "batter": "DM Gondaria",
              "bowler": "SF Burger",
              "non_striker": "AA Obanda",
              "runs": {
                "batter": 0,
                "extras": 0,
                "total": 0
              }
            }
          ]
        },
        {
          "over": 3,
          "deliveries": [
            {
              "batter": "AA Obanda",
              "bowler": "JJ Smit",
              "non_striker": "DM Gondaria",
              "runs": {
                "batter": 0,
                "extras": 0,
                "total": 0
              }
            },
            {
              "batter": "AA Obanda",
              "bowler": "JJ Smit",
              "extras": {
                "legbyes": 1
              },
              "non_striker": "DM Gondaria",
              "runs": {
                "batter": 0,
                "extras": 1,
                "total": 1
              }
            },
            {
              "batter": "DM Gondaria",
              "bowler": "JJ Smit",
              "non_striker": "AA Obanda",
              "runs": {
                "batter": 0,
                "extras": 0,
                "total": 0
              }
            },
            {
              "batter": "DM Gondaria",
              "bowler": "JJ Smit",
              "non_striker": "AA Obanda",
              "runs": {
                "batter": 0,
                "extras": 0,
                "total": 0
              }
            },
            {
              "batter": "DM Gondaria",
              "bowler": "JJ Smit",
              "non_striker": "AA Obanda",
              "runs": {
                "batter": 4,
                "extras": 0,
                "total": 4
              }
            },
            {
              "batter": "DM Gondaria",
              "bowler": "JJ Smit",
              "non_striker": "AA Obanda",
              "runs": {
                "batter": 6,
                "extras": 0,
                "total": 6
              }
            }
          ]
        },
        {
          "over": 4,
          "deliveries": [
            {
              "batter": "AA Obanda",
              "bowler": "SF Burger",
              "non_striker": "DM Gondaria",
              "runs": {
                "batter": 0,
                "extras": 0,
                "total": 0
              }
            },
            {
              "batter": "AA Obanda",
              "bowler": "SF Burger",
              "non_striker": "DM Gondaria",
              "runs": {
                "batter": 1,
                "extras": 0,
                "total": 1
              }
            },
            {
              "batter": "DM Gondaria",
              "bowler": "SF Burger",
              "non_striker": "AA Obanda",
              "runs": {
                "batter": 0,
                "extras": 0,
                "total": 0
              }
            },
            {
              "batter": "DM Gondaria",
              "bowler": "SF Burger",
              "non_striker": "AA Obanda",
              "runs": {
                "batter": 6,
                "extras": 0,
                "total": 6
              }
            },
            {
              "batter": "DM Gondaria",
              "bowler": "SF Burger",
              "non_striker": "AA Obanda",
              "runs": {
                "batter": 6,
                "extras": 0,
                "total": 6
              }
            },
            {
              "batter": "DM Gondaria",
              "bowler": "SF Burger",
              "non_striker": "AA Obanda",
              "runs": {
                "batter": 2,
                "extras": 0,
                "total": 2
              }
            }
          ]
        },
        {
          "over": 5,
          "deliveries": [
            {
              "batter": "AA Obanda",
              "bowler": "CG Williams",
              "non_striker": "DM Gondaria",
              "runs": {
                "batter": 0,
                "extras": 0,
                "total": 0
              }
            },
            {
              "batter": "AA Obanda",
              "bowler": "CG Williams",
              "non_striker": "DM Gondaria",
              "runs": {
                "batter": 1,
                "extras": 0,
                "total": 1
              }
            },
            {
              "batter": "DM Gondaria",
              "bowler": "CG Williams",
              "non_striker": "AA Obanda",
              "runs": {
                "batter": 0,
                "extras": 0,
                "total": 0
              }
            },
            {
              "batter": "DM Gondaria",
              "bowler": "CG Williams",
              "non_striker": "AA Obanda",
              "runs": {
                "batter": 1,
                "extras": 0,
                "total": 1
              }
            },
            {
              "batter": "AA Obanda",
              "bowler": "CG Williams",
              "non_striker": "DM Gondaria",
              "runs": {
                "batter": 4,
                "extras": 0,
                "total": 4
              }
            },
            {
              "batter": "AA Obanda",
              "bowler": "CG Williams",
              "non_striker": "DM Gondaria",
              "runs": {
                "batter": 0,
                "extras": 0,
                "total": 0
              }
            }
          ]
        },
        {
          "over": 6,
          "deliveries": [
            {
              "batter": "DM Gondaria",
              "bowler": "SF Burger",
              "non_striker": "AA Obanda",
              "runs": {
                "batter": 2,
                "extras": 0,
                "total": 2
              }
            },
            {
              "batter": "DM Gondaria",
              "bowler": "SF Burger",
              "non_striker": "AA Obanda",
              "runs": {
                "batter": 6,
                "extras": 0,
                "total": 6
              }
            },
            {
              "batter": "DM Gondaria",
              "bowler": "SF Burger",
              "non_striker": "AA Obanda",
              "runs": {
                "batter": 1,
                "extras": 0,
                "total": 1
              }
            },
            {
              "batter": "AA Obanda",
              "bowler": "SF Burger",
              "non_striker": "DM Gondaria",
              "runs": {
                "batter": 0,
                "extras": 0,
                "total": 0
              }
            },
            {
              "batter": "AA Obanda",
              "bowler": "SF Burger",
              "non_striker": "DM Gondaria",
              "runs": {
                "batter": 0,
                "extras": 0,
                "total": 0
              }
            },
            {
              "batter": "AA Obanda",
              "bowler": "SF Burger",
              "extras": {
                "wides": 1
              },
              "non_striker": "DM Gondaria",
              "runs": {
                "batter": 0,
                "extras": 1,
                "total": 1
              }
            },
            {
              "batter": "AA Obanda",
              "bowler": "SF Burger",
              "non_striker": "DM Gondaria",
              "runs": {
                "batter": 2,
                "extras": 0,
                "total": 2
              }
            }
          ]
        },
        {
          "over": 7,
          "deliveries": [
            {
              "batter": "DM Gondaria",
              "bowler": "CG Williams",
              "non_striker": "AA Obanda",
              "runs": {
                "batter": 0,
                "extras": 0,
                "total": 0
              }
            },
            {
              "batter": "DM Gondaria",
              "bowler": "CG Williams",
              "non_striker": "AA Obanda",
              "runs": {
                "batter": 0,
                "extras": 0,
                "total": 0
              }
            },
            {
              "batter": "DM Gondaria",
              "bowler": "CG Williams",
              "non_striker": "AA Obanda",
              "runs": {
                "batter": 0,
                "extras": 0,
                "total": 0
              }
            },
            {
              "batter": "DM Gondaria",
              "bowler": "CG Williams",
              "non_striker": "AA Obanda",
              "runs": {
                "batter": 6,
                "extras": 0,
                "total": 6
              }
            },
            {
              "batter": "DM Gondaria",
              "bowler": "CG Williams",
              "non_striker": "AA Obanda",
              "runs": {
                "batter": 1,
                "extras": 0,
                "total": 1
              }
            },
            {
              "batter": "AA Obanda",
              "bowler": "CG Williams",
              "non_striker": "DM Gondaria",
              "runs": {
                "batter": 1,
                "extras": 0,
                "total": 1
              }
            }
          ]
        },
        {
          "over": 8,
          "deliveries": [
            {
              "batter": "AA Obanda",
              "bowler": "P Burger",
              "non_striker": "DM Gondaria",
              "runs": {
                "batter": 0,
                "extras": 0,
                "total": 0
              }
            },
            {
              "batter": "AA Obanda",
              "bowler": "P Burger",
              "non_striker": "DM Gondaria",
              "runs": {
                "batter": 1,
                "extras": 0,
                "total": 1
              }
            },
            {
              "batter": "DM Gondaria",
              "bowler": "P Burger",
              "non_striker": "AA Obanda",
              "runs": {
                "batter": 0,
                "extras": 0,
                "total": 0
              }
            },
            {
              "batter": "DM Gondaria",
              "bowler": "P Burger",
              "non_striker": "AA Obanda",
              "runs": {
                "batter": 0,
                "extras": 0,
                "total": 0
              }
            },
            {
              "batter": "DM Gondaria",
              "bowler": "P Burger",
              "non_striker": "AA Obanda",
              "runs": {
                "batter": 0,
                "extras": 0,
                "total": 0
              }
            },
            {
              "batter": "DM Gondaria",
              "bowler": "P Burger",
              "non_striker": "AA Obanda",
              "runs": {
                "batter": 0,
                "extras": 0,
                "total": 0
              }
            }
          ]
        },
        {
          "over": 9,
          "deliveries": [
            {
              "batter": "AA Obanda",
              "bowler": "CG Williams",
              "non_striker": "DM Gondaria",
              "runs": {
                "batter": 1,
                "extras": 0,
                "total": 1
              }
            },
            {
              "batter": "DM Gondaria",
              "bowler": "CG Williams",
              "non_striker": "AA Obanda",
              "runs": {
                "batter": 0,
                "extras": 0,
                "total": 0
              }
            },
            {
              "batter": "DM Gondaria",
              "bowler": "CG Williams",
              "non_striker": "AA Obanda",
              "runs": {
                "batter": 0,
                "extras": 0,
                "total": 0
              }
            },
            {
              "batter": "DM Gondaria",
              "bowler": "CG Williams",
              "non_striker": "AA Obanda",
              "runs": {
                "batter": 4,
                "extras": 0,
                "total": 4
              }
            },
            {
              "batter": "DM Gondaria",
              "bowler": "CG Williams",
              "non_striker": "AA Obanda",
              "runs": {
                "batter": 2,
                "extras": 0,
                "total": 2
              }
            },
            {
              "batter": "DM Gondaria",
              "bowler": "CG Williams",
              "non_striker": "AA Obanda",
              "runs": {
                "batter": 0,
                "extras": 0,
                "total": 0
              }
            }
          ]
        },
        {
          "over": 10,
          "deliveries": [
            {
              "batter": "AA Obanda",
              "bowler": "P Burger",
              "non_striker": "DM Gondaria",
              "runs": {
                "batter": 1,
                "extras": 0,
                "total": 1
              }
            },
            {
              "batter": "DM Gondaria",
              "bowler": "P Burger",
              "non_striker": "AA Obanda",
              "runs": {
                "batter": 4,
                "extras": 0,
                "total": 4
              }
            },
            {
              "batter": "DM Gondaria",
              "bowler": "P Burger",
              "non_striker": "AA Obanda",
              "runs": {
                "batter": 0,
                "extras": 0,
                "total": 0
              }
            },
            {
              "batter": "DM Gondaria",
              "bowler": "P Burger",
              "non_striker": "AA Obanda",
              "runs": {
                "batter": 0,
                "extras": 0,
                "total": 0
              }
            },
            {
              "batter": "DM Gondaria",
              "bowler": "P Burger",
              "non_striker": "AA Obanda",
              "runs": {
                "batter": 0,
                "extras": 0,
                "total": 0
              }
            },
            {
              "batter": "DM Gondaria",
              "bowler": "P Burger",
              "non_striker": "AA Obanda",
              "runs": {
                "batter": 1,
                "extras": 0,
                "total": 1
              }
            }
          ]
        },
        {
          "over": 11,
          "deliveries": [
            {
              "batter": "DM Gondaria",
              "bowler": "BM Scholtz",
              "non_striker": "AA Obanda",
              "runs": {
                "batter": 1,
                "extras": 0,
                "total": 1
              }
            },
            {
              "batter": "AA Obanda",
              "bowler": "BM Scholtz",
              "non_striker": "DM Gondaria",
              "runs": {
                "batter": 0,
                "extras": 0,
                "total": 0
              }
            },
            {
              "batter": "AA Obanda",
              "bowler": "BM Scholtz",
              "non_striker": "DM Gondaria",
              "runs": {
                "batter": 0,
                "extras": 0,
                "total": 0
              }
            },
            {
              "batter": "AA Obanda",
              "bowler": "BM Scholtz",
              "non_striker": "DM Gondaria",
              "runs": {
                "batter": 0,
                "extras": 0,
                "total": 0
              }
            },
            {
              "batter": "AA Obanda",
              "bowler": "BM Scholtz",
              "non_striker": "DM Gondaria",
              "runs": {
                "batter": 0,
                "extras": 0,
                "total": 0
              }
            },
            {
              "batter": "AA Obanda",
              "bowler": "BM Scholtz",
              "non_striker": "DM Gondaria",
              "runs": {
                "batter": 0,
                "extras": 0,
                "total": 0
              }
            }
          ]
        },
        {
          "over": 12,
          "deliveries": [
            {
              "batter": "DM Gondaria",
              "bowler": "P Burger",
              "non_striker": "AA Obanda",
              "runs": {
                "batter": 0,
                "extras": 0,
                "total": 0
              },
              "wickets": [
                {
                  "player_out": "DM Gondaria",
                  "fielders": [
                    {
                      "name": "JN Frylinck"
                    }
                  ],
                  "kind": "caught"
                }
              ]
            },
            {
              "batter": "CO Obuya",
              "bowler": "P Burger",
              "non_striker": "AA Obanda",
              "runs": {
                "batter": 0,
                "extras": 0,
                "total": 0
              }
            },
            {
              "batter": "CO Obuya",
              "bowler": "P Burger",
              "non_striker": "AA Obanda",
              "runs": {
                "batter": 0,
                "extras": 0,
                "total": 0
              },
              "wickets": [
                {
                  "player_out": "CO Obuya",
                  "fielders": [
                    {
                      "name": "ZE Green"
                    }
                  ],
                  "kind": "caught"
                }
              ]
            },
            {
              "batter": "SO Ngoche",
              "bowler": "P Burger",
              "extras": {
                "wides": 1
              },
              "non_striker": "AA Obanda",
              "runs": {
                "batter": 0,
                "extras": 1,
                "total": 1
              }
            },
            {
              "batter": "SO Ngoche",
              "bowler": "P Burger",
              "non_striker": "AA Obanda",
              "runs": {
                "batter": 0,
                "extras": 0,
                "total": 0
              }
            },
            {
              "batter": "SO Ngoche",
              "bowler": "P Burger",
              "non_striker": "AA Obanda",
              "runs": {
                "batter": 0,
                "extras": 0,
                "total": 0
              }
            },
            {
              "batter": "SO Ngoche",
              "bowler": "P Burger",
              "non_striker": "AA Obanda",
              "runs": {
                "batter": 0,
                "extras": 0,
                "total": 0
              }
            }
          ]
        },
        {
          "over": 13,
          "deliveries": [
            {
              "batter": "AA Obanda",
              "bowler": "BM Scholtz",
              "non_striker": "SO Ngoche",
              "runs": {
                "batter": 0,
                "extras": 0,
                "total": 0
              }
            },
            {
              "batter": "AA Obanda",
              "bowler": "BM Scholtz",
              "non_striker": "SO Ngoche",
              "runs": {
                "batter": 1,
                "extras": 0,
                "total": 1
              }
            },
            {
              "batter": "SO Ngoche",
              "bowler": "BM Scholtz",
              "non_striker": "AA Obanda",
              "runs": {
                "batter": 0,
                "extras": 0,
                "total": 0
              }
            },
            {
              "batter": "SO Ngoche",
              "bowler": "BM Scholtz",
              "non_striker": "AA Obanda",
              "runs": {
                "batter": 0,
                "extras": 0,
                "total": 0
              }
            },
            {
              "batter": "SO Ngoche",
              "bowler": "BM Scholtz",
              "non_striker": "AA Obanda",
              "runs": {
                "batter": 1,
                "extras": 0,
                "total": 1
              }
            },
            {
              "batter": "AA Obanda",
              "bowler": "BM Scholtz",
              "non_striker": "SO Ngoche",
              "runs": {
                "batter": 0,
                "extras": 0,
                "total": 0
              }
            }
          ]
        },
        {
          "over": 14,
          "deliveries": [
            {
              "batter": "SO Ngoche",
              "bowler": "P Burger",
              "non_striker": "AA Obanda",
              "runs": {
                "batter": 0,
                "extras": 0,
                "total": 0
              }
            },
            {
              "batter": "SO Ngoche",
              "bowler": "P Burger",
              "non_striker": "AA Obanda",
              "runs": {
                "batter": 1,
                "extras": 0,
                "total": 1
              }
            },
            {
              "batter": "AA Obanda",
              "bowler": "P Burger",
              "non_striker": "SO Ngoche",
              "runs": {
                "batter": 2,
                "extras": 0,
                "total": 2
              }
            },
            {
              "batter": "AA Obanda",
              "bowler": "P Burger",
              "non_striker": "SO Ngoche",
              "runs": {
                "batter": 6,
                "extras": 0,
                "total": 6
              }
            },
            {
              "batter": "AA Obanda",
              "bowler": "P Burger",
              "non_striker": "SO Ngoche",
              "runs": {
                "batter": 0,
                "extras": 0,
                "total": 0
              }
            },
            {
              "batter": "AA Obanda",
              "bowler": "P Burger",
              "non_striker": "SO Ngoche",
              "runs": {
                "batter": 0,
                "extras": 0,
                "total": 0
              }
            }
          ]
        },
        {
          "over": 15,
          "deliveries": [
            {
              "batter": "SO Ngoche",
              "bowler": "BM Scholtz",
              "non_striker": "AA Obanda",
              "runs": {
                "batter": 0,
                "extras": 0,
                "total": 0
              },
              "wickets": [
                {
                  "player_out": "SO Ngoche",
                  "kind": "lbw"
                }
              ]
            },
            {
              "batter": "RR Patel",
              "bowler": "BM Scholtz",
              "non_striker": "AA Obanda",
              "runs": {
                "batter": 0,
                "extras": 0,
                "total": 0
              }
            },
            {
              "batter": "RR Patel",
              "bowler": "BM Scholtz",
              "non_striker": "AA Obanda",
              "runs": {
                "batter": 0,
                "extras": 0,
                "total": 0
              }
            },
            {
              "batter": "RR Patel",
              "bowler": "BM Scholtz",
              "non_striker": "AA Obanda",
              "runs": {
                "batter": 0,
                "extras": 0,
                "total": 0
              }
            },
            {
              "batter": "RR Patel",
              "bowler": "BM Scholtz",
              "non_striker": "AA Obanda",
              "runs": {
                "batter": 2,
                "extras": 0,
                "total": 2
              }
            },
            {
              "batter": "RR Patel",
              "bowler": "BM Scholtz",
              "non_striker": "AA Obanda",
              "runs": {
                "batter": 0,
                "extras": 0,
                "total": 0
              }
            }
          ]
        },
        {
          "over": 16,
          "deliveries": [
            {
              "batter": "AA Obanda",
              "bowler": "JN Frylinck",
              "non_striker": "RR Patel",
              "runs": {
                "batter": 1,
                "extras": 0,
                "total": 1
              }
            },
            {
              "batter": "RR Patel",
              "bowler": "JN Frylinck",
              "non_striker": "AA Obanda",
              "runs": {
                "batter": 0,
                "extras": 0,
                "total": 0
              }
            },
            {
              "batter": "RR Patel",
              "bowler": "JN Frylinck",
              "extras": {
                "legbyes": 1
              },
              "non_striker": "AA Obanda",
              "runs": {
                "batter": 0,
                "extras": 1,
                "total": 1
              }
            },
            {
              "batter": "AA Obanda",
              "bowler": "JN Frylinck",
              "non_striker": "RR Patel",
              "runs": {
                "batter": 0,
                "extras": 0,
                "total": 0
              }
            },
            {
              "batter": "AA Obanda",
              "bowler": "JN Frylinck",
              "non_striker": "RR Patel",
              "runs": {
                "batter": 2,
                "extras": 0,
                "total": 2
              }
            },
            {
              "batter": "AA Obanda",
              "bowler": "JN Frylinck",
              "non_striker": "RR Patel",
              "runs": {
                "batter": 1,
                "extras": 0,
                "total": 1
              }
            }
          ]
        },
        {
          "over": 17,
          "deliveries": [
            {
              "batter": "AA Obanda",
              "bowler": "BM Scholtz",
              "non_striker": "RR Patel",
              "runs": {
                "batter": 0,
                "extras": 0,
                "total": 0
              },
              "wickets": [
                {
                  "player_out": "AA Obanda",
                  "kind": "bowled"
                }
              ]
            },
            {
              "batter": "K Kaul",
              "bowler": "BM Scholtz",
              "non_striker": "RR Patel",
              "runs": {
                "batter": 0,
                "extras": 0,
                "total": 0
              }
            },
            {
              "batter": "K Kaul",
              "bowler": "BM Scholtz",
              "non_striker": "RR Patel",
              "runs": {
                "batter": 0,
                "extras": 0,
                "total": 0
              }
            },
            {
              "batter": "K Kaul",
              "bowler": "BM Scholtz",
              "non_striker": "RR Patel",
              "runs": {
                "batter": 0,
                "extras": 0,
                "total": 0
              }
            },
            {
              "batter": "K Kaul",
              "bowler": "BM Scholtz",
              "non_striker": "RR Patel",
              "runs": {
                "batter": 0,
                "extras": 0,
                "total": 0
              }
            },
            {
              "batter": "K Kaul",
              "bowler": "BM Scholtz",
              "non_striker": "RR Patel",
              "runs": {
                "batter": 0,
                "extras": 0,
                "total": 0
              }
            }
          ]
        },
        {
          "over": 18,
          "deliveries": [
            {
              "batter": "RR Patel",
              "bowler": "JN Frylinck",
              "non_striker": "K Kaul",
              "runs": {
                "batter": 0,
                "extras": 0,
                "total": 0
              }
            },
            {
              "batter": "RR Patel",
              "bowler": "JN Frylinck",
              "non_striker": "K Kaul",
              "runs": {
                "batter": 0,
                "extras": 0,
                "total": 0
              }
            },
            {
              "batter": "RR Patel",
              "bowler": "JN Frylinck",
              "non_striker": "K Kaul",
              "runs": {
                "batter": 0,
                "extras": 0,
                "total": 0
              }
            },
            {
              "batter": "RR Patel",
              "bowler": "JN Frylinck",
              "non_striker": "K Kaul",
              "runs": {
                "batter": 0,
                "extras": 0,
                "total": 0
              }
            },
            {
              "batter": "RR Patel",
              "bowler": "JN Frylinck",
              "non_striker": "K Kaul",
              "runs": {
                "batter": 1,
                "extras": 0,
                "total": 1
              }
            },
            {
              "batter": "K Kaul",
              "bowler": "JN Frylinck",
              "non_striker": "RR Patel",
              "runs": {
                "batter": 0,
                "extras": 0,
                "total": 0
              }
            }
          ]
        },
        {
          "over": 19,
          "deliveries": [
            {
              "batter": "RR Patel",
              "bowler": "BM Scholtz",
              "non_striker": "K Kaul",
              "runs": {
                "batter": 0,
                "extras": 0,
                "total": 0
              }
            },
            {
              "batter": "RR Patel",
              "bowler": "BM Scholtz",
              "non_striker": "K Kaul",
              "runs": {
                "batter": 1,
                "extras": 0,
                "total": 1
              }
            },
            {
              "batter": "K Kaul",
              "bowler": "BM Scholtz",
              "non_striker": "RR Patel",
              "runs": {
                "batter": 0,
                "extras": 0,
                "total": 0
              }
            },
            {
              "batter": "K Kaul",
              "bowler": "BM Scholtz",
              "non_striker": "RR Patel",
              "runs": {
                "batter": 0,
                "extras": 0,
                "total": 0
              }
            },
            {
              "batter": "K Kaul",
              "bowler": "BM Scholtz",
              "non_striker": "RR Patel",
              "runs": {
                "batter": 0,
                "extras": 0,
                "total": 0
              }
            },
            {
              "batter": "K Kaul",
              "bowler": "BM Scholtz",
              "non_striker": "RR Patel",
              "runs": {
                "batter": 1,
                "extras": 0,
                "total": 1
              }
            }
          ]
        },
        {
          "over": 20,
          "deliveries": [
            {
              "batter": "K Kaul",
              "bowler": "JN Frylinck",
              "non_striker": "RR Patel",
              "runs": {
                "batter": 0,
                "extras": 0,
                "total": 0
              }
            },
            {
              "batter": "K Kaul",
              "bowler": "JN Frylinck",
              "non_striker": "RR Patel",
              "runs": {
                "batter": 0,
                "extras": 0,
                "total": 0
              }
            },
            {
              "batter": "K Kaul",
              "bowler": "JN Frylinck",
              "non_striker": "RR Patel",
              "runs": {
                "batter": 0,
                "extras": 0,
                "total": 0
              }
            },
            {
              "batter": "K Kaul",
              "bowler": "JN Frylinck",
              "non_striker": "RR Patel",
              "runs": {
                "batter": 0,
                "extras": 0,
                "total": 0
              }
            },
            {
              "batter": "K Kaul",
              "bowler": "JN Frylinck",
              "non_striker": "RR Patel",
              "runs": {
                "batter": 0,
                "extras": 0,
                "total": 0
              }
            },
            {
              "batter": "K Kaul",
              "bowler": "JN Frylinck",
              "non_striker": "RR Patel",
              "runs": {
                "batter": 0,
                "extras": 0,
                "total": 0
              }
            }
          ]
        },
        {
          "over": 21,
          "deliveries": [
            {
              "batter": "RR Patel",
              "bowler": "BM Scholtz",
              "non_striker": "K Kaul",
              "runs": {
                "batter": 1,
                "extras": 0,
                "total": 1
              }
            },
            {
              "batter": "K Kaul",
              "bowler": "BM Scholtz",
              "non_striker": "RR Patel",
              "runs": {
                "batter": 0,
                "extras": 0,
                "total": 0
              }
            },
            {
              "batter": "K Kaul",
              "bowler": "BM Scholtz",
              "non_striker": "RR Patel",
              "runs": {
                "batter": 0,
                "extras": 0,
                "total": 0
              }
            },
            {
              "batter": "K Kaul",
              "bowler": "BM Scholtz",
              "non_striker": "RR Patel",
              "runs": {
                "batter": 1,
                "extras": 0,
                "total": 1
              }
            },
            {
              "batter": "RR Patel",
              "bowler": "BM Scholtz",
              "non_striker": "K Kaul",
              "runs": {
                "batter": 0,
                "extras": 0,
                "total": 0
              }
            },
            {
              "batter": "RR Patel",
              "bowler": "BM Scholtz",
              "non_striker": "K Kaul",
              "runs": {
                "batter": 1,
                "extras": 0,
                "total": 1
              }
            }
          ]
        },
        {
          "over": 22,
          "deliveries": [
            {
              "batter": "RR Patel",
              "bowler": "JN Frylinck",
              "non_striker": "K Kaul",
              "runs": {
                "batter": 0,
                "extras": 0,
                "total": 0
              }
            },
            {
              "batter": "RR Patel",
              "bowler": "JN Frylinck",
              "non_striker": "K Kaul",
              "runs": {
                "batter": 0,
                "extras": 0,
                "total": 0
              }
            },
            {
              "batter": "RR Patel",
              "bowler": "JN Frylinck",
              "non_striker": "K Kaul",
              "runs": {
                "batter": 0,
                "extras": 0,
                "total": 0
              }
            },
            {
              "batter": "RR Patel",
              "bowler": "JN Frylinck",
              "non_striker": "K Kaul",
              "runs": {
                "batter": 0,
                "extras": 0,
                "total": 0
              }
            },
            {
              "batter": "RR Patel",
              "bowler": "JN Frylinck",
              "extras": {
                "wides": 1
              },
              "non_striker": "K Kaul",
              "runs": {
                "batter": 0,
                "extras": 1,
                "total": 1
              }
            },
            {
              "batter": "RR Patel",
              "bowler": "JN Frylinck",
              "non_striker": "K Kaul",
              "runs": {
                "batter": 0,
                "extras": 0,
                "total": 0
              }
            },
            {
              "batter": "RR Patel",
              "bowler": "JN Frylinck",
              "non_striker": "K Kaul",
              "runs": {
                "batter": 0,
                "extras": 0,
                "total": 0
              }
            }
          ]
        },
        {
          "over": 23,
          "deliveries": [
            {
              "batter": "K Kaul",
              "bowler": "BM Scholtz",
              "non_striker": "RR Patel",
              "runs": {
                "batter": 1,
                "extras": 0,
                "total": 1
              }
            },
            {
              "batter": "RR Patel",
              "bowler": "BM Scholtz",
              "non_striker": "K Kaul",
              "runs": {
                "batter": 1,
                "extras": 0,
                "total": 1
              }
            },
            {
              "batter": "K Kaul",
              "bowler": "BM Scholtz",
              "non_striker": "RR Patel",
              "runs": {
                "batter": 0,
                "extras": 0,
                "total": 0
              }
            },
            {
              "batter": "K Kaul",
              "bowler": "BM Scholtz",
              "non_striker": "RR Patel",
              "runs": {
                "batter": 0,
                "extras": 0,
                "total": 0
              }
            },
            {
              "batter": "K Kaul",
              "bowler": "BM Scholtz",
              "non_striker": "RR Patel",
              "runs": {
                "batter": 0,
                "extras": 0,
                "total": 0
              }
            },
            {
              "batter": "K Kaul",
              "bowler": "BM Scholtz",
              "non_striker": "RR Patel",
              "runs": {
                "batter": 0,
                "extras": 0,
                "total": 0
              }
            }
          ]
        },
        {
          "over": 24,
          "deliveries": [
            {
              "batter": "RR Patel",
              "bowler": "JN Frylinck",
              "non_striker": "K Kaul",
              "runs": {
                "batter": 0,
                "extras": 0,
                "total": 0
              }
            },
            {
              "batter": "RR Patel",
              "bowler": "JN Frylinck",
              "non_striker": "K Kaul",
              "runs": {
                "batter": 0,
                "extras": 0,
                "total": 0
              }
            },
            {
              "batter": "RR Patel",
              "bowler": "JN Frylinck",
              "non_striker": "K Kaul",
              "runs": {
                "batter": 0,
                "extras": 0,
                "total": 0
              }
            },
            {
              "batter": "RR Patel",
              "bowler": "JN Frylinck",
              "non_striker": "K Kaul",
              "runs": {
                "batter": 0,
                "extras": 0,
                "total": 0
              }
            },
            {
              "batter": "RR Patel",
              "bowler": "JN Frylinck",
              "non_striker": "K Kaul",
              "runs": {
                "batter": 1,
                "extras": 0,
                "total": 1
              }
            },
            {
              "batter": "K Kaul",
              "bowler": "JN Frylinck",
              "non_striker": "RR Patel",
              "runs": {
                "batter": 0,
                "extras": 0,
                "total": 0
              }
            }
          ]
        },
        {
          "over": 25,
          "deliveries": [
            {
              "batter": "RR Patel",
              "bowler": "BM Scholtz",
              "non_striker": "K Kaul",
              "runs": {
                "batter": 0,
                "extras": 0,
                "total": 0
              }
            },
            {
              "batter": "RR Patel",
              "bowler": "BM Scholtz",
              "non_striker": "K Kaul",
              "runs": {
                "batter": 0,
                "extras": 0,
                "total": 0
              },
              "wickets": [
                {
                  "player_out": "RR Patel",
                  "kind": "run out"
                }
              ]
            },
            {
              "batter": "NN Odhiambo",
              "bowler": "BM Scholtz",
              "non_striker": "K Kaul",
              "runs": {
                "batter": 0,
                "extras": 0,
                "total": 0
              }
            },
            {
              "batter": "NN Odhiambo",
              "bowler": "BM Scholtz",
              "non_striker": "K Kaul",
              "runs": {
                "batter": 0,
                "extras": 0,
                "total": 0
              }
            },
            {
              "batter": "NN Odhiambo",
              "bowler": "BM Scholtz",
              "non_striker": "K Kaul",
              "runs": {
                "batter": 0,
                "extras": 0,
                "total": 0
              }
            },
            {
              "batter": "NN Odhiambo",
              "bowler": "BM Scholtz",
              "non_striker": "K Kaul",
              "runs": {
                "batter": 1,
                "extras": 0,
                "total": 1
              }
            }
          ]
        },
        {
          "over": 26,
          "deliveries": [
            {
              "batter": "NN Odhiambo",
              "bowler": "JJ Smit",
              "non_striker": "K Kaul",
              "runs": {
                "batter": 0,
                "extras": 0,
                "total": 0
              }
            },
            {
              "batter": "NN Odhiambo",
              "bowler": "JJ Smit",
              "non_striker": "K Kaul",
              "runs": {
                "batter": 1,
                "extras": 0,
                "total": 1
              }
            },
            {
              "batter": "K Kaul",
              "bowler": "JJ Smit",
              "non_striker": "NN Odhiambo",
              "runs": {
                "batter": 0,
                "extras": 0,
                "total": 0
              }
            },
            {
              "batter": "K Kaul",
              "bowler": "JJ Smit",
              "non_striker": "NN Odhiambo",
              "runs": {
                "batter": 0,
                "extras": 0,
                "total": 0
              }
            },
            {
              "batter": "K Kaul",
              "bowler": "JJ Smit",
              "non_striker": "NN Odhiambo",
              "runs": {
                "batter": 0,
                "extras": 0,
                "total": 0
              }
            },
            {
              "batter": "K Kaul",
              "bowler": "JJ Smit",
              "non_striker": "NN Odhiambo",
              "runs": {
                "batter": 0,
                "extras": 0,
                "total": 0
              }
            }
          ]
        },
        {
          "over": 27,
          "deliveries": [
            {
              "batter": "NN Odhiambo",
              "bowler": "BM Scholtz",
              "non_striker": "K Kaul",
              "runs": {
                "batter": 0,
                "extras": 0,
                "total": 0
              }
            },
            {
              "batter": "NN Odhiambo",
              "bowler": "BM Scholtz",
              "non_striker": "K Kaul",
              "runs": {
                "batter": 2,
                "extras": 0,
                "total": 2
              }
            },
            {
              "batter": "NN Odhiambo",
              "bowler": "BM Scholtz",
              "non_striker": "K Kaul",
              "runs": {
                "batter": 0,
                "extras": 0,
                "total": 0
              },
              "wickets": [
                {
                  "player_out": "NN Odhiambo",
                  "fielders": [
                    {
                      "name": "SJ Baard"
                    }
                  ],
                  "kind": "caught"
                }
              ]
            },
            {
              "batter": "K Kaul",
              "bowler": "BM Scholtz",
              "non_striker": "HA Varaiya",
              "runs": {
                "batter": 0,
                "extras": 0,
                "total": 0
              }
            },
            {
              "batter": "K Kaul",
              "bowler": "BM Scholtz",
              "non_striker": "HA Varaiya",
              "runs": {
                "batter": 0,
                "extras": 0,
                "total": 0
              },
              "wickets": [
                {
                  "player_out": "K Kaul",
                  "fielders": [
                    {
                      "name": "SF Burger"
                    }
                  ],
                  "kind": "caught"
                }
              ]
            },
            {
              "batter": "EB Ringera",
              "bowler": "BM Scholtz",
              "non_striker": "HA Varaiya",
              "runs": {
                "batter": 0,
                "extras": 0,
                "total": 0
              }
            }
          ]
        },
        {
          "over": 28,
          "deliveries": [
            {
              "batter": "HA Varaiya",
              "bowler": "JJ Smit",
              "non_striker": "EB Ringera",
              "runs": {
                "batter": 0,
                "extras": 0,
                "total": 0
              }
            },
            {
              "batter": "HA Varaiya",
              "bowler": "JJ Smit",
              "non_striker": "EB Ringera",
              "runs": {
                "batter": 0,
                "extras": 0,
                "total": 0
              }
            },
            {
              "batter": "HA Varaiya",
              "bowler": "JJ Smit",
              "non_striker": "EB Ringera",
              "runs": {
                "batter": 0,
                "extras": 0,
                "total": 0
              }
            },
            {
              "batter": "HA Varaiya",
              "bowler": "JJ Smit",
              "non_striker": "EB Ringera",
              "runs": {
                "batter": 0,
                "extras": 0,
                "total": 0
              }
            },
            {
              "batter": "HA Varaiya",
              "bowler": "JJ Smit",
              "non_striker": "EB Ringera",
              "runs": {
                "batter": 0,
                "extras": 0,
                "total": 0
              }
            },
            {
              "batter": "HA Varaiya",
              "bowler": "JJ Smit",
              "non_striker": "EB Ringera",
              "runs": {
                "batter": 0,
                "extras": 0,
                "total": 0
              },
              "wickets": [
                {
                  "player_out": "HA Varaiya",
                  "fielders": [
                    {
                      "name": "ZE Green"
                    }
                  ],
                  "kind": "caught"
                }
              ]
            }
          ]
        },
        {
          "over": 29,
          "deliveries": [
            {
              "batter": "EB Ringera",
              "bowler": "BM Scholtz",
              "non_striker": "LN Oluoch",
              "runs": {
                "batter": 0,
                "extras": 0,
                "total": 0
              }
            },
            {
              "batter": "EB Ringera",
              "bowler": "BM Scholtz",
              "non_striker": "LN Oluoch",
              "runs": {
                "batter": 0,
                "extras": 0,
                "total": 0
              }
            },
            {
              "batter": "EB Ringera",
              "bowler": "BM Scholtz",
              "non_striker": "LN Oluoch",
              "runs": {
                "batter": 0,
                "extras": 0,
                "total": 0
              }
            },
            {
              "batter": "EB Ringera",
              "bowler": "BM Scholtz",
              "non_striker": "LN Oluoch",
              "runs": {
                "batter": 0,
                "extras": 0,
                "total": 0
              }
            },
            {
              "batter": "EB Ringera",
              "bowler": "BM Scholtz",
              "non_striker": "LN Oluoch",
              "runs": {
                "batter": 0,
                "extras": 0,
                "total": 0
              }
            },
            {
              "batter": "EB Ringera",
              "bowler": "BM Scholtz",
              "non_striker": "LN Oluoch",
              "runs": {
                "batter": 0,
                "extras": 0,
                "total": 0
              }
            }
          ]
        },
        {
          "over": 30,
          "deliveries": [
            {
              "batter": "LN Oluoch",
              "bowler": "P Burger",
              "non_striker": "EB Ringera",
              "runs": {
                "batter": 0,
                "extras": 0,
                "total": 0
              },
              "wickets": [
                {
                  "player_out": "LN Oluoch",
                  "kind": "bowled"
                }
              ]
            }
          ]
        }
      ],
      "powerplays": [
        {
          "from": 0.1,
          "to": 9.6,
          "type": "mandatory"
        },
        {
          "from": 10.1,
          "to": 30.1,
          "type": "mandatory"
        }
      ]
    },
    {
      "team": "Namibia",
      "overs": [
        {
          "over": 0,
          "deliveries": [
            {
              "batter": "SJ Baard",
              "bowler": "SO Ngoche",
              "non_striker": "L Louwrens",
              "runs": {
                "batter": 4,
                "extras": 0,
                "total": 4
              }
            },
            {
              "batter": "SJ Baard",
              "bowler": "SO Ngoche",
              "non_striker": "L Louwrens",
              "runs": {
                "batter": 0,
                "extras": 0,
                "total": 0
              }
            },
            {
              "batter": "SJ Baard",
              "bowler": "SO Ngoche",
              "non_striker": "L Louwrens",
              "runs": {
                "batter": 1,
                "extras": 0,
                "total": 1
              }
            },
            {
              "batter": "L Louwrens",
              "bowler": "SO Ngoche",
              "non_striker": "SJ Baard",
              "runs": {
                "batter": 0,
                "extras": 0,
                "total": 0
              }
            },
            {
              "batter": "L Louwrens",
              "bowler": "SO Ngoche",
              "non_striker": "SJ Baard",
              "runs": {
                "batter": 0,
                "extras": 0,
                "total": 0
              }
            },
            {
              "batter": "L Louwrens",
              "bowler": "SO Ngoche",
              "non_striker": "SJ Baard",
              "runs": {
                "batter": 0,
                "extras": 0,
                "total": 0
              }
            }
          ]
        },
        {
          "over": 1,
          "deliveries": [
            {
              "batter": "SJ Baard",
              "bowler": "LN Oluoch",
              "non_striker": "L Louwrens",
              "runs": {
                "batter": 0,
                "extras": 0,
                "total": 0
              }
            },
            {
              "batter": "SJ Baard",
              "bowler": "LN Oluoch",
              "non_striker": "L Louwrens",
              "runs": {
                "batter": 0,
                "extras": 0,
                "total": 0
              }
            },
            {
              "batter": "SJ Baard",
              "bowler": "LN Oluoch",
              "non_striker": "L Louwrens",
              "runs": {
                "batter": 0,
                "extras": 0,
                "total": 0
              }
            },
            {
              "batter": "SJ Baard",
              "bowler": "LN Oluoch",
              "extras": {
                "wides": 1
              },
              "non_striker": "L Louwrens",
              "runs": {
                "batter": 0,
                "extras": 1,
                "total": 1
              }
            },
            {
              "batter": "SJ Baard",
              "bowler": "LN Oluoch",
              "non_striker": "L Louwrens",
              "runs": {
                "batter": 4,
                "extras": 0,
                "total": 4
              }
            },
            {
              "batter": "SJ Baard",
              "bowler": "LN Oluoch",
              "non_striker": "L Louwrens",
              "runs": {
                "batter": 1,
                "extras": 0,
                "total": 1
              }
            },
            {
              "batter": "L Louwrens",
              "bowler": "LN Oluoch",
              "non_striker": "SJ Baard",
              "runs": {
                "batter": 0,
                "extras": 0,
                "total": 0
              }
            }
          ]
        },
        {
          "over": 2,
          "deliveries": [
            {
              "batter": "SJ Baard",
              "bowler": "EB Ringera",
              "non_striker": "L Louwrens",
              "runs": {
                "batter": 0,
                "extras": 0,
                "total": 0
              }
            },
            {
              "batter": "SJ Baard",
              "bowler": "EB Ringera",
              "non_striker": "L Louwrens",
              "runs": {
                "batter": 2,
                "extras": 0,
                "total": 2
              }
            },
            {
              "batter": "SJ Baard",
              "bowler": "EB Ringera",
              "non_striker": "L Louwrens",
              "runs": {
                "batter": 0,
                "extras": 0,
                "total": 0
              }
            },
            {
              "batter": "SJ Baard",
              "bowler": "EB Ringera",
              "non_striker": "L Louwrens",
              "runs": {
                "batter": 0,
                "extras": 0,
                "total": 0
              }
            },
            {
              "batter": "SJ Baard",
              "bowler": "EB Ringera",
              "non_striker": "L Louwrens",
              "runs": {
                "batter": 1,
                "extras": 0,
                "total": 1
              }
            },
            {
              "batter": "L Louwrens",
              "bowler": "EB Ringera",
              "non_striker": "SJ Baard",
              "runs": {
                "batter": 0,
                "extras": 0,
                "total": 0
              }
            }
          ]
        },
        {
          "over": 3,
          "deliveries": [
            {
              "batter": "SJ Baard",
              "bowler": "LN Oluoch",
              "non_striker": "L Louwrens",
              "runs": {
                "batter": 0,
                "extras": 0,
                "total": 0
              }
            },
            {
              "batter": "SJ Baard",
              "bowler": "LN Oluoch",
              "non_striker": "L Louwrens",
              "runs": {
                "batter": 0,
                "extras": 0,
                "total": 0
              }
            },
            {
              "batter": "SJ Baard",
              "bowler": "LN Oluoch",
              "non_striker": "L Louwrens",
              "runs": {
                "batter": 1,
                "extras": 0,
                "total": 1
              }
            },
            {
              "batter": "L Louwrens",
              "bowler": "LN Oluoch",
              "non_striker": "SJ Baard",
              "runs": {
                "batter": 0,
                "extras": 0,
                "total": 0
              }
            },
            {
              "batter": "L Louwrens",
              "bowler": "LN Oluoch",
              "non_striker": "SJ Baard",
              "runs": {
                "batter": 0,
                "extras": 0,
                "total": 0
              }
            },
            {
              "batter": "L Louwrens",
              "bowler": "LN Oluoch",
              "non_striker": "SJ Baard",
              "runs": {
                "batter": 0,
                "extras": 0,
                "total": 0
              }
            }
          ]
        },
        {
          "over": 4,
          "deliveries": [
            {
              "batter": "SJ Baard",
              "bowler": "EB Ringera",
              "non_striker": "L Louwrens",
              "runs": {
                "batter": 0,
                "extras": 0,
                "total": 0
              }
            },
            {
              "batter": "SJ Baard",
              "bowler": "EB Ringera",
              "non_striker": "L Louwrens",
              "runs": {
                "batter": 2,
                "extras": 0,
                "total": 2
              }
            },
            {
              "batter": "SJ Baard",
              "bowler": "EB Ringera",
              "non_striker": "L Louwrens",
              "runs": {
                "batter": 0,
                "extras": 0,
                "total": 0
              }
            },
            {
              "batter": "SJ Baard",
              "bowler": "EB Ringera",
              "non_striker": "L Louwrens",
              "runs": {
                "batter": 0,
                "extras": 0,
                "total": 0
              }
            },
            {
              "batter": "SJ Baard",
              "bowler": "EB Ringera",
              "non_striker": "L Louwrens",
              "runs": {
                "batter": 4,
                "extras": 0,
                "total": 4
              }
            },
            {
              "batter": "SJ Baard",
              "bowler": "EB Ringera",
              "non_striker": "L Louwrens",
              "runs": {
                "batter": 3,
                "extras": 0,
                "total": 3
              }
            }
          ]
        },
        {
          "over": 5,
          "deliveries": [
            {
              "batter": "SJ Baard",
              "bowler": "LN Oluoch",
              "non_striker": "L Louwrens",
              "runs": {
                "batter": 0,
                "extras": 0,
                "total": 0
              }
            },
            {
              "batter": "SJ Baard",
              "bowler": "LN Oluoch",
              "non_striker": "L Louwrens",
              "runs": {
                "batter": 1,
                "extras": 0,
                "total": 1
              }
            },
            {
              "batter": "L Louwrens",
              "bowler": "LN Oluoch",
              "non_striker": "SJ Baard",
              "runs": {
                "batter": 0,
                "extras": 0,
                "total": 0
              }
            },
            {
              "batter": "L Louwrens",
              "bowler": "LN Oluoch",
              "non_striker": "SJ Baard",
              "runs": {
                "batter": 2,
                "extras": 0,
                "total": 2
              }
            },
            {
              "batter": "L Louwrens",
              "bowler": "LN Oluoch",
              "non_striker": "SJ Baard",
              "runs": {
                "batter": 0,
                "extras": 0,
                "total": 0
              }
            },
            {
              "batter": "L Louwrens",
              "bowler": "LN Oluoch",
              "non_striker": "SJ Baard",
              "runs": {
                "batter": 1,
                "extras": 0,
                "total": 1
              }
            }
          ]
        },
        {
          "over": 6,
          "deliveries": [
            {
              "batter": "L Louwrens",
              "bowler": "EB Ringera",
              "non_striker": "SJ Baard",
              "runs": {
                "batter": 3,
                "extras": 0,
                "total": 3
              }
            },
            {
              "batter": "SJ Baard",
              "bowler": "EB Ringera",
              "non_striker": "L Louwrens",
              "runs": {
                "batter": 1,
                "extras": 0,
                "total": 1
              }
            },
            {
              "batter": "L Louwrens",
              "bowler": "EB Ringera",
              "non_striker": "SJ Baard",
              "runs": {
                "batter": 6,
                "extras": 0,
                "total": 6
              }
            },
            {
              "batter": "L Louwrens",
              "bowler": "EB Ringera",
              "non_striker": "SJ Baard",
              "runs": {
                "batter": 0,
                "extras": 0,
                "total": 0
              }
            },
            {
              "batter": "L Louwrens",
              "bowler": "EB Ringera",
              "non_striker": "SJ Baard",
              "runs": {
                "batter": 0,
                "extras": 0,
                "total": 0
              }
            },
            {
              "batter": "L Louwrens",
              "bowler": "EB Ringera",
              "non_striker": "SJ Baard",
              "runs": {
                "batter": 0,
                "extras": 0,
                "total": 0
              }
            }
          ]
        },
        {
          "over": 7,
          "deliveries": [
            {
              "batter": "SJ Baard",
              "bowler": "LN Oluoch",
              "non_striker": "L Louwrens",
              "runs": {
                "batter": 0,
                "extras": 0,
                "total": 0
              }
            },
            {
              "batter": "SJ Baard",
              "bowler": "LN Oluoch",
              "non_striker": "L Louwrens",
              "runs": {
                "batter": 0,
                "extras": 0,
                "total": 0
              }
            },
            {
              "batter": "SJ Baard",
              "bowler": "LN Oluoch",
              "non_striker": "L Louwrens",
              "runs": {
                "batter": 4,
                "extras": 0,
                "total": 4
              }
            },
            {
              "batter": "SJ Baard",
              "bowler": "LN Oluoch",
              "non_striker": "L Louwrens",
              "runs": {
                "batter": 0,
                "extras": 0,
                "total": 0
              }
            },
            {
              "batter": "SJ Baard",
              "bowler": "LN Oluoch",
              "non_striker": "L Louwrens",
              "runs": {
                "batter": 0,
                "extras": 0,
                "total": 0
              }
            },
            {
              "batter": "SJ Baard",
              "bowler": "LN Oluoch",
              "non_striker": "L Louwrens",
              "runs": {
                "batter": 0,
                "extras": 0,
                "total": 0
              }
            }
          ]
        },
        {
          "over": 8,
          "deliveries": [
            {
              "batter": "L Louwrens",
              "bowler": "HA Varaiya",
              "non_striker": "SJ Baard",
              "runs": {
                "batter": 1,
                "extras": 0,
                "total": 1
              }
            },
            {
              "batter": "SJ Baard",
              "bowler": "HA Varaiya",
              "non_striker": "L Louwrens",
              "runs": {
                "batter": 0,
                "extras": 0,
                "total": 0
              }
            },
            {
              "batter": "SJ Baard",
              "bowler": "HA Varaiya",
              "non_striker": "L Louwrens",
              "runs": {
                "batter": 4,
                "extras": 0,
                "total": 4
              }
            },
            {
              "batter": "SJ Baard",
              "bowler": "HA Varaiya",
              "non_striker": "L Louwrens",
              "runs": {
                "batter": 2,
                "extras": 0,
                "total": 2
              }
            },
            {
              "batter": "SJ Baard",
              "bowler": "HA Varaiya",
              "non_striker": "L Louwrens",
              "runs": {
                "batter": 0,
                "extras": 0,
                "total": 0
              }
            },
            {
              "batter": "SJ Baard",
              "bowler": "HA Varaiya",
              "non_striker": "L Louwrens",
              "runs": {
                "batter": 1,
                "extras": 0,
                "total": 1
              }
            }
          ]
        },
        {
          "over": 9,
          "deliveries": [
            {
              "batter": "SJ Baard",
              "bowler": "LN Oluoch",
              "non_striker": "L Louwrens",
              "runs": {
                "batter": 0,
                "extras": 0,
                "total": 0
              }
            },
            {
              "batter": "SJ Baard",
              "bowler": "LN Oluoch",
              "non_striker": "L Louwrens",
              "runs": {
                "batter": 0,
                "extras": 0,
                "total": 0
              }
            },
            {
              "batter": "SJ Baard",
              "bowler": "LN Oluoch",
              "non_striker": "L Louwrens",
              "runs": {
                "batter": 1,
                "extras": 0,
                "total": 1
              },
              "wickets": [
                {
                  "player_out": "SJ Baard",
                  "kind": "retired hurt"
                }
              ]
            },
            {
              "batter": "L Louwrens",
              "bowler": "LN Oluoch",
              "non_striker": "N Davin",
              "runs": {
                "batter": 0,
                "extras": 0,
                "total": 0
              }
            },
            {
              "batter": "L Louwrens",
              "bowler": "LN Oluoch",
              "non_striker": "N Davin",
              "runs": {
                "batter": 0,
                "extras": 0,
                "total": 0
              }
            },
            {
              "batter": "L Louwrens",
              "bowler": "LN Oluoch",
              "non_striker": "N Davin",
              "runs": {
                "batter": 1,
                "extras": 0,
                "total": 1
              }
            }
          ]
        },
        {
          "over": 10,
          "deliveries": [
            {
              "batter": "L Louwrens",
              "bowler": "HA Varaiya",
              "non_striker": "N Davin",
              "runs": {
                "batter": 0,
                "extras": 0,
                "total": 0
              }
            },
            {
              "batter": "L Louwrens",
              "bowler": "HA Varaiya",
              "non_striker": "N Davin",
              "runs": {
                "batter": 2,
                "extras": 0,
                "total": 2
              }
            },
            {
              "batter": "L Louwrens",
              "bowler": "HA Varaiya",
              "non_striker": "N Davin",
              "runs": {
                "batter": 0,
                "extras": 0,
                "total": 0
              }
            },
            {
              "batter": "L Louwrens",
              "bowler": "HA Varaiya",
              "non_striker": "N Davin",
              "runs": {
                "batter": 4,
                "extras": 0,
                "total": 4
              }
            },
            {
              "batter": "L Louwrens",
              "bowler": "HA Varaiya",
              "non_striker": "N Davin",
              "runs": {
                "batter": 2,
                "extras": 0,
                "total": 2
              }
            },
            {
              "batter": "L Louwrens",
              "bowler": "HA Varaiya",
              "non_striker": "N Davin",
              "runs": {
                "batter": 0,
                "extras": 0,
                "total": 0
              },
              "wickets": [
                {
                  "player_out": "L Louwrens",
                  "fielders": [
                    {
                      "name": "EB Ringera"
                    }
                  ],
                  "kind": "caught"
                }
              ]
            }
          ]
        },
        {
          "over": 11,
          "deliveries": [
            {
              "batter": "ZE Green",
              "bowler": "NN Odhiambo",
              "non_striker": "N Davin",
              "runs": {
                "batter": 0,
                "extras": 0,
                "total": 0
              },
              "wickets": [
                {
                  "player_out": "ZE Green",
                  "kind": "caught and bowled"
                }
              ]
            },
            {
              "batter": "CG Williams",
              "bowler": "NN Odhiambo",
              "non_striker": "N Davin",
              "runs": {
                "batter": 0,
                "extras": 0,
                "total": 0
              }
            },
            {
              "batter": "CG Williams",
              "bowler": "NN Odhiambo",
              "non_striker": "N Davin",
              "runs": {
                "batter": 0,
                "extras": 0,
                "total": 0
              }
            },
            {
              "batter": "CG Williams",
              "bowler": "NN Odhiambo",
              "non_striker": "N Davin",
              "runs": {
                "batter": 0,
                "extras": 0,
                "total": 0
              }
            },
            {
              "batter": "CG Williams",
              "bowler": "NN Odhiambo",
              "non_striker": "N Davin",
              "runs": {
                "batter": 0,
                "extras": 0,
                "total": 0
              }
            },
            {
              "batter": "CG Williams",
              "bowler": "NN Odhiambo",
              "non_striker": "N Davin",
              "runs": {
                "batter": 0,
                "extras": 0,
                "total": 0
              }
            }
          ]
        },
        {
          "over": 12,
          "deliveries": [
            {
              "batter": "N Davin",
              "bowler": "HA Varaiya",
              "non_striker": "CG Williams",
              "runs": {
                "batter": 0,
                "extras": 0,
                "total": 0
              }
            },
            {
              "batter": "N Davin",
              "bowler": "HA Varaiya",
              "non_striker": "CG Williams",
              "runs": {
                "batter": 0,
                "extras": 0,
                "total": 0
              }
            },
            {
              "batter": "N Davin",
              "bowler": "HA Varaiya",
              "non_striker": "CG Williams",
              "runs": {
                "batter": 0,
                "extras": 0,
                "total": 0
              }
            },
            {
              "batter": "N Davin",
              "bowler": "HA Varaiya",
              "non_striker": "CG Williams",
              "runs": {
                "batter": 4,
                "extras": 0,
                "total": 4
              }
            },
            {
              "batter": "N Davin",
              "bowler": "HA Varaiya",
              "non_striker": "CG Williams",
              "runs": {
                "batter": 6,
                "extras": 0,
                "total": 6
              }
            },
            {
              "batter": "N Davin",
              "bowler": "HA Varaiya",
              "non_striker": "CG Williams",
              "runs": {
                "batter": 1,
                "extras": 0,
                "total": 1
              }
            }
          ]
        },
        {
          "over": 13,
          "deliveries": [
            {
              "batter": "N Davin",
              "bowler": "NN Odhiambo",
              "non_striker": "CG Williams",
              "runs": {
                "batter": 1,
                "extras": 0,
                "total": 1
              }
            },
            {
              "batter": "CG Williams",
              "bowler": "NN Odhiambo",
              "non_striker": "N Davin",
              "runs": {
                "batter": 0,
                "extras": 0,
                "total": 0
              }
            },
            {
              "batter": "CG Williams",
              "bowler": "NN Odhiambo",
              "non_striker": "N Davin",
              "runs": {
                "batter": 1,
                "extras": 0,
                "total": 1
              }
            },
            {
              "batter": "N Davin",
              "bowler": "NN Odhiambo",
              "non_striker": "CG Williams",
              "runs": {
                "batter": 0,
                "extras": 0,
                "total": 0
              }
            },
            {
              "batter": "N Davin",
              "bowler": "NN Odhiambo",
              "non_striker": "CG Williams",
              "runs": {
                "batter": 2,
                "extras": 0,
                "total": 2
              }
            },
            {
              "batter": "N Davin",
              "bowler": "NN Odhiambo",
              "non_striker": "CG Williams",
              "runs": {
                "batter": 2,
                "extras": 0,
                "total": 2
              }
            }
          ]
        },
        {
          "over": 14,
          "deliveries": [
            {
              "batter": "CG Williams",
              "bowler": "SO Ngoche",
              "non_striker": "N Davin",
              "runs": {
                "batter": 0,
                "extras": 0,
                "total": 0
              }
            },
            {
              "batter": "CG Williams",
              "bowler": "SO Ngoche",
              "non_striker": "N Davin",
              "runs": {
                "batter": 0,
                "extras": 0,
                "total": 0
              }
            },
            {
              "batter": "CG Williams",
              "bowler": "SO Ngoche",
              "non_striker": "N Davin",
              "runs": {
                "batter": 0,
                "extras": 0,
                "total": 0
              }
            },
            {
              "batter": "CG Williams",
              "bowler": "SO Ngoche",
              "non_striker": "N Davin",
              "runs": {
                "batter": 1,
                "extras": 0,
                "total": 1
              }
            },
            {
              "batter": "N Davin",
              "bowler": "SO Ngoche",
              "non_striker": "CG Williams",
              "runs": {
                "batter": 6,
                "extras": 0,
                "total": 6
              }
            },
            {
              "batter": "N Davin",
              "bowler": "SO Ngoche",
              "non_striker": "CG Williams",
              "runs": {
                "batter": 0,
                "extras": 0,
                "total": 0
              }
            }
          ]
        },
        {
          "over": 15,
          "deliveries": [
            {
              "batter": "CG Williams",
              "bowler": "NN Odhiambo",
              "non_striker": "N Davin",
              "runs": {
                "batter": 2,
                "extras": 0,
                "total": 2
              }
            },
            {
              "batter": "CG Williams",
              "bowler": "NN Odhiambo",
              "non_striker": "N Davin",
              "runs": {
                "batter": 6,
                "extras": 0,
                "total": 6
              }
            },
            {
              "batter": "CG Williams",
              "bowler": "NN Odhiambo",
              "non_striker": "N Davin",
              "runs": {
                "batter": 4,
                "extras": 0,
                "total": 4
              }
            },
            {
              "batter": "CG Williams",
              "bowler": "NN Odhiambo",
              "non_striker": "N Davin",
              "runs": {
                "batter": 2,
                "extras": 0,
                "total": 2
              }
            },
            {
              "batter": "CG Williams",
              "bowler": "NN Odhiambo",
              "non_striker": "N Davin",
              "runs": {
                "batter": 2,
                "extras": 0,
                "total": 2
              }
            },
            {
              "batter": "CG Williams",
              "bowler": "NN Odhiambo",
              "extras": {
                "noballs": 1
              },
              "non_striker": "N Davin",
              "runs": {
                "batter": 6,
                "extras": 1,
                "total": 7
              }
            },
            {
              "batter": "CG Williams",
              "bowler": "NN Odhiambo",
              "non_striker": "N Davin",
              "runs": {
                "batter": 4,
                "extras": 0,
                "total": 4
              }
            }
          ]
        }
      ],
      "powerplays": [
        {
          "from": 0.1,
          "to": 9.6,
          "type": "mandatory"
        },
        {
          "from": 10.1,
          "to": 15.7,
          "type": "mandatory"
        }
      ],
      "target": {
        "overs": 50,
        "runs": 111
      }
    }
  ]
}