{
  "meta": {
    "data_version": "1.0.0",
    "created": "2019-10-08",
    "revision": 2
  },
  "info": {
    "balls_per_over": 6,
    "city": "Kuala Lumpur",
    "dates": [
      "2019-09-25"
    ],
    "event": {
      "name": "CWC Challenge League",
      "match_number": 13,
      "group": "A"
    },
    "gender": "male",
    "match_type": "ODM",
    "officials": {
      "match_referees": [
        "Mohammed Anees"
      ],
      "reserve_umpires": [
        "Vinod Babu"
      ],
      "umpires": [
        "BB Pradhan",
        "Sarika Prasad"
      ]
    },
    "outcome": {
      "winner": "Vanuatu",
      "by": {
        "runs": 13
      }
    },
    "overs": 50,
    "player_of_match": [
      "PK Matautaava"
    ],
    "players": {
      "Vanuatu": [
        "J Rasu",
        "PK Matautaava",
        "C Tommy",
        "A Mansale",
        "SA Deitz",
        "R Tari",
        "N Nipiko",
        "J Vira",
        "W Nalisa",
        "JW Chilia",
        "AL Stephen"
      ],
      "Malaysia": [
        "Shafiq Sharif",
        "Virandeep Singh",
        "Ahmed Faiz",
        "M Syahadat Ramli",
        "Suharril Fetri",
        "Aminuddin Ramly",
        "Nazril Rahman",
        "Rashid Ahad",
        "D Mogan",
        "Pavandeep Singh",
        "Anwar Rahman"
      ]
    },
    "registry": {
      "people": {
        "A Mansale": "a22b4f3f",
        "AL Stephen": "49f6d023",
        "Ahmed Faiz": "f6b4f746",
        "Aminuddin Ramly": "8cae5b48",
        "Anwar Rahman": "28adcce9",
        "BB Pradhan": "8603d942",
        "C Tommy": "c6d4cff0",
        "D Mogan": "adc96559",
        "J Rasu": "1021b6e5",
        "J Vira": "2090e94d",
        "JW Chilia": "479da8f9",
        "M Syahadat Ramli": "5efa8af3",
        "Mohammed Anees": "0d4da5c5",
        "N Nipiko": "c498c510",
        "Nazril Rahman": "6d5bdc43",
        "PK Matautaava": "af19aa66",
        "Pavandeep Singh": "78fcc740",
        "R Tari": "c4d19735",
        "Rashid Ahad": "1f7f4da9",
        "SA Deitz": "7f6f7237",
        "Sarika Prasad": "8ff397fa",
        "Shafiq Sharif": "033ac24e",
        "Suharril Fetri": "a96938ba",
        "Vinod Babu": "37e6187d",
        "Virandeep Singh": "415d30b6",
        "W Nalisa": "673be48f"
      }
    },
    "season": "2019",
    "team_type": "international",
    "teams": [
      "Malaysia",
      "Vanuatu"
    ],
    "toss": {
      "decision": "bat",
      "winner": "Vanuatu"
    },
    "venue": "Selangor Turf Club"
  },
  "innings": [
    {
      "team": "Vanuatu",
      "overs": [
        {
          "over": 0,
          "deliveries": [
            {
              "batter": "J Rasu",
              "bowler": "D Mogan",
              "non_striker": "PK Matautaava",
              "runs": {
                "batter": 0,
                "extras": 0,
                "total": 0
              }
            },
            {
              "batter": "J Rasu",
              "bowler": "D Mogan",
              "non_striker": "PK Matautaava",
              "runs": {
                "batter": 0,
                "extras": 0,
                "total": 0
              }
            },
            {
              "batter": "J Rasu",
              "bowler": "D Mogan",
              "non_striker": "PK Matautaava",
              "runs": {
                "batter": 0,
                "extras": 0,
                "total": 0
              }
            },
            {
              "batter": "J Rasu",
              "bowler": "D Mogan",
              "non_striker": "PK Matautaava",
              "runs": {
                "batter": 1,
                "extras": 0,
                "total": 1
              }
            },
            {
              "batter": "PK Matautaava",
              "bowler": "D Mogan",
              "extras": {
                "wides": 1
              },
              "non_striker": "J Rasu",
              "runs": {
                "batter": 0,
                "extras": 1,
                "total": 1
              }
            },
            {
              "batter": "PK Matautaava",
              "bowler": "D Mogan",
              "non_striker": "J Rasu",
              "runs": {
                "batter": 1,
                "extras": 0,
                "total": 1
              }
            },
            {
              "batter": "J Rasu",
              "bowler": "D Mogan",
              "non_striker": "PK Matautaava",
              "runs": {
                "batter": 0,
                "extras": 0,
                "total": 0
              }
            }
          ]
        },
        {
          "over": 1,
          "deliveries": [
            {
              "batter": "PK Matautaava",
              "bowler": "Pavandeep Singh",
              "non_striker": "J Rasu",
              "runs": {
                "batter": 2,
                "extras": 0,
                "total": 2
              }
            },
            {
              "batter": "PK Matautaava",
              "bowler": "Pavandeep Singh",
              "non_striker": "J Rasu",
              "runs": {
                "batter": 0,
                "extras": 0,
                "total": 0
              }
            },
            {
              "batter": "PK Matautaava",
              "bowler": "Pavandeep Singh",
              "non_striker": "J Rasu",
              "runs": {
                "batter": 0,
                "extras": 0,
                "total": 0
              }
            },
            {
              "batter": "PK Matautaava",
              "bowler": "Pavandeep Singh",
              "non_striker": "J Rasu",
              "runs": {
                "batter": 0,
                "extras": 0,
                "total": 0
              }
            },
            {
              "batter": "PK Matautaava",
              "bowler": "Pavandeep Singh",
              "non_striker": "J Rasu",
              "runs": {
                "batter": 0,
                "extras": 0,
                "total": 0
              }
            },
            {
              "batter": "PK Matautaava",
              "bowler": "Pavandeep Singh",
              "non_striker": "J Rasu",
              "runs": {
                "batter": 0,
                "extras": 0,
                "total": 0
              }
            }
          ]
        },
        {
          "over": 2,
          "deliveries": [
            {
              "batter": "J Rasu",
              "bowler": "D Mogan",
              "non_striker": "PK Matautaava",
              "runs": {
                "batter": 0,
                "extras": 0,
                "total": 0
              }
            },
            {
              "batter": "J Rasu",
              "bowler": "D Mogan",
              "non_striker": "PK Matautaava",
              "runs": {
                "batter": 0,
                "extras": 0,
                "total": 0
              }
            },
            {
              "batter": "J Rasu",
              "bowler": "D Mogan",
              "non_striker": "PK Matautaava",
              "runs": {
                "batter": 0,
                "extras": 0,
                "total": 0
              }
            },
            {
              "batter": "J Rasu",
              "bowler": "D Mogan",
              "non_striker": "PK Matautaava",
              "runs": {
                "batter": 0,
                "extras": 0,
                "total": 0
              }
            },
            {
              "batter": "J Rasu",
              "bowler": "D Mogan",
              "non_striker": "PK Matautaava",
              "runs": {
                "batter": 0,
                "extras": 0,
                "total": 0
              }
            },
            {
              "batter": "J Rasu",
              "bowler": "D Mogan",
              "non_striker": "PK Matautaava",
              "runs": {
                "batter": 0,
                "extras": 0,
                "total": 0
              }
            }
          ]
        },
        {
          "over": 3,
          "deliveries": [
            {
              "batter": "PK Matautaava",
              "bowler": "Pavandeep Singh",
              "non_striker": "J Rasu",
              "runs": {
                "batter": 0,
                "extras": 0,
                "total": 0
              }
            },
            {
              "batter": "PK Matautaava",
              "bowler": "Pavandeep Singh",
              "non_striker": "J Rasu",
              "runs": {
                "batter": 0,
                "extras": 0,
                "total": 0
              }
            },
            {
              "batter": "PK Matautaava",
              "bowler": "Pavandeep Singh",
              "non_striker": "J Rasu",
              "runs": {
                "batter": 0,
                "extras": 0,
                "total": 0
              },
              "wickets": [
                {
                  "kind": "caught",
                  "player_out": "PK Matautaava",
                  "fielders": [
                    {
                      "name": "Suharril Fetri"
                    }
                  ]
                }
              ]
            },
            {
              "batter": "J Rasu",
              "bowler": "Pavandeep Singh",
              "non_striker": "C Tommy",
              "runs": {
                "batter": 0,
                "extras": 0,
                "total": 0
              }
            },
            {
              "batter": "J Rasu",
              "bowler": "Pavandeep Singh",
              "non_striker": "C Tommy",
              "runs": {
                "batter": 0,
                "extras": 0,
                "total": 0
              }
            },
            {
              "batter": "J Rasu",
              "bowler": "Pavandeep Singh",
              "non_striker": "C Tommy",
              "runs": {
                "batter": 0,
                "extras": 0,
                "total": 0
              }
            }
          ]
        },
        {
          "over": 4,
          "deliveries": [
            {
              "batter": "C Tommy",
              "bowler": "D Mogan",
              "non_striker": "J Rasu",
              "runs": {
                "batter": 0,
                "extras": 0,
                "total": 0
              }
            },
            {
              "batter": "C Tommy",
              "bowler": "D Mogan",
              "non_striker": "J Rasu",
              "runs": {
                "batter": 0,
                "extras": 0,
                "total": 0
              }
            },
            {
              "batter": "C Tommy",
              "bowler": "D Mogan",
              "non_striker": "J Rasu",
              "runs": {
                "batter": 1,
                "extras": 0,
                "total": 1
              }
            },
            {
              "batter": "J Rasu",
              "bowler": "D Mogan",
              "non_striker": "C Tommy",
              "runs": {
                "batter": 1,
                "extras": 0,
                "total": 1
              }
            },
            {
              "batter": "C Tommy",
              "bowler": "D Mogan",
              "extras": {
                "wides": 1
              },
              "non_striker": "J Rasu",
              "runs": {
                "batter": 0,
                "extras": 1,
                "total": 1
              }
            },
            {
              "batter": "C Tommy",
              "bowler": "D Mogan",
              "non_striker": "J Rasu",
              "runs": {
                "batter": 0,
                "extras": 0,
                "total": 0
              }
            },
            {
              "batter": "C Tommy",
              "bowler": "D Mogan",
              "non_striker": "J Rasu",
              "runs": {
                "batter": 0,
                "extras": 0,
                "total": 0
              }
            }
          ]
        },
        {
          "over": 5,
          "deliveries": [
            {
              "batter": "J Rasu",
              "bowler": "Pavandeep Singh",
              "non_striker": "C Tommy",
              "runs": {
                "batter": 0,
                "extras": 0,
                "total": 0
              }
            },
            {
              "batter": "J Rasu",
              "bowler": "Pavandeep Singh",
              "non_striker": "C Tommy",
              "runs": {
                "batter": 0,
                "extras": 0,
                "total": 0
              }
            },
            {
              "batter": "J Rasu",
              "bowler": "Pavandeep Singh",
              "non_striker": "C Tommy",
              "runs": {
                "batter": 0,
                "extras": 0,
                "total": 0
              }
            },
            {
              "batter": "J Rasu",
              "bowler": "Pavandeep Singh",
              "non_striker": "C Tommy",
              "runs": {
                "batter": 4,
                "extras": 0,
                "total": 4
              }
            },
            {
              "batter": "J Rasu",
              "bowler": "Pavandeep Singh",
              "non_striker": "C Tommy",
              "runs": {
                "batter": 0,
                "extras": 0,
                "total": 0
              }
            },
            {
              "batter": "J Rasu",
              "bowler": "Pavandeep Singh",
              "non_striker": "C Tommy",
              "runs": {
                "batter": 0,
                "extras": 0,
                "total": 0
              }
            }
          ]
        },
        {
          "over": 6,
          "deliveries": [
            {
              "batter": "C Tommy",
              "bowler": "D Mogan",
              "non_striker": "J Rasu",
              "runs": {
                "batter": 1,
                "extras": 0,
                "total": 1
              }
            },
            {
              "batter": "J Rasu",
              "bowler": "D Mogan",
              "non_striker": "C Tommy",
              "runs": {
                "batter": 1,
                "extras": 0,
                "total": 1
              }
            },
            {
              "batter": "C Tommy",
              "bowler": "D Mogan",
              "non_striker": "J Rasu",
              "runs": {
                "batter": 1,
                "extras": 0,
                "total": 1
              }
            },
            {
              "batter": "J Rasu",
              "bowler": "D Mogan",
              "non_striker": "C Tommy",
              "runs": {
                "batter": 0,
                "extras": 0,
                "total": 0
              }
            },
            {
              "batter": "J Rasu",
              "bowler": "D Mogan",
              "non_striker": "C Tommy",
              "runs": {
                "batter": 0,
                "extras": 0,
                "total": 0
              }
            },
            {
              "batter": "J Rasu",
              "bowler": "D Mogan",
              "non_striker": "C Tommy",
              "runs": {
                "batter": 0,
                "extras": 0,
                "total": 0
              }
            }
          ]
        },
        {
          "over": 7,
          "deliveries": [
            {
              "batter": "C Tommy",
              "bowler": "Pavandeep Singh",
              "non_striker": "J Rasu",
              "runs": {
                "batter": 0,
                "extras": 0,
                "total": 0
              }
            },
            {
              "batter": "C Tommy",
              "bowler": "Pavandeep Singh",
              "non_striker": "J Rasu",
              "runs": {
                "batter": 0,
                "extras": 0,
                "total": 0
              }
            },
            {
              "batter": "C Tommy",
              "bowler": "Pavandeep Singh",
              "non_striker": "J Rasu",
              "runs": {
                "batter": 0,
                "extras": 0,
                "total": 0
              }
            },
            {
              "batter": "C Tommy",
              "bowler": "Pavandeep Singh",
              "non_striker": "J Rasu",
              "runs": {
                "batter": 0,
                "extras": 0,
                "total": 0
              }
            },
            {
              "batter": "C Tommy",
              "bowler": "Pavandeep Singh",
              "non_striker": "J Rasu",
              "runs": {
                "batter": 0,
                "extras": 0,
                "total": 0
              }
            },
            {
              "batter": "C Tommy",
              "bowler": "Pavandeep Singh",
              "non_striker": "J Rasu",
              "runs": {
                "batter": 0,
                "extras": 0,
                "total": 0
              }
            }
          ]
        },
        {
          "over": 8,
          "deliveries": [
            {
              "batter": "J Rasu",
              "bowler": "D Mogan",
              "non_striker": "C Tommy",
              "runs": {
                "batter": 3,
                "extras": 0,
                "total": 3
              }
            },
            {
              "batter": "C Tommy",
              "bowler": "D Mogan",
              "non_striker": "J Rasu",
              "runs": {
                "batter": 0,
                "extras": 0,
                "total": 0
              }
            },
            {
              "batter": "C Tommy",
              "bowler": "D Mogan",
              "non_striker": "J Rasu",
              "runs": {
                "batter": 2,
                "extras": 0,
                "total": 2
              }
            },
            {
              "batter": "C Tommy",
              "bowler": "D Mogan",
              "non_striker": "J Rasu",
              "runs": {
                "batter": 6,
                "extras": 0,
                "total": 6
              }
            },
            {
              "batter": "C Tommy",
              "bowler": "D Mogan",
              "non_striker": "J Rasu",
              "runs": {
                "batter": 0,
                "extras": 0,
                "total": 0
              },
              "wickets": [
                {
                  "kind": "caught",
                  "player_out": "C Tommy",
                  "fielders": [
                    {
                      "name": "Aminuddin Ramly"
                    }
                  ]
                }
              ]
            },
            {
              "batter": "A Mansale",
              "bowler": "D Mogan",
              "non_striker": "J Rasu",
              "runs": {
                "batter": 0,
                "extras": 0,
                "total": 0
              }
            }
          ]
        },
        {
          "over": 9,
          "deliveries": [
            {
              "batter": "J Rasu",
              "bowler": "Pavandeep Singh",
              "non_striker": "A Mansale",
              "runs": {
                "batter": 0,
                "extras": 0,
                "total": 0
              }
            },
            {
              "batter": "J Rasu",
              "bowler": "Pavandeep Singh",
              "non_striker": "A Mansale",
              "runs": {
                "batter": 0,
                "extras": 0,
                "total": 0
              },
              "wickets": [
                {
                  "kind": "lbw",
                  "player_out": "J Rasu"
                }
              ]
            },
            {
              "batter": "SA Deitz",
              "bowler": "Pavandeep Singh",
              "non_striker": "A Mansale",
              "runs": {
                "batter": 0,
                "extras": 0,
                "total": 0
              },
              "wickets": [
                {
                  "kind": "lbw",
                  "player_out": "SA Deitz"
                }
              ]
            },
            {
              "batter": "R Tari",
              "bowler": "Pavandeep Singh",
              "non_striker": "A Mansale",
              "runs": {
                "batter": 0,
                "extras": 0,
                "total": 0
              }
            },
            {
              "batter": "R Tari",
              "bowler": "Pavandeep Singh",
              "non_striker": "A Mansale",
              "runs": {
                "batter": 0,
                "extras": 0,
                "total": 0
              }
            },
            {
              "batter": "R Tari",
              "bowler": "Pavandeep Singh",
              "non_striker": "A Mansale",
              "runs": {
                "batter": 1,
                "extras": 0,
                "total": 1
              }
            }
          ]
        },
        {
          "over": 10,
          "deliveries": [
            {
              "batter": "R Tari",
              "bowler": "D Mogan",
              "non_striker": "A Mansale",
              "runs": {
                "batter": 0,
                "extras": 0,
                "total": 0
              }
            },
            {
              "batter": "R Tari",
              "bowler": "D Mogan",
              "non_striker": "A Mansale",
              "runs": {
                "batter": 0,
                "extras": 0,
                "total": 0
              }
            },
            {
              "batter": "R Tari",
              "bowler": "D Mogan",
              "extras": {
                "wides": 1
              },
              "non_striker": "A Mansale",
              "runs": {
                "batter": 0,
                "extras": 1,
                "total": 1
              }
            },
            {
              "batter": "R Tari",
              "bowler": "D Mogan",
              "extras": {
                "wides": 1
              },
              "non_striker": "A Mansale",
              "runs": {
                "batter": 0,
                "extras": 1,
                "total": 1
              }
            },
            {
              "batter": "R Tari",
              "bowler": "D Mogan",
              "non_striker": "A Mansale",
              "runs": {
                "batter": 0,
                "extras": 0,
                "total": 0
              }
            },
            {
              "batter": "R Tari",
              "bowler": "D Mogan",
              "non_striker": "A Mansale",
              "runs": {
                "batter": 0,
                "extras": 0,
                "total": 0
              }
            },
            {
              "batter": "R Tari",
              "bowler": "D Mogan",
              "non_striker": "A Mansale",
              "runs": {
                "batter": 0,
                "extras": 0,
                "total": 0
              }
            },
            {
              "batter": "R Tari",
              "bowler": "D Mogan",
              "non_striker": "A Mansale",
              "runs": {
                "batter": 0,
                "extras": 0,
                "total": 0
              }
            }
          ]
        },
        {
          "over": 11,
          "deliveries": [
            {
              "batter": "A Mansale",
              "bowler": "Pavandeep Singh",
              "non_striker": "R Tari",
              "runs": {
                "batter": 2,
                "extras": 0,
                "total": 2
              }
            },
            {
              "batter": "A Mansale",
              "bowler": "Pavandeep Singh",
              "non_striker": "R Tari",
              "runs": {
                "batter": 0,
                "extras": 0,
                "total": 0
              }
            },
            {
              "batter": "A Mansale",
              "bowler": "Pavandeep Singh",
              "non_striker": "R Tari",
              "runs": {
                "batter": 0,
                "extras": 0,
                "total": 0
              }
            },
            {
              "batter": "A Mansale",
              "bowler": "Pavandeep Singh",
              "non_striker": "R Tari",
              "runs": {
                "batter": 0,
                "extras": 0,
                "total": 0
              }
            },
            {
              "batter": "A Mansale",
              "bowler": "Pavandeep Singh",
              "non_striker": "R Tari",
              "runs": {
                "batter": 0,
                "extras": 0,
                "total": 0
              }
            },
            {
              "batter": "A Mansale",
              "bowler": "Pavandeep Singh",
              "non_striker": "R Tari",
              "runs": {
                "batter": 1,
                "extras": 0,
                "total": 1
              }
            }
          ]
        },
        {
          "over": 12,
          "deliveries": [
            {
              "batter": "A Mansale",
              "bowler": "D Mogan",
              "non_striker": "R Tari",
              "runs": {
                "batter": 1,
                "extras": 0,
                "total": 1
              }
            },
            {
              "batter": "R Tari",
              "bowler": "D Mogan",
              "non_striker": "A Mansale",
              "runs": {
                "batter": 0,
                "extras": 0,
                "total": 0
              }
            },
            {
              "batter": "R Tari",
              "bowler": "D Mogan",
              "non_striker": "A Mansale",
              "runs": {
                "batter": 0,
                "extras": 0,
                "total": 0
              }
            },
            {
              "batter": "R Tari",
              "bowler": "D Mogan",
              "non_striker": "A Mansale",
              "runs": {
                "batter": 1,
                "extras": 0,
                "total": 1
              }
            },
            {
              "batter": "A Mansale",
              "bowler": "D Mogan",
              "non_striker": "R Tari",
              "runs": {
                "batter": 0,
                "extras": 0,
                "total": 0
              }
            },
            {
              "batter": "A Mansale",
              "bowler": "D Mogan",
              "non_striker": "R Tari",
              "runs": {
                "batter": 0,
                "extras": 0,
                "total": 0
              }
            }
          ]
        },
        {
          "over": 13,
          "deliveries": [
            {
              "batter": "R Tari",
              "bowler": "Pavandeep Singh",
              "non_striker": "A Mansale",
              "runs": {
                "batter": 0,
                "extras": 0,
                "total": 0
              }
            },
            {
              "batter": "R Tari",
              "bowler": "Pavandeep Singh",
              "non_striker": "A Mansale",
              "runs": {
                "batter": 0,
                "extras": 0,
                "total": 0
              }
            },
            {
              "batter": "R Tari",
              "bowler": "Pavandeep Singh",
              "non_striker": "A Mansale",
              "runs": {
                "batter": 0,
                "extras": 0,
                "total": 0
              }
            },
            {
              "batter": "R Tari",
              "bowler": "Pavandeep Singh",
              "non_striker": "A Mansale",
              "runs": {
                "batter": 1,
                "extras": 0,
                "total": 1
              }
            },
            {
              "batter": "A Mansale",
              "bowler": "Pavandeep Singh",
              "extras": {
                "wides": 1
              },
              "non_striker": "R Tari",
              "runs": {
                "batter": 0,
                "extras": 1,
                "total": 1
              }
            },
            {
              "batter": "A Mansale",
              "bowler": "Pavandeep Singh",
              "non_striker": "R Tari",
              "runs": {
                "batter": 4,
                "extras": 0,
                "total": 4
              }
            },
            {
              "batter": "A Mansale",
              "bowler": "Pavandeep Singh",
              "non_striker": "R Tari",
              "runs": {
                "batter": 0,
                "extras": 0,
                "total": 0
              }
            }
          ]
        },
        {
          "over": 14,
          "deliveries": [
            {
              "batter": "R Tari",
              "bowler": "Nazril Rahman",
              "non_striker": "A Mansale",
              "runs": {
                "batter": 0,
                "extras": 0,
                "total": 0
              }
            },
            {
              "batter": "R Tari",
              "bowler": "Nazril Rahman",
              "non_striker": "A Mansale",
              "runs": {
                "batter": 0,
                "extras": 0,
                "total": 0
              }
            },
            {
              "batter": "R Tari",
              "bowler": "Nazril Rahman",
              "non_striker": "A Mansale",
              "runs": {
                "batter": 0,
                "extras": 0,
                "total": 0
              }
            },
            {
              "batter": "R Tari",
              "bowler": "Nazril Rahman",
              "non_striker": "A Mansale",
              "runs": {
                "batter": 0,
                "extras": 0,
                "total": 0
              }
            },
            {
              "batter": "R Tari",
              "bowler": "Nazril Rahman",
              "non_striker": "A Mansale",
              "runs": {
                "batter": 0,
                "extras": 0,
                "total": 0
              }
            },
            {
              "batter": "R Tari",
              "bowler": "Nazril Rahman",
              "non_striker": "A Mansale",
              "runs": {
                "batter": 0,
                "extras": 0,
                "total": 0
              }
            }
          ]
        },
        {
          "over": 15,
          "deliveries": [
            {
              "batter": "A Mansale",
              "bowler": "Suharril Fetri",
              "non_striker": "R Tari",
              "runs": {
                "batter": 0,
                "extras": 0,
                "total": 0
              }
            },
            {
              "batter": "A Mansale",
              "bowler": "Suharril Fetri",
              "non_striker": "R Tari",
              "runs": {
                "batter": 0,
                "extras": 0,
                "total": 0
              },
              "wickets": [
                {
                  "kind": "caught",
                  "player_out": "A Mansale",
                  "fielders": [
                    {
                      "name": "Anwar Rahman"
                    }
                  ]
                }
              ]
            },
            {
              "batter": "N Nipiko",
              "bowler": "Suharril Fetri",
              "non_striker": "R Tari",
              "runs": {
                "batter": 0,
                "extras": 0,
                "total": 0
              }
            },
            {
              "batter": "N Nipiko",
              "bowler": "Suharril Fetri",
              "non_striker": "R Tari",
              "runs": {
                "batter": 0,
                "extras": 0,
                "total": 0
              }
            },
            {
              "batter": "N Nipiko",
              "bowler": "Suharril Fetri",
              "non_striker": "R Tari",
              "runs": {
                "batter": 2,
                "extras": 0,
                "total": 2
              }
            },
            {
              "batter": "N Nipiko",
              "bowler": "Suharril Fetri",
              "non_striker": "R Tari",
              "runs": {
                "batter": 0,
                "extras": 0,
                "total": 0
              }
            }
          ]
        },
        {
          "over": 16,
          "deliveries": [
            {
              "batter": "R Tari",
              "bowler": "Nazril Rahman",
              "non_striker": "N Nipiko",
              "runs": {
                "batter": 0,
                "extras": 0,
                "total": 0
              }
            },
            {
              "batter": "R Tari",
              "bowler": "Nazril Rahman",
              "non_striker": "N Nipiko",
              "runs": {
                "batter": 0,
                "extras": 0,
                "total": 0
              }
            },
            {
              "batter": "R Tari",
              "bowler": "Nazril Rahman",
              "non_striker": "N Nipiko",
              "runs": {
                "batter": 0,
                "extras": 0,
                "total": 0
              }
            },
            {
              "batter": "R Tari",
              "bowler": "Nazril Rahman",
              "non_striker": "N Nipiko",
              "runs": {
                "batter": 0,
                "extras": 0,
                "total": 0
              }
            },
            {
              "batter": "R Tari",
              "bowler": "Nazril Rahman",
              "non_striker": "N Nipiko",
              "runs": {
                "batter": 0,
                "extras": 0,
                "total": 0
              }
            },
            {
              "batter": "R Tari",
              "bowler": "Nazril Rahman",
              "non_striker": "N Nipiko",
              "runs": {
                "batter": 0,
                "extras": 0,
                "total": 0
              }
            }
          ]
        },
        {
          "over": 17,
          "deliveries": [
            {
              "batter": "N Nipiko",
              "bowler": "Suharril Fetri",
              "non_striker": "R Tari",
              "runs": {
                "batter": 0,
                "extras": 0,
                "total": 0
              }
            },
            {
              "batter": "N Nipiko",
              "bowler": "Suharril Fetri",
              "extras": {
                "wides": 1
              },
              "non_striker": "R Tari",
              "runs": {
                "batter": 0,
                "extras": 1,
                "total": 1
              }
            },
            {
              "batter": "N Nipiko",
              "bowler": "Suharril Fetri",
              "non_striker": "R Tari",
              "runs": {
                "batter": 0,
                "extras": 0,
                "total": 0
              }
            },
            {
              "batter": "N Nipiko",
              "bowler": "Suharril Fetri",
              "non_striker": "R Tari",
              "runs": {
                "batter": 0,
                "extras": 0,
                "total": 0
              }
            },
            {
              "batter": "N Nipiko",
              "bowler": "Suharril Fetri",
              "non_striker": "R Tari",
              "runs": {
                "batter": 0,
                "extras": 0,
                "total": 0
              }
            },
            {
              "batter": "N Nipiko",
              "bowler": "Suharril Fetri",
              "extras": {
                "wides": 1
              },
              "non_striker": "R Tari",
              "runs": {
                "batter": 0,
                "extras": 1,
                "total": 1
              }
            },
            {
              "batter": "N Nipiko",
              "bowler": "Suharril Fetri",
              "non_striker": "R Tari",
              "runs": {
                "batter": 0,
                "extras": 0,
                "total": 0
              }
            },
            {
              "batter": "N Nipiko",
              "bowler": "Suharril Fetri",
              "non_striker": "R Tari",
              "runs": {
                "batter": 4,
                "extras": 0,
                "total": 4
              }
            }
          ]
        },
        {
          "over": 18,
          "deliveries": [
            {
              "batter": "R Tari",
              "bowler": "Nazril Rahman",
              "non_striker": "N Nipiko",
              "runs": {
                "batter": 0,
                "extras": 0,
                "total": 0
              }
            },
            {
              "batter": "R Tari",
              "bowler": "Nazril Rahman",
              "non_striker": "N Nipiko",
              "runs": {
                "batter": 0,
                "extras": 0,
                "total": 0
              },
              "wickets": [
                {
                  "kind": "caught",
                  "player_out": "R Tari",
                  "fielders": [
                    {
                      "name": "Shafiq Sharif"
                    }
                  ]
                }
              ]
            },
            {
              "batter": "J Vira",
              "bowler": "Nazril Rahman",
              "non_striker": "N Nipiko",
              "runs": {
                "batter": 0,
                "extras": 0,
                "total": 0
              },
              "wickets": [
                {
                  "kind": "caught and bowled",
                  "player_out": "J Vira"
                }
              ]
            },
            {
              "batter": "W Nalisa",
              "bowler": "Nazril Rahman",
              "non_striker": "N Nipiko",
              "runs": {
                "batter": 0,
                "extras": 0,
                "total": 0
              }
            },
            {
              "batter": "W Nalisa",
              "bowler": "Nazril Rahman",
              "non_striker": "N Nipiko",
              "runs": {
                "batter": 0,
                "extras": 0,
                "total": 0
              }
            },
            {
              "batter": "W Nalisa",
              "bowler": "Nazril Rahman",
              "non_striker": "N Nipiko",
              "runs": {
                "batter": 0,
                "extras": 0,
                "total": 0
              }
            }
          ]
        },
        {
          "over": 19,
          "deliveries": [
            {
              "batter": "N Nipiko",
              "bowler": "Anwar Rahman",
              "non_striker": "W Nalisa",
              "runs": {
                "batter": 1,
                "extras": 0,
                "total": 1
              }
            },
            {
              "batter": "W Nalisa",
              "bowler": "Anwar Rahman",
              "non_striker": "N Nipiko",
              "runs": {
                "batter": 0,
                "extras": 0,
                "total": 0
              }
            },
            {
              "batter": "W Nalisa",
              "bowler": "Anwar Rahman",
              "non_striker": "N Nipiko",
              "runs": {
                "batter": 0,
                "extras": 0,
                "total": 0
              }
            },
            {
              "batter": "W Nalisa",
              "bowler": "Anwar Rahman",
              "non_striker": "N Nipiko",
              "runs": {
                "batter": 0,
                "extras": 0,
                "total": 0
              }
            },
            {
              "batter": "W Nalisa",
              "bowler": "Anwar Rahman",
              "non_striker": "N Nipiko",
              "runs": {
                "batter": 2,
                "extras": 0,
                "total": 2
              }
            },
            {
              "batter": "W Nalisa",
              "bowler": "Anwar Rahman",
              "non_striker": "N Nipiko",
              "runs": {
                "batter": 0,
                "extras": 0,
                "total": 0
              }
            }
          ]
        },
        {
          "over": 20,
          "deliveries": [
            {
              "batter": "N Nipiko",
              "bowler": "Nazril Rahman",
              "non_striker": "W Nalisa",
              "runs": {
                "batter": 0,
                "extras": 0,
                "total": 0
              }
            },
            {
              "batter": "N Nipiko",
              "bowler": "Nazril Rahman",
              "non_striker": "W Nalisa",
              "runs": {
                "batter": 0,
                "extras": 0,
                "total": 0
              }
            },
            {
              "batter": "N Nipiko",
              "bowler": "Nazril Rahman",
              "non_striker": "W Nalisa",
              "runs": {
                "batter": 4,
                "extras": 0,
                "total": 4
              }
            },
            {
              "batter": "N Nipiko",
              "bowler": "Nazril Rahman",
              "non_striker": "W Nalisa",
              "runs": {
                "batter": 1,
                "extras": 0,
                "total": 1
              }
            },
            {
              "batter": "W Nalisa",
              "bowler": "Nazril Rahman",
              "non_striker": "N Nipiko",
              "runs": {
                "batter": 4,
                "extras": 0,
                "total": 4
              }
            },
            {
              "batter": "W Nalisa",
              "bowler": "Nazril Rahman",
              "non_striker": "N Nipiko",
              "runs": {
                "batter": 0,
                "extras": 0,
                "total": 0
              }
            }
          ]
        },
        {
          "over": 21,
          "deliveries": [
            {
              "batter": "N Nipiko",
              "bowler": "Pavandeep Singh",
              "non_striker": "W Nalisa",
              "runs": {
                "batter": 0,
                "extras": 0,
                "total": 0
              }
            },
            {
              "batter": "N Nipiko",
              "bowler": "Pavandeep Singh",
              "non_striker": "W Nalisa",
              "runs": {
                "batter": 0,
                "extras": 0,
                "total": 0
              }
            },
            {
              "batter": "N Nipiko",
              "bowler": "Pavandeep Singh",
              "non_striker": "W Nalisa",
              "runs": {
                "batter": 0,
                "extras": 0,
                "total": 0
              }
            },
            {
              "batter": "N Nipiko",
              "bowler": "Pavandeep Singh",
              "non_striker": "W Nalisa",
              "runs": {
                "batter": 0,
                "extras": 0,
                "total": 0
              }
            },
            {
              "batter": "N Nipiko",
              "bowler": "Pavandeep Singh",
              "non_striker": "W Nalisa",
              "runs": {
                "batter": 0,
                "extras": 0,
                "total": 0
              }
            },
            {
              "batter": "N Nipiko",
              "bowler": "Pavandeep Singh",
              "non_striker": "W Nalisa",
              "runs": {
                "batter": 0,
                "extras": 0,
                "total": 0
              }
            }
          ]
        },
        {
          "over": 22,
          "deliveries": [
            {
              "batter": "W Nalisa",
              "bowler": "Nazril Rahman",
              "non_striker": "N Nipiko",
              "runs": {
                "batter": 0,
                "extras": 0,
                "total": 0
              }
            },
            {
              "batter": "W Nalisa",
              "bowler": "Nazril Rahman",
              "non_striker": "N Nipiko",
              "runs": {
                "batter": 1,
                "extras": 0,
                "total": 1
              }
            },
            {
              "batter": "N Nipiko",
              "bowler": "Nazril Rahman",
              "non_striker": "W Nalisa",
              "runs": {
                "batter": 0,
                "extras": 0,
                "total": 0
              }
            },
            {
              "batter": "N Nipiko",
              "bowler": "Nazril Rahman",
              "non_striker": "W Nalisa",
              "runs": {
                "batter": 0,
                "extras": 0,
                "total": 0
              },
              "wickets": [
                {
                  "kind": "caught",
                  "player_out": "N Nipiko",
                  "fielders": [
                    {
                      "name": "Anwar Rahman"
                    }
                  ]
                }
              ]
            },
            {
              "batter": "W Nalisa",
              "bowler": "Nazril Rahman",
              "non_striker": "JW Chilia",
              "runs": {
                "batter": 0,
                "extras": 0,
                "total": 0
              }
            },
            {
              "batter": "W Nalisa",
              "bowler": "Nazril Rahman",
              "non_striker": "JW Chilia",
              "runs": {
                "batter": 0,
                "extras": 0,
                "total": 0
              }
            }
          ]
        },
        {
          "over": 23,
          "deliveries": [
            {
              "batter": "JW Chilia",
              "bowler": "Pavandeep Singh",
              "non_striker": "W Nalisa",
              "runs": {
                "batter": 0,
                "extras": 0,
                "total": 0
              }
            },
            {
              "batter": "JW Chilia",
              "bowler": "Pavandeep Singh",
              "non_striker": "W Nalisa",
              "runs": {
                "batter": 0,
                "extras": 0,
                "total": 0
              }
            },
            {
              "batter": "JW Chilia",
              "bowler": "Pavandeep Singh",
              "non_striker": "W Nalisa",
              "runs": {
                "batter": 0,
                "extras": 0,
                "total": 0
              }
            },
            {
              "batter": "JW Chilia",
              "bowler": "Pavandeep Singh",
              "non_striker": "W Nalisa",
              "runs": {
                "batter": 0,
                "extras": 0,
                "total": 0
              }
            },
            {
              "batter": "JW Chilia",
              "bowler": "Pavandeep Singh",
              "non_striker": "W Nalisa",
              "runs": {
                "batter": 0,
                "extras": 0,
                "total": 0
              }
            },
            {
              "batter": "JW Chilia",
              "bowler": "Pavandeep Singh",
              "non_striker": "W Nalisa",
              "runs": {
                "batter": 0,
                "extras": 0,
                "total": 0
              }
            }
          ]
        },
        {
          "over": 24,
          "deliveries": [
            {
              "batter": "W Nalisa",
              "bowler": "Nazril Rahman",
              "non_striker": "JW Chilia",
              "runs": {
                "batter": 0,
                "extras": 0,
                "total": 0
              }
            },
            {
              "batter": "W Nalisa",
              "bowler": "Nazril Rahman",
              "non_striker": "JW Chilia",
              "runs": {
                "batter": 4,
                "extras": 0,
                "total": 4
              }
            },
            {
              "batter": "W Nalisa",
              "bowler": "Nazril Rahman",
              "non_striker": "JW Chilia",
              "runs": {
                "batter": 0,
                "extras": 0,
                "total": 0
              },
              "wickets": [
                {
                  "kind": "caught",
                  "player_out": "W Nalisa",
                  "fielders": [
                    {
                      "name": "Suharril Fetri"
                    }
                  ]
                }
              ]
            },
            {
              "batter": "AL Stephen",
              "bowler": "Nazril Rahman",
              "non_striker": "JW Chilia",
              "runs": {
                "batter": 0,
                "extras": 0,
                "total": 0
              }
            },
            {
              "batter": "AL Stephen",
              "bowler": "Nazril Rahman",
              "non_striker": "JW Chilia",
              "runs": {
                "batter": 0,
                "extras": 0,
                "total": 0
              }
            },
            {
              "batter": "AL Stephen",
              "bowler": "Nazril Rahman",
              "non_striker": "JW Chilia",
              "runs": {
                "batter": 0,
                "extras": 0,
                "total": 0
              }
            }
          ]
        },
        {
          "over": 25,
          "deliveries": [
            {
              "batter": "JW Chilia",
              "bowler": "Pavandeep Singh",
              "non_striker": "AL Stephen",
              "runs": {
                "batter": 0,
                "extras": 0,
                "total": 0
              },
              "wickets": [
                {
                  "kind": "caught",
                  "player_out": "JW Chilia",
                  "fielders": [
                    {
                      "name": "Ahmed Faiz"
                    }
                  ]
                }
              ]
            }
          ]
        }
      ],
      "powerplays": [
        {
          "from": 0.1,
          "to": 9.6,
          "type": "mandatory"
        },
        {
          "from": 10.1,
          "to": 25.1,
          "type": "mandatory"
        }
      ]
    },
    {
      "team": "Malaysia",
      "overs": [
        {
          "over": 0,
          "deliveries": [
            {
              "batter": "Shafiq Sharif",
              "bowler": "PK Matautaava",
              "non_striker": "Virandeep Singh",
              "runs": {
                "batter": 0,
                "extras": 0,
                "total": 0
              },
              "wickets": [
                {
                  "kind": "caught",
                  "player_out": "Shafiq Sharif",
                  "fielders": [
                    {
                      "name": "J Rasu"
                    }
                  ]
                }
              ]
            },
            {
              "batter": "Ahmed Faiz",
              "bowler": "PK Matautaava",
              "non_striker": "Virandeep Singh",
              "runs": {
                "batter": 1,
                "extras": 0,
                "total": 1
              }
            },
            {
              "batter": "Virandeep Singh",
              "bowler": "PK Matautaava",
              "non_striker": "Ahmed Faiz",
              "runs": {
                "batter": 0,
                "extras": 0,
                "total": 0
              }
            },
            {
              "batter": "Virandeep Singh",
              "bowler": "PK Matautaava",
              "non_striker": "Ahmed Faiz",
              "runs": {
                "batter": 1,
                "extras": 0,
                "total": 1
              }
            },
            {
              "batter": "Ahmed Faiz",
              "bowler": "PK Matautaava",
              "non_striker": "Virandeep Singh",
              "runs": {
                "batter": 0,
                "extras": 0,
                "total": 0
              }
            },
            {
              "batter": "Ahmed Faiz",
              "bowler": "PK Matautaava",
              "non_striker": "Virandeep Singh",
              "runs": {
                "batter": 0,
                "extras": 0,
                "total": 0
              }
            }
          ]
        },
        {
          "over": 1,
          "deliveries": [
            {
              "batter": "Virandeep Singh",
              "bowler": "AL Stephen",
              "non_striker": "Ahmed Faiz",
              "runs": {
                "batter": 0,
                "extras": 0,
                "total": 0
              }
            },
            {
              "batter": "Virandeep Singh",
              "bowler": "AL Stephen",
              "non_striker": "Ahmed Faiz",
              "runs": {
                "batter": 1,
                "extras": 0,
                "total": 1
              }
            },
            {
              "batter": "Ahmed Faiz",
              "bowler": "AL Stephen",
              "non_striker": "Virandeep Singh",
              "runs": {
                "batter": 0,
                "extras": 0,
                "total": 0
              }
            },
            {
              "batter": "Ahmed Faiz",
              "bowler": "AL Stephen",
              "non_striker": "Virandeep Singh",
              "runs": {
                "batter": 1,
                "extras": 0,
                "total": 1
              }
            },
            {
              "batter": "Virandeep Singh",
              "bowler": "AL Stephen",
              "non_striker": "Ahmed Faiz",
              "runs": {
                "batter": 0,
                "extras": 0,
                "total": 0
              }
            },
            {
              "batter": "Virandeep Singh",
              "bowler": "AL Stephen",
              "non_striker": "Ahmed Faiz",
              "runs": {
                "batter": 0,
                "extras": 0,
                "total": 0
              }
            }
          ]
        },
        {
          "over": 2,
          "deliveries": [
            {
              "batter": "Ahmed Faiz",
              "bowler": "PK Matautaava",
              "non_striker": "Virandeep Singh",
              "runs": {
                "batter": 0,
                "extras": 0,
                "total": 0
              },
              "wickets": [
                {
                  "kind": "caught",
                  "player_out": "Ahmed Faiz",
                  "fielders": [
                    {
                      "name": "SA Deitz"
                    }
                  ]
                }
              ]
            },
            {
              "batter": "M Syahadat Ramli",
              "bowler": "PK Matautaava",
              "non_striker": "Virandeep Singh",
              "runs": {
                "batter": 1,
                "extras": 0,
                "total": 1
              }
            },
            {
              "batter": "Virandeep Singh",
              "bowler": "PK Matautaava",
              "non_striker": "M Syahadat Ramli",
              "runs": {
                "batter": 0,
                "extras": 0,
                "total": 0
              },
              "wickets": [
                {
                  "kind": "caught",
                  "player_out": "Virandeep Singh",
                  "fielders": [
                    {
                      "name": "SA Deitz"
                    }
                  ]
                }
              ]
            },
            {
              "batter": "Suharril Fetri",
              "bowler": "PK Matautaava",
              "non_striker": "M Syahadat Ramli",
              "runs": {
                "batter": 0,
                "extras": 0,
                "total": 0
              }
            },
            {
              "batter": "Suharril Fetri",
              "bowler": "PK Matautaava",
              "non_striker": "M Syahadat Ramli",
              "runs": {
                "batter": 0,
                "extras": 0,
                "total": 0
              }
            },
            {
              "batter": "Suharril Fetri",
              "bowler": "PK Matautaava",
              "non_striker": "M Syahadat Ramli",
              "runs": {
                "batter": 0,
                "extras": 0,
                "total": 0
              }
            }
          ]
        },
        {
          "over": 3,
          "deliveries": [
            {
              "batter": "M Syahadat Ramli",
              "bowler": "AL Stephen",
              "non_striker": "Suharril Fetri",
              "runs": {
                "batter": 0,
                "extras": 0,
                "total": 0
              }
            },
            {
              "batter": "M Syahadat Ramli",
              "bowler": "AL Stephen",
              "non_striker": "Suharril Fetri",
              "runs": {
                "batter": 0,
                "extras": 0,
                "total": 0
              }
            },
            {
              "batter": "M Syahadat Ramli",
              "bowler": "AL Stephen",
              "non_striker": "Suharril Fetri",
              "runs": {
                "batter": 1,
                "extras": 0,
                "total": 1
              }
            },
            {
              "batter": "Suharril Fetri",
              "bowler": "AL Stephen",
              "non_striker": "M Syahadat Ramli",
              "runs": {
                "batter": 0,
                "extras": 0,
                "total": 0
              }
            },
            {
              "batter": "Suharril Fetri",
              "bowler": "AL Stephen",
              "non_striker": "M Syahadat Ramli",
              "runs": {
                "batter": 1,
                "extras": 0,
                "total": 1
              }
            },
            {
              "batter": "M Syahadat Ramli",
              "bowler": "AL Stephen",
              "non_striker": "Suharril Fetri",
              "runs": {
                "batter": 0,
                "extras": 0,
                "total": 0
              },
              "wickets": [
                {
                  "kind": "caught",
                  "player_out": "M Syahadat Ramli",
                  "fielders": [
                    {
                      "name": "C Tommy"
                    }
                  ]
                }
              ]
            }
          ]
        },
        {
          "over": 4,
          "deliveries": [
            {
              "batter": "Suharril Fetri",
              "bowler": "PK Matautaava",
              "non_striker": "Aminuddin Ramly",
              "runs": {
                "batter": 0,
                "extras": 0,
                "total": 0
              }
            },
            {
              "batter": "Suharril Fetri",
              "bowler": "PK Matautaava",
              "non_striker": "Aminuddin Ramly",
              "runs": {
                "batter": 0,
                "extras": 0,
                "total": 0
              }
            },
            {
              "batter": "Suharril Fetri",
              "bowler": "PK Matautaava",
              "non_striker": "Aminuddin Ramly",
              "runs": {
                "batter": 0,
                "extras": 0,
                "total": 0
              }
            },
            {
              "batter": "Suharril Fetri",
              "bowler": "PK Matautaava",
              "non_striker": "Aminuddin Ramly",
              "runs": {
                "batter": 0,
                "extras": 0,
                "total": 0
              }
            },
            {
              "batter": "Suharril Fetri",
              "bowler": "PK Matautaava",
              "non_striker": "Aminuddin Ramly",
              "runs": {
                "batter": 0,
                "extras": 0,
                "total": 0
              },
              "wickets": [
                {
                  "kind": "caught",
                  "player_out": "Suharril Fetri",
                  "fielders": [
                    {
                      "name": "J Rasu"
                    }
                  ]
                }
              ]
            },
            {
              "batter": "Nazril Rahman",
              "bowler": "PK Matautaava",
              "non_striker": "Aminuddin Ramly",
              "runs": {
                "batter": 1,
                "extras": 0,
                "total": 1
              }
            }
          ]
        },
        {
          "over": 5,
          "deliveries": [
            {
              "batter": "Nazril Rahman",
              "bowler": "AL Stephen",
              "non_striker": "Aminuddin Ramly",
              "runs": {
                "batter": 4,
                "extras": 0,
                "total": 4
              }
            },
            {
              "batter": "Nazril Rahman",
              "bowler": "AL Stephen",
              "non_striker": "Aminuddin Ramly",
              "runs": {
                "batter": 2,
                "extras": 0,
                "total": 2
              }
            },
            {
              "batter": "Nazril Rahman",
              "bowler": "AL Stephen",
              "extras": {
                "wides": 1
              },
              "non_striker": "Aminuddin Ramly",
              "runs": {
                "batter": 0,
                "extras": 1,
                "total": 1
              }
            },
            {
              "batter": "Nazril Rahman",
              "bowler": "AL Stephen",
              "non_striker": "Aminuddin Ramly",
              "runs": {
                "batter": 0,
                "extras": 0,
                "total": 0
              }
            },
            {
              "batter": "Nazril Rahman",
              "bowler": "AL Stephen",
              "non_striker": "Aminuddin Ramly",
              "runs": {
                "batter": 0,
                "extras": 0,
                "total": 0
              }
            },
            {
              "batter": "Nazril Rahman",
              "bowler": "AL Stephen",
              "non_striker": "Aminuddin Ramly",
              "runs": {
                "batter": 0,
                "extras": 0,
                "total": 0
              }
            },
            {
              "batter": "Nazril Rahman",
              "bowler": "AL Stephen",
              "non_striker": "Aminuddin Ramly",
              "runs": {
                "batter": 0,
                "extras": 0,
                "total": 0
              }
            }
          ]
        },
        {
          "over": 6,
          "deliveries": [
            {
              "batter": "Aminuddin Ramly",
              "bowler": "PK Matautaava",
              "non_striker": "Nazril Rahman",
              "runs": {
                "batter": 0,
                "extras": 0,
                "total": 0
              }
            },
            {
              "batter": "Aminuddin Ramly",
              "bowler": "PK Matautaava",
              "non_striker": "Nazril Rahman",
              "runs": {
                "batter": 0,
                "extras": 0,
                "total": 0
              }
            },
            {
              "batter": "Aminuddin Ramly",
              "bowler": "PK Matautaava",
              "non_striker": "Nazril Rahman",
              "runs": {
                "batter": 6,
                "extras": 0,
                "total": 6
              }
            },
            {
              "batter": "Aminuddin Ramly",
              "bowler": "PK Matautaava",
              "non_striker": "Nazril Rahman",
              "runs": {
                "batter": 0,
                "extras": 0,
                "total": 0
              }
            },
            {
              "batter": "Aminuddin Ramly",
              "bowler": "PK Matautaava",
              "non_striker": "Nazril Rahman",
              "runs": {
                "batter": 0,
                "extras": 0,
                "total": 0
              }
            },
            {
              "batter": "Aminuddin Ramly",
              "bowler": "PK Matautaava",
              "non_striker": "Nazril Rahman",
              "runs": {
                "batter": 1,
                "extras": 0,
                "total": 1
              }
            }
          ]
        },
        {
          "over": 7,
          "deliveries": [
            {
              "batter": "Aminuddin Ramly",
              "bowler": "AL Stephen",
              "non_striker": "Nazril Rahman",
              "runs": {
                "batter": 0,
                "extras": 0,
                "total": 0
              }
            },
            {
              "batter": "Aminuddin Ramly",
              "bowler": "AL Stephen",
              "non_striker": "Nazril Rahman",
              "runs": {
                "batter": 0,
                "extras": 0,
                "total": 0
              }
            },
            {
              "batter": "Aminuddin Ramly",
              "bowler": "AL Stephen",
              "extras": {
                "wides": 1
              },
              "non_striker": "Nazril Rahman",
              "runs": {
                "batter": 0,
                "extras": 1,
                "total": 1
              }
            },
            {
              "batter": "Aminuddin Ramly",
              "bowler": "AL Stephen",
              "non_striker": "Nazril Rahman",
              "runs": {
                "batter": 0,
                "extras": 0,
                "total": 0
              }
            },
            {
              "batter": "Aminuddin Ramly",
              "bowler": "AL Stephen",
              "non_striker": "Nazril Rahman",
              "runs": {
                "batter": 1,
                "extras": 0,
                "total": 1
              }
            },
            {
              "batter": "Nazril Rahman",
              "bowler": "AL Stephen",
              "non_striker": "Aminuddin Ramly",
              "runs": {
                "batter": 2,
                "extras": 0,
                "total": 2
              }
            },
            {
              "batter": "Nazril Rahman",
              "bowler": "AL Stephen",
              "non_striker": "Aminuddin Ramly",
              "runs": {
                "batter": 0,
                "extras": 0,
                "total": 0
              }
            }
          ]
        },
        {
          "over": 8,
          "deliveries": [
            {
              "batter": "Aminuddin Ramly",
              "bowler": "PK Matautaava",
              "non_striker": "Nazril Rahman",
              "runs": {
                "batter": 1,
                "extras": 0,
                "total": 1
              }
            },
            {
              "batter": "Nazril Rahman",
              "bowler": "PK Matautaava",
              "non_striker": "Aminuddin Ramly",
              "runs": {
                "batter": 0,
                "extras": 0,
                "total": 0
              }
            },
            {
              "batter": "Nazril Rahman",
              "bowler": "PK Matautaava",
              "non_striker": "Aminuddin Ramly",
              "runs": {
                "batter": 0,
                "extras": 0,
                "total": 0
              }
            },
            {
              "batter": "Nazril Rahman",
              "bowler": "PK Matautaava",
              "non_striker": "Aminuddin Ramly",
              "runs": {
                "batter": 0,
                "extras": 0,
                "total": 0
              }
            },
            {
              "batter": "Nazril Rahman",
              "bowler": "PK Matautaava",
              "non_striker": "Aminuddin Ramly",
              "runs": {
                "batter": 0,
                "extras": 0,
                "total": 0
              }
            },
            {
              "batter": "Nazril Rahman",
              "bowler": "PK Matautaava",
              "non_striker": "Aminuddin Ramly",
              "runs": {
                "batter": 1,
                "extras": 0,
                "total": 1
              }
            }
          ]
        },
        {
          "over": 9,
          "deliveries": [
            {
              "batter": "Nazril Rahman",
              "bowler": "AL Stephen",
              "non_striker": "Aminuddin Ramly",
              "runs": {
                "batter": 0,
                "extras": 0,
                "total": 0
              }
            },
            {
              "batter": "Nazril Rahman",
              "bowler": "AL Stephen",
              "non_striker": "Aminuddin Ramly",
              "runs": {
                "batter": 0,
                "extras": 0,
                "total": 0
              },
              "wickets": [
                {
                  "kind": "run out",
                  "player_out": "Nazril Rahman"
                }
              ]
            },
            {
              "batter": "Rashid Ahad",
              "bowler": "AL Stephen",
              "non_striker": "Aminuddin Ramly",
              "runs": {
                "batter": 0,
                "extras": 0,
                "total": 0
              }
            },
            {
              "batter": "Rashid Ahad",
              "bowler": "AL Stephen",
              "non_striker": "Aminuddin Ramly",
              "runs": {
                "batter": 0,
                "extras": 0,
                "total": 0
              },
              "wickets": [
                {
                  "kind": "caught",
                  "player_out": "Rashid Ahad",
                  "fielders": [
                    {
                      "name": "SA Deitz"
                    }
                  ]
                }
              ]
            },
            {
              "batter": "D Mogan",
              "bowler": "AL Stephen",
              "non_striker": "Aminuddin Ramly",
              "runs": {
                "batter": 4,
                "extras": 0,
                "total": 4
              }
            },
            {
              "batter": "D Mogan",
              "bowler": "AL Stephen",
              "non_striker": "Aminuddin Ramly",
              "runs": {
                "batter": 0,
                "extras": 0,
                "total": 0
              },
              "wickets": [
                {
                  "kind": "caught",
                  "player_out": "D Mogan",
                  "fielders": [
                    {
                      "name": "R Tari"
                    }
                  ]
                }
              ]
            }
          ]
        },
        {
          "over": 10,
          "deliveries": [
            {
              "batter": "Aminuddin Ramly",
              "bowler": "PK Matautaava",
              "non_striker": "Pavandeep Singh",
              "runs": {
                "batter": 0,
                "extras": 0,
                "total": 0
              }
            },
            {
              "batter": "Aminuddin Ramly",
              "bowler": "PK Matautaava",
              "non_striker": "Pavandeep Singh",
              "runs": {
                "batter": 4,
                "extras": 0,
                "total": 4
              }
            },
            {
              "batter": "Aminuddin Ramly",
              "bowler": "PK Matautaava",
              "non_striker": "Pavandeep Singh",
              "runs": {
                "batter": 0,
                "extras": 0,
                "total": 0
              }
            },
            {
              "batter": "Aminuddin Ramly",
              "bowler": "PK Matautaava",
              "non_striker": "Pavandeep Singh",
              "runs": {
                "batter": 1,
                "extras": 0,
                "total": 1
              }
            },
            {
              "batter": "Pavandeep Singh",
              "bowler": "PK Matautaava",
              "non_striker": "Aminuddin Ramly",
              "runs": {
                "batter": 0,
                "extras": 0,
                "total": 0
              }
            },
            {
              "batter": "Pavandeep Singh",
              "bowler": "PK Matautaava",
              "non_striker": "Aminuddin Ramly",
              "runs": {
                "batter": 0,
                "extras": 0,
                "total": 0
              }
            }
          ]
        },
        {
          "over": 11,
          "deliveries": [
            {
              "batter": "Aminuddin Ramly",
              "bowler": "AL Stephen",
              "non_striker": "Pavandeep Singh",
              "runs": {
                "batter": 0,
                "extras": 0,
                "total": 0
              }
            },
            {
              "batter": "Aminuddin Ramly",
              "bowler": "AL Stephen",
              "non_striker": "Pavandeep Singh",
              "runs": {
                "batter": 0,
                "extras": 0,
                "total": 0
              }
            },
            {
              "batter": "Aminuddin Ramly",
              "bowler": "AL Stephen",
              "non_striker": "Pavandeep Singh",
              "runs": {
                "batter": 0,
                "extras": 0,
                "total": 0
              }
            },
            {
              "batter": "Aminuddin Ramly",
              "bowler": "AL Stephen",
              "non_striker": "Pavandeep Singh",
              "runs": {
                "batter": 6,
                "extras": 0,
                "total": 6
              }
            },
            {
              "batter": "Aminuddin Ramly",
              "bowler": "AL Stephen",
              "non_striker": "Pavandeep Singh",
              "runs": {
                "batter": 0,
                "extras": 0,
                "total": 0
              }
            },
            {
              "batter": "Aminuddin Ramly",
              "bowler": "AL Stephen",
              "extras": {
                "wides": 1
              },
              "non_striker": "Pavandeep Singh",
              "runs": {
                "batter": 0,
                "extras": 1,
                "total": 1
              }
            },
            {
              "batter": "Aminuddin Ramly",
              "bowler": "AL Stephen",
              "non_striker": "Pavandeep Singh",
              "runs": {
                "batter": 4,
                "extras": 0,
                "total": 4
              }
            }
          ]
        },
        {
          "over": 12,
          "deliveries": [
            {
              "batter": "Pavandeep Singh",
              "bowler": "PK Matautaava",
              "non_striker": "Aminuddin Ramly",
              "runs": {
                "batter": 0,
                "extras": 0,
                "total": 0
              }
            },
            {
              "batter": "Pavandeep Singh",
              "bowler": "PK Matautaava",
              "non_striker": "Aminuddin Ramly",
              "runs": {
                "batter": 0,
                "extras": 0,
                "total": 0
              }
            },
            {
              "batter": "Pavandeep Singh",
              "bowler": "PK Matautaava",
              "non_striker": "Aminuddin Ramly",
              "runs": {
                "batter": 0,
                "extras": 0,
                "total": 0
              }
            },
            {
              "batter": "Pavandeep Singh",
              "bowler": "PK Matautaava",
              "non_striker": "Aminuddin Ramly",
              "runs": {
                "batter": 0,
                "extras": 0,
                "total": 0
              }
            },
            {
              "batter": "Pavandeep Singh",
              "bowler": "PK Matautaava",
              "extras": {
                "wides": 1
              },
              "non_striker": "Aminuddin Ramly",
              "runs": {
                "batter": 0,
                "extras": 1,
                "total": 1
              }
            },
            {
              "batter": "Pavandeep Singh",
              "bowler": "PK Matautaava",
              "non_striker": "Aminuddin Ramly",
              "runs": {
                "batter": 0,
                "extras": 0,
                "total": 0
              }
            },
            {
              "batter": "Pavandeep Singh",
              "bowler": "PK Matautaava",
              "non_striker": "Aminuddin Ramly",
              "runs": {
                "batter": 0,
                "extras": 0,
                "total": 0
              }
            }
          ]
        },
        {
          "over": 13,
          "deliveries": [
            {
              "batter": "Aminuddin Ramly",
              "bowler": "JW Chilia",
              "non_striker": "Pavandeep Singh",
              "runs": {
                "batter": 0,
                "extras": 0,
                "total": 0
              }
            },
            {
              "batter": "Aminuddin Ramly",
              "bowler": "JW Chilia",
              "non_striker": "Pavandeep Singh",
              "runs": {
                "batter": 0,
                "extras": 0,
                "total": 0
              }
            },
            {
              "batter": "Aminuddin Ramly",
              "bowler": "JW Chilia",
              "non_striker": "Pavandeep Singh",
              "runs": {
                "batter": 0,
                "extras": 0,
                "total": 0
              }
            },
            {
              "batter": "Aminuddin Ramly",
              "bowler": "JW Chilia",
              "non_striker": "Pavandeep Singh",
              "runs": {
                "batter": 0,
                "extras": 0,
                "total": 0
              }
            },
            {
              "batter": "Aminuddin Ramly",
              "bowler": "JW Chilia",
              "non_striker": "Pavandeep Singh",
              "runs": {
                "batter": 0,
                "extras": 0,
                "total": 0
              }
            },
            {
              "batter": "Aminuddin Ramly",
              "bowler": "JW Chilia",
              "non_striker": "Pavandeep Singh",
              "runs": {
                "batter": 0,
                "extras": 0,
                "total": 0
              }
            }
          ]
        },
        {
          "over": 14,
          "deliveries": [
            {
              "batter": "Pavandeep Singh",
              "bowler": "PK Matautaava",
              "non_striker": "Aminuddin Ramly",
              "runs": {
                "batter": 0,
                "extras": 0,
                "total": 0
              }
            },
            {
              "batter": "Pavandeep Singh",
              "bowler": "PK Matautaava",
              "non_striker": "Aminuddin Ramly",
              "runs": {
                "batter": 0,
                "extras": 0,
                "total": 0
              }
            },
            {
              "batter": "Pavandeep Singh",
              "bowler": "PK Matautaava",
              "non_striker": "Aminuddin Ramly",
              "runs": {
                "batter": 0,
                "extras": 0,
                "total": 0
              }
            },
            {
              "batter": "Pavandeep Singh",
              "bowler": "PK Matautaava",
              "non_striker": "Aminuddin Ramly",
              "runs": {
                "batter": 0,
                "extras": 0,
                "total": 0
              }
            },
            {
              "batter": "Pavandeep Singh",
              "bowler": "PK Matautaava",
              "non_striker": "Aminuddin Ramly",
              "runs": {
                "batter": 0,
                "extras": 0,
                "total": 0
              }
            },
            {
              "batter": "Pavandeep Singh",
              "bowler": "PK Matautaava",
              "non_striker": "Aminuddin Ramly",
              "runs": {
                "batter": 0,
                "extras": 0,
                "total": 0
              }
            }
          ]
        },
        {
          "over": 15,
          "deliveries": [
            {
              "batter": "Aminuddin Ramly",
              "bowler": "JW Chilia",
              "non_striker": "Pavandeep Singh",
              "runs": {
                "batter": 0,
                "extras": 0,
                "total": 0
              }
            },
            {
              "batter": "Aminuddin Ramly",
              "bowler": "JW Chilia",
              "non_striker": "Pavandeep Singh",
              "runs": {
                "batter": 0,
                "extras": 0,
                "total": 0
              }
            },
            {
              "batter": "Aminuddin Ramly",
              "bowler": "JW Chilia",
              "non_striker": "Pavandeep Singh",
              "runs": {
                "batter": 0,
                "extras": 0,
                "total": 0
              }
            },
            {
              "batter": "Aminuddin Ramly",
              "bowler": "JW Chilia",
              "non_striker": "Pavandeep Singh",
              "runs": {
                "batter": 1,
                "extras": 0,
                "total": 1
              }
            },
            {
              "batter": "Pavandeep Singh",
              "bowler": "JW Chilia",
              "non_striker": "Aminuddin Ramly",
              "runs": {
                "batter": 0,
                "extras": 0,
                "total": 0
              }
            },
            {
              "batter": "Pavandeep Singh",
              "bowler": "JW Chilia",
              "non_striker": "Aminuddin Ramly",
              "runs": {
                "batter": 0,
                "extras": 0,
                "total": 0
              }
            }
          ]
        },
        {
          "over": 16,
          "deliveries": [
            {
              "batter": "Aminuddin Ramly",
              "bowler": "PK Matautaava",
              "non_striker": "Pavandeep Singh",
              "runs": {
                "batter": 0,
                "extras": 0,
                "total": 0
              }
            },
            {
              "batter": "Aminuddin Ramly",
              "bowler": "PK Matautaava",
              "non_striker": "Pavandeep Singh",
              "runs": {
                "batter": 0,
                "extras": 0,
                "total": 0
              }
            },
            {
              "batter": "Aminuddin Ramly",
              "bowler": "PK Matautaava",
              "non_striker": "Pavandeep Singh",
              "runs": {
                "batter": 0,
                "extras": 0,
                "total": 0
              }
            },
            {
              "batter": "Aminuddin Ramly",
              "bowler": "PK Matautaava",
              "non_striker": "Pavandeep Singh",
              "runs": {
                "batter": 0,
                "extras": 0,
                "total": 0
              },
              "wickets": [
                {
                  "kind": "caught",
                  "player_out": "Aminuddin Ramly",
                  "fielders": [
                    {
                      "name": "JW Chilia"
                    }
                  ]
                }
              ]
            },
            {
              "batter": "Pavandeep Singh",
              "bowler": "PK Matautaava",
              "non_striker": "Anwar Rahman",
              "runs": {
                "batter": 0,
                "extras": 0,
                "total": 0
              }
            },
            {
              "batter": "Pavandeep Singh",
              "bowler": "PK Matautaava",
              "non_striker": "Anwar Rahman",
              "runs": {
                "batter": 0,
                "extras": 0,
                "total": 0
              }
            }
          ]
        },
        {
          "over": 17,
          "deliveries": [
            {
              "batter": "Anwar Rahman",
              "bowler": "JW Chilia",
              "non_striker": "Pavandeep Singh",
              "runs": {
                "batter": 0,
                "extras": 0,
                "total": 0
              }
            },
            {
              "batter": "Anwar Rahman",
              "bowler": "JW Chilia",
              "non_striker": "Pavandeep Singh",
              "runs": {
                "batter": 0,
                "extras": 0,
                "total": 0
              }
            },
            {
              "batter": "Anwar Rahman",
              "bowler": "JW Chilia",
              "non_striker": "Pavandeep Singh",
              "runs": {
                "batter": 0,
                "extras": 0,
                "total": 0
              }
            },
            {
              "batter": "Anwar Rahman",
              "bowler": "JW Chilia",
              "non_striker": "Pavandeep Singh",
              "runs": {
                "batter": 0,
                "extras": 0,
                "total": 0
              }
            },
            {
              "batter": "Anwar Rahman",
              "bowler": "JW Chilia",
              "extras": {
                "wides": 1
              },
              "non_striker": "Pavandeep Singh",
              "runs": {
                "batter": 0,
                "extras": 1,
                "total": 1
              }
            },
            {
              "batter": "Anwar Rahman",
              "bowler": "JW Chilia",
              "non_striker": "Pavandeep Singh",
              "runs": {
                "batter": 0,
                "extras": 0,
                "total": 0
              }
            },
            {
              "batter": "Anwar Rahman",
              "bowler": "JW Chilia",
              "non_striker": "Pavandeep Singh",
              "runs": {
                "batter": 0,
                "extras": 0,
                "total": 0
              }
            }
          ]
        },
        {
          "over": 18,
          "deliveries": [
            {
              "batter": "Pavandeep Singh",
              "bowler": "A Mansale",
              "non_striker": "Anwar Rahman",
              "runs": {
                "batter": 0,
                "extras": 0,
                "total": 0
              }
            },
            {
              "batter": "Pavandeep Singh",
              "bowler": "A Mansale",
              "non_striker": "Anwar Rahman",
              "runs": {
                "batter": 0,
                "extras": 0,
                "total": 0
              }
            },
            {
              "batter": "Pavandeep Singh",
              "bowler": "A Mansale",
              "non_striker": "Anwar Rahman",
              "runs": {
                "batter": 0,
                "extras": 0,
                "total": 0
              }
            },
            {
              "batter": "Pavandeep Singh",
              "bowler": "A Mansale",
              "non_striker": "Anwar Rahman",
              "runs": {
                "batter": 0,
                "extras": 0,
                "total": 0
              }
            },
            {
              "batter": "Pavandeep Singh",
              "bowler": "A Mansale",
              "non_striker": "Anwar Rahman",
              "runs": {
                "batter": 0,
                "extras": 0,
                "total": 0
              }
            },
            {
              "batter": "Pavandeep Singh",
              "bowler": "A Mansale",
              "non_striker": "Anwar Rahman",
              "runs": {
                "batter": 0,
                "extras": 0,
                "total": 0
              }
            }
          ]
        },
        {
          "over": 19,
          "deliveries": [
            {
              "batter": "Anwar Rahman",
              "bowler": "JW Chilia",
              "non_striker": "Pavandeep Singh",
              "runs": {
                "batter": 0,
                "extras": 0,
                "total": 0
              }
            },
            {
              "batter": "Anwar Rahman",
              "bowler": "JW Chilia",
              "non_striker": "Pavandeep Singh",
              "runs": {
                "batter": 0,
                "extras": 0,
                "total": 0
              }
            },
            {
              "batter": "Anwar Rahman",
              "bowler": "JW Chilia",
              "non_striker": "Pavandeep Singh",
              "runs": {
                "batter": 0,
                "extras": 0,
                "total": 0
              }
            },
            {
              "batter": "Anwar Rahman",
              "bowler": "JW Chilia",
              "non_striker": "Pavandeep Singh",
              "runs": {
                "batter": 0,
                "extras": 0,
                "total": 0
              }
            },
            {
              "batter": "Anwar Rahman",
              "bowler": "JW Chilia",
              "non_striker": "Pavandeep Singh",
              "runs": {
                "batter": 0,
                "extras": 0,
                "total": 0
              }
            },
            {
              "batter": "Anwar Rahman",
              "bowler": "JW Chilia",
              "non_striker": "Pavandeep Singh",
              "runs": {
                "batter": 0,
                "extras": 0,
                "total": 0
              }
            }
          ]
        },
        {
          "over": 20,
          "deliveries": [
            {
              "batter": "Pavandeep Singh",
              "bowler": "PK Matautaava",
              "non_striker": "Anwar Rahman",
              "runs": {
                "batter": 0,
                "extras": 0,
                "total": 0
              }
            },
            {
              "batter": "Pavandeep Singh",
              "bowler": "PK Matautaava",
              "non_striker": "Anwar Rahman",
              "runs": {
                "batter": 0,
                "extras": 0,
                "total": 0
              }
            },
            {
              "batter": "Pavandeep Singh",
              "bowler": "PK Matautaava",
              "non_striker": "Anwar Rahman",
              "runs": {
                "batter": 0,
                "extras": 0,
                "total": 0
              }
            },
            {
              "batter": "Pavandeep Singh",
              "bowler": "PK Matautaava",
              "non_striker": "Anwar Rahman",
              "runs": {
                "batter": 0,
                "extras": 0,
                "total": 0
              }
            },
            {
              "batter": "Pavandeep Singh",
              "bowler": "PK Matautaava",
              "non_striker": "Anwar Rahman",
              "runs": {
                "batter": 0,
                "extras": 0,
                "total": 0
              }
            },
            {
              "batter": "Pavandeep Singh",
              "bowler": "PK Matautaava",
              "non_striker": "Anwar Rahman",
              "runs": {
                "batter": 0,
                "extras": 0,
                "total": 0
              }
            }
          ]
        },
        {
          "over": 21,
          "deliveries": [
            {
              "batter": "Anwar Rahman",
              "bowler": "JW Chilia",
              "non_striker": "Pavandeep Singh",
              "runs": {
                "batter": 0,
                "extras": 0,
                "total": 0
              }
            },
            {
              "batter": "Anwar Rahman",
              "bowler": "JW Chilia",
              "non_striker": "Pavandeep Singh",
              "runs": {
                "batter": 0,
                "extras": 0,
                "total": 0
              }
            },
            {
              "batter": "Anwar Rahman",
              "bowler": "JW Chilia",
              "non_striker": "Pavandeep Singh",
              "runs": {
                "batter": 1,
                "extras": 0,
                "total": 1
              }
            },
            {
              "batter": "Pavandeep Singh",
              "bowler": "JW Chilia",
              "non_striker": "Anwar Rahman",
              "runs": {
                "batter": 0,
                "extras": 0,
                "total": 0
              },
              "wickets": [
                {
                  "kind": "caught",
                  "player_out": "Pavandeep Singh",
                  "fielders": [
                    {
                      "name": "A Mansale"
                    }
                  ]
                }
              ]
            }
          ]
        }
      ],
      "powerplays": [
        {
          "from": 0.1,
          "to": 9.6,
          "type": "mandatory"
        },
        {
          "from": 10.1,
          "to": 21.4,
          "type": "mandatory"
        }
      ],
      "target": {
        "overs": 50,
        "runs": 66
      }
    }
  ]
}