{
  "meta": {
    "data_version": "1.1.0",
    "created": "2022-03-09",
    "revision": 1
  },
  "info": {
    "balls_per_over": 6,
    "city": "Beckenham",
    "dates": [
      "2021-07-28"
    ],
    "event": {
      "name": "Royal London One-Day Cup",
      "group": "1"
    },
    "gender": "male",
    "match_type": "ODM",
    "officials": {
      "match_referees": [
        "DE Malcolm"
      ],
      "umpires": [
        "ID Blackwell",
        "IJ Gould"
      ]
    },
    "outcome": {
      "result": "no result"
    },
    "overs": 50,
    "players": {
      "Lancashire": [
        "KK Jennings",
        "JJ Bohannon",
        "LWP Wells",
        "GP Balderson",
        "RP Jones",
        "SJ Croft",
        "GID Lavelle",
        "DJ Lamb",
        "TE Bailey",
        "LJ Hurt",
        "JP Morley"
      ],
      "Kent": [
        "OG Robinson",
        "TS Muyeye",
        "HG Kuhn",
        "HG Munsey",
        "HZ Finch",
        "JA Leaning",
        "G Stewart",
        "DI Stevens",
        "NN Gilchrist",
        "ME Milnes",
        "JEG Logan"
      ]
    },
    "registry": {
      "people": {
        "DE Malcolm": "29c7ca03",
        "DI Stevens": "bca21d18",
        "DJ Lamb": "27c5a793",
        "G Stewart": "a77472dc",
        "GID Lavelle": "c2988809",
        "GP Balderson": "23dee937",
        "HG Kuhn": "ede05b97",
        "HG Munsey": "ff014c34",
        "HZ Finch": "6b16f8ba",
        "ID Blackwell": "818e8bf2",
        "IJ Gould": "a9dfdf6c",
        "JA Leaning": "f2ab7a69",
        "JEG Logan": "9835bd79",
        "JJ Bohannon": "fd96de7c",
        "JP Morley": "7a8a0237",
        "KK Jennings": "8479a24a",
        "LJ Hurt": "45ca0dc0",
        "LWP Wells": "1957c6b7",
        "ME Milnes": "3dcd1e8d",
        "NN Gilchrist": "93cad673",
        "OG Robinson": "60f4c586",
        "RP Jones": "ad8cb396",
        "SJ Croft": "ab474682",
        "TE Bailey": "b9877635",
        "TS Muyeye": "10b79140"
      }
    },
    "season": "2021",
    "team_type": "club",
    "teams": [
      "Lancashire",
      "Kent"
    ],
    "toss": {
      "decision": "field",
      "winner": "Kent"
    },
    "venue": "Kent County Cricket Ground, Beckenham"
  },
  "innings": [
    {
      "team": "Lancashire",
      "overs": [
        {
          "over": 0,
          "deliveries": [
            {
              "batter": "KK Jennings",
              "bowler": "DI Stevens",
              "extras": {
                "wides": 1
              },
              "non_striker": "JJ Bohannon",
              "runs": {
                "batter": 0,
                "extras": 1,
                "total": 1
              }
            },
            {
              "batter": "KK Jennings",
              "bowler": "DI Stevens",
              "non_striker": "JJ Bohannon",
              "runs": {
                "batter": 0,
                "extras": 0,
                "total": 0
              }
            },
            {
              "batter": "KK Jennings",
              "bowler": "DI Stevens",
              "non_striker": "JJ Bohannon",
              "runs": {
                "batter": 0,
                "extras": 0,
                "total": 0
              }
            },
            {
              "batter": "KK Jennings",
              "bowler": "DI Stevens",
              "non_striker": "JJ Bohannon",
              "runs": {
                "batter": 0,
                "extras": 0,
                "total": 0
              }
            },
            {
              "batter": "KK Jennings",
              "bowler": "DI Stevens",
              "non_striker": "JJ Bohannon",
              "runs": {
                "batter": 0,
                "extras": 0,
                "total": 0
              }
            },
            {
              "batter": "KK Jennings",
              "bowler": "DI Stevens",
              "non_striker": "JJ Bohannon",
              "runs": {
                "batter": 0,
                "extras": 0,
                "total": 0
              }
            },
            {
              "batter": "KK Jennings",
              "bowler": "DI Stevens",
              "non_striker": "JJ Bohannon",
              "runs": {
                "batter": 0,
                "extras": 0,
                "total": 0
              }
            }
          ]
        },
        {
          "over": 1,
          "deliveries": [
            {
              "batter": "JJ Bohannon",
              "bowler": "ME Milnes",
              "non_striker": "KK Jennings",
              "runs": {
                "batter": 0,
                "extras": 0,
                "total": 0
              }
            },
            {
              "batter": "JJ Bohannon",
              "bowler": "ME Milnes",
              "non_striker": "KK Jennings",
              "runs": {
                "batter": 1,
                "extras": 0,
                "total": 1
              }
            },
            {
              "batter": "KK Jennings",
              "bowler": "ME Milnes",
              "non_striker": "JJ Bohannon",
              "runs": {
                "batter": 1,
                "extras": 0,
                "total": 1
              }
            },
            {
              "batter": "JJ Bohannon",
              "bowler": "ME Milnes",
              "extras": {
                "legbyes": 4
              },
              "non_striker": "KK Jennings",
              "runs": {
                "batter": 0,
                "extras": 4,
                "total": 4
              }
            },
            {
              "batter": "JJ Bohannon",
              "bowler": "ME Milnes",
              "non_striker": "KK Jennings",
              "runs": {
                "batter": 0,
                "extras": 0,
                "total": 0
              }
            },
            {
              "batter": "JJ Bohannon",
              "bowler": "ME Milnes",
              "non_striker": "KK Jennings",
              "runs": {
                "batter": 1,
                "extras": 0,
                "total": 1
              }
            }
          ]
        },
        {
          "over": 2,
          "deliveries": [
            {
              "batter": "JJ Bohannon",
              "bowler": "DI Stevens",
              "non_striker": "KK Jennings",
              "runs": {
                "batter": 0,
                "extras": 0,
                "total": 0
              }
            },
            {
              "batter": "JJ Bohannon",
              "bowler": "DI Stevens",
              "non_striker": "KK Jennings",
              "runs": {
                "batter": 0,
                "extras": 0,
                "total": 0
              }
            },
            {
              "batter": "JJ Bohannon",
              "bowler": "DI Stevens",
              "non_striker": "KK Jennings",
              "runs": {
                "batter": 0,
                "extras": 0,
                "total": 0
              }
            },
            {
              "batter": "JJ Bohannon",
              "bowler": "DI Stevens",
              "non_striker": "KK Jennings",
              "runs": {
                "batter": 1,
                "extras": 0,
                "total": 1
              }
            },
            {
              "batter": "KK Jennings",
              "bowler": "DI Stevens",
              "non_striker": "JJ Bohannon",
              "runs": {
                "batter": 0,
                "extras": 0,
                "total": 0
              }
            },
            {
              "batter": "KK Jennings",
              "bowler": "DI Stevens",
              "non_striker": "JJ Bohannon",
              "runs": {
                "batter": 0,
                "extras": 0,
                "total": 0
              }
            }
          ]
        },
        {
          "over": 3,
          "deliveries": [
            {
              "batter": "JJ Bohannon",
              "bowler": "ME Milnes",
              "non_striker": "KK Jennings",
              "runs": {
                "batter": 0,
                "extras": 0,
                "total": 0
              }
            },
            {
              "batter": "JJ Bohannon",
              "bowler": "ME Milnes",
              "non_striker": "KK Jennings",
              "runs": {
                "batter": 1,
                "extras": 0,
                "total": 1
              }
            },
            {
              "batter": "KK Jennings",
              "bowler": "ME Milnes",
              "non_striker": "JJ Bohannon",
              "runs": {
                "batter": 1,
                "extras": 0,
                "total": 1
              }
            },
            {
              "batter": "JJ Bohannon",
              "bowler": "ME Milnes",
              "non_striker": "KK Jennings",
              "runs": {
                "batter": 0,
                "extras": 0,
                "total": 0
              }
            },
            {
              "batter": "JJ Bohannon",
              "bowler": "ME Milnes",
              "non_striker": "KK Jennings",
              "runs": {
                "batter": 1,
                "extras": 0,
                "total": 1
              }
            },
            {
              "batter": "KK Jennings",
              "bowler": "ME Milnes",
              "non_striker": "JJ Bohannon",
              "runs": {
                "batter": 0,
                "extras": 0,
                "total": 0
              }
            }
          ]
        },
        {
          "over": 4,
          "deliveries": [
            {
              "batter": "JJ Bohannon",
              "bowler": "DI Stevens",
              "non_striker": "KK Jennings",
              "runs": {
                "batter": 0,
                "extras": 0,
                "total": 0
              }
            },
            {
              "batter": "JJ Bohannon",
              "bowler": "DI Stevens",
              "non_striker": "KK Jennings",
              "runs": {
                "batter": 0,
                "extras": 0,
                "total": 0
              }
            },
            {
              "batter": "JJ Bohannon",
              "bowler": "DI Stevens",
              "non_striker": "KK Jennings",
              "runs": {
                "batter": 0,
                "extras": 0,
                "total": 0
              }
            },
            {
              "batter": "JJ Bohannon",
              "bowler": "DI Stevens",
              "non_striker": "KK Jennings",
              "runs": {
                "batter": 0,
                "extras": 0,
                "total": 0
              }
            },
            {
              "batter": "JJ Bohannon",
              "bowler": "DI Stevens",
              "non_striker": "KK Jennings",
              "runs": {
                "batter": 0,
                "extras": 0,
                "total": 0
              }
            },
            {
              "batter": "JJ Bohannon",
              "bowler": "DI Stevens",
              "non_striker": "KK Jennings",
              "runs": {
                "batter": 4,
                "extras": 0,
                "total": 4
              }
            }
          ]
        },
        {
          "over": 5,
          "deliveries": [
            {
              "batter": "KK Jennings",
              "bowler": "ME Milnes",
              "non_striker": "JJ Bohannon",
              "runs": {
                "batter": 1,
                "extras": 0,
                "total": 1
              }
            },
            {
              "batter": "JJ Bohannon",
              "bowler": "ME Milnes",
              "non_striker": "KK Jennings",
              "runs": {
                "batter": 0,
                "extras": 0,
                "total": 0
              }
            },
            {
              "batter": "JJ Bohannon",
              "bowler": "ME Milnes",
              "non_striker": "KK Jennings",
              "runs": {
                "batter": 0,
                "extras": 0,
                "total": 0
              }
            },
            {
              "batter": "JJ Bohannon",
              "bowler": "ME Milnes",
              "non_striker": "KK Jennings",
              "runs": {
                "batter": 0,
                "extras": 0,
                "total": 0
              }
            },
            {
              "batter": "JJ Bohannon",
              "bowler": "ME Milnes",
              "non_striker": "KK Jennings",
              "runs": {
                "batter": 0,
                "extras": 0,
                "total": 0
              }
            },
            {
              "batter": "JJ Bohannon",
              "bowler": "ME Milnes",
              "non_striker": "KK Jennings",
              "runs": {
                "batter": 0,
                "extras": 0,
                "total": 0
              }
            }
          ]
        },
        {
          "over": 6,
          "deliveries": [
            {
              "batter": "KK Jennings",
              "bowler": "DI Stevens",
              "non_striker": "JJ Bohannon",
              "runs": {
                "batter": 0,
                "extras": 0,
                "total": 0
              }
            },
            {
              "batter": "KK Jennings",
              "bowler": "DI Stevens",
              "non_striker": "JJ Bohannon",
              "runs": {
                "batter": 0,
                "extras": 0,
                "total": 0
              }
            },
            {
              "batter": "KK Jennings",
              "bowler": "DI Stevens",
              "non_striker": "JJ Bohannon",
              "runs": {
                "batter": 0,
                "extras": 0,
                "total": 0
              }
            },
            {
              "batter": "KK Jennings",
              "bowler": "DI Stevens",
              "non_striker": "JJ Bohannon",
              "runs": {
                "batter": 0,
                "extras": 0,
                "total": 0
              }
            },
            {
              "batter": "KK Jennings",
              "bowler": "DI Stevens",
              "non_striker": "JJ Bohannon",
              "runs": {
                "batter": 0,
                "extras": 0,
                "total": 0
              }
            },
            {
              "batter": "KK Jennings",
              "bowler": "DI Stevens",
              "non_striker": "JJ Bohannon",
              "runs": {
                "batter": 2,
                "extras": 0,
                "total": 2
              }
            }
          ]
        },
        {
          "over": 7,
          "deliveries": [
            {
              "batter": "JJ Bohannon",
              "bowler": "ME Milnes",
              "non_striker": "KK Jennings",
              "runs": {
                "batter": 1,
                "extras": 0,
                "total": 1
              }
            },
            {
              "batter": "KK Jennings",
              "bowler": "ME Milnes",
              "non_striker": "JJ Bohannon",
              "runs": {
                "batter": 1,
                "extras": 0,
                "total": 1
              }
            },
            {
              "batter": "JJ Bohannon",
              "bowler": "ME Milnes",
              "non_striker": "KK Jennings",
              "runs": {
                "batter": 4,
                "extras": 0,
                "total": 4
              }
            },
            {
              "batter": "JJ Bohannon",
              "bowler": "ME Milnes",
              "non_striker": "KK Jennings",
              "runs": {
                "batter": 0,
                "extras": 0,
                "total": 0
              }
            },
            {
              "batter": "JJ Bohannon",
              "bowler": "ME Milnes",
              "non_striker": "KK Jennings",
              "runs": {
                "batter": 1,
                "extras": 0,
                "total": 1
              }
            },
            {
              "batter": "KK Jennings",
              "bowler": "ME Milnes",
              "non_striker": "JJ Bohannon",
              "runs": {
                "batter": 0,
                "extras": 0,
                "total": 0
              }
            }
          ]
        },
        {
          "over": 8,
          "deliveries": [
            {
              "batter": "JJ Bohannon",
              "bowler": "DI Stevens",
              "non_striker": "KK Jennings",
              "runs": {
                "batter": 0,
                "extras": 0,
                "total": 0
              }
            },
            {
              "batter": "JJ Bohannon",
              "bowler": "DI Stevens",
              "non_striker": "KK Jennings",
              "runs": {
                "batter": 0,
                "extras": 0,
                "total": 0
              }
            },
            {
              "batter": "JJ Bohannon",
              "bowler": "DI Stevens",
              "non_striker": "KK Jennings",
              "runs": {
                "batter": 0,
                "extras": 0,
                "total": 0
              }
            },
            {
              "batter": "JJ Bohannon",
              "bowler": "DI Stevens",
              "non_striker": "KK Jennings",
              "runs": {
                "batter": 1,
                "extras": 0,
                "total": 1
              }
            },
            {
              "batter": "KK Jennings",
              "bowler": "DI Stevens",
              "non_striker": "JJ Bohannon",
              "runs": {
                "batter": 0,
                "extras": 0,
                "total": 0
              }
            },
            {
              "batter": "KK Jennings",
              "bowler": "DI Stevens",
              "non_striker": "JJ Bohannon",
              "runs": {
                "batter": 1,
                "extras": 0,
                "total": 1
              }
            }
          ]
        },
        {
          "over": 9,
          "deliveries": [
            {
              "batter": "KK Jennings",
              "bowler": "NN Gilchrist",
              "non_striker": "JJ Bohannon",
              "runs": {
                "batter": 0,
                "extras": 0,
                "total": 0
              }
            },
            {
              "batter": "KK Jennings",
              "bowler": "NN Gilchrist",
              "non_striker": "JJ Bohannon",
              "runs": {
                "batter": 0,
                "extras": 0,
                "total": 0
              }
            },
            {
              "batter": "KK Jennings",
              "bowler": "NN Gilchrist",
              "non_striker": "JJ Bohannon",
              "runs": {
                "batter": 4,
                "extras": 0,
                "total": 4
              }
            },
            {
              "batter": "KK Jennings",
              "bowler": "NN Gilchrist",
              "non_striker": "JJ Bohannon",
              "runs": {
                "batter": 1,
                "extras": 0,
                "total": 1
              }
            },
            {
              "batter": "JJ Bohannon",
              "bowler": "NN Gilchrist",
              "non_striker": "KK Jennings",
              "runs": {
                "batter": 2,
                "extras": 0,
                "total": 2
              }
            },
            {
              "batter": "JJ Bohannon",
              "bowler": "NN Gilchrist",
              "non_striker": "KK Jennings",
              "runs": {
                "batter": 4,
                "extras": 0,
                "total": 4
              }
            }
          ]
        },
        {
          "over": 10,
          "deliveries": [
            {
              "batter": "KK Jennings",
              "bowler": "DI Stevens",
              "non_striker": "JJ Bohannon",
              "runs": {
                "batter": 1,
                "extras": 0,
                "total": 1
              }
            },
            {
              "batter": "JJ Bohannon",
              "bowler": "DI Stevens",
              "non_striker": "KK Jennings",
              "runs": {
                "batter": 0,
                "extras": 0,
                "total": 0
              }
            },
            {
              "batter": "JJ Bohannon",
              "bowler": "DI Stevens",
              "non_striker": "KK Jennings",
              "runs": {
                "batter": 0,
                "extras": 0,
                "total": 0
              }
            },
            {
              "batter": "JJ Bohannon",
              "bowler": "DI Stevens",
              "non_striker": "KK Jennings",
              "runs": {
                "batter": 0,
                "extras": 0,
                "total": 0
              }
            },
            {
              "batter": "JJ Bohannon",
              "bowler": "DI Stevens",
              "non_striker": "KK Jennings",
              "runs": {
                "batter": 0,
                "extras": 0,
                "total": 0
              }
            },
            {
              "batter": "JJ Bohannon",
              "bowler": "DI Stevens",
              "non_striker": "KK Jennings",
              "runs": {
                "batter": 0,
                "extras": 0,
                "total": 0
              }
            }
          ]
        },
        {
          "over": 11,
          "deliveries": [
            {
              "batter": "KK Jennings",
              "bowler": "NN Gilchrist",
              "non_striker": "JJ Bohannon",
              "runs": {
                "batter": 0,
                "extras": 0,
                "total": 0
              }
            },
            {
              "batter": "KK Jennings",
              "bowler": "NN Gilchrist",
              "non_striker": "JJ Bohannon",
              "runs": {
                "batter": 1,
                "extras": 0,
                "total": 1
              }
            },
            {
              "batter": "JJ Bohannon",
              "bowler": "NN Gilchrist",
              "non_striker": "KK Jennings",
              "runs": {
                "batter": 0,
                "extras": 0,
                "total": 0
              }
            },
            {
              "batter": "JJ Bohannon",
              "bowler": "NN Gilchrist",
              "non_striker": "KK Jennings",
              "runs": {
                "batter": 1,
                "extras": 0,
                "total": 1
              }
            },
            {
              "batter": "KK Jennings",
              "bowler": "NN Gilchrist",
              "non_striker": "JJ Bohannon",
              "runs": {
                "batter": 1,
                "extras": 0,
                "total": 1
              }
            },
            {
              "batter": "JJ Bohannon",
              "bowler": "NN Gilchrist",
              "non_striker": "KK Jennings",
              "runs": {
                "batter": 1,
                "extras": 0,
                "total": 1
              }
            }
          ]
        },
        {
          "over": 12,
          "deliveries": [
            {
              "batter": "JJ Bohannon",
              "bowler": "G Stewart",
              "non_striker": "KK Jennings",
              "runs": {
                "batter": 0,
                "extras": 0,
                "total": 0
              }
            },
            {
              "batter": "JJ Bohannon",
              "bowler": "G Stewart",
              "non_striker": "KK Jennings",
              "runs": {
                "batter": 0,
                "extras": 0,
                "total": 0
              }
            },
            {
              "batter": "JJ Bohannon",
              "bowler": "G Stewart",
              "non_striker": "KK Jennings",
              "runs": {
                "batter": 0,
                "extras": 0,
                "total": 0
              }
            },
            {
              "batter": "JJ Bohannon",
              "bowler": "G Stewart",
              "non_striker": "KK Jennings",
              "runs": {
                "batter": 1,
                "extras": 0,
                "total": 1
              }
            },
            {
              "batter": "KK Jennings",
              "bowler": "G Stewart",
              "non_striker": "JJ Bohannon",
              "runs": {
                "batter": 1,
                "extras": 0,
                "total": 1
              }
            },
            {
              "batter": "JJ Bohannon",
              "bowler": "G Stewart",
              "non_striker": "KK Jennings",
              "runs": {
                "batter": 0,
                "extras": 0,
                "total": 0
              }
            }
          ]
        },
        {
          "over": 13,
          "deliveries": [
            {
              "batter": "KK Jennings",
              "bowler": "NN Gilchrist",
              "non_striker": "JJ Bohannon",
              "runs": {
                "batter": 1,
                "extras": 0,
                "total": 1
              }
            },
            {
              "batter": "JJ Bohannon",
              "bowler": "NN Gilchrist",
              "non_striker": "KK Jennings",
              "runs": {
                "batter": 0,
                "extras": 0,
                "total": 0
              }
            },
            {
              "batter": "JJ Bohannon",
              "bowler": "NN Gilchrist",
              "non_striker": "KK Jennings",
              "runs": {
                "batter": 4,
                "extras": 0,
                "total": 4
              }
            },
            {
              "batter": "JJ Bohannon",
              "bowler": "NN Gilchrist",
              "non_striker": "KK Jennings",
              "runs": {
                "batter": 1,
                "extras": 0,
                "total": 1
              }
            },
            {
              "batter": "KK Jennings",
              "bowler": "NN Gilchrist",
              "non_striker": "JJ Bohannon",
              "runs": {
                "batter": 0,
                "extras": 0,
                "total": 0
              }
            },
            {
              "batter": "KK Jennings",
              "bowler": "NN Gilchrist",
              "non_striker": "JJ Bohannon",
              "runs": {
                "batter": 2,
                "extras": 0,
                "total": 2
              }
            }
          ]
        },
        {
          "over": 14,
          "deliveries": [
            {
              "batter": "JJ Bohannon",
              "bowler": "G Stewart",
              "non_striker": "KK Jennings",
              "runs": {
                "batter": 4,
                "extras": 0,
                "total": 4
              }
            },
            {
              "batter": "JJ Bohannon",
              "bowler": "G Stewart",
              "extras": {
                "noballs": 2
              },
              "non_striker": "KK Jennings",
              "runs": {
                "batter": 4,
                "extras": 2,
                "total": 6
              }
            },
            {
              "batter": "JJ Bohannon",
              "bowler": "G Stewart",
              "non_striker": "KK Jennings",
              "runs": {
                "batter": 1,
                "extras": 0,
                "total": 1
              }
            },
            {
              "batter": "KK Jennings",
              "bowler": "G Stewart",
              "non_striker": "JJ Bohannon",
              "runs": {
                "batter": 4,
                "extras": 0,
                "total": 4
              }
            },
            {
              "batter": "KK Jennings",
              "bowler": "G Stewart",
              "non_striker": "JJ Bohannon",
              "runs": {
                "batter": 1,
                "extras": 0,
                "total": 1
              }
            },
            {
              "batter": "JJ Bohannon",
              "bowler": "G Stewart",
              "extras": {
                "wides": 1
              },
              "non_striker": "KK Jennings",
              "runs": {
                "batter": 0,
                "extras": 1,
                "total": 1
              }
            },
            {
              "batter": "JJ Bohannon",
              "bowler": "G Stewart",
              "non_striker": "KK Jennings",
              "runs": {
                "batter": 0,
                "extras": 0,
                "total": 0
              }
            }
          ]
        }
      ],
      "powerplays": [
        {
          "from": 0.1,
          "to": 9.6,
          "type": "mandatory"
        },
        {
          "from": 10.1,
          "to": 14.7,
          "type": "mandatory"
        }
      ]
    }
  ]
}