{
  "meta": {
    "data_version": "1.1.0",
    "created": "2022-03-09",
    "revision": 1
  },
  "info": {
    "balls_per_over": 6,
    "city": "Scarborough",
    "dates": [
      "2021-07-28"
    ],
    "event": {
      "name": "Royal London One-Day Cup",
      "group": "2"
    },
    "gender": "male",
    "match_type": "ODM",
    "officials": {
      "match_referees": [
        "WR Smith"
      ],
      "umpires": [
        "N Pratt",
        "SJ O'Shaughnessy"
      ]
    },
    "outcome": {
      "result": "no result"
    },
    "overs": 50,
    "players": {
      "Yorkshire": [
        "WAR Fraine",
        "HG Duke",
        "GS Ballance",
        "GCH Hill",
        "JA Tattersall",
        "ML Revis",
        "W Luxton",
        "MJ Waite",
        "MW Pillans",
        "SA Patterson",
        "JW Shutt"
      ],
      "Northamptonshire": [
        "R Vasconcelos",
        "EN Gay",
        "BJ Curran",
        "RI Keogh",
        "SA Zaib",
        "CO Thurston",
        "TAI Taylor",
        "WD Parnell",
        "GG White",
        "BW Sanderson",
        "CJ White"
      ]
    },
    "registry": {
      "people": {
        "BJ Curran": "1786a21b",
        "BW Sanderson": "e871a7a1",
        "CJ White": "5a74e559",
        "CO Thurston": "2964e311",
        "EN Gay": "aa710a58",
        "GCH Hill": "214f6461",
        "GG White": "0f21680d",
        "GS Ballance": "755a77c6",
        "HG Duke": "443b47a6",
        "JA Tattersall": "793977d8",
        "JW Shutt": "ec33b21a",
        "MJ Waite": "a4b810d0",
        "ML Revis": "28217d89",
        "MW Pillans": "6a2fadd0",
        "N Pratt": "01f65cd3",
        "R Vasconcelos": "efe3fcc5",
        "RI Keogh": "e22d3b5c",
        "SA Patterson": "b21ed464",
        "SA Zaib": "ab01e323",
        "SJ O'Shaughnessy": "4d4fdf4a",
        "TAI Taylor": "867a45a7",
        "W Luxton": "c15fb753",
        "WAR Fraine": "e3bc992b",
        "WD Parnell": "3a60e0b5",
        "WR Smith": "ad962377"
      }
    },
    "season": "2021",
    "team_type": "club",
    "teams": [
      "Yorkshire",
      "Northamptonshire"
    ],
    "toss": {
      "decision": "field",
      "winner": "Northamptonshire"
    },
    "venue": "North Marine Road Ground, Scarborough"
  },
  "innings": [
    {
      "team": "Yorkshire",
      "overs": [
        {
          "over": 0,
          "deliveries": [
            {
              "batter": "WAR Fraine",
              "bowler": "CJ White",
              "non_striker": "HG Duke",
              "runs": {
                "batter": 0,
                "extras": 0,
                "total": 0
              }
            },
            {
              "batter": "WAR Fraine",
              "bowler": "CJ White",
              "non_striker": "HG Duke",
              "runs": {
                "batter": 0,
                "extras": 0,
                "total": 0
              }
            },
            {
              "batter": "WAR Fraine",
              "bowler": "CJ White",
              "non_striker": "HG Duke",
              "runs": {
                "batter": 0,
                "extras": 0,
                "total": 0
              }
            },
            {
              "batter": "WAR Fraine",
              "bowler": "CJ White",
              "non_striker": "HG Duke",
              "runs": {
                "batter": 0,
                "extras": 0,
                "total": 0
              }
            },
            {
              "batter": "WAR Fraine",
              "bowler": "CJ White",
              "non_striker": "HG Duke",
              "runs": {
                "batter": 4,
                "extras": 0,
                "total": 4
              }
            },
            {
              "batter": "WAR Fraine",
              "bowler": "CJ White",
              "non_striker": "HG Duke",
              "runs": {
                "batter": 0,
                "extras": 0,
                "total": 0
              }
            }
          ]
        },
        {
          "over": 1,
          "deliveries": [
            {
              "batter": "HG Duke",
              "bowler": "BW Sanderson",
              "non_striker": "WAR Fraine",
              "runs": {
                "batter": 0,
                "extras": 0,
                "total": 0
              }
            },
            {
              "batter": "HG Duke",
              "bowler": "BW Sanderson",
              "non_striker": "WAR Fraine",
              "runs": {
                "batter": 1,
                "extras": 0,
                "total": 1
              }
            },
            {
              "batter": "WAR Fraine",
              "bowler": "BW Sanderson",
              "non_striker": "HG Duke",
              "runs": {
                "batter": 1,
                "extras": 0,
                "total": 1
              }
            },
            {
              "batter": "HG Duke",
              "bowler": "BW Sanderson",
              "non_striker": "WAR Fraine",
              "runs": {
                "batter": 0,
                "extras": 0,
                "total": 0
              }
            },
            {
              "batter": "HG Duke",
              "bowler": "BW Sanderson",
              "non_striker": "WAR Fraine",
              "runs": {
                "batter": 0,
                "extras": 0,
                "total": 0
              }
            },
            {
              "batter": "HG Duke",
              "bowler": "BW Sanderson",
              "non_striker": "WAR Fraine",
              "runs": {
                "batter": 1,
                "extras": 0,
                "total": 1
              }
            }
          ]
        },
        {
          "over": 2,
          "deliveries": [
            {
              "batter": "HG Duke",
              "bowler": "CJ White",
              "non_striker": "WAR Fraine",
              "runs": {
                "batter": 0,
                "extras": 0,
                "total": 0
              }
            },
            {
              "batter": "HG Duke",
              "bowler": "CJ White",
              "non_striker": "WAR Fraine",
              "runs": {
                "batter": 0,
                "extras": 0,
                "total": 0
              }
            },
            {
              "batter": "HG Duke",
              "bowler": "CJ White",
              "non_striker": "WAR Fraine",
              "runs": {
                "batter": 0,
                "extras": 0,
                "total": 0
              }
            },
            {
              "batter": "HG Duke",
              "bowler": "CJ White",
              "non_striker": "WAR Fraine",
              "runs": {
                "batter": 0,
                "extras": 0,
                "total": 0
              },
              "wickets": [
                {
                  "player_out": "HG Duke",
                  "kind": "bowled"
                }
              ]
            },
            {
              "batter": "GS Ballance",
              "bowler": "CJ White",
              "non_striker": "WAR Fraine",
              "runs": {
                "batter": 0,
                "extras": 0,
                "total": 0
              }
            },
            {
              "batter": "GS Ballance",
              "bowler": "CJ White",
              "non_striker": "WAR Fraine",
              "runs": {
                "batter": 0,
                "extras": 0,
                "total": 0
              }
            }
          ]
        },
        {
          "over": 3,
          "deliveries": [
            {
              "batter": "WAR Fraine",
              "bowler": "BW Sanderson",
              "non_striker": "GS Ballance",
              "runs": {
                "batter": 0,
                "extras": 0,
                "total": 0
              }
            },
            {
              "batter": "WAR Fraine",
              "bowler": "BW Sanderson",
              "non_striker": "GS Ballance",
              "runs": {
                "batter": 4,
                "extras": 0,
                "total": 4
              }
            },
            {
              "batter": "WAR Fraine",
              "bowler": "BW Sanderson",
              "non_striker": "GS Ballance",
              "runs": {
                "batter": 0,
                "extras": 0,
                "total": 0
              }
            },
            {
              "batter": "WAR Fraine",
              "bowler": "BW Sanderson",
              "non_striker": "GS Ballance",
              "runs": {
                "batter": 0,
                "extras": 0,
                "total": 0
              }
            },
            {
              "batter": "WAR Fraine",
              "bowler": "BW Sanderson",
              "non_striker": "GS Ballance",
              "runs": {
                "batter": 0,
                "extras": 0,
                "total": 0
              }
            },
            {
              "batter": "WAR Fraine",
              "bowler": "BW Sanderson",
              "non_striker": "GS Ballance",
              "runs": {
                "batter": 0,
                "extras": 0,
                "total": 0
              }
            }
          ]
        },
        {
          "over": 4,
          "deliveries": [
            {
              "batter": "GS Ballance",
              "bowler": "CJ White",
              "non_striker": "WAR Fraine",
              "runs": {
                "batter": 0,
                "extras": 0,
                "total": 0
              }
            },
            {
              "batter": "GS Ballance",
              "bowler": "CJ White",
              "non_striker": "WAR Fraine",
              "runs": {
                "batter": 1,
                "extras": 0,
                "total": 1
              }
            },
            {
              "batter": "WAR Fraine",
              "bowler": "CJ White",
              "non_striker": "GS Ballance",
              "runs": {
                "batter": 0,
                "extras": 0,
                "total": 0
              }
            },
            {
              "batter": "WAR Fraine",
              "bowler": "CJ White",
              "non_striker": "GS Ballance",
              "runs": {
                "batter": 4,
                "extras": 0,
                "total": 4
              }
            },
            {
              "batter": "WAR Fraine",
              "bowler": "CJ White",
              "non_striker": "GS Ballance",
              "runs": {
                "batter": 1,
                "extras": 0,
                "total": 1
              }
            },
            {
              "batter": "GS Ballance",
              "bowler": "CJ White",
              "non_striker": "WAR Fraine",
              "runs": {
                "batter": 1,
                "extras": 0,
                "total": 1
              }
            }
          ]
        },
        {
          "over": 5,
          "deliveries": [
            {
              "batter": "GS Ballance",
              "bowler": "BW Sanderson",
              "non_striker": "WAR Fraine",
              "runs": {
                "batter": 0,
                "extras": 0,
                "total": 0
              }
            },
            {
              "batter": "GS Ballance",
              "bowler": "BW Sanderson",
              "non_striker": "WAR Fraine",
              "runs": {
                "batter": 0,
                "extras": 0,
                "total": 0
              }
            },
            {
              "batter": "GS Ballance",
              "bowler": "BW Sanderson",
              "non_striker": "WAR Fraine",
              "runs": {
                "batter": 0,
                "extras": 0,
                "total": 0
              }
            },
            {
              "batter": "GS Ballance",
              "bowler": "BW Sanderson",
              "non_striker": "WAR Fraine",
              "runs": {
                "batter": 0,
                "extras": 0,
                "total": 0
              },
              "wickets": [
                {
                  "player_out": "GS Ballance",
                  "fielders": [
                    {
                      "name": "R Vasconcelos"
                    }
                  ],
                  "kind": "caught"
                }
              ]
            },
            {
              "batter": "GCH Hill",
              "bowler": "BW Sanderson",
              "non_striker": "WAR Fraine",
              "runs": {
                "batter": 1,
                "extras": 0,
                "total": 1
              }
            },
            {
              "batter": "WAR Fraine",
              "bowler": "BW Sanderson",
              "non_striker": "GCH Hill",
              "runs": {
                "batter": 0,
                "extras": 0,
                "total": 0
              }
            }
          ]
        },
        {
          "over": 6,
          "deliveries": [
            {
              "batter": "GCH Hill",
              "bowler": "CJ White",
              "non_striker": "WAR Fraine",
              "runs": {
                "batter": 0,
                "extras": 0,
                "total": 0
              }
            },
            {
              "batter": "GCH Hill",
              "bowler": "CJ White",
              "non_striker": "WAR Fraine",
              "runs": {
                "batter": 0,
                "extras": 0,
                "total": 0
              }
            },
            {
              "batter": "GCH Hill",
              "bowler": "CJ White",
              "non_striker": "WAR Fraine",
              "runs": {
                "batter": 0,
                "extras": 0,
                "total": 0
              }
            },
            {
              "batter": "GCH Hill",
              "bowler": "CJ White",
              "non_striker": "WAR Fraine",
              "runs": {
                "batter": 1,
                "extras": 0,
                "total": 1
              }
            },
            {
              "batter": "WAR Fraine",
              "bowler": "CJ White",
              "non_striker": "GCH Hill",
              "runs": {
                "batter": 1,
                "extras": 0,
                "total": 1
              }
            },
            {
              "batter": "GCH Hill",
              "bowler": "CJ White",
              "non_striker": "WAR Fraine",
              "runs": {
                "batter": 0,
                "extras": 0,
                "total": 0
              }
            }
          ]
        },
        {
          "over": 7,
          "deliveries": [
            {
              "batter": "WAR Fraine",
              "bowler": "BW Sanderson",
              "non_striker": "GCH Hill",
              "runs": {
                "batter": 2,
                "extras": 0,
                "total": 2
              }
            },
            {
              "batter": "WAR Fraine",
              "bowler": "BW Sanderson",
              "extras": {
                "legbyes": 4
              },
              "non_striker": "GCH Hill",
              "runs": {
                "batter": 0,
                "extras": 4,
                "total": 4
              }
            },
            {
              "batter": "WAR Fraine",
              "bowler": "BW Sanderson",
              "non_striker": "GCH Hill",
              "runs": {
                "batter": 0,
                "extras": 0,
                "total": 0
              }
            },
            {
              "batter": "WAR Fraine",
              "bowler": "BW Sanderson",
              "non_striker": "GCH Hill",
              "runs": {
                "batter": 0,
                "extras": 0,
                "total": 0
              }
            },
            {
              "batter": "WAR Fraine",
              "bowler": "BW Sanderson",
              "non_striker": "GCH Hill",
              "runs": {
                "batter": 0,
                "extras": 0,
                "total": 0
              }
            },
            {
              "batter": "WAR Fraine",
              "bowler": "BW Sanderson",
              "non_striker": "GCH Hill",
              "runs": {
                "batter": 0,
                "extras": 0,
                "total": 0
              }
            }
          ]
        },
        {
          "over": 8,
          "deliveries": [
            {
              "batter": "GCH Hill",
              "bowler": "CJ White",
              "non_striker": "WAR Fraine",
              "runs": {
                "batter": 0,
                "extras": 0,
                "total": 0
              }
            },
            {
              "batter": "GCH Hill",
              "bowler": "CJ White",
              "non_striker": "WAR Fraine",
              "runs": {
                "batter": 0,
                "extras": 0,
                "total": 0
              }
            },
            {
              "batter": "GCH Hill",
              "bowler": "CJ White",
              "non_striker": "WAR Fraine",
              "runs": {
                "batter": 0,
                "extras": 0,
                "total": 0
              }
            },
            {
              "batter": "GCH Hill",
              "bowler": "CJ White",
              "non_striker": "WAR Fraine",
              "runs": {
                "batter": 1,
                "extras": 0,
                "total": 1
              }
            },
            {
              "batter": "WAR Fraine",
              "bowler": "CJ White",
              "non_striker": "GCH Hill",
              "runs": {
                "batter": 0,
                "extras": 0,
                "total": 0
              }
            },
            {
              "batter": "WAR Fraine",
              "bowler": "CJ White",
              "non_striker": "GCH Hill",
              "runs": {
                "batter": 1,
                "extras": 0,
                "total": 1
              }
            }
          ]
        },
        {
          "over": 9,
          "deliveries": [
            {
              "batter": "WAR Fraine",
              "bowler": "WD Parnell",
              "non_striker": "GCH Hill",
              "runs": {
                "batter": 4,
                "extras": 0,
                "total": 4
              }
            },
            {
              "batter": "WAR Fraine",
              "bowler": "WD Parnell",
              "non_striker": "GCH Hill",
              "runs": {
                "batter": 0,
                "extras": 0,
                "total": 0
              }
            },
            {
              "batter": "WAR Fraine",
              "bowler": "WD Parnell",
              "non_striker": "GCH Hill",
              "runs": {
                "batter": 0,
                "extras": 0,
                "total": 0
              }
            },
            {
              "batter": "WAR Fraine",
              "bowler": "WD Parnell",
              "non_striker": "GCH Hill",
              "runs": {
                "batter": 0,
                "extras": 0,
                "total": 0
              }
            },
            {
              "batter": "WAR Fraine",
              "bowler": "WD Parnell",
              "non_striker": "GCH Hill",
              "runs": {
                "batter": 0,
                "extras": 0,
                "total": 0
              }
            },
            {
              "batter": "WAR Fraine",
              "bowler": "WD Parnell",
              "non_striker": "GCH Hill",
              "runs": {
                "batter": 0,
                "extras": 0,
                "total": 0
              }
            }
          ]
        },
        {
          "over": 10,
          "deliveries": [
            {
              "batter": "GCH Hill",
              "bowler": "CJ White",
              "non_striker": "WAR Fraine",
              "runs": {
                "batter": 0,
                "extras": 0,
                "total": 0
              },
              "wickets": [
                {
                  "player_out": "GCH Hill",
                  "kind": "caught and bowled"
                }
              ]
            },
            {
              "batter": "JA Tattersall",
              "bowler": "CJ White",
              "non_striker": "WAR Fraine",
              "runs": {
                "batter": 0,
                "extras": 0,
                "total": 0
              }
            },
            {
              "batter": "JA Tattersall",
              "bowler": "CJ White",
              "non_striker": "WAR Fraine",
              "runs": {
                "batter": 4,
                "extras": 0,
                "total": 4
              }
            },
            {
              "batter": "JA Tattersall",
              "bowler": "CJ White",
              "non_striker": "WAR Fraine",
              "runs": {
                "batter": 0,
                "extras": 0,
                "total": 0
              }
            },
            {
              "batter": "JA Tattersall",
              "bowler": "CJ White",
              "non_striker": "WAR Fraine",
              "runs": {
                "batter": 1,
                "extras": 0,
                "total": 1
              }
            },
            {
              "batter": "WAR Fraine",
              "bowler": "CJ White",
              "non_striker": "JA Tattersall",
              "runs": {
                "batter": 0,
                "extras": 0,
                "total": 0
              }
            }
          ]
        },
        {
          "over": 11,
          "deliveries": [
            {
              "batter": "JA Tattersall",
              "bowler": "WD Parnell",
              "non_striker": "WAR Fraine",
              "runs": {
                "batter": 0,
                "extras": 0,
                "total": 0
              }
            },
            {
              "batter": "JA Tattersall",
              "bowler": "WD Parnell",
              "non_striker": "WAR Fraine",
              "runs": {
                "batter": 0,
                "extras": 0,
                "total": 0
              }
            },
            {
              "batter": "JA Tattersall",
              "bowler": "WD Parnell",
              "non_striker": "WAR Fraine",
              "runs": {
                "batter": 0,
                "extras": 0,
                "total": 0
              }
            },
            {
              "batter": "JA Tattersall",
              "bowler": "WD Parnell",
              "non_striker": "WAR Fraine",
              "runs": {
                "batter": 0,
                "extras": 0,
                "total": 0
              }
            },
            {
              "batter": "JA Tattersall",
              "bowler": "WD Parnell",
              "extras": {
                "wides": 1
              },
              "non_striker": "WAR Fraine",
              "runs": {
                "batter": 0,
                "extras": 1,
                "total": 1
              }
            },
            {
              "batter": "JA Tattersall",
              "bowler": "WD Parnell",
              "non_striker": "WAR Fraine",
              "runs": {
                "batter": 2,
                "extras": 0,
                "total": 2
              }
            },
            {
              "batter": "JA Tattersall",
              "bowler": "WD Parnell",
              "non_striker": "WAR Fraine",
              "runs": {
                "batter": 0,
                "extras": 0,
                "total": 0
              }
            }
          ]
        },
        {
          "over": 12,
          "deliveries": [
            {
              "batter": "WAR Fraine",
              "bowler": "CJ White",
              "non_striker": "JA Tattersall",
              "runs": {
                "batter": 0,
                "extras": 0,
                "total": 0
              }
            },
            {
              "batter": "WAR Fraine",
              "bowler": "CJ White",
              "non_striker": "JA Tattersall",
              "runs": {
                "batter": 2,
                "extras": 0,
                "total": 2
              }
            },
            {
              "batter": "WAR Fraine",
              "bowler": "CJ White",
              "non_striker": "JA Tattersall",
              "runs": {
                "batter": 4,
                "extras": 0,
                "total": 4
              }
            },
            {
              "batter": "WAR Fraine",
              "bowler": "CJ White",
              "non_striker": "JA Tattersall",
              "runs": {
                "batter": 0,
                "extras": 0,
                "total": 0
              }
            },
            {
              "batter": "WAR Fraine",
              "bowler": "CJ White",
              "non_striker": "JA Tattersall",
              "runs": {
                "batter": 0,
                "extras": 0,
                "total": 0
              },
              "wickets": [
                {
                  "player_out": "WAR Fraine",
                  "fielders": [
                    {
                      "name": "CO Thurston"
                    }
                  ],
                  "kind": "caught"
                }
              ]
            },
            {
              "batter": "ML Revis",
              "bowler": "CJ White",
              "non_striker": "JA Tattersall",
              "runs": {
                "batter": 0,
                "extras": 0,
                "total": 0
              }
            }
          ]
        },
        {
          "over": 13,
          "deliveries": [
            {
              "batter": "JA Tattersall",
              "bowler": "WD Parnell",
              "non_striker": "ML Revis",
              "runs": {
                "batter": 0,
                "extras": 0,
                "total": 0
              }
            },
            {
              "batter": "JA Tattersall",
              "bowler": "WD Parnell",
              "non_striker": "ML Revis",
              "runs": {
                "batter": 0,
                "extras": 0,
                "total": 0
              }
            },
            {
              "batter": "JA Tattersall",
              "bowler": "WD Parnell",
              "non_striker": "ML Revis",
              "runs": {
                "batter": 0,
                "extras": 0,
                "total": 0
              }
            },
            {
              "batter": "JA Tattersall",
              "bowler": "WD Parnell",
              "non_striker": "ML Revis",
              "runs": {
                "batter": 0,
                "extras": 0,
                "total": 0
              }
            },
            {
              "batter": "JA Tattersall",
              "bowler": "WD Parnell",
              "non_striker": "ML Revis",
              "runs": {
                "batter": 1,
                "extras": 0,
                "total": 1
              }
            },
            {
              "batter": "ML Revis",
              "bowler": "WD Parnell",
              "non_striker": "JA Tattersall",
              "runs": {
                "batter": 0,
                "extras": 0,
                "total": 0
              }
            }
          ]
        },
        {
          "over": 14,
          "deliveries": [
            {
              "batter": "JA Tattersall",
              "bowler": "CJ White",
              "non_striker": "ML Revis",
              "runs": {
                "batter": 0,
                "extras": 0,
                "total": 0
              }
            },
            {
              "batter": "JA Tattersall",
              "bowler": "CJ White",
              "non_striker": "ML Revis",
              "runs": {
                "batter": 0,
                "extras": 0,
                "total": 0
              }
            },
            {
              "batter": "JA Tattersall",
              "bowler": "CJ White",
              "non_striker": "ML Revis",
              "runs": {
                "batter": 0,
                "extras": 0,
                "total": 0
              }
            },
            {
              "batter": "JA Tattersall",
              "bowler": "CJ White",
              "non_striker": "ML Revis",
              "runs": {
                "batter": 2,
                "extras": 0,
                "total": 2
              }
            },
            {
              "batter": "JA Tattersall",
              "bowler": "CJ White",
              "non_striker": "ML Revis",
              "runs": {
                "batter": 0,
                "extras": 0,
                "total": 0
              }
            },
            {
              "batter": "JA Tattersall",
              "bowler": "CJ White",
              "non_striker": "ML Revis",
              "runs": {
                "batter": 0,
                "extras": 0,
                "total": 0
              }
            }
          ]
        },
        {
          "over": 15,
          "deliveries": [
            {
              "batter": "ML Revis",
              "bowler": "WD Parnell",
              "non_striker": "JA Tattersall",
              "runs": {
                "batter": 0,
                "extras": 0,
                "total": 0
              }
            },
            {
              "batter": "ML Revis",
              "bowler": "WD Parnell",
              "non_striker": "JA Tattersall",
              "runs": {
                "batter": 1,
                "extras": 0,
                "total": 1
              }
            },
            {
              "batter": "JA Tattersall",
              "bowler": "WD Parnell",
              "non_striker": "ML Revis",
              "runs": {
                "batter": 0,
                "extras": 0,
                "total": 0
              }
            },
            {
              "batter": "JA Tattersall",
              "bowler": "WD Parnell",
              "non_striker": "ML Revis",
              "runs": {
                "batter": 1,
                "extras": 0,
                "total": 1
              }
            },
            {
              "batter": "ML Revis",
              "bowler": "WD Parnell",
              "non_striker": "JA Tattersall",
              "runs": {
                "batter": 0,
                "extras": 0,
                "total": 0
              }
            },
            {
              "batter": "ML Revis",
              "bowler": "WD Parnell",
              "non_striker": "JA Tattersall",
              "runs": {
                "batter": 1,
                "extras": 0,
                "total": 1
              }
            }
          ]
        },
        {
          "over": 16,
          "deliveries": [
            {
              "batter": "ML Revis",
              "bowler": "TAI Taylor",
              "non_striker": "JA Tattersall",
              "runs": {
                "batter": 0,
                "extras": 0,
                "total": 0
              }
            },
            {
              "batter": "ML Revis",
              "bowler": "TAI Taylor",
              "non_striker": "JA Tattersall",
              "runs": {
                "batter": 1,
                "extras": 0,
                "total": 1
              }
            },
            {
              "batter": "JA Tattersall",
              "bowler": "TAI Taylor",
              "non_striker": "ML Revis",
              "runs": {
                "batter": 0,
                "extras": 0,
                "total": 0
              }
            },
            {
              "batter": "JA Tattersall",
              "bowler": "TAI Taylor",
              "non_striker": "ML Revis",
              "runs": {
                "batter": 1,
                "extras": 0,
                "total": 1
              }
            },
            {
              "batter": "ML Revis",
              "bowler": "TAI Taylor",
              "non_striker": "JA Tattersall",
              "runs": {
                "batter": 0,
                "extras": 0,
                "total": 0
              }
            },
            {
              "batter": "ML Revis",
              "bowler": "TAI Taylor",
              "non_striker": "JA Tattersall",
              "runs": {
                "batter": 1,
                "extras": 0,
                "total": 1
              }
            }
          ]
        },
        {
          "over": 17,
          "deliveries": [
            {
              "batter": "ML Revis",
              "bowler": "WD Parnell",
              "non_striker": "JA Tattersall",
              "runs": {
                "batter": 1,
                "extras": 0,
                "total": 1
              }
            },
            {
              "batter": "JA Tattersall",
              "bowler": "WD Parnell",
              "non_striker": "ML Revis",
              "runs": {
                "batter": 1,
                "extras": 0,
                "total": 1
              }
            },
            {
              "batter": "ML Revis",
              "bowler": "WD Parnell",
              "non_striker": "JA Tattersall",
              "runs": {
                "batter": 0,
                "extras": 0,
                "total": 0
              }
            },
            {
              "batter": "ML Revis",
              "bowler": "WD Parnell",
              "non_striker": "JA Tattersall",
              "runs": {
                "batter": 1,
                "extras": 0,
                "total": 1
              }
            },
            {
              "batter": "JA Tattersall",
              "bowler": "WD Parnell",
              "non_striker": "ML Revis",
              "runs": {
                "batter": 1,
                "extras": 0,
                "total": 1
              }
            },
            {
              "batter": "ML Revis",
              "bowler": "WD Parnell",
              "non_striker": "JA Tattersall",
              "runs": {
                "batter": 0,
                "extras": 0,
                "total": 0
              }
            }
          ]
        },
        {
          "over": 18,
          "deliveries": [
            {
              "batter": "JA Tattersall",
              "bowler": "TAI Taylor",
              "non_striker": "ML Revis",
              "runs": {
                "batter": 0,
                "extras": 0,
                "total": 0
              },
              "wickets": [
                {
                  "player_out": "JA Tattersall",
                  "fielders": [
                    {
                      "name": "R Vasconcelos"
                    }
                  ],
                  "kind": "caught"
                }
              ]
            },
            {
              "batter": "W Luxton",
              "bowler": "TAI Taylor",
              "non_striker": "ML Revis",
              "runs": {
                "batter": 1,
                "extras": 0,
                "total": 1
              }
            },
            {
              "batter": "ML Revis",
              "bowler": "TAI Taylor",
              "non_striker": "W Luxton",
              "runs": {
                "batter": 0,
                "extras": 0,
                "total": 0
              }
            },
            {
              "batter": "ML Revis",
              "bowler": "TAI Taylor",
              "non_striker": "W Luxton",
              "runs": {
                "batter": 0,
                "extras": 0,
                "total": 0
              }
            },
            {
              "batter": "ML Revis",
              "bowler": "TAI Taylor",
              "non_striker": "W Luxton",
              "runs": {
                "batter": 1,
                "extras": 0,
                "total": 1
              }
            },
            {
              "batter": "W Luxton",
              "bowler": "TAI Taylor",
              "non_striker": "ML Revis",
              "runs": {
                "batter": 0,
                "extras": 0,
                "total": 0
              }
            }
          ]
        },
        {
          "over": 19,
          "deliveries": [
            {
              "batter": "ML Revis",
              "bowler": "BW Sanderson",
              "non_striker": "W Luxton",
              "runs": {
                "batter": 1,
                "extras": 0,
                "total": 1
              }
            },
            {
              "batter": "W Luxton",
              "bowler": "BW Sanderson",
              "non_striker": "ML Revis",
              "runs": {
                "batter": 0,
                "extras": 0,
                "total": 0
              }
            },
            {
              "batter": "W Luxton",
              "bowler": "BW Sanderson",
              "non_striker": "ML Revis",
              "runs": {
                "batter": 0,
                "extras": 0,
                "total": 0
              }
            },
            {
              "batter": "W Luxton",
              "bowler": "BW Sanderson",
              "non_striker": "ML Revis",
              "runs": {
                "batter": 0,
                "extras": 0,
                "total": 0
              }
            },
            {
              "batter": "W Luxton",
              "bowler": "BW Sanderson",
              "non_striker": "ML Revis",
              "runs": {
                "batter": 0,
                "extras": 0,
                "total": 0
              }
            },
            {
              "batter": "W Luxton",
              "bowler": "BW Sanderson",
              "non_striker": "ML Revis",
              "runs": {
                "batter": 0,
                "extras": 0,
                "total": 0
              }
            }
          ]
        },
        {
          "over": 20,
          "deliveries": [
            {
              "batter": "ML Revis",
              "bowler": "TAI Taylor",
              "non_striker": "W Luxton",
              "runs": {
                "batter": 0,
                "extras": 0,
                "total": 0
              }
            },
            {
              "batter": "ML Revis",
              "bowler": "TAI Taylor",
              "non_striker": "W Luxton",
              "runs": {
                "batter": 0,
                "extras": 0,
                "total": 0
              }
            },
            {
              "batter": "ML Revis",
              "bowler": "TAI Taylor",
              "non_striker": "W Luxton",
              "runs": {
                "batter": 0,
                "extras": 0,
                "total": 0
              }
            },
            {
              "batter": "ML Revis",
              "bowler": "TAI Taylor",
              "extras": {
                "byes": 4,
                "noballs": 2
              },
              "non_striker": "W Luxton",
              "runs": {
                "batter": 0,
                "extras": 6,
                "total": 6
              }
            },
            {
              "batter": "ML Revis",
              "bowler": "TAI Taylor",
              "non_striker": "W Luxton",
              "runs": {
                "batter": 0,
                "extras": 0,
                "total": 0
              },
              "wickets": [
                {
                  "player_out": "ML Revis",
                  "fielders": [
                    {
                      "name": "R Vasconcelos"
                    }
                  ],
                  "kind": "caught"
                }
              ]
            },
            {
              "batter": "MJ Waite",
              "bowler": "TAI Taylor",
              "non_striker": "W Luxton",
              "runs": {
                "batter": 0,
                "extras": 0,
                "total": 0
              }
            },
            {
              "batter": "MJ Waite",
              "bowler": "TAI Taylor",
              "non_striker": "W Luxton",
              "runs": {
                "batter": 1,
                "extras": 0,
                "total": 1
              }
            }
          ]
        },
        {
          "over": 21,
          "deliveries": [
            {
              "batter": "MJ Waite",
              "bowler": "BW Sanderson",
              "non_striker": "W Luxton",
              "runs": {
                "batter": 1,
                "extras": 0,
                "total": 1
              }
            },
            {
              "batter": "W Luxton",
              "bowler": "BW Sanderson",
              "non_striker": "MJ Waite",
              "runs": {
                "batter": 0,
                "extras": 0,
                "total": 0
              }
            },
            {
              "batter": "W Luxton",
              "bowler": "BW Sanderson",
              "non_striker": "MJ Waite",
              "runs": {
                "batter": 0,
                "extras": 0,
                "total": 0
              }
            },
            {
              "batter": "W Luxton",
              "bowler": "BW Sanderson",
              "non_striker": "MJ Waite",
              "runs": {
                "batter": 0,
                "extras": 0,
                "total": 0
              }
            },
            {
              "batter": "W Luxton",
              "bowler": "BW Sanderson",
              "non_striker": "MJ Waite",
              "runs": {
                "batter": 0,
                "extras": 0,
                "total": 0
              }
            },
            {
              "batter": "W Luxton",
              "bowler": "BW Sanderson",
              "non_striker": "MJ Waite",
              "runs": {
                "batter": 0,
                "extras": 0,
                "total": 0
              }
            }
          ]
        },
        {
          "over": 22,
          "deliveries": [
            {
              "batter": "MJ Waite",
              "bowler": "TAI Taylor",
              "non_striker": "W Luxton",
              "runs": {
                "batter": 0,
                "extras": 0,
                "total": 0
              }
            },
            {
              "batter": "MJ Waite",
              "bowler": "TAI Taylor",
              "non_striker": "W Luxton",
              "runs": {
                "batter": 4,
                "extras": 0,
                "total": 4
              }
            },
            {
              "batter": "MJ Waite",
              "bowler": "TAI Taylor",
              "non_striker": "W Luxton",
              "runs": {
                "batter": 0,
                "extras": 0,
                "total": 0
              }
            },
            {
              "batter": "MJ Waite",
              "bowler": "TAI Taylor",
              "non_striker": "W Luxton",
              "runs": {
                "batter": 4,
                "extras": 0,
                "total": 4
              }
            },
            {
              "batter": "MJ Waite",
              "bowler": "TAI Taylor",
              "non_striker": "W Luxton",
              "runs": {
                "batter": 1,
                "extras": 0,
                "total": 1
              }
            },
            {
              "batter": "W Luxton",
              "bowler": "TAI Taylor",
              "non_striker": "MJ Waite",
              "runs": {
                "batter": 4,
                "extras": 0,
                "total": 4
              }
            }
          ]
        },
        {
          "over": 23,
          "deliveries": [
            {
              "batter": "MJ Waite",
              "bowler": "GG White",
              "non_striker": "W Luxton",
              "runs": {
                "batter": 0,
                "extras": 0,
                "total": 0
              }
            },
            {
              "batter": "MJ Waite",
              "bowler": "GG White",
              "non_striker": "W Luxton",
              "runs": {
                "batter": 0,
                "extras": 0,
                "total": 0
              }
            },
            {
              "batter": "MJ Waite",
              "bowler": "GG White",
              "non_striker": "W Luxton",
              "runs": {
                "batter": 0,
                "extras": 0,
                "total": 0
              }
            },
            {
              "batter": "MJ Waite",
              "bowler": "GG White",
              "non_striker": "W Luxton",
              "runs": {
                "batter": 0,
                "extras": 0,
                "total": 0
              }
            },
            {
              "batter": "MJ Waite",
              "bowler": "GG White",
              "non_striker": "W Luxton",
              "runs": {
                "batter": 1,
                "extras": 0,
                "total": 1
              }
            },
            {
              "batter": "W Luxton",
              "bowler": "GG White",
              "non_striker": "MJ Waite",
              "runs": {
                "batter": 0,
                "extras": 0,
                "total": 0
              }
            }
          ]
        },
        {
          "over": 24,
          "deliveries": [
            {
              "batter": "MJ Waite",
              "bowler": "TAI Taylor",
              "non_striker": "W Luxton",
              "runs": {
                "batter": 1,
                "extras": 0,
                "total": 1
              }
            },
            {
              "batter": "W Luxton",
              "bowler": "TAI Taylor",
              "non_striker": "MJ Waite",
              "runs": {
                "batter": 0,
                "extras": 0,
                "total": 0
              }
            },
            {
              "batter": "W Luxton",
              "bowler": "TAI Taylor",
              "non_striker": "MJ Waite",
              "runs": {
                "batter": 0,
                "extras": 0,
                "total": 0
              }
            },
            {
              "batter": "W Luxton",
              "bowler": "TAI Taylor",
              "non_striker": "MJ Waite",
              "runs": {
                "batter": 0,
                "extras": 0,
                "total": 0
              }
            },
            {
              "batter": "W Luxton",
              "bowler": "TAI Taylor",
              "non_striker": "MJ Waite",
              "runs": {
                "batter": 0,
                "extras": 0,
                "total": 0
              }
            },
            {
              "batter": "W Luxton",
              "bowler": "TAI Taylor",
              "non_striker": "MJ Waite",
              "runs": {
                "batter": 1,
                "extras": 0,
                "total": 1
              }
            }
          ]
        },
        {
          "over": 25,
          "deliveries": [
            {
              "batter": "W Luxton",
              "bowler": "GG White",
              "non_striker": "MJ Waite",
              "runs": {
                "batter": 0,
                "extras": 0,
                "total": 0
              }
            },
            {
              "batter": "W Luxton",
              "bowler": "GG White",
              "non_striker": "MJ Waite",
              "runs": {
                "batter": 0,
                "extras": 0,
                "total": 0
              }
            },
            {
              "batter": "W Luxton",
              "bowler": "GG White",
              "non_striker": "MJ Waite",
              "runs": {
                "batter": 0,
                "extras": 0,
                "total": 0
              }
            },
            {
              "batter": "W Luxton",
              "bowler": "GG White",
              "non_striker": "MJ Waite",
              "runs": {
                "batter": 1,
                "extras": 0,
                "total": 1
              }
            },
            {
              "batter": "MJ Waite",
              "bowler": "GG White",
              "non_striker": "W Luxton",
              "runs": {
                "batter": 1,
                "extras": 0,
                "total": 1
              }
            },
            {
              "batter": "W Luxton",
              "bowler": "GG White",
              "non_striker": "MJ Waite",
              "runs": {
                "batter": 0,
                "extras": 0,
                "total": 0
              }
            }
          ]
        },
        {
          "over": 26,
          "deliveries": [
            {
              "batter": "MJ Waite",
              "bowler": "TAI Taylor",
              "non_striker": "W Luxton",
              "runs": {
                "batter": 1,
                "extras": 0,
                "total": 1
              }
            },
            {
              "batter": "W Luxton",
              "bowler": "TAI Taylor",
              "non_striker": "MJ Waite",
              "runs": {
                "batter": 0,
                "extras": 0,
                "total": 0
              }
            },
            {
              "batter": "W Luxton",
              "bowler": "TAI Taylor",
              "non_striker": "MJ Waite",
              "runs": {
                "batter": 0,
                "extras": 0,
                "total": 0
              }
            },
            {
              "batter": "W Luxton",
              "bowler": "TAI Taylor",
              "non_striker": "MJ Waite",
              "runs": {
                "batter": 4,
                "extras": 0,
                "total": 4
              }
            },
            {
              "batter": "W Luxton",
              "bowler": "TAI Taylor",
              "non_striker": "MJ Waite",
              "runs": {
                "batter": 0,
                "extras": 0,
                "total": 0
              }
            },
            {
              "batter": "W Luxton",
              "bowler": "TAI Taylor",
              "non_striker": "MJ Waite",
              "runs": {
                "batter": 0,
                "extras": 0,
                "total": 0
              }
            }
          ]
        },
        {
          "over": 27,
          "deliveries": [
            {
              "batter": "MJ Waite",
              "bowler": "GG White",
              "non_striker": "W Luxton",
              "runs": {
                "batter": 1,
                "extras": 0,
                "total": 1
              }
            },
            {
              "batter": "W Luxton",
              "bowler": "GG White",
              "non_striker": "MJ Waite",
              "runs": {
                "batter": 1,
                "extras": 0,
                "total": 1
              }
            },
            {
              "batter": "MJ Waite",
              "bowler": "GG White",
              "non_striker": "W Luxton",
              "runs": {
                "batter": 1,
                "extras": 0,
                "total": 1
              }
            },
            {
              "batter": "W Luxton",
              "bowler": "GG White",
              "non_striker": "MJ Waite",
              "runs": {
                "batter": 1,
                "extras": 0,
                "total": 1
              }
            },
            {
              "batter": "MJ Waite",
              "bowler": "GG White",
              "non_striker": "W Luxton",
              "runs": {
                "batter": 1,
                "extras": 0,
                "total": 1
              }
            },
            {
              "batter": "W Luxton",
              "bowler": "GG White",
              "non_striker": "MJ Waite",
              "runs": {
                "batter": 1,
                "extras": 0,
                "total": 1
              }
            }
          ]
        },
        {
          "over": 28,
          "deliveries": [
            {
              "batter": "W Luxton",
              "bowler": "CJ White",
              "non_striker": "MJ Waite",
              "runs": {
                "batter": 0,
                "extras": 0,
                "total": 0
              }
            },
            {
              "batter": "W Luxton",
              "bowler": "CJ White",
              "non_striker": "MJ Waite",
              "runs": {
                "batter": 0,
                "extras": 0,
                "total": 0
              }
            },
            {
              "batter": "W Luxton",
              "bowler": "CJ White",
              "non_striker": "MJ Waite",
              "runs": {
                "batter": 0,
                "extras": 0,
                "total": 0
              }
            },
            {
              "batter": "W Luxton",
              "bowler": "CJ White",
              "non_striker": "MJ Waite",
              "runs": {
                "batter": 0,
                "extras": 0,
                "total": 0
              }
            },
            {
              "batter": "W Luxton",
              "bowler": "CJ White",
              "non_striker": "MJ Waite",
              "runs": {
                "batter": 1,
                "extras": 0,
                "total": 1
              }
            },
            {
              "batter": "MJ Waite",
              "bowler": "CJ White",
              "non_striker": "W Luxton",
              "runs": {
                "batter": 1,
                "extras": 0,
                "total": 1
              }
            }
          ]
        },
        {
          "over": 29,
          "deliveries": [
            {
              "batter": "MJ Waite",
              "bowler": "GG White",
              "non_striker": "W Luxton",
              "runs": {
                "batter": 0,
                "extras": 0,
                "total": 0
              }
            },
            {
              "batter": "MJ Waite",
              "bowler": "GG White",
              "non_striker": "W Luxton",
              "runs": {
                "batter": 0,
                "extras": 0,
                "total": 0
              }
            },
            {
              "batter": "MJ Waite",
              "bowler": "GG White",
              "non_striker": "W Luxton",
              "runs": {
                "batter": 0,
                "extras": 0,
                "total": 0
              }
            },
            {
              "batter": "MJ Waite",
              "bowler": "GG White",
              "non_striker": "W Luxton",
              "runs": {
                "batter": 1,
                "extras": 0,
                "total": 1
              }
            },
            {
              "batter": "W Luxton",
              "bowler": "GG White",
              "non_striker": "MJ Waite",
              "runs": {
                "batter": 1,
                "extras": 0,
                "total": 1
              }
            },
            {
              "batter": "MJ Waite",
              "bowler": "GG White",
              "non_striker": "W Luxton",
              "runs": {
                "batter": 0,
                "extras": 0,
                "total": 0
              }
            }
          ]
        },
        {
          "over": 30,
          "deliveries": [
            {
              "batter": "W Luxton",
              "bowler": "CJ White",
              "non_striker": "MJ Waite",
              "runs": {
                "batter": 4,
                "extras": 0,
                "total": 4
              }
            },
            {
              "batter": "W Luxton",
              "bowler": "CJ White",
              "non_striker": "MJ Waite",
              "runs": {
                "batter": 4,
                "extras": 0,
                "total": 4
              }
            },
            {
              "batter": "W Luxton",
              "bowler": "CJ White",
              "non_striker": "MJ Waite",
              "runs": {
                "batter": 0,
                "extras": 0,
                "total": 0
              }
            },
            {
              "batter": "W Luxton",
              "bowler": "CJ White",
              "non_striker": "MJ Waite",
              "runs": {
                "batter": 0,
                "extras": 0,
                "total": 0
              }
            },
            {
              "batter": "W Luxton",
              "bowler": "CJ White",
              "non_striker": "MJ Waite",
              "runs": {
                "batter": 0,
                "extras": 0,
                "total": 0
              }
            },
            {
              "batter": "W Luxton",
              "bowler": "CJ White",
              "non_striker": "MJ Waite",
              "runs": {
                "batter": 0,
                "extras": 0,
                "total": 0
              }
            }
          ]
        },
        {
          "over": 31,
          "deliveries": [
            {
              "batter": "MJ Waite",
              "bowler": "WD Parnell",
              "non_striker": "W Luxton",
              "runs": {
                "batter": 0,
                "extras": 0,
                "total": 0
              }
            },
            {
              "batter": "MJ Waite",
              "bowler": "WD Parnell",
              "non_striker": "W Luxton",
              "runs": {
                "batter": 4,
                "extras": 0,
                "total": 4
              }
            },
            {
              "batter": "MJ Waite",
              "bowler": "WD Parnell",
              "non_striker": "W Luxton",
              "runs": {
                "batter": 4,
                "extras": 0,
                "total": 4
              }
            },
            {
              "batter": "MJ Waite",
              "bowler": "WD Parnell",
              "non_striker": "W Luxton",
              "runs": {
                "batter": 0,
                "extras": 0,
                "total": 0
              }
            },
            {
              "batter": "MJ Waite",
              "bowler": "WD Parnell",
              "non_striker": "W Luxton",
              "runs": {
                "batter": 1,
                "extras": 0,
                "total": 1
              }
            },
            {
              "batter": "W Luxton",
              "bowler": "WD Parnell",
              "non_striker": "MJ Waite",
              "runs": {
                "batter": 0,
                "extras": 0,
                "total": 0
              }
            }
          ]
        },
        {
          "over": 32,
          "deliveries": [
            {
              "batter": "MJ Waite",
              "bowler": "GG White",
              "non_striker": "W Luxton",
              "runs": {
                "batter": 0,
                "extras": 0,
                "total": 0
              },
              "wickets": [
                {
                  "player_out": "MJ Waite",
                  "kind": "bowled"
                }
              ]
            },
            {
              "batter": "MW Pillans",
              "bowler": "GG White",
              "non_striker": "W Luxton",
              "runs": {
                "batter": 0,
                "extras": 0,
                "total": 0
              }
            },
            {
              "batter": "MW Pillans",
              "bowler": "GG White",
              "non_striker": "W Luxton",
              "runs": {
                "batter": 0,
                "extras": 0,
                "total": 0
              }
            },
            {
              "batter": "MW Pillans",
              "bowler": "GG White",
              "non_striker": "W Luxton",
              "runs": {
                "batter": 0,
                "extras": 0,
                "total": 0
              }
            },
            {
              "batter": "MW Pillans",
              "bowler": "GG White",
              "non_striker": "W Luxton",
              "runs": {
                "batter": 0,
                "extras": 0,
                "total": 0
              }
            },
            {
              "batter": "MW Pillans",
              "bowler": "GG White",
              "non_striker": "W Luxton",
              "runs": {
                "batter": 0,
                "extras": 0,
                "total": 0
              }
            }
          ]
        },
        {
          "over": 33,
          "deliveries": [
            {
              "batter": "W Luxton",
              "bowler": "WD Parnell",
              "non_striker": "MW Pillans",
              "runs": {
                "batter": 0,
                "extras": 0,
                "total": 0
              }
            },
            {
              "batter": "W Luxton",
              "bowler": "WD Parnell",
              "non_striker": "MW Pillans",
              "runs": {
                "batter": 4,
                "extras": 0,
                "total": 4
              }
            },
            {
              "batter": "W Luxton",
              "bowler": "WD Parnell",
              "non_striker": "MW Pillans",
              "runs": {
                "batter": 1,
                "extras": 0,
                "total": 1
              }
            },
            {
              "batter": "MW Pillans",
              "bowler": "WD Parnell",
              "non_striker": "W Luxton",
              "runs": {
                "batter": 0,
                "extras": 0,
                "total": 0
              }
            },
            {
              "batter": "MW Pillans",
              "bowler": "WD Parnell",
              "non_striker": "W Luxton",
              "runs": {
                "batter": 4,
                "extras": 0,
                "total": 4
              }
            },
            {
              "batter": "MW Pillans",
              "bowler": "WD Parnell",
              "non_striker": "W Luxton",
              "runs": {
                "batter": 0,
                "extras": 0,
                "total": 0
              }
            }
          ]
        },
        {
          "over": 34,
          "deliveries": [
            {
              "batter": "W Luxton",
              "bowler": "GG White",
              "non_striker": "MW Pillans",
              "runs": {
                "batter": 1,
                "extras": 0,
                "total": 1
              }
            },
            {
              "batter": "MW Pillans",
              "bowler": "GG White",
              "non_striker": "W Luxton",
              "runs": {
                "batter": 0,
                "extras": 0,
                "total": 0
              }
            },
            {
              "batter": "MW Pillans",
              "bowler": "GG White",
              "non_striker": "W Luxton",
              "runs": {
                "batter": 0,
                "extras": 0,
                "total": 0
              }
            },
            {
              "batter": "MW Pillans",
              "bowler": "GG White",
              "non_striker": "W Luxton",
              "runs": {
                "batter": 2,
                "extras": 0,
                "total": 2
              }
            },
            {
              "batter": "MW Pillans",
              "bowler": "GG White",
              "non_striker": "W Luxton",
              "runs": {
                "batter": 0,
                "extras": 0,
                "total": 0
              }
            },
            {
              "batter": "MW Pillans",
              "bowler": "GG White",
              "non_striker": "W Luxton",
              "runs": {
                "batter": 1,
                "extras": 0,
                "total": 1
              }
            }
          ]
        },
        {
          "over": 35,
          "deliveries": [
            {
              "batter": "MW Pillans",
              "bowler": "WD Parnell",
              "non_striker": "W Luxton",
              "runs": {
                "batter": 0,
                "extras": 0,
                "total": 0
              }
            },
            {
              "batter": "MW Pillans",
              "bowler": "WD Parnell",
              "non_striker": "W Luxton",
              "runs": {
                "batter": 0,
                "extras": 0,
                "total": 0
              }
            },
            {
              "batter": "MW Pillans",
              "bowler": "WD Parnell",
              "non_striker": "W Luxton",
              "runs": {
                "batter": 1,
                "extras": 0,
                "total": 1
              }
            },
            {
              "batter": "W Luxton",
              "bowler": "WD Parnell",
              "non_striker": "MW Pillans",
              "runs": {
                "batter": 2,
                "extras": 0,
                "total": 2
              }
            },
            {
              "batter": "W Luxton",
              "bowler": "WD Parnell",
              "non_striker": "MW Pillans",
              "runs": {
                "batter": 0,
                "extras": 0,
                "total": 0
              }
            },
            {
              "batter": "W Luxton",
              "bowler": "WD Parnell",
              "non_striker": "MW Pillans",
              "runs": {
                "batter": 2,
                "extras": 0,
                "total": 2
              }
            }
          ]
        },
        {
          "over": 36,
          "deliveries": [
            {
              "batter": "MW Pillans",
              "bowler": "GG White",
              "non_striker": "W Luxton",
              "runs": {
                "batter": 0,
                "extras": 0,
                "total": 0
              }
            },
            {
              "batter": "MW Pillans",
              "bowler": "GG White",
              "non_striker": "W Luxton",
              "runs": {
                "batter": 0,
                "extras": 0,
                "total": 0
              }
            },
            {
              "batter": "MW Pillans",
              "bowler": "GG White",
              "non_striker": "W Luxton",
              "runs": {
                "batter": 1,
                "extras": 0,
                "total": 1
              }
            },
            {
              "batter": "W Luxton",
              "bowler": "GG White",
              "non_striker": "MW Pillans",
              "runs": {
                "batter": 0,
                "extras": 0,
                "total": 0
              }
            },
            {
              "batter": "W Luxton",
              "bowler": "GG White",
              "non_striker": "MW Pillans",
              "runs": {
                "batter": 0,
                "extras": 0,
                "total": 0
              }
            },
            {
              "batter": "W Luxton",
              "bowler": "GG White",
              "non_striker": "MW Pillans",
              "runs": {
                "batter": 0,
                "extras": 0,
                "total": 0
              }
            }
          ]
        },
        {
          "over": 37,
          "deliveries": [
            {
              "batter": "MW Pillans",
              "bowler": "BW Sanderson",
              "non_striker": "W Luxton",
              "runs": {
                "batter": 1,
                "extras": 0,
                "total": 1
              }
            },
            {
              "batter": "W Luxton",
              "bowler": "BW Sanderson",
              "non_striker": "MW Pillans",
              "runs": {
                "batter": 1,
                "extras": 0,
                "total": 1
              }
            },
            {
              "batter": "MW Pillans",
              "bowler": "BW Sanderson",
              "non_striker": "W Luxton",
              "runs": {
                "batter": 4,
                "extras": 0,
                "total": 4
              }
            },
            {
              "batter": "MW Pillans",
              "bowler": "BW Sanderson",
              "non_striker": "W Luxton",
              "runs": {
                "batter": 0,
                "extras": 0,
                "total": 0
              }
            },
            {
              "batter": "MW Pillans",
              "bowler": "BW Sanderson",
              "non_striker": "W Luxton",
              "runs": {
                "batter": 1,
                "extras": 0,
                "total": 1
              }
            },
            {
              "batter": "W Luxton",
              "bowler": "BW Sanderson",
              "non_striker": "MW Pillans",
              "runs": {
                "batter": 1,
                "extras": 0,
                "total": 1
              }
            }
          ]
        },
        {
          "over": 38,
          "deliveries": [
            {
              "batter": "W Luxton",
              "bowler": "GG White",
              "non_striker": "MW Pillans",
              "runs": {
                "batter": 0,
                "extras": 0,
                "total": 0
              }
            },
            {
              "batter": "W Luxton",
              "bowler": "GG White",
              "non_striker": "MW Pillans",
              "runs": {
                "batter": 1,
                "extras": 0,
                "total": 1
              }
            },
            {
              "batter": "MW Pillans",
              "bowler": "GG White",
              "non_striker": "W Luxton",
              "runs": {
                "batter": 1,
                "extras": 0,
                "total": 1
              }
            },
            {
              "batter": "W Luxton",
              "bowler": "GG White",
              "non_striker": "MW Pillans",
              "runs": {
                "batter": 0,
                "extras": 0,
                "total": 0
              }
            },
            {
              "batter": "W Luxton",
              "bowler": "GG White",
              "non_striker": "MW Pillans",
              "runs": {
                "batter": 1,
                "extras": 0,
                "total": 1
              }
            },
            {
              "batter": "MW Pillans",
              "bowler": "GG White",
              "non_striker": "W Luxton",
              "runs": {
                "batter": 0,
                "extras": 0,
                "total": 0
              }
            }
          ]
        },
        {
          "over": 39,
          "deliveries": [
            {
              "batter": "W Luxton",
              "bowler": "BW Sanderson",
              "non_striker": "MW Pillans",
              "runs": {
                "batter": 1,
                "extras": 0,
                "total": 1
              }
            },
            {
              "batter": "MW Pillans",
              "bowler": "BW Sanderson",
              "non_striker": "W Luxton",
              "runs": {
                "batter": 1,
                "extras": 0,
                "total": 1
              }
            },
            {
              "batter": "W Luxton",
              "bowler": "BW Sanderson",
              "non_striker": "MW Pillans",
              "runs": {
                "batter": 2,
                "extras": 0,
                "total": 2
              }
            },
            {
              "batter": "W Luxton",
              "bowler": "BW Sanderson",
              "non_striker": "MW Pillans",
              "runs": {
                "batter": 0,
                "extras": 0,
                "total": 0
              }
            },
            {
              "batter": "W Luxton",
              "bowler": "BW Sanderson",
              "non_striker": "MW Pillans",
              "runs": {
                "batter": 0,
                "extras": 0,
                "total": 0
              }
            },
            {
              "batter": "W Luxton",
              "bowler": "BW Sanderson",
              "non_striker": "MW Pillans",
              "runs": {
                "batter": 1,
                "extras": 0,
                "total": 1
              }
            }
          ]
        },
        {
          "over": 40,
          "deliveries": [
            {
              "batter": "W Luxton",
              "bowler": "TAI Taylor",
              "non_striker": "MW Pillans",
              "runs": {
                "batter": 2,
                "extras": 0,
                "total": 2
              }
            },
            {
              "batter": "W Luxton",
              "bowler": "TAI Taylor",
              "non_striker": "MW Pillans",
              "runs": {
                "batter": 1,
                "extras": 0,
                "total": 1
              }
            },
            {
              "batter": "MW Pillans",
              "bowler": "TAI Taylor",
              "non_striker": "W Luxton",
              "runs": {
                "batter": 0,
                "extras": 0,
                "total": 0
              }
            },
            {
              "batter": "MW Pillans",
              "bowler": "TAI Taylor",
              "extras": {
                "wides": 1
              },
              "non_striker": "W Luxton",
              "runs": {
                "batter": 0,
                "extras": 1,
                "total": 1
              }
            },
            {
              "batter": "MW Pillans",
              "bowler": "TAI Taylor",
              "non_striker": "W Luxton",
              "runs": {
                "batter": 0,
                "extras": 0,
                "total": 0
              }
            },
            {
              "batter": "MW Pillans",
              "bowler": "TAI Taylor",
              "non_striker": "W Luxton",
              "runs": {
                "batter": 0,
                "extras": 0,
                "total": 0
              }
            },
            {
              "batter": "MW Pillans",
              "bowler": "TAI Taylor",
              "non_striker": "W Luxton",
              "runs": {
                "batter": 1,
                "extras": 0,
                "total": 1
              }
            }
          ]
        },
        {
          "over": 41,
          "deliveries": [
            {
              "batter": "MW Pillans",
              "bowler": "GG White",
              "non_striker": "W Luxton",
              "runs": {
                "batter": 0,
                "extras": 0,
                "total": 0
              }
            },
            {
              "batter": "MW Pillans",
              "bowler": "GG White",
              "non_striker": "W Luxton",
              "runs": {
                "batter": 1,
                "extras": 0,
                "total": 1
              }
            },
            {
              "batter": "W Luxton",
              "bowler": "GG White",
              "non_striker": "MW Pillans",
              "runs": {
                "batter": 1,
                "extras": 0,
                "total": 1
              }
            },
            {
              "batter": "MW Pillans",
              "bowler": "GG White",
              "non_striker": "W Luxton",
              "runs": {
                "batter": 1,
                "extras": 0,
                "total": 1
              }
            },
            {
              "batter": "W Luxton",
              "bowler": "GG White",
              "non_striker": "MW Pillans",
              "runs": {
                "batter": 1,
                "extras": 0,
                "total": 1
              }
            },
            {
              "batter": "MW Pillans",
              "bowler": "GG White",
              "non_striker": "W Luxton",
              "runs": {
                "batter": 0,
                "extras": 0,
                "total": 0
              }
            }
          ]
        },
        {
          "over": 42,
          "deliveries": [
            {
              "batter": "W Luxton",
              "bowler": "TAI Taylor",
              "non_striker": "MW Pillans",
              "runs": {
                "batter": 1,
                "extras": 0,
                "total": 1
              }
            },
            {
              "batter": "MW Pillans",
              "bowler": "TAI Taylor",
              "non_striker": "W Luxton",
              "runs": {
                "batter": 1,
                "extras": 0,
                "total": 1
              }
            },
            {
              "batter": "W Luxton",
              "bowler": "TAI Taylor",
              "non_striker": "MW Pillans",
              "runs": {
                "batter": 2,
                "extras": 0,
                "total": 2
              }
            },
            {
              "batter": "W Luxton",
              "bowler": "TAI Taylor",
              "extras": {
                "wides": 1
              },
              "non_striker": "MW Pillans",
              "runs": {
                "batter": 0,
                "extras": 1,
                "total": 1
              }
            },
            {
              "batter": "W Luxton",
              "bowler": "TAI Taylor",
              "extras": {
                "wides": 1
              },
              "non_striker": "MW Pillans",
              "runs": {
                "batter": 0,
                "extras": 1,
                "total": 1
              }
            },
            {
              "batter": "W Luxton",
              "bowler": "TAI Taylor",
              "non_striker": "MW Pillans",
              "runs": {
                "batter": 0,
                "extras": 0,
                "total": 0
              }
            },
            {
              "batter": "W Luxton",
              "bowler": "TAI Taylor",
              "non_striker": "MW Pillans",
              "runs": {
                "batter": 1,
                "extras": 0,
                "total": 1
              }
            },
            {
              "batter": "MW Pillans",
              "bowler": "TAI Taylor",
              "non_striker": "W Luxton",
              "runs": {
                "batter": 1,
                "extras": 0,
                "total": 1
              }
            }
          ]
        },
        {
          "over": 43,
          "deliveries": [
            {
              "batter": "MW Pillans",
              "bowler": "GG White",
              "non_striker": "W Luxton",
              "runs": {
                "batter": 0,
                "extras": 0,
                "total": 0
              }
            },
            {
              "batter": "MW Pillans",
              "bowler": "GG White",
              "non_striker": "W Luxton",
              "runs": {
                "batter": 0,
                "extras": 0,
                "total": 0
              }
            },
            {
              "batter": "MW Pillans",
              "bowler": "GG White",
              "non_striker": "W Luxton",
              "runs": {
                "batter": 0,
                "extras": 0,
                "total": 0
              }
            },
            {
              "batter": "MW Pillans",
              "bowler": "GG White",
              "non_striker": "W Luxton",
              "runs": {
                "batter": 1,
                "extras": 0,
                "total": 1
              }
            },
            {
              "batter": "W Luxton",
              "bowler": "GG White",
              "non_striker": "MW Pillans",
              "runs": {
                "batter": 0,
                "extras": 0,
                "total": 0
              }
            },
            {
              "batter": "W Luxton",
              "bowler": "GG White",
              "non_striker": "MW Pillans",
              "runs": {
                "batter": 0,
                "extras": 0,
                "total": 0
              }
            }
          ]
        },
        {
          "over": 44,
          "deliveries": [
            {
              "batter": "MW Pillans",
              "bowler": "BW Sanderson",
              "non_striker": "W Luxton",
              "runs": {
                "batter": 4,
                "extras": 0,
                "total": 4
              }
            },
            {
              "batter": "MW Pillans",
              "bowler": "BW Sanderson",
              "non_striker": "W Luxton",
              "runs": {
                "batter": 0,
                "extras": 0,
                "total": 0
              }
            },
            {
              "batter": "MW Pillans",
              "bowler": "BW Sanderson",
              "extras": {
                "wides": 1
              },
              "non_striker": "W Luxton",
              "runs": {
                "batter": 0,
                "extras": 1,
                "total": 1
              }
            },
            {
              "batter": "MW Pillans",
              "bowler": "BW Sanderson",
              "non_striker": "W Luxton",
              "runs": {
                "batter": 1,
                "extras": 0,
                "total": 1
              }
            },
            {
              "batter": "W Luxton",
              "bowler": "BW Sanderson",
              "non_striker": "MW Pillans",
              "runs": {
                "batter": 0,
                "extras": 0,
                "total": 0
              }
            },
            {
              "batter": "W Luxton",
              "bowler": "BW Sanderson",
              "non_striker": "MW Pillans",
              "runs": {
                "batter": 1,
                "extras": 0,
                "total": 1
              }
            },
            {
              "batter": "MW Pillans",
              "bowler": "BW Sanderson",
              "extras": {
                "noballs": 2
              },
              "non_striker": "W Luxton",
              "runs": {
                "batter": 0,
                "extras": 2,
                "total": 2
              }
            },
            {
              "batter": "MW Pillans",
              "bowler": "BW Sanderson",
              "extras": {
                "byes": 4
              },
              "non_striker": "W Luxton",
              "runs": {
                "batter": 0,
                "extras": 4,
                "total": 4
              }
            }
          ]
        },
        {
          "over": 45,
          "deliveries": [
            {
              "batter": "W Luxton",
              "bowler": "WD Parnell",
              "non_striker": "MW Pillans",
              "runs": {
                "batter": 0,
                "extras": 0,
                "total": 0
              }
            },
            {
              "batter": "W Luxton",
              "bowler": "WD Parnell",
              "non_striker": "MW Pillans",
              "runs": {
                "batter": 1,
                "extras": 0,
                "total": 1
              }
            },
            {
              "batter": "MW Pillans",
              "bowler": "WD Parnell",
              "non_striker": "W Luxton",
              "runs": {
                "batter": 0,
                "extras": 0,
                "total": 0
              }
            },
            {
              "batter": "MW Pillans",
              "bowler": "WD Parnell",
              "non_striker": "W Luxton",
              "runs": {
                "batter": 2,
                "extras": 0,
                "total": 2
              }
            },
            {
              "batter": "MW Pillans",
              "bowler": "WD Parnell",
              "non_striker": "W Luxton",
              "runs": {
                "batter": 0,
                "extras": 0,
                "total": 0
              }
            },
            {
              "batter": "MW Pillans",
              "bowler": "WD Parnell",
              "non_striker": "W Luxton",
              "runs": {
                "batter": 1,
                "extras": 0,
                "total": 1
              }
            }
          ]
        },
        {
          "over": 46,
          "deliveries": [
            {
              "batter": "MW Pillans",
              "bowler": "TAI Taylor",
              "non_striker": "W Luxton",
              "runs": {
                "batter": 1,
                "extras": 0,
                "total": 1
              }
            },
            {
              "batter": "W Luxton",
              "bowler": "TAI Taylor",
              "extras": {
                "wides": 1
              },
              "non_striker": "MW Pillans",
              "runs": {
                "batter": 0,
                "extras": 1,
                "total": 1
              }
            },
            {
              "batter": "W Luxton",
              "bowler": "TAI Taylor",
              "non_striker": "MW Pillans",
              "runs": {
                "batter": 6,
                "extras": 0,
                "total": 6
              }
            },
            {
              "batter": "W Luxton",
              "bowler": "TAI Taylor",
              "non_striker": "MW Pillans",
              "runs": {
                "batter": 6,
                "extras": 0,
                "total": 6
              }
            },
            {
              "batter": "W Luxton",
              "bowler": "TAI Taylor",
              "non_striker": "MW Pillans",
              "runs": {
                "batter": 2,
                "extras": 0,
                "total": 2
              }
            },
            {
              "batter": "W Luxton",
              "bowler": "TAI Taylor",
              "non_striker": "MW Pillans",
              "runs": {
                "batter": 1,
                "extras": 0,
                "total": 1
              }
            },
            {
              "batter": "MW Pillans",
              "bowler": "TAI Taylor",
              "non_striker": "W Luxton",
              "runs": {
                "batter": 1,
                "extras": 0,
                "total": 1
              }
            }
          ]
        },
        {
          "over": 47,
          "deliveries": [
            {
              "batter": "MW Pillans",
              "bowler": "WD Parnell",
              "extras": {
                "legbyes": 4
              },
              "non_striker": "W Luxton",
              "runs": {
                "batter": 0,
                "extras": 4,
                "total": 4
              }
            },
            {
              "batter": "MW Pillans",
              "bowler": "WD Parnell",
              "non_striker": "W Luxton",
              "runs": {
                "batter": 1,
                "extras": 0,
                "total": 1
              }
            },
            {
              "batter": "W Luxton",
              "bowler": "WD Parnell",
              "non_striker": "MW Pillans",
              "runs": {
                "batter": 0,
                "extras": 0,
                "total": 0
              },
              "wickets": [
                {
                  "player_out": "W Luxton",
                  "kind": "bowled"
                }
              ]
            },
            {
              "batter": "SA Patterson",
              "bowler": "WD Parnell",
              "non_striker": "MW Pillans",
              "runs": {
                "batter": 0,
                "extras": 0,
                "total": 0
              }
            },
            {
              "batter": "SA Patterson",
              "bowler": "WD Parnell",
              "non_striker": "MW Pillans",
              "runs": {
                "batter": 1,
                "extras": 0,
                "total": 1
              }
            },
            {
              "batter": "MW Pillans",
              "bowler": "WD Parnell",
              "non_striker": "SA Patterson",
              "runs": {
                "batter": 1,
                "extras": 0,
                "total": 1
              }
            }
          ]
        },
        {
          "over": 48,
          "deliveries": [
            {
              "batter": "MW Pillans",
              "bowler": "TAI Taylor",
              "non_striker": "SA Patterson",
              "runs": {
                "batter": 0,
                "extras": 0,
                "total": 0
              }
            },
            {
              "batter": "MW Pillans",
              "bowler": "TAI Taylor",
              "non_striker": "SA Patterson",
              "runs": {
                "batter": 0,
                "extras": 0,
                "total": 0
              }
            },
            {
              "batter": "MW Pillans",
              "bowler": "TAI Taylor",
              "non_striker": "SA Patterson",
              "runs": {
                "batter": 1,
                "extras": 0,
                "total": 1
              }
            },
            {
              "batter": "SA Patterson",
              "bowler": "TAI Taylor",
              "non_striker": "MW Pillans",
              "runs": {
                "batter": 0,
                "extras": 0,
                "total": 0
              },
              "wickets": [
                {
                  "player_out": "SA Patterson",
                  "fielders": [
                    {
                      "name": "EN Gay"
                    }
                  ],
                  "kind": "caught"
                }
              ]
            },
            {
              "batter": "MW Pillans",
              "bowler": "TAI Taylor",
              "non_striker": "JW Shutt",
              "runs": {
                "batter": 4,
                "extras": 0,
                "total": 4
              }
            },
            {
              "batter": "MW Pillans",
              "bowler": "TAI Taylor",
              "non_striker": "JW Shutt",
              "runs": {
                "batter": 0,
                "extras": 0,
                "total": 0
              }
            }
          ]
        },
        {
          "over": 49,
          "deliveries": [
            {
              "batter": "JW Shutt",
              "bowler": "BW Sanderson",
              "non_striker": "MW Pillans",
              "runs": {
                "batter": 0,
                "extras": 0,
                "total": 0
              }
            },
            {
              "batter": "JW Shutt",
              "bowler": "BW Sanderson",
              "non_striker": "MW Pillans",
              "runs": {
                "batter": 1,
                "extras": 0,
                "total": 1
              }
            },
            {
              "batter": "MW Pillans",
              "bowler": "BW Sanderson",
              "non_striker": "JW Shutt",
              "runs": {
                "batter": 0,
                "extras": 0,
                "total": 0
              },
              "wickets": [
                {
                  "player_out": "MW Pillans",
                  "fielders": [
                    {
                      "name": "WD Parnell"
                    }
                  ],
                  "kind": "caught"
                }
              ]
            }
          ]
        }
      ],
      "powerplays": [
        {
          "from": 0.1,
          "to": 9.6,
          "type": "mandatory"
        },
        {
          "from": 10.1,
          "to": 39.6,
          "type": "mandatory"
        },
        {
          "from": 40.1,
          "to": 49.3,
          "type": "mandatory"
        }
      ]
    },
    {
      "team": "Northamptonshire",
      "overs": [
        {
          "over": 0,
          "deliveries": [
            {
              "batter": "R Vasconcelos",
              "bowler": "MJ Waite",
              "non_striker": "EN Gay",
              "runs": {
                "batter": 1,
                "extras": 0,
                "total": 1
              }
            },
            {
              "batter": "EN Gay",
              "bowler": "MJ Waite",
              "non_striker": "R Vasconcelos",
              "runs": {
                "batter": 1,
                "extras": 0,
                "total": 1
              }
            },
            {
              "batter": "R Vasconcelos",
              "bowler": "MJ Waite",
              "non_striker": "EN Gay",
              "runs": {
                "batter": 0,
                "extras": 0,
                "total": 0
              }
            },
            {
              "batter": "R Vasconcelos",
              "bowler": "MJ Waite",
              "non_striker": "EN Gay",
              "runs": {
                "batter": 0,
                "extras": 0,
                "total": 0
              }
            },
            {
              "batter": "R Vasconcelos",
              "bowler": "MJ Waite",
              "non_striker": "EN Gay",
              "runs": {
                "batter": 0,
                "extras": 0,
                "total": 0
              }
            }
          ]
        }
      ],
      "powerplays": [
        {
          "from": 0.1,
          "to": 0.5,
          "type": "mandatory"
        }
      ],
      "target": {
        "overs": 50,
        "runs": 223
      }
    }
  ]
}