{
  "meta": {
    "data_version": "1.1.0",
    "created": "2022-03-09",
    "revision": 1
  },
  "info": {
    "balls_per_over": 6,
    "city": "London",
    "dates": [
      "2021-07-30"
    ],
    "event": {
      "name": "Royal London One-Day Cup",
      "group": "2"
    },
    "gender": "male",
    "match_type": "ODM",
    "officials": {
      "match_referees": [
        "DW Headley"
      ],
      "umpires": [
        "ID Blackwell",
        "James Middlebrook"
      ]
    },
    "outcome": {
      "result": "no result"
    },
    "overs": 50,
    "players": {
      "Northamptonshire": [
        "R Vasconcelos",
        "EN Gay",
        "BJ Curran",
        "RI Keogh",
        "SA Zaib",
        "CO Thurston",
        "TAI Taylor",
        "WD Parnell",
        "GG White",
        "BW Sanderson",
        "CJ White"
      ],
      "Surrey": [
        "MD Stoneman",
        "HM Amla",
        "RS Patel",
        "JL Smith",
        "TH David",
        "NMJ Reifer",
        "R Clarke",
        "NJH Kimber",
        "C McKerr",
        "D Moriarty",
        "MP Dunn"
      ]
    },
    "registry": {
      "people": {
        "BJ Curran": "1786a21b",
        "BW Sanderson": "e871a7a1",
        "C McKerr": "5ccdb14f",
        "CJ White": "5a74e559",
        "CO Thurston": "2964e311",
        "D Moriarty": "6ea2710f",
        "DW Headley": "870206b3",
        "EN Gay": "aa710a58",
        "GG White": "0f21680d",
        "HM Amla": "e798611a",
        "ID Blackwell": "818e8bf2",
        "JL Smith": "c834c290",
        "James Middlebrook": "ddcd1520",
        "MD Stoneman": "1b77f62b",
        "MP Dunn": "57a76baa",
        "NJH Kimber": "bee8bd62",
        "NMJ Reifer": "0940c7e0",
        "R Clarke": "8728a058",
        "R Vasconcelos": "efe3fcc5",
        "RI Keogh": "e22d3b5c",
        "RS Patel": "97905e64",
        "SA Zaib": "ab01e323",
        "TAI Taylor": "867a45a7",
        "TH David": "f1f99156",
        "WD Parnell": "3a60e0b5"
      }
    },
    "season": "2021",
    "team_type": "club",
    "teams": [
      "Northamptonshire",
      "Surrey"
    ],
    "toss": {
      "decision": "field",
      "winner": "Surrey"
    },
    "venue": "Kennington Oval, London"
  },
  "innings": [
    {
      "team": "Northamptonshire",
      "overs": [
        {
          "over": 0,
          "deliveries": [
            {
              "batter": "R Vasconcelos",
              "bowler": "R Clarke",
              "non_striker": "EN Gay",
              "runs": {
                "batter": 0,
                "extras": 0,
                "total": 0
              }
            },
            {
              "batter": "R Vasconcelos",
              "bowler": "R Clarke",
              "non_striker": "EN Gay",
              "runs": {
                "batter": 0,
                "extras": 0,
                "total": 0
              }
            },
            {
              "batter": "R Vasconcelos",
              "bowler": "R Clarke",
              "non_striker": "EN Gay",
              "runs": {
                "batter": 4,
                "extras": 0,
                "total": 4
              }
            },
            {
              "batter": "R Vasconcelos",
              "bowler": "R Clarke",
              "non_striker": "EN Gay",
              "runs": {
                "batter": 0,
                "extras": 0,
                "total": 0
              }
            },
            {
              "batter": "R Vasconcelos",
              "bowler": "R Clarke",
              "non_striker": "EN Gay",
              "runs": {
                "batter": 0,
                "extras": 0,
                "total": 0
              }
            },
            {
              "batter": "R Vasconcelos",
              "bowler": "R Clarke",
              "extras": {
                "legbyes": 4
              },
              "non_striker": "EN Gay",
              "runs": {
                "batter": 0,
                "extras": 4,
                "total": 4
              }
            }
          ]
        },
        {
          "over": 1,
          "deliveries": [
            {
              "batter": "EN Gay",
              "bowler": "MP Dunn",
              "non_striker": "R Vasconcelos",
              "runs": {
                "batter": 1,
                "extras": 0,
                "total": 1
              }
            },
            {
              "batter": "R Vasconcelos",
              "bowler": "MP Dunn",
              "non_striker": "EN Gay",
              "runs": {
                "batter": 1,
                "extras": 0,
                "total": 1
              }
            },
            {
              "batter": "EN Gay",
              "bowler": "MP Dunn",
              "non_striker": "R Vasconcelos",
              "runs": {
                "batter": 0,
                "extras": 0,
                "total": 0
              }
            },
            {
              "batter": "EN Gay",
              "bowler": "MP Dunn",
              "non_striker": "R Vasconcelos",
              "runs": {
                "batter": 1,
                "extras": 0,
                "total": 1
              }
            },
            {
              "batter": "R Vasconcelos",
              "bowler": "MP Dunn",
              "non_striker": "EN Gay",
              "runs": {
                "batter": 1,
                "extras": 0,
                "total": 1
              }
            },
            {
              "batter": "EN Gay",
              "bowler": "MP Dunn",
              "non_striker": "R Vasconcelos",
              "runs": {
                "batter": 0,
                "extras": 0,
                "total": 0
              }
            }
          ]
        },
        {
          "over": 2,
          "deliveries": [
            {
              "batter": "R Vasconcelos",
              "bowler": "R Clarke",
              "non_striker": "EN Gay",
              "runs": {
                "batter": 3,
                "extras": 0,
                "total": 3
              }
            },
            {
              "batter": "EN Gay",
              "bowler": "R Clarke",
              "non_striker": "R Vasconcelos",
              "runs": {
                "batter": 2,
                "extras": 0,
                "total": 2
              }
            },
            {
              "batter": "EN Gay",
              "bowler": "R Clarke",
              "non_striker": "R Vasconcelos",
              "runs": {
                "batter": 0,
                "extras": 0,
                "total": 0
              }
            },
            {
              "batter": "EN Gay",
              "bowler": "R Clarke",
              "non_striker": "R Vasconcelos",
              "runs": {
                "batter": 1,
                "extras": 0,
                "total": 1
              }
            },
            {
              "batter": "R Vasconcelos",
              "bowler": "R Clarke",
              "non_striker": "EN Gay",
              "runs": {
                "batter": 4,
                "extras": 0,
                "total": 4
              }
            },
            {
              "batter": "R Vasconcelos",
              "bowler": "R Clarke",
              "extras": {
                "noballs": 2
              },
              "non_striker": "EN Gay",
              "runs": {
                "batter": 0,
                "extras": 2,
                "total": 2
              }
            },
            {
              "batter": "R Vasconcelos",
              "bowler": "R Clarke",
              "non_striker": "EN Gay",
              "runs": {
                "batter": 0,
                "extras": 0,
                "total": 0
              }
            }
          ]
        },
        {
          "over": 3,
          "deliveries": [
            {
              "batter": "EN Gay",
              "bowler": "MP Dunn",
              "non_striker": "R Vasconcelos",
              "runs": {
                "batter": 0,
                "extras": 0,
                "total": 0
              }
            },
            {
              "batter": "EN Gay",
              "bowler": "MP Dunn",
              "non_striker": "R Vasconcelos",
              "runs": {
                "batter": 0,
                "extras": 0,
                "total": 0
              }
            },
            {
              "batter": "EN Gay",
              "bowler": "MP Dunn",
              "non_striker": "R Vasconcelos",
              "runs": {
                "batter": 1,
                "extras": 0,
                "total": 1
              }
            },
            {
              "batter": "R Vasconcelos",
              "bowler": "MP Dunn",
              "non_striker": "EN Gay",
              "runs": {
                "batter": 4,
                "extras": 0,
                "total": 4
              }
            },
            {
              "batter": "R Vasconcelos",
              "bowler": "MP Dunn",
              "non_striker": "EN Gay",
              "runs": {
                "batter": 0,
                "extras": 0,
                "total": 0
              }
            },
            {
              "batter": "R Vasconcelos",
              "bowler": "MP Dunn",
              "non_striker": "EN Gay",
              "runs": {
                "batter": 0,
                "extras": 0,
                "total": 0
              }
            }
          ]
        },
        {
          "over": 4,
          "deliveries": [
            {
              "batter": "EN Gay",
              "bowler": "C McKerr",
              "non_striker": "R Vasconcelos",
              "runs": {
                "batter": 0,
                "extras": 0,
                "total": 0
              }
            },
            {
              "batter": "EN Gay",
              "bowler": "C McKerr",
              "non_striker": "R Vasconcelos",
              "runs": {
                "batter": 0,
                "extras": 0,
                "total": 0
              }
            },
            {
              "batter": "EN Gay",
              "bowler": "C McKerr",
              "non_striker": "R Vasconcelos",
              "runs": {
                "batter": 1,
                "extras": 0,
                "total": 1
              }
            },
            {
              "batter": "R Vasconcelos",
              "bowler": "C McKerr",
              "non_striker": "EN Gay",
              "runs": {
                "batter": 0,
                "extras": 0,
                "total": 0
              },
              "wickets": [
                {
                  "player_out": "R Vasconcelos",
                  "fielders": [
                    {
                      "name": "D Moriarty"
                    }
                  ],
                  "kind": "caught"
                }
              ]
            },
            {
              "batter": "BJ Curran",
              "bowler": "C McKerr",
              "non_striker": "EN Gay",
              "runs": {
                "batter": 0,
                "extras": 0,
                "total": 0
              }
            },
            {
              "batter": "BJ Curran",
              "bowler": "C McKerr",
              "non_striker": "EN Gay",
              "runs": {
                "batter": 0,
                "extras": 0,
                "total": 0
              }
            }
          ]
        },
        {
          "over": 5,
          "deliveries": [
            {
              "batter": "EN Gay",
              "bowler": "MP Dunn",
              "non_striker": "BJ Curran",
              "runs": {
                "batter": 0,
                "extras": 0,
                "total": 0
              }
            },
            {
              "batter": "EN Gay",
              "bowler": "MP Dunn",
              "non_striker": "BJ Curran",
              "runs": {
                "batter": 0,
                "extras": 0,
                "total": 0
              }
            },
            {
              "batter": "EN Gay",
              "bowler": "MP Dunn",
              "non_striker": "BJ Curran",
              "runs": {
                "batter": 1,
                "extras": 0,
                "total": 1
              }
            }
          ]
        }
      ],
      "powerplays": [
        {
          "from": 0.1,
          "to": 5.3,
          "type": "mandatory"
        }
      ]
    }
  ]
}