{
  "meta": {
    "data_version": "1.1.0",
    "created": "2022-03-09",
    "revision": 1
  },
  "info": {
    "balls_per_over": 6,
    "city": "Welbeck",
    "dates": [
      "2021-07-30"
    ],
    "event": {
      "name": "Royal London One-Day Cup",
      "group": "2"
    },
    "gender": "male",
    "match_type": "ODM",
    "officials": {
      "match_referees": [
        "Wayne Noon"
      ],
      "umpires": [
        "RA Kettleborough",
        "Tom Lungley"
      ]
    },
    "outcome": {
      "result": "no result"
    },
    "overs": 50,
    "players": {
      "Nottinghamshire": [
        "BT Slater",
        "SG Budinger",
        "PD Trego",
        "M Montgomery",
        "LW James",
        "JDM Evison",
        "LA Patterson-White",
        "D Schadendorf",
        "BA Hutton",
        "LJ Fletcher",
        "D Paterson"
      ],
      "Somerset": [
        "SM Davies",
        "SJ Young",
        "GA Bartlett",
        "JC Hildreth",
        "LP Goldsworthy",
        "EJ Byrom",
        "BGF Green",
        "Kasey Aldridge",
        "GS Drissell",
        "EO Leonard",
        "S Baker"
      ]
    },
    "registry": {
      "people": {
        "BA Hutton": "b3544c5d",
        "BGF Green": "34b37279",
        "BT Slater": "c5f1d2a1",
        "D Paterson": "462d7c62",
        "D Schadendorf": "ae7d3bc1",
        "EJ Byrom": "9e1b7792",
        "EO Leonard": "660538af",
        "GA Bartlett": "e2caec46",
        "GS Drissell": "9a089b15",
        "JC Hildreth": "782c0568",
        "JDM Evison": "00cada13",
        "Kasey Aldridge": "31b01074",
        "LA Patterson-White": "d48c0f40",
        "LJ Fletcher": "e423d162",
        "LP Goldsworthy": "ed47cb25",
        "LW James": "2baad3bd",
        "M Montgomery": "7671203a",
        "PD Trego": "93e06301",
        "RA Kettleborough": "4017868f",
        "S Baker": "78c12883",
        "SG Budinger": "bfc60227",
        "SJ Young": "f3d73da4",
        "SM Davies": "8fc65c2b",
        "Tom Lungley": "75169b8c",
        "Wayne Noon": "736e1761"
      }
    },
    "season": "2021",
    "team_type": "club",
    "teams": [
      "Nottinghamshire",
      "Somerset"
    ],
    "toss": {
      "decision": "field",
      "winner": "Somerset"
    },
    "venue": "Welbeck Abbey Cricket Ground"
  },
  "innings": [
    {
      "team": "Nottinghamshire",
      "overs": [
        {
          "over": 0,
          "deliveries": [
            {
              "batter": "BT Slater",
              "bowler": "S Baker",
              "non_striker": "SG Budinger",
              "runs": {
                "batter": 0,
                "extras": 0,
                "total": 0
              }
            },
            {
              "batter": "BT Slater",
              "bowler": "S Baker",
              "non_striker": "SG Budinger",
              "runs": {
                "batter": 0,
                "extras": 0,
                "total": 0
              }
            },
            {
              "batter": "BT Slater",
              "bowler": "S Baker",
              "non_striker": "SG Budinger",
              "runs": {
                "batter": 2,
                "extras": 0,
                "total": 2
              }
            },
            {
              "batter": "BT Slater",
              "bowler": "S Baker",
              "non_striker": "SG Budinger",
              "runs": {
                "batter": 2,
                "extras": 0,
                "total": 2
              }
            },
            {
              "batter": "BT Slater",
              "bowler": "S Baker",
              "non_striker": "SG Budinger",
              "runs": {
                "batter": 0,
                "extras": 0,
                "total": 0
              }
            },
            {
              "batter": "BT Slater",
              "bowler": "S Baker",
              "non_striker": "SG Budinger",
              "runs": {
                "batter": 0,
                "extras": 0,
                "total": 0
              }
            }
          ]
        },
        {
          "over": 1,
          "deliveries": [
            {
              "batter": "SG Budinger",
              "bowler": "BGF Green",
              "non_striker": "BT Slater",
              "runs": {
                "batter": 2,
                "extras": 0,
                "total": 2
              }
            },
            {
              "batter": "SG Budinger",
              "bowler": "BGF Green",
              "non_striker": "BT Slater",
              "runs": {
                "batter": 0,
                "extras": 0,
                "total": 0
              },
              "wickets": [
                {
                  "player_out": "SG Budinger",
                  "fielders": [
                    {
                      "name": "GS Drissell"
                    }
                  ],
                  "kind": "caught"
                }
              ]
            },
            {
              "batter": "PD Trego",
              "bowler": "BGF Green",
              "non_striker": "BT Slater",
              "runs": {
                "batter": 2,
                "extras": 0,
                "total": 2
              }
            },
            {
              "batter": "PD Trego",
              "bowler": "BGF Green",
              "non_striker": "BT Slater",
              "runs": {
                "batter": 0,
                "extras": 0,
                "total": 0
              }
            },
            {
              "batter": "PD Trego",
              "bowler": "BGF Green",
              "non_striker": "BT Slater",
              "runs": {
                "batter": 1,
                "extras": 0,
                "total": 1
              }
            },
            {
              "batter": "BT Slater",
              "bowler": "BGF Green",
              "non_striker": "PD Trego",
              "runs": {
                "batter": 0,
                "extras": 0,
                "total": 0
              }
            }
          ]
        },
        {
          "over": 2,
          "deliveries": [
            {
              "batter": "PD Trego",
              "bowler": "S Baker",
              "non_striker": "BT Slater",
              "runs": {
                "batter": 0,
                "extras": 0,
                "total": 0
              }
            },
            {
              "batter": "PD Trego",
              "bowler": "S Baker",
              "non_striker": "BT Slater",
              "runs": {
                "batter": 0,
                "extras": 0,
                "total": 0
              }
            },
            {
              "batter": "PD Trego",
              "bowler": "S Baker",
              "extras": {
                "legbyes": 1
              },
              "non_striker": "BT Slater",
              "runs": {
                "batter": 0,
                "extras": 1,
                "total": 1
              }
            },
            {
              "batter": "BT Slater",
              "bowler": "S Baker",
              "non_striker": "PD Trego",
              "runs": {
                "batter": 1,
                "extras": 0,
                "total": 1
              }
            },
            {
              "batter": "PD Trego",
              "bowler": "S Baker",
              "non_striker": "BT Slater",
              "runs": {
                "batter": 0,
                "extras": 0,
                "total": 0
              }
            },
            {
              "batter": "PD Trego",
              "bowler": "S Baker",
              "extras": {
                "legbyes": 1
              },
              "non_striker": "BT Slater",
              "runs": {
                "batter": 0,
                "extras": 1,
                "total": 1
              }
            }
          ]
        },
        {
          "over": 3,
          "deliveries": [
            {
              "batter": "PD Trego",
              "bowler": "BGF Green",
              "non_striker": "BT Slater",
              "runs": {
                "batter": 2,
                "extras": 0,
                "total": 2
              }
            },
            {
              "batter": "PD Trego",
              "bowler": "BGF Green",
              "non_striker": "BT Slater",
              "runs": {
                "batter": 0,
                "extras": 0,
                "total": 0
              }
            },
            {
              "batter": "PD Trego",
              "bowler": "BGF Green",
              "non_striker": "BT Slater",
              "runs": {
                "batter": 0,
                "extras": 0,
                "total": 0
              }
            },
            {
              "batter": "PD Trego",
              "bowler": "BGF Green",
              "non_striker": "BT Slater",
              "runs": {
                "batter": 0,
                "extras": 0,
                "total": 0
              }
            },
            {
              "batter": "PD Trego",
              "bowler": "BGF Green",
              "non_striker": "BT Slater",
              "runs": {
                "batter": 1,
                "extras": 0,
                "total": 1
              }
            },
            {
              "batter": "BT Slater",
              "bowler": "BGF Green",
              "non_striker": "PD Trego",
              "runs": {
                "batter": 0,
                "extras": 0,
                "total": 0
              }
            }
          ]
        },
        {
          "over": 4,
          "deliveries": [
            {
              "batter": "PD Trego",
              "bowler": "S Baker",
              "non_striker": "BT Slater",
              "runs": {
                "batter": 0,
                "extras": 0,
                "total": 0
              }
            },
            {
              "batter": "PD Trego",
              "bowler": "S Baker",
              "non_striker": "BT Slater",
              "runs": {
                "batter": 0,
                "extras": 0,
                "total": 0
              }
            },
            {
              "batter": "PD Trego",
              "bowler": "S Baker",
              "non_striker": "BT Slater",
              "runs": {
                "batter": 0,
                "extras": 0,
                "total": 0
              }
            },
            {
              "batter": "PD Trego",
              "bowler": "S Baker",
              "non_striker": "BT Slater",
              "runs": {
                "batter": 2,
                "extras": 0,
                "total": 2
              }
            },
            {
              "batter": "PD Trego",
              "bowler": "S Baker",
              "non_striker": "BT Slater",
              "runs": {
                "batter": 2,
                "extras": 0,
                "total": 2
              }
            },
            {
              "batter": "PD Trego",
              "bowler": "S Baker",
              "non_striker": "BT Slater",
              "runs": {
                "batter": 0,
                "extras": 0,
                "total": 0
              }
            }
          ]
        },
        {
          "over": 5,
          "deliveries": [
            {
              "batter": "BT Slater",
              "bowler": "BGF Green",
              "non_striker": "PD Trego",
              "runs": {
                "batter": 1,
                "extras": 0,
                "total": 1
              }
            },
            {
              "batter": "PD Trego",
              "bowler": "BGF Green",
              "non_striker": "BT Slater",
              "runs": {
                "batter": 0,
                "extras": 0,
                "total": 0
              }
            },
            {
              "batter": "PD Trego",
              "bowler": "BGF Green",
              "non_striker": "BT Slater",
              "runs": {
                "batter": 3,
                "extras": 0,
                "total": 3
              }
            },
            {
              "batter": "BT Slater",
              "bowler": "BGF Green",
              "non_striker": "PD Trego",
              "runs": {
                "batter": 0,
                "extras": 0,
                "total": 0
              }
            },
            {
              "batter": "BT Slater",
              "bowler": "BGF Green",
              "non_striker": "PD Trego",
              "runs": {
                "batter": 0,
                "extras": 0,
                "total": 0
              }
            },
            {
              "batter": "BT Slater",
              "bowler": "BGF Green",
              "non_striker": "PD Trego",
              "runs": {
                "batter": 0,
                "extras": 0,
                "total": 0
              }
            }
          ]
        },
        {
          "over": 6,
          "deliveries": [
            {
              "batter": "PD Trego",
              "bowler": "S Baker",
              "non_striker": "BT Slater",
              "runs": {
                "batter": 0,
                "extras": 0,
                "total": 0
              }
            },
            {
              "batter": "PD Trego",
              "bowler": "S Baker",
              "non_striker": "BT Slater",
              "runs": {
                "batter": 0,
                "extras": 0,
                "total": 0
              },
              "wickets": [
                {
                  "player_out": "PD Trego",
                  "kind": "lbw"
                }
              ]
            },
            {
              "batter": "M Montgomery",
              "bowler": "S Baker",
              "non_striker": "BT Slater",
              "runs": {
                "batter": 2,
                "extras": 0,
                "total": 2
              }
            },
            {
              "batter": "M Montgomery",
              "bowler": "S Baker",
              "non_striker": "BT Slater",
              "runs": {
                "batter": 1,
                "extras": 0,
                "total": 1
              }
            },
            {
              "batter": "BT Slater",
              "bowler": "S Baker",
              "non_striker": "M Montgomery",
              "runs": {
                "batter": 0,
                "extras": 0,
                "total": 0
              }
            },
            {
              "batter": "BT Slater",
              "bowler": "S Baker",
              "non_striker": "M Montgomery",
              "runs": {
                "batter": 0,
                "extras": 0,
                "total": 0
              }
            }
          ]
        },
        {
          "over": 7,
          "deliveries": [
            {
              "batter": "M Montgomery",
              "bowler": "BGF Green",
              "non_striker": "BT Slater",
              "runs": {
                "batter": 0,
                "extras": 0,
                "total": 0
              }
            },
            {
              "batter": "M Montgomery",
              "bowler": "BGF Green",
              "non_striker": "BT Slater",
              "runs": {
                "batter": 0,
                "extras": 0,
                "total": 0
              }
            },
            {
              "batter": "M Montgomery",
              "bowler": "BGF Green",
              "non_striker": "BT Slater",
              "runs": {
                "batter": 4,
                "extras": 0,
                "total": 4
              }
            },
            {
              "batter": "M Montgomery",
              "bowler": "BGF Green",
              "non_striker": "BT Slater",
              "runs": {
                "batter": 0,
                "extras": 0,
                "total": 0
              }
            },
            {
              "batter": "M Montgomery",
              "bowler": "BGF Green",
              "non_striker": "BT Slater",
              "runs": {
                "batter": 0,
                "extras": 0,
                "total": 0
              }
            },
            {
              "batter": "M Montgomery",
              "bowler": "BGF Green",
              "non_striker": "BT Slater",
              "runs": {
                "batter": 2,
                "extras": 0,
                "total": 2
              }
            }
          ]
        },
        {
          "over": 8,
          "deliveries": [
            {
              "batter": "BT Slater",
              "bowler": "S Baker",
              "non_striker": "M Montgomery",
              "runs": {
                "batter": 4,
                "extras": 0,
                "total": 4
              }
            },
            {
              "batter": "BT Slater",
              "bowler": "S Baker",
              "non_striker": "M Montgomery",
              "runs": {
                "batter": 0,
                "extras": 0,
                "total": 0
              }
            },
            {
              "batter": "BT Slater",
              "bowler": "S Baker",
              "non_striker": "M Montgomery",
              "runs": {
                "batter": 1,
                "extras": 0,
                "total": 1
              }
            },
            {
              "batter": "M Montgomery",
              "bowler": "S Baker",
              "non_striker": "BT Slater",
              "runs": {
                "batter": 3,
                "extras": 0,
                "total": 3
              }
            },
            {
              "batter": "BT Slater",
              "bowler": "S Baker",
              "non_striker": "M Montgomery",
              "runs": {
                "batter": 0,
                "extras": 0,
                "total": 0
              }
            },
            {
              "batter": "BT Slater",
              "bowler": "S Baker",
              "non_striker": "M Montgomery",
              "runs": {
                "batter": 4,
                "extras": 0,
                "total": 4
              }
            }
          ]
        },
        {
          "over": 9,
          "deliveries": [
            {
              "batter": "M Montgomery",
              "bowler": "Kasey Aldridge",
              "non_striker": "BT Slater",
              "runs": {
                "batter": 4,
                "extras": 0,
                "total": 4
              }
            },
            {
              "batter": "M Montgomery",
              "bowler": "Kasey Aldridge",
              "non_striker": "BT Slater",
              "runs": {
                "batter": 0,
                "extras": 0,
                "total": 0
              }
            },
            {
              "batter": "M Montgomery",
              "bowler": "Kasey Aldridge",
              "non_striker": "BT Slater",
              "runs": {
                "batter": 0,
                "extras": 0,
                "total": 0
              }
            },
            {
              "batter": "M Montgomery",
              "bowler": "Kasey Aldridge",
              "non_striker": "BT Slater",
              "runs": {
                "batter": 0,
                "extras": 0,
                "total": 0
              }
            },
            {
              "batter": "M Montgomery",
              "bowler": "Kasey Aldridge",
              "non_striker": "BT Slater",
              "runs": {
                "batter": 1,
                "extras": 0,
                "total": 1
              }
            },
            {
              "batter": "BT Slater",
              "bowler": "Kasey Aldridge",
              "non_striker": "M Montgomery",
              "runs": {
                "batter": 1,
                "extras": 0,
                "total": 1
              }
            }
          ]
        },
        {
          "over": 10,
          "deliveries": [
            {
              "batter": "BT Slater",
              "bowler": "LP Goldsworthy",
              "non_striker": "M Montgomery",
              "runs": {
                "batter": 0,
                "extras": 0,
                "total": 0
              }
            },
            {
              "batter": "BT Slater",
              "bowler": "LP Goldsworthy",
              "non_striker": "M Montgomery",
              "runs": {
                "batter": 0,
                "extras": 0,
                "total": 0
              }
            },
            {
              "batter": "BT Slater",
              "bowler": "LP Goldsworthy",
              "non_striker": "M Montgomery",
              "runs": {
                "batter": 1,
                "extras": 0,
                "total": 1
              }
            },
            {
              "batter": "M Montgomery",
              "bowler": "LP Goldsworthy",
              "non_striker": "BT Slater",
              "runs": {
                "batter": 0,
                "extras": 0,
                "total": 0
              }
            },
            {
              "batter": "M Montgomery",
              "bowler": "LP Goldsworthy",
              "non_striker": "BT Slater",
              "runs": {
                "batter": 1,
                "extras": 0,
                "total": 1
              }
            },
            {
              "batter": "BT Slater",
              "bowler": "LP Goldsworthy",
              "non_striker": "M Montgomery",
              "runs": {
                "batter": 0,
                "extras": 0,
                "total": 0
              }
            }
          ]
        },
        {
          "over": 11,
          "deliveries": [
            {
              "batter": "M Montgomery",
              "bowler": "Kasey Aldridge",
              "non_striker": "BT Slater",
              "runs": {
                "batter": 0,
                "extras": 0,
                "total": 0
              }
            },
            {
              "batter": "M Montgomery",
              "bowler": "Kasey Aldridge",
              "non_striker": "BT Slater",
              "runs": {
                "batter": 2,
                "extras": 0,
                "total": 2
              }
            },
            {
              "batter": "M Montgomery",
              "bowler": "Kasey Aldridge",
              "non_striker": "BT Slater",
              "runs": {
                "batter": 0,
                "extras": 0,
                "total": 0
              }
            },
            {
              "batter": "M Montgomery",
              "bowler": "Kasey Aldridge",
              "non_striker": "BT Slater",
              "runs": {
                "batter": 0,
                "extras": 0,
                "total": 0
              }
            },
            {
              "batter": "M Montgomery",
              "bowler": "Kasey Aldridge",
              "non_striker": "BT Slater",
              "runs": {
                "batter": 1,
                "extras": 0,
                "total": 1
              }
            },
            {
              "batter": "BT Slater",
              "bowler": "Kasey Aldridge",
              "non_striker": "M Montgomery",
              "runs": {
                "batter": 1,
                "extras": 0,
                "total": 1
              }
            }
          ]
        },
        {
          "over": 12,
          "deliveries": [
            {
              "batter": "BT Slater",
              "bowler": "LP Goldsworthy",
              "non_striker": "M Montgomery",
              "runs": {
                "batter": 1,
                "extras": 0,
                "total": 1
              }
            },
            {
              "batter": "M Montgomery",
              "bowler": "LP Goldsworthy",
              "non_striker": "BT Slater",
              "runs": {
                "batter": 0,
                "extras": 0,
                "total": 0
              }
            },
            {
              "batter": "M Montgomery",
              "bowler": "LP Goldsworthy",
              "non_striker": "BT Slater",
              "runs": {
                "batter": 1,
                "extras": 0,
                "total": 1
              }
            },
            {
              "batter": "BT Slater",
              "bowler": "LP Goldsworthy",
              "non_striker": "M Montgomery",
              "runs": {
                "batter": 0,
                "extras": 0,
                "total": 0
              }
            },
            {
              "batter": "BT Slater",
              "bowler": "LP Goldsworthy",
              "non_striker": "M Montgomery",
              "runs": {
                "batter": 0,
                "extras": 0,
                "total": 0
              }
            },
            {
              "batter": "BT Slater",
              "bowler": "LP Goldsworthy",
              "non_striker": "M Montgomery",
              "runs": {
                "batter": 1,
                "extras": 0,
                "total": 1
              }
            }
          ]
        },
        {
          "over": 13,
          "deliveries": [
            {
              "batter": "BT Slater",
              "bowler": "Kasey Aldridge",
              "non_striker": "M Montgomery",
              "runs": {
                "batter": 0,
                "extras": 0,
                "total": 0
              }
            },
            {
              "batter": "BT Slater",
              "bowler": "Kasey Aldridge",
              "non_striker": "M Montgomery",
              "runs": {
                "batter": 0,
                "extras": 0,
                "total": 0
              }
            },
            {
              "batter": "BT Slater",
              "bowler": "Kasey Aldridge",
              "non_striker": "M Montgomery",
              "runs": {
                "batter": 4,
                "extras": 0,
                "total": 4
              }
            },
            {
              "batter": "BT Slater",
              "bowler": "Kasey Aldridge",
              "non_striker": "M Montgomery",
              "runs": {
                "batter": 4,
                "extras": 0,
                "total": 4
              }
            },
            {
              "batter": "BT Slater",
              "bowler": "Kasey Aldridge",
              "non_striker": "M Montgomery",
              "runs": {
                "batter": 0,
                "extras": 0,
                "total": 0
              }
            },
            {
              "batter": "BT Slater",
              "bowler": "Kasey Aldridge",
              "extras": {
                "noballs": 2
              },
              "non_striker": "M Montgomery",
              "runs": {
                "batter": 0,
                "extras": 2,
                "total": 2
              }
            },
            {
              "batter": "BT Slater",
              "bowler": "Kasey Aldridge",
              "non_striker": "M Montgomery",
              "runs": {
                "batter": 1,
                "extras": 0,
                "total": 1
              }
            }
          ]
        },
        {
          "over": 14,
          "deliveries": [
            {
              "batter": "BT Slater",
              "bowler": "LP Goldsworthy",
              "non_striker": "M Montgomery",
              "runs": {
                "batter": 1,
                "extras": 0,
                "total": 1
              }
            },
            {
              "batter": "M Montgomery",
              "bowler": "LP Goldsworthy",
              "non_striker": "BT Slater",
              "runs": {
                "batter": 0,
                "extras": 0,
                "total": 0
              }
            },
            {
              "batter": "M Montgomery",
              "bowler": "LP Goldsworthy",
              "non_striker": "BT Slater",
              "runs": {
                "batter": 0,
                "extras": 0,
                "total": 0
              }
            },
            {
              "batter": "M Montgomery",
              "bowler": "LP Goldsworthy",
              "non_striker": "BT Slater",
              "runs": {
                "batter": 1,
                "extras": 0,
                "total": 1
              }
            },
            {
              "batter": "BT Slater",
              "bowler": "LP Goldsworthy",
              "non_striker": "M Montgomery",
              "runs": {
                "batter": 0,
                "extras": 0,
                "total": 0
              }
            },
            {
              "batter": "BT Slater",
              "bowler": "LP Goldsworthy",
              "non_striker": "M Montgomery",
              "runs": {
                "batter": 1,
                "extras": 0,
                "total": 1
              }
            }
          ]
        },
        {
          "over": 15,
          "deliveries": [
            {
              "batter": "BT Slater",
              "bowler": "GS Drissell",
              "non_striker": "M Montgomery",
              "runs": {
                "batter": 0,
                "extras": 0,
                "total": 0
              }
            },
            {
              "batter": "BT Slater",
              "bowler": "GS Drissell",
              "non_striker": "M Montgomery",
              "runs": {
                "batter": 1,
                "extras": 0,
                "total": 1
              }
            },
            {
              "batter": "M Montgomery",
              "bowler": "GS Drissell",
              "non_striker": "BT Slater",
              "runs": {
                "batter": 1,
                "extras": 0,
                "total": 1
              }
            },
            {
              "batter": "BT Slater",
              "bowler": "GS Drissell",
              "non_striker": "M Montgomery",
              "runs": {
                "batter": 0,
                "extras": 0,
                "total": 0
              }
            },
            {
              "batter": "BT Slater",
              "bowler": "GS Drissell",
              "non_striker": "M Montgomery",
              "runs": {
                "batter": 0,
                "extras": 0,
                "total": 0
              }
            },
            {
              "batter": "BT Slater",
              "bowler": "GS Drissell",
              "non_striker": "M Montgomery",
              "runs": {
                "batter": 1,
                "extras": 0,
                "total": 1
              }
            }
          ]
        },
        {
          "over": 16,
          "deliveries": [
            {
              "batter": "BT Slater",
              "bowler": "LP Goldsworthy",
              "non_striker": "M Montgomery",
              "runs": {
                "batter": 1,
                "extras": 0,
                "total": 1
              }
            },
            {
              "batter": "M Montgomery",
              "bowler": "LP Goldsworthy",
              "non_striker": "BT Slater",
              "runs": {
                "batter": 0,
                "extras": 0,
                "total": 0
              }
            },
            {
              "batter": "M Montgomery",
              "bowler": "LP Goldsworthy",
              "non_striker": "BT Slater",
              "runs": {
                "batter": 0,
                "extras": 0,
                "total": 0
              }
            },
            {
              "batter": "M Montgomery",
              "bowler": "LP Goldsworthy",
              "non_striker": "BT Slater",
              "runs": {
                "batter": 0,
                "extras": 0,
                "total": 0
              }
            },
            {
              "batter": "M Montgomery",
              "bowler": "LP Goldsworthy",
              "non_striker": "BT Slater",
              "runs": {
                "batter": 0,
                "extras": 0,
                "total": 0
              }
            },
            {
              "batter": "M Montgomery",
              "bowler": "LP Goldsworthy",
              "non_striker": "BT Slater",
              "runs": {
                "batter": 0,
                "extras": 0,
                "total": 0
              }
            }
          ]
        },
        {
          "over": 17,
          "deliveries": [
            {
              "batter": "BT Slater",
              "bowler": "GS Drissell",
              "non_striker": "M Montgomery",
              "runs": {
                "batter": 1,
                "extras": 0,
                "total": 1
              }
            },
            {
              "batter": "M Montgomery",
              "bowler": "GS Drissell",
              "non_striker": "BT Slater",
              "runs": {
                "batter": 0,
                "extras": 0,
                "total": 0
              }
            },
            {
              "batter": "M Montgomery",
              "bowler": "GS Drissell",
              "non_striker": "BT Slater",
              "runs": {
                "batter": 0,
                "extras": 0,
                "total": 0
              }
            },
            {
              "batter": "M Montgomery",
              "bowler": "GS Drissell",
              "non_striker": "BT Slater",
              "runs": {
                "batter": 0,
                "extras": 0,
                "total": 0
              }
            },
            {
              "batter": "M Montgomery",
              "bowler": "GS Drissell",
              "non_striker": "BT Slater",
              "runs": {
                "batter": 0,
                "extras": 0,
                "total": 0
              }
            },
            {
              "batter": "M Montgomery",
              "bowler": "GS Drissell",
              "non_striker": "BT Slater",
              "runs": {
                "batter": 1,
                "extras": 0,
                "total": 1
              }
            }
          ]
        },
        {
          "over": 18,
          "deliveries": [
            {
              "batter": "M Montgomery",
              "bowler": "LP Goldsworthy",
              "non_striker": "BT Slater",
              "runs": {
                "batter": 1,
                "extras": 0,
                "total": 1
              }
            },
            {
              "batter": "BT Slater",
              "bowler": "LP Goldsworthy",
              "non_striker": "M Montgomery",
              "runs": {
                "batter": 1,
                "extras": 0,
                "total": 1
              }
            },
            {
              "batter": "M Montgomery",
              "bowler": "LP Goldsworthy",
              "non_striker": "BT Slater",
              "runs": {
                "batter": 1,
                "extras": 0,
                "total": 1
              }
            },
            {
              "batter": "BT Slater",
              "bowler": "LP Goldsworthy",
              "non_striker": "M Montgomery",
              "runs": {
                "batter": 2,
                "extras": 0,
                "total": 2
              }
            },
            {
              "batter": "BT Slater",
              "bowler": "LP Goldsworthy",
              "non_striker": "M Montgomery",
              "runs": {
                "batter": 1,
                "extras": 0,
                "total": 1
              }
            },
            {
              "batter": "M Montgomery",
              "bowler": "LP Goldsworthy",
              "non_striker": "BT Slater",
              "runs": {
                "batter": 0,
                "extras": 0,
                "total": 0
              }
            }
          ]
        },
        {
          "over": 19,
          "deliveries": [
            {
              "batter": "BT Slater",
              "bowler": "GS Drissell",
              "non_striker": "M Montgomery",
              "runs": {
                "batter": 1,
                "extras": 0,
                "total": 1
              }
            },
            {
              "batter": "M Montgomery",
              "bowler": "GS Drissell",
              "non_striker": "BT Slater",
              "runs": {
                "batter": 0,
                "extras": 0,
                "total": 0
              }
            },
            {
              "batter": "M Montgomery",
              "bowler": "GS Drissell",
              "non_striker": "BT Slater",
              "runs": {
                "batter": 1,
                "extras": 0,
                "total": 1
              }
            },
            {
              "batter": "BT Slater",
              "bowler": "GS Drissell",
              "non_striker": "M Montgomery",
              "runs": {
                "batter": 0,
                "extras": 0,
                "total": 0
              }
            },
            {
              "batter": "BT Slater",
              "bowler": "GS Drissell",
              "non_striker": "M Montgomery",
              "runs": {
                "batter": 1,
                "extras": 0,
                "total": 1
              }
            },
            {
              "batter": "M Montgomery",
              "bowler": "GS Drissell",
              "non_striker": "BT Slater",
              "runs": {
                "batter": 1,
                "extras": 0,
                "total": 1
              }
            }
          ]
        },
        {
          "over": 20,
          "deliveries": [
            {
              "batter": "M Montgomery",
              "bowler": "EO Leonard",
              "non_striker": "BT Slater",
              "runs": {
                "batter": 1,
                "extras": 0,
                "total": 1
              }
            },
            {
              "batter": "BT Slater",
              "bowler": "EO Leonard",
              "non_striker": "M Montgomery",
              "runs": {
                "batter": 0,
                "extras": 0,
                "total": 0
              }
            },
            {
              "batter": "BT Slater",
              "bowler": "EO Leonard",
              "non_striker": "M Montgomery",
              "runs": {
                "batter": 1,
                "extras": 0,
                "total": 1
              }
            },
            {
              "batter": "M Montgomery",
              "bowler": "EO Leonard",
              "non_striker": "BT Slater",
              "runs": {
                "batter": 1,
                "extras": 0,
                "total": 1
              }
            },
            {
              "batter": "BT Slater",
              "bowler": "EO Leonard",
              "non_striker": "M Montgomery",
              "runs": {
                "batter": 0,
                "extras": 0,
                "total": 0
              }
            },
            {
              "batter": "BT Slater",
              "bowler": "EO Leonard",
              "non_striker": "M Montgomery",
              "runs": {
                "batter": 0,
                "extras": 0,
                "total": 0
              }
            }
          ]
        }
      ],
      "powerplays": [
        {
          "from": 0.1,
          "to": 9.6,
          "type": "mandatory"
        },
        {
          "from": 10.1,
          "to": 20.6,
          "type": "mandatory"
        }
      ]
    }
  ]
}