{
  "meta": {
    "data_version": "1.1.0",
    "created": "2022-03-09",
    "revision": 1
  },
  "info": {
    "balls_per_over": 6,
    "city": "Taunton",
    "dates": [
      "2021-08-01"
    ],
    "event": {
      "name": "Royal London One-Day Cup",
      "group": "2"
    },
    "gender": "male",
    "match_type": "ODM",
    "officials": {
      "match_referees": [
        "SG Hinks"
      ],
      "umpires": [
        "BV Taylor",
        "M Burns"
      ]
    },
    "outcome": {
      "winner": "Somerset",
      "by": {
        "wickets": 5
      }
    },
    "overs": 50,
    "players": {
      "Yorkshire": [
        "WAR Fraine",
        "HG Duke",
        "GS Ballance",
        "GCH Hill",
        "JA Tattersall",
        "ML Revis",
        "W Luxton",
        "MJ Waite",
        "MW Pillans",
        "BO Coad",
        "JW Shutt"
      ],
      "Somerset": [
        "SM Davies",
        "SJ Young",
        "JEK Rew",
        "JC Hildreth",
        "LP Goldsworthy",
        "EJ Byrom",
        "BGF Green",
        "Kasey Aldridge",
        "GS Drissell",
        "JH Davey",
        "S Baker"
      ]
    },
    "registry": {
      "people": {
        "BGF Green": "34b37279",
        "BO Coad": "a37b5c0a",
        "BV Taylor": "99760152",
        "EJ Byrom": "9e1b7792",
        "GCH Hill": "214f6461",
        "GS Ballance": "755a77c6",
        "GS Drissell": "9a089b15",
        "HG Duke": "443b47a6",
        "JA Tattersall": "793977d8",
        "JC Hildreth": "782c0568",
        "JEK Rew": "521595e7",
        "JH Davey": "d3868bd0",
        "JW Shutt": "ec33b21a",
        "Kasey Aldridge": "31b01074",
        "LP Goldsworthy": "ed47cb25",
        "M Burns": "b3bd0666",
        "MJ Waite": "a4b810d0",
        "ML Revis": "28217d89",
        "MW Pillans": "6a2fadd0",
        "S Baker": "78c12883",
        "SG Hinks": "0bb4dc0d",
        "SJ Young": "f3d73da4",
        "SM Davies": "8fc65c2b",
        "W Luxton": "c15fb753",
        "WAR Fraine": "e3bc992b"
      }
    },
    "season": "2021",
    "team_type": "club",
    "teams": [
      "Yorkshire",
      "Somerset"
    ],
    "toss": {
      "decision": "field",
      "winner": "Somerset"
    },
    "venue": "The Cooper Associates County Ground, Taunton"
  },
  "innings": [
    {
      "team": "Yorkshire",
      "overs": [
        {
          "over": 0,
          "deliveries": [
            {
              "batter": "WAR Fraine",
              "bowler": "LP Goldsworthy",
              "non_striker": "HG Duke",
              "runs": {
                "batter": 1,
                "extras": 0,
                "total": 1
              }
            },
            {
              "batter": "HG Duke",
              "bowler": "LP Goldsworthy",
              "non_striker": "WAR Fraine",
              "runs": {
                "batter": 1,
                "extras": 0,
                "total": 1
              }
            },
            {
              "batter": "WAR Fraine",
              "bowler": "LP Goldsworthy",
              "non_striker": "HG Duke",
              "runs": {
                "batter": 0,
                "extras": 0,
                "total": 0
              }
            },
            {
              "batter": "WAR Fraine",
              "bowler": "LP Goldsworthy",
              "non_striker": "HG Duke",
              "runs": {
                "batter": 1,
                "extras": 0,
                "total": 1
              }
            },
            {
              "batter": "HG Duke",
              "bowler": "LP Goldsworthy",
              "extras": {
                "byes": 2
              },
              "non_striker": "WAR Fraine",
              "runs": {
                "batter": 0,
                "extras": 2,
                "total": 2
              }
            },
            {
              "batter": "HG Duke",
              "bowler": "LP Goldsworthy",
              "non_striker": "WAR Fraine",
              "runs": {
                "batter": 1,
                "extras": 0,
                "total": 1
              }
            }
          ]
        },
        {
          "over": 1,
          "deliveries": [
            {
              "batter": "HG Duke",
              "bowler": "JH Davey",
              "non_striker": "WAR Fraine",
              "runs": {
                "batter": 4,
                "extras": 0,
                "total": 4
              }
            },
            {
              "batter": "HG Duke",
              "bowler": "JH Davey",
              "non_striker": "WAR Fraine",
              "runs": {
                "batter": 0,
                "extras": 0,
                "total": 0
              }
            },
            {
              "batter": "HG Duke",
              "bowler": "JH Davey",
              "non_striker": "WAR Fraine",
              "runs": {
                "batter": 0,
                "extras": 0,
                "total": 0
              }
            },
            {
              "batter": "HG Duke",
              "bowler": "JH Davey",
              "non_striker": "WAR Fraine",
              "runs": {
                "batter": 0,
                "extras": 0,
                "total": 0
              },
              "wickets": [
                {
                  "player_out": "HG Duke",
                  "fielders": [
                    {
                      "name": "SM Davies"
                    }
                  ],
                  "kind": "caught"
                }
              ]
            },
            {
              "batter": "GS Ballance",
              "bowler": "JH Davey",
              "extras": {
                "wides": 1
              },
              "non_striker": "WAR Fraine",
              "runs": {
                "batter": 0,
                "extras": 1,
                "total": 1
              }
            },
            {
              "batter": "GS Ballance",
              "bowler": "JH Davey",
              "non_striker": "WAR Fraine",
              "runs": {
                "batter": 4,
                "extras": 0,
                "total": 4
              }
            },
            {
              "batter": "GS Ballance",
              "bowler": "JH Davey",
              "non_striker": "WAR Fraine",
              "runs": {
                "batter": 1,
                "extras": 0,
                "total": 1
              }
            }
          ]
        },
        {
          "over": 2,
          "deliveries": [
            {
              "batter": "GS Ballance",
              "bowler": "BGF Green",
              "non_striker": "WAR Fraine",
              "runs": {
                "batter": 0,
                "extras": 0,
                "total": 0
              }
            },
            {
              "batter": "GS Ballance",
              "bowler": "BGF Green",
              "non_striker": "WAR Fraine",
              "runs": {
                "batter": 2,
                "extras": 0,
                "total": 2
              }
            },
            {
              "batter": "GS Ballance",
              "bowler": "BGF Green",
              "non_striker": "WAR Fraine",
              "runs": {
                "batter": 1,
                "extras": 0,
                "total": 1
              }
            },
            {
              "batter": "WAR Fraine",
              "bowler": "BGF Green",
              "non_striker": "GS Ballance",
              "runs": {
                "batter": 1,
                "extras": 0,
                "total": 1
              }
            },
            {
              "batter": "GS Ballance",
              "bowler": "BGF Green",
              "non_striker": "WAR Fraine",
              "runs": {
                "batter": 1,
                "extras": 0,
                "total": 1
              }
            },
            {
              "batter": "WAR Fraine",
              "bowler": "BGF Green",
              "non_striker": "GS Ballance",
              "runs": {
                "batter": 4,
                "extras": 0,
                "total": 4
              }
            }
          ]
        },
        {
          "over": 3,
          "deliveries": [
            {
              "batter": "GS Ballance",
              "bowler": "Kasey Aldridge",
              "non_striker": "WAR Fraine",
              "runs": {
                "batter": 1,
                "extras": 0,
                "total": 1
              }
            },
            {
              "batter": "WAR Fraine",
              "bowler": "Kasey Aldridge",
              "non_striker": "GS Ballance",
              "runs": {
                "batter": 6,
                "extras": 0,
                "total": 6
              }
            },
            {
              "batter": "WAR Fraine",
              "bowler": "Kasey Aldridge",
              "non_striker": "GS Ballance",
              "runs": {
                "batter": 1,
                "extras": 0,
                "total": 1
              }
            },
            {
              "batter": "GS Ballance",
              "bowler": "Kasey Aldridge",
              "non_striker": "WAR Fraine",
              "runs": {
                "batter": 0,
                "extras": 0,
                "total": 0
              },
              "wickets": [
                {
                  "player_out": "GS Ballance",
                  "kind": "bowled"
                }
              ]
            },
            {
              "batter": "GCH Hill",
              "bowler": "Kasey Aldridge",
              "non_striker": "WAR Fraine",
              "runs": {
                "batter": 0,
                "extras": 0,
                "total": 0
              }
            },
            {
              "batter": "GCH Hill",
              "bowler": "Kasey Aldridge",
              "non_striker": "WAR Fraine",
              "runs": {
                "batter": 2,
                "extras": 0,
                "total": 2
              }
            }
          ]
        },
        {
          "over": 4,
          "deliveries": [
            {
              "batter": "WAR Fraine",
              "bowler": "LP Goldsworthy",
              "non_striker": "GCH Hill",
              "runs": {
                "batter": 1,
                "extras": 0,
                "total": 1
              }
            },
            {
              "batter": "GCH Hill",
              "bowler": "LP Goldsworthy",
              "non_striker": "WAR Fraine",
              "runs": {
                "batter": 0,
                "extras": 0,
                "total": 0
              }
            },
            {
              "batter": "GCH Hill",
              "bowler": "LP Goldsworthy",
              "non_striker": "WAR Fraine",
              "runs": {
                "batter": 0,
                "extras": 0,
                "total": 0
              }
            },
            {
              "batter": "GCH Hill",
              "bowler": "LP Goldsworthy",
              "non_striker": "WAR Fraine",
              "runs": {
                "batter": 1,
                "extras": 0,
                "total": 1
              }
            },
            {
              "batter": "WAR Fraine",
              "bowler": "LP Goldsworthy",
              "non_striker": "GCH Hill",
              "runs": {
                "batter": 0,
                "extras": 0,
                "total": 0
              }
            },
            {
              "batter": "WAR Fraine",
              "bowler": "LP Goldsworthy",
              "non_striker": "GCH Hill",
              "runs": {
                "batter": 1,
                "extras": 0,
                "total": 1
              }
            }
          ]
        },
        {
          "over": 5,
          "deliveries": [
            {
              "batter": "WAR Fraine",
              "bowler": "S Baker",
              "non_striker": "GCH Hill",
              "runs": {
                "batter": 1,
                "extras": 0,
                "total": 1
              }
            },
            {
              "batter": "GCH Hill",
              "bowler": "S Baker",
              "non_striker": "WAR Fraine",
              "runs": {
                "batter": 1,
                "extras": 0,
                "total": 1
              }
            },
            {
              "batter": "WAR Fraine",
              "bowler": "S Baker",
              "non_striker": "GCH Hill",
              "runs": {
                "batter": 0,
                "extras": 0,
                "total": 0
              }
            },
            {
              "batter": "WAR Fraine",
              "bowler": "S Baker",
              "non_striker": "GCH Hill",
              "runs": {
                "batter": 0,
                "extras": 0,
                "total": 0
              }
            },
            {
              "batter": "WAR Fraine",
              "bowler": "S Baker",
              "non_striker": "GCH Hill",
              "runs": {
                "batter": 2,
                "extras": 0,
                "total": 2
              }
            },
            {
              "batter": "WAR Fraine",
              "bowler": "S Baker",
              "non_striker": "GCH Hill",
              "runs": {
                "batter": 0,
                "extras": 0,
                "total": 0
              }
            }
          ]
        },
        {
          "over": 6,
          "deliveries": [
            {
              "batter": "GCH Hill",
              "bowler": "Kasey Aldridge",
              "non_striker": "WAR Fraine",
              "runs": {
                "batter": 4,
                "extras": 0,
                "total": 4
              }
            },
            {
              "batter": "GCH Hill",
              "bowler": "Kasey Aldridge",
              "non_striker": "WAR Fraine",
              "runs": {
                "batter": 1,
                "extras": 0,
                "total": 1
              }
            },
            {
              "batter": "WAR Fraine",
              "bowler": "Kasey Aldridge",
              "non_striker": "GCH Hill",
              "runs": {
                "batter": 0,
                "extras": 0,
                "total": 0
              }
            },
            {
              "batter": "WAR Fraine",
              "bowler": "Kasey Aldridge",
              "non_striker": "GCH Hill",
              "runs": {
                "batter": 4,
                "extras": 0,
                "total": 4
              }
            },
            {
              "batter": "WAR Fraine",
              "bowler": "Kasey Aldridge",
              "non_striker": "GCH Hill",
              "runs": {
                "batter": 0,
                "extras": 0,
                "total": 0
              },
              "wickets": [
                {
                  "player_out": "WAR Fraine",
                  "fielders": [
                    {
                      "name": "GS Drissell"
                    }
                  ],
                  "kind": "caught"
                }
              ]
            },
            {
              "batter": "GCH Hill",
              "bowler": "Kasey Aldridge",
              "extras": {
                "wides": 1
              },
              "non_striker": "JA Tattersall",
              "runs": {
                "batter": 0,
                "extras": 1,
                "total": 1
              }
            },
            {
              "batter": "GCH Hill",
              "bowler": "Kasey Aldridge",
              "non_striker": "JA Tattersall",
              "runs": {
                "batter": 1,
                "extras": 0,
                "total": 1
              }
            }
          ]
        },
        {
          "over": 7,
          "deliveries": [
            {
              "batter": "GCH Hill",
              "bowler": "LP Goldsworthy",
              "non_striker": "JA Tattersall",
              "runs": {
                "batter": 1,
                "extras": 0,
                "total": 1
              }
            },
            {
              "batter": "JA Tattersall",
              "bowler": "LP Goldsworthy",
              "non_striker": "GCH Hill",
              "runs": {
                "batter": 0,
                "extras": 0,
                "total": 0
              },
              "wickets": [
                {
                  "player_out": "JA Tattersall",
                  "fielders": [
                    {
                      "name": "SM Davies"
                    }
                  ],
                  "kind": "caught"
                }
              ]
            },
            {
              "batter": "ML Revis",
              "bowler": "LP Goldsworthy",
              "non_striker": "GCH Hill",
              "runs": {
                "batter": 1,
                "extras": 0,
                "total": 1
              }
            },
            {
              "batter": "GCH Hill",
              "bowler": "LP Goldsworthy",
              "non_striker": "ML Revis",
              "runs": {
                "batter": 0,
                "extras": 0,
                "total": 0
              }
            },
            {
              "batter": "GCH Hill",
              "bowler": "LP Goldsworthy",
              "non_striker": "ML Revis",
              "runs": {
                "batter": 1,
                "extras": 0,
                "total": 1
              }
            },
            {
              "batter": "ML Revis",
              "bowler": "LP Goldsworthy",
              "non_striker": "GCH Hill",
              "runs": {
                "batter": 1,
                "extras": 0,
                "total": 1
              }
            }
          ]
        },
        {
          "over": 8,
          "deliveries": [
            {
              "batter": "ML Revis",
              "bowler": "S Baker",
              "non_striker": "GCH Hill",
              "runs": {
                "batter": 4,
                "extras": 0,
                "total": 4
              }
            },
            {
              "batter": "ML Revis",
              "bowler": "S Baker",
              "non_striker": "GCH Hill",
              "runs": {
                "batter": 1,
                "extras": 0,
                "total": 1
              }
            },
            {
              "batter": "GCH Hill",
              "bowler": "S Baker",
              "non_striker": "ML Revis",
              "runs": {
                "batter": 0,
                "extras": 0,
                "total": 0
              }
            },
            {
              "batter": "GCH Hill",
              "bowler": "S Baker",
              "non_striker": "ML Revis",
              "runs": {
                "batter": 1,
                "extras": 0,
                "total": 1
              }
            },
            {
              "batter": "ML Revis",
              "bowler": "S Baker",
              "non_striker": "GCH Hill",
              "runs": {
                "batter": 0,
                "extras": 0,
                "total": 0
              }
            },
            {
              "batter": "ML Revis",
              "bowler": "S Baker",
              "non_striker": "GCH Hill",
              "runs": {
                "batter": 1,
                "extras": 0,
                "total": 1
              }
            }
          ]
        },
        {
          "over": 9,
          "deliveries": [
            {
              "batter": "ML Revis",
              "bowler": "JH Davey",
              "non_striker": "GCH Hill",
              "runs": {
                "batter": 0,
                "extras": 0,
                "total": 0
              }
            },
            {
              "batter": "ML Revis",
              "bowler": "JH Davey",
              "non_striker": "GCH Hill",
              "runs": {
                "batter": 1,
                "extras": 0,
                "total": 1
              }
            },
            {
              "batter": "GCH Hill",
              "bowler": "JH Davey",
              "non_striker": "ML Revis",
              "runs": {
                "batter": 0,
                "extras": 0,
                "total": 0
              }
            },
            {
              "batter": "GCH Hill",
              "bowler": "JH Davey",
              "non_striker": "ML Revis",
              "runs": {
                "batter": 0,
                "extras": 0,
                "total": 0
              }
            },
            {
              "batter": "GCH Hill",
              "bowler": "JH Davey",
              "non_striker": "ML Revis",
              "runs": {
                "batter": 0,
                "extras": 0,
                "total": 0
              }
            },
            {
              "batter": "GCH Hill",
              "bowler": "JH Davey",
              "non_striker": "ML Revis",
              "runs": {
                "batter": 1,
                "extras": 0,
                "total": 1
              }
            }
          ]
        },
        {
          "over": 10,
          "deliveries": [
            {
              "batter": "GCH Hill",
              "bowler": "BGF Green",
              "non_striker": "ML Revis",
              "runs": {
                "batter": 0,
                "extras": 0,
                "total": 0
              }
            },
            {
              "batter": "GCH Hill",
              "bowler": "BGF Green",
              "non_striker": "ML Revis",
              "runs": {
                "batter": 1,
                "extras": 0,
                "total": 1
              }
            },
            {
              "batter": "ML Revis",
              "bowler": "BGF Green",
              "non_striker": "GCH Hill",
              "runs": {
                "batter": 1,
                "extras": 0,
                "total": 1
              }
            },
            {
              "batter": "GCH Hill",
              "bowler": "BGF Green",
              "non_striker": "ML Revis",
              "runs": {
                "batter": 1,
                "extras": 0,
                "total": 1
              }
            },
            {
              "batter": "ML Revis",
              "bowler": "BGF Green",
              "non_striker": "GCH Hill",
              "runs": {
                "batter": 0,
                "extras": 0,
                "total": 0
              }
            },
            {
              "batter": "ML Revis",
              "bowler": "BGF Green",
              "non_striker": "GCH Hill",
              "runs": {
                "batter": 1,
                "extras": 0,
                "total": 1
              }
            }
          ]
        },
        {
          "over": 11,
          "deliveries": [
            {
              "batter": "ML Revis",
              "bowler": "Kasey Aldridge",
              "extras": {
                "wides": 1
              },
              "non_striker": "GCH Hill",
              "runs": {
                "batter": 0,
                "extras": 1,
                "total": 1
              }
            },
            {
              "batter": "ML Revis",
              "bowler": "Kasey Aldridge",
              "non_striker": "GCH Hill",
              "runs": {
                "batter": 0,
                "extras": 0,
                "total": 0
              }
            },
            {
              "batter": "ML Revis",
              "bowler": "Kasey Aldridge",
              "non_striker": "GCH Hill",
              "runs": {
                "batter": 4,
                "extras": 0,
                "total": 4
              }
            },
            {
              "batter": "ML Revis",
              "bowler": "Kasey Aldridge",
              "non_striker": "GCH Hill",
              "runs": {
                "batter": 0,
                "extras": 0,
                "total": 0
              }
            },
            {
              "batter": "ML Revis",
              "bowler": "Kasey Aldridge",
              "non_striker": "GCH Hill",
              "runs": {
                "batter": 6,
                "extras": 0,
                "total": 6
              }
            },
            {
              "batter": "ML Revis",
              "bowler": "Kasey Aldridge",
              "non_striker": "GCH Hill",
              "runs": {
                "batter": 1,
                "extras": 0,
                "total": 1
              }
            },
            {
              "batter": "GCH Hill",
              "bowler": "Kasey Aldridge",
              "non_striker": "ML Revis",
              "runs": {
                "batter": 1,
                "extras": 0,
                "total": 1
              }
            }
          ]
        },
        {
          "over": 12,
          "deliveries": [
            {
              "batter": "GCH Hill",
              "bowler": "BGF Green",
              "non_striker": "ML Revis",
              "runs": {
                "batter": 0,
                "extras": 0,
                "total": 0
              }
            },
            {
              "batter": "GCH Hill",
              "bowler": "BGF Green",
              "non_striker": "ML Revis",
              "runs": {
                "batter": 6,
                "extras": 0,
                "total": 6
              }
            },
            {
              "batter": "GCH Hill",
              "bowler": "BGF Green",
              "non_striker": "ML Revis",
              "runs": {
                "batter": 0,
                "extras": 0,
                "total": 0
              }
            },
            {
              "batter": "GCH Hill",
              "bowler": "BGF Green",
              "non_striker": "ML Revis",
              "runs": {
                "batter": 0,
                "extras": 0,
                "total": 0
              },
              "wickets": [
                {
                  "player_out": "GCH Hill",
                  "fielders": [
                    {
                      "name": "Kasey Aldridge"
                    }
                  ],
                  "kind": "caught"
                }
              ]
            },
            {
              "batter": "ML Revis",
              "bowler": "BGF Green",
              "non_striker": "W Luxton",
              "runs": {
                "batter": 0,
                "extras": 0,
                "total": 0
              }
            },
            {
              "batter": "ML Revis",
              "bowler": "BGF Green",
              "non_striker": "W Luxton",
              "runs": {
                "batter": 0,
                "extras": 0,
                "total": 0
              }
            }
          ]
        },
        {
          "over": 13,
          "deliveries": [
            {
              "batter": "W Luxton",
              "bowler": "LP Goldsworthy",
              "non_striker": "ML Revis",
              "runs": {
                "batter": 0,
                "extras": 0,
                "total": 0
              }
            },
            {
              "batter": "W Luxton",
              "bowler": "LP Goldsworthy",
              "non_striker": "ML Revis",
              "runs": {
                "batter": 1,
                "extras": 0,
                "total": 1
              }
            },
            {
              "batter": "ML Revis",
              "bowler": "LP Goldsworthy",
              "non_striker": "W Luxton",
              "runs": {
                "batter": 1,
                "extras": 0,
                "total": 1
              }
            },
            {
              "batter": "W Luxton",
              "bowler": "LP Goldsworthy",
              "non_striker": "ML Revis",
              "runs": {
                "batter": 1,
                "extras": 0,
                "total": 1
              }
            },
            {
              "batter": "ML Revis",
              "bowler": "LP Goldsworthy",
              "non_striker": "W Luxton",
              "runs": {
                "batter": 2,
                "extras": 0,
                "total": 2
              }
            },
            {
              "batter": "ML Revis",
              "bowler": "LP Goldsworthy",
              "non_striker": "W Luxton",
              "runs": {
                "batter": 1,
                "extras": 0,
                "total": 1
              }
            }
          ]
        },
        {
          "over": 14,
          "deliveries": [
            {
              "batter": "ML Revis",
              "bowler": "Kasey Aldridge",
              "non_striker": "W Luxton",
              "runs": {
                "batter": 1,
                "extras": 0,
                "total": 1
              }
            },
            {
              "batter": "W Luxton",
              "bowler": "Kasey Aldridge",
              "non_striker": "ML Revis",
              "runs": {
                "batter": 4,
                "extras": 0,
                "total": 4
              }
            },
            {
              "batter": "W Luxton",
              "bowler": "Kasey Aldridge",
              "non_striker": "ML Revis",
              "runs": {
                "batter": 1,
                "extras": 0,
                "total": 1
              }
            },
            {
              "batter": "ML Revis",
              "bowler": "Kasey Aldridge",
              "non_striker": "W Luxton",
              "runs": {
                "batter": 1,
                "extras": 0,
                "total": 1
              }
            },
            {
              "batter": "W Luxton",
              "bowler": "Kasey Aldridge",
              "non_striker": "ML Revis",
              "runs": {
                "batter": 4,
                "extras": 0,
                "total": 4
              }
            },
            {
              "batter": "W Luxton",
              "bowler": "Kasey Aldridge",
              "non_striker": "ML Revis",
              "runs": {
                "batter": 1,
                "extras": 0,
                "total": 1
              }
            }
          ]
        },
        {
          "over": 15,
          "deliveries": [
            {
              "batter": "W Luxton",
              "bowler": "S Baker",
              "non_striker": "ML Revis",
              "runs": {
                "batter": 1,
                "extras": 0,
                "total": 1
              }
            },
            {
              "batter": "ML Revis",
              "bowler": "S Baker",
              "non_striker": "W Luxton",
              "runs": {
                "batter": 4,
                "extras": 0,
                "total": 4
              }
            },
            {
              "batter": "ML Revis",
              "bowler": "S Baker",
              "non_striker": "W Luxton",
              "runs": {
                "batter": 4,
                "extras": 0,
                "total": 4
              }
            },
            {
              "batter": "ML Revis",
              "bowler": "S Baker",
              "non_striker": "W Luxton",
              "runs": {
                "batter": 1,
                "extras": 0,
                "total": 1
              }
            },
            {
              "batter": "W Luxton",
              "bowler": "S Baker",
              "non_striker": "ML Revis",
              "runs": {
                "batter": 1,
                "extras": 0,
                "total": 1
              }
            },
            {
              "batter": "ML Revis",
              "bowler": "S Baker",
              "non_striker": "W Luxton",
              "runs": {
                "batter": 0,
                "extras": 0,
                "total": 0
              }
            }
          ]
        },
        {
          "over": 16,
          "deliveries": [
            {
              "batter": "W Luxton",
              "bowler": "JH Davey",
              "non_striker": "ML Revis",
              "runs": {
                "batter": 6,
                "extras": 0,
                "total": 6
              }
            },
            {
              "batter": "W Luxton",
              "bowler": "JH Davey",
              "non_striker": "ML Revis",
              "runs": {
                "batter": 1,
                "extras": 0,
                "total": 1
              }
            },
            {
              "batter": "ML Revis",
              "bowler": "JH Davey",
              "non_striker": "W Luxton",
              "runs": {
                "batter": 1,
                "extras": 0,
                "total": 1
              }
            },
            {
              "batter": "W Luxton",
              "bowler": "JH Davey",
              "non_striker": "ML Revis",
              "runs": {
                "batter": 1,
                "extras": 0,
                "total": 1
              }
            },
            {
              "batter": "ML Revis",
              "bowler": "JH Davey",
              "non_striker": "W Luxton",
              "runs": {
                "batter": 0,
                "extras": 0,
                "total": 0
              }
            },
            {
              "batter": "ML Revis",
              "bowler": "JH Davey",
              "non_striker": "W Luxton",
              "runs": {
                "batter": 2,
                "extras": 0,
                "total": 2
              }
            }
          ]
        },
        {
          "over": 17,
          "deliveries": [
            {
              "batter": "W Luxton",
              "bowler": "BGF Green",
              "non_striker": "ML Revis",
              "runs": {
                "batter": 1,
                "extras": 0,
                "total": 1
              }
            },
            {
              "batter": "ML Revis",
              "bowler": "BGF Green",
              "non_striker": "W Luxton",
              "runs": {
                "batter": 2,
                "extras": 0,
                "total": 2
              }
            },
            {
              "batter": "ML Revis",
              "bowler": "BGF Green",
              "non_striker": "W Luxton",
              "runs": {
                "batter": 0,
                "extras": 0,
                "total": 0
              }
            },
            {
              "batter": "ML Revis",
              "bowler": "BGF Green",
              "non_striker": "W Luxton",
              "runs": {
                "batter": 6,
                "extras": 0,
                "total": 6
              }
            },
            {
              "batter": "ML Revis",
              "bowler": "BGF Green",
              "non_striker": "W Luxton",
              "runs": {
                "batter": 1,
                "extras": 0,
                "total": 1
              }
            },
            {
              "batter": "W Luxton",
              "bowler": "BGF Green",
              "non_striker": "ML Revis",
              "runs": {
                "batter": 1,
                "extras": 0,
                "total": 1
              }
            }
          ]
        },
        {
          "over": 18,
          "deliveries": [
            {
              "batter": "W Luxton",
              "bowler": "S Baker",
              "non_striker": "ML Revis",
              "runs": {
                "batter": 1,
                "extras": 0,
                "total": 1
              }
            },
            {
              "batter": "ML Revis",
              "bowler": "S Baker",
              "non_striker": "W Luxton",
              "runs": {
                "batter": 2,
                "extras": 0,
                "total": 2
              }
            },
            {
              "batter": "ML Revis",
              "bowler": "S Baker",
              "non_striker": "W Luxton",
              "runs": {
                "batter": 1,
                "extras": 0,
                "total": 1
              }
            },
            {
              "batter": "W Luxton",
              "bowler": "S Baker",
              "non_striker": "ML Revis",
              "runs": {
                "batter": 1,
                "extras": 0,
                "total": 1
              }
            },
            {
              "batter": "ML Revis",
              "bowler": "S Baker",
              "non_striker": "W Luxton",
              "runs": {
                "batter": 2,
                "extras": 0,
                "total": 2
              }
            },
            {
              "batter": "ML Revis",
              "bowler": "S Baker",
              "non_striker": "W Luxton",
              "runs": {
                "batter": 1,
                "extras": 0,
                "total": 1
              }
            }
          ]
        },
        {
          "over": 19,
          "deliveries": [
            {
              "batter": "ML Revis",
              "bowler": "JH Davey",
              "non_striker": "W Luxton",
              "runs": {
                "batter": 1,
                "extras": 0,
                "total": 1
              }
            },
            {
              "batter": "W Luxton",
              "bowler": "JH Davey",
              "non_striker": "ML Revis",
              "runs": {
                "batter": 4,
                "extras": 0,
                "total": 4
              }
            },
            {
              "batter": "W Luxton",
              "bowler": "JH Davey",
              "non_striker": "ML Revis",
              "runs": {
                "batter": 1,
                "extras": 0,
                "total": 1
              }
            },
            {
              "batter": "ML Revis",
              "bowler": "JH Davey",
              "non_striker": "W Luxton",
              "runs": {
                "batter": 2,
                "extras": 0,
                "total": 2
              }
            },
            {
              "batter": "ML Revis",
              "bowler": "JH Davey",
              "extras": {
                "byes": 1
              },
              "non_striker": "W Luxton",
              "runs": {
                "batter": 0,
                "extras": 1,
                "total": 1
              }
            },
            {
              "batter": "W Luxton",
              "bowler": "JH Davey",
              "extras": {
                "byes": 1
              },
              "non_striker": "ML Revis",
              "runs": {
                "batter": 0,
                "extras": 1,
                "total": 1
              }
            }
          ]
        }
      ],
      "powerplays": [
        {
          "from": 0.1,
          "to": 3.6,
          "type": "mandatory"
        },
        {
          "from": 4.1,
          "to": 15.6,
          "type": "mandatory"
        },
        {
          "from": 16.1,
          "to": 19.6,
          "type": "mandatory"
        }
      ]
    },
    {
      "team": "Somerset",
      "overs": [
        {
          "over": 0,
          "deliveries": [
            {
              "batter": "SM Davies",
              "bowler": "BO Coad",
              "non_striker": "SJ Young",
              "runs": {
                "batter": 1,
                "extras": 0,
                "total": 1
              }
            },
            {
              "batter": "SJ Young",
              "bowler": "BO Coad",
              "non_striker": "SM Davies",
              "runs": {
                "batter": 0,
                "extras": 0,
                "total": 0
              }
            },
            {
              "batter": "SJ Young",
              "bowler": "BO Coad",
              "non_striker": "SM Davies",
              "runs": {
                "batter": 0,
                "extras": 0,
                "total": 0
              }
            },
            {
              "batter": "SJ Young",
              "bowler": "BO Coad",
              "non_striker": "SM Davies",
              "runs": {
                "batter": 0,
                "extras": 0,
                "total": 0
              }
            },
            {
              "batter": "SJ Young",
              "bowler": "BO Coad",
              "non_striker": "SM Davies",
              "runs": {
                "batter": 4,
                "extras": 0,
                "total": 4
              }
            },
            {
              "batter": "SJ Young",
              "bowler": "BO Coad",
              "non_striker": "SM Davies",
              "runs": {
                "batter": 0,
                "extras": 0,
                "total": 0
              }
            }
          ]
        },
        {
          "over": 1,
          "deliveries": [
            {
              "batter": "SM Davies",
              "bowler": "MJ Waite",
              "non_striker": "SJ Young",
              "runs": {
                "batter": 0,
                "extras": 0,
                "total": 0
              }
            },
            {
              "batter": "SM Davies",
              "bowler": "MJ Waite",
              "non_striker": "SJ Young",
              "runs": {
                "batter": 1,
                "extras": 0,
                "total": 1
              }
            },
            {
              "batter": "SJ Young",
              "bowler": "MJ Waite",
              "non_striker": "SM Davies",
              "runs": {
                "batter": 1,
                "extras": 0,
                "total": 1
              }
            },
            {
              "batter": "SM Davies",
              "bowler": "MJ Waite",
              "non_striker": "SJ Young",
              "runs": {
                "batter": 2,
                "extras": 0,
                "total": 2
              }
            },
            {
              "batter": "SM Davies",
              "bowler": "MJ Waite",
              "non_striker": "SJ Young",
              "runs": {
                "batter": 0,
                "extras": 0,
                "total": 0
              }
            },
            {
              "batter": "SM Davies",
              "bowler": "MJ Waite",
              "non_striker": "SJ Young",
              "runs": {
                "batter": 4,
                "extras": 0,
                "total": 4
              }
            }
          ]
        },
        {
          "over": 2,
          "deliveries": [
            {
              "batter": "SJ Young",
              "bowler": "BO Coad",
              "non_striker": "SM Davies",
              "runs": {
                "batter": 1,
                "extras": 0,
                "total": 1
              }
            },
            {
              "batter": "SM Davies",
              "bowler": "BO Coad",
              "non_striker": "SJ Young",
              "runs": {
                "batter": 0,
                "extras": 0,
                "total": 0
              }
            },
            {
              "batter": "SM Davies",
              "bowler": "BO Coad",
              "non_striker": "SJ Young",
              "runs": {
                "batter": 4,
                "extras": 0,
                "total": 4
              }
            },
            {
              "batter": "SM Davies",
              "bowler": "BO Coad",
              "non_striker": "SJ Young",
              "runs": {
                "batter": 4,
                "extras": 0,
                "total": 4
              }
            },
            {
              "batter": "SM Davies",
              "bowler": "BO Coad",
              "non_striker": "SJ Young",
              "runs": {
                "batter": 0,
                "extras": 0,
                "total": 0
              },
              "wickets": [
                {
                  "player_out": "SM Davies",
                  "fielders": [
                    {
                      "name": "ML Revis"
                    }
                  ],
                  "kind": "caught"
                }
              ]
            },
            {
              "batter": "JEK Rew",
              "bowler": "BO Coad",
              "non_striker": "SJ Young",
              "runs": {
                "batter": 1,
                "extras": 0,
                "total": 1
              }
            }
          ]
        },
        {
          "over": 3,
          "deliveries": [
            {
              "batter": "JEK Rew",
              "bowler": "ML Revis",
              "non_striker": "SJ Young",
              "runs": {
                "batter": 0,
                "extras": 0,
                "total": 0
              }
            },
            {
              "batter": "JEK Rew",
              "bowler": "ML Revis",
              "non_striker": "SJ Young",
              "runs": {
                "batter": 0,
                "extras": 0,
                "total": 0
              }
            },
            {
              "batter": "JEK Rew",
              "bowler": "ML Revis",
              "extras": {
                "legbyes": 1
              },
              "non_striker": "SJ Young",
              "runs": {
                "batter": 0,
                "extras": 1,
                "total": 1
              }
            },
            {
              "batter": "SJ Young",
              "bowler": "ML Revis",
              "non_striker": "JEK Rew",
              "runs": {
                "batter": 0,
                "extras": 0,
                "total": 0
              }
            },
            {
              "batter": "SJ Young",
              "bowler": "ML Revis",
              "extras": {
                "legbyes": 1
              },
              "non_striker": "JEK Rew",
              "runs": {
                "batter": 0,
                "extras": 1,
                "total": 1
              }
            },
            {
              "batter": "JEK Rew",
              "bowler": "ML Revis",
              "non_striker": "SJ Young",
              "runs": {
                "batter": 0,
                "extras": 0,
                "total": 0
              }
            }
          ]
        },
        {
          "over": 4,
          "deliveries": [
            {
              "batter": "SJ Young",
              "bowler": "MW Pillans",
              "non_striker": "JEK Rew",
              "runs": {
                "batter": 0,
                "extras": 0,
                "total": 0
              }
            },
            {
              "batter": "SJ Young",
              "bowler": "MW Pillans",
              "non_striker": "JEK Rew",
              "runs": {
                "batter": 1,
                "extras": 0,
                "total": 1
              }
            },
            {
              "batter": "JEK Rew",
              "bowler": "MW Pillans",
              "non_striker": "SJ Young",
              "runs": {
                "batter": 1,
                "extras": 0,
                "total": 1
              }
            },
            {
              "batter": "SJ Young",
              "bowler": "MW Pillans",
              "non_striker": "JEK Rew",
              "runs": {
                "batter": 0,
                "extras": 0,
                "total": 0
              }
            },
            {
              "batter": "SJ Young",
              "bowler": "MW Pillans",
              "non_striker": "JEK Rew",
              "runs": {
                "batter": 2,
                "extras": 0,
                "total": 2
              }
            },
            {
              "batter": "SJ Young",
              "bowler": "MW Pillans",
              "non_striker": "JEK Rew",
              "runs": {
                "batter": 1,
                "extras": 0,
                "total": 1
              }
            }
          ]
        },
        {
          "over": 5,
          "deliveries": [
            {
              "batter": "SJ Young",
              "bowler": "JW Shutt",
              "non_striker": "JEK Rew",
              "runs": {
                "batter": 6,
                "extras": 0,
                "total": 6
              }
            },
            {
              "batter": "SJ Young",
              "bowler": "JW Shutt",
              "non_striker": "JEK Rew",
              "runs": {
                "batter": 1,
                "extras": 0,
                "total": 1
              }
            },
            {
              "batter": "JEK Rew",
              "bowler": "JW Shutt",
              "non_striker": "SJ Young",
              "runs": {
                "batter": 0,
                "extras": 0,
                "total": 0
              }
            },
            {
              "batter": "JEK Rew",
              "bowler": "JW Shutt",
              "non_striker": "SJ Young",
              "runs": {
                "batter": 4,
                "extras": 0,
                "total": 4
              }
            },
            {
              "batter": "JEK Rew",
              "bowler": "JW Shutt",
              "non_striker": "SJ Young",
              "runs": {
                "batter": 0,
                "extras": 0,
                "total": 0
              }
            },
            {
              "batter": "JEK Rew",
              "bowler": "JW Shutt",
              "non_striker": "SJ Young",
              "runs": {
                "batter": 2,
                "extras": 0,
                "total": 2
              }
            }
          ]
        },
        {
          "over": 6,
          "deliveries": [
            {
              "batter": "SJ Young",
              "bowler": "MW Pillans",
              "extras": {
                "wides": 1
              },
              "non_striker": "JEK Rew",
              "runs": {
                "batter": 0,
                "extras": 1,
                "total": 1
              }
            },
            {
              "batter": "SJ Young",
              "bowler": "MW Pillans",
              "non_striker": "JEK Rew",
              "runs": {
                "batter": 4,
                "extras": 0,
                "total": 4
              }
            },
            {
              "batter": "SJ Young",
              "bowler": "MW Pillans",
              "non_striker": "JEK Rew",
              "runs": {
                "batter": 0,
                "extras": 0,
                "total": 0
              }
            },
            {
              "batter": "SJ Young",
              "bowler": "MW Pillans",
              "non_striker": "JEK Rew",
              "runs": {
                "batter": 2,
                "extras": 0,
                "total": 2
              }
            },
            {
              "batter": "SJ Young",
              "bowler": "MW Pillans",
              "non_striker": "JEK Rew",
              "runs": {
                "batter": 1,
                "extras": 0,
                "total": 1
              }
            },
            {
              "batter": "JEK Rew",
              "bowler": "MW Pillans",
              "non_striker": "SJ Young",
              "runs": {
                "batter": 1,
                "extras": 0,
                "total": 1
              }
            },
            {
              "batter": "SJ Young",
              "bowler": "MW Pillans",
              "non_striker": "JEK Rew",
              "runs": {
                "batter": 1,
                "extras": 0,
                "total": 1
              }
            }
          ]
        },
        {
          "over": 7,
          "deliveries": [
            {
              "batter": "SJ Young",
              "bowler": "ML Revis",
              "non_striker": "JEK Rew",
              "runs": {
                "batter": 0,
                "extras": 0,
                "total": 0
              }
            },
            {
              "batter": "SJ Young",
              "bowler": "ML Revis",
              "non_striker": "JEK Rew",
              "runs": {
                "batter": 0,
                "extras": 0,
                "total": 0
              },
              "wickets": [
                {
                  "player_out": "SJ Young",
                  "fielders": [
                    {
                      "name": "GS Ballance"
                    }
                  ],
                  "kind": "caught"
                }
              ]
            },
            {
              "batter": "JC Hildreth",
              "bowler": "ML Revis",
              "non_striker": "JEK Rew",
              "runs": {
                "batter": 0,
                "extras": 0,
                "total": 0
              }
            },
            {
              "batter": "JC Hildreth",
              "bowler": "ML Revis",
              "non_striker": "JEK Rew",
              "runs": {
                "batter": 0,
                "extras": 0,
                "total": 0
              }
            },
            {
              "batter": "JC Hildreth",
              "bowler": "ML Revis",
              "non_striker": "JEK Rew",
              "runs": {
                "batter": 1,
                "extras": 0,
                "total": 1
              }
            },
            {
              "batter": "JEK Rew",
              "bowler": "ML Revis",
              "non_striker": "JC Hildreth",
              "runs": {
                "batter": 1,
                "extras": 0,
                "total": 1
              }
            }
          ]
        },
        {
          "over": 8,
          "deliveries": [
            {
              "batter": "JEK Rew",
              "bowler": "GCH Hill",
              "non_striker": "JC Hildreth",
              "runs": {
                "batter": 1,
                "extras": 0,
                "total": 1
              }
            },
            {
              "batter": "JC Hildreth",
              "bowler": "GCH Hill",
              "non_striker": "JEK Rew",
              "runs": {
                "batter": 6,
                "extras": 0,
                "total": 6
              }
            },
            {
              "batter": "JC Hildreth",
              "bowler": "GCH Hill",
              "non_striker": "JEK Rew",
              "runs": {
                "batter": 0,
                "extras": 0,
                "total": 0
              }
            },
            {
              "batter": "JC Hildreth",
              "bowler": "GCH Hill",
              "non_striker": "JEK Rew",
              "runs": {
                "batter": 0,
                "extras": 0,
                "total": 0
              }
            },
            {
              "batter": "JC Hildreth",
              "bowler": "GCH Hill",
              "non_striker": "JEK Rew",
              "runs": {
                "batter": 0,
                "extras": 0,
                "total": 0
              }
            },
            {
              "batter": "JC Hildreth",
              "bowler": "GCH Hill",
              "non_striker": "JEK Rew",
              "runs": {
                "batter": 1,
                "extras": 0,
                "total": 1
              }
            }
          ]
        },
        {
          "over": 9,
          "deliveries": [
            {
              "batter": "JC Hildreth",
              "bowler": "ML Revis",
              "non_striker": "JEK Rew",
              "runs": {
                "batter": 4,
                "extras": 0,
                "total": 4
              }
            },
            {
              "batter": "JC Hildreth",
              "bowler": "ML Revis",
              "non_striker": "JEK Rew",
              "runs": {
                "batter": 2,
                "extras": 0,
                "total": 2
              }
            },
            {
              "batter": "JC Hildreth",
              "bowler": "ML Revis",
              "non_striker": "JEK Rew",
              "runs": {
                "batter": 1,
                "extras": 0,
                "total": 1
              }
            },
            {
              "batter": "JEK Rew",
              "bowler": "ML Revis",
              "non_striker": "JC Hildreth",
              "runs": {
                "batter": 4,
                "extras": 0,
                "total": 4
              }
            },
            {
              "batter": "JEK Rew",
              "bowler": "ML Revis",
              "non_striker": "JC Hildreth",
              "runs": {
                "batter": 1,
                "extras": 0,
                "total": 1
              }
            },
            {
              "batter": "JC Hildreth",
              "bowler": "ML Revis",
              "non_striker": "JEK Rew",
              "runs": {
                "batter": 0,
                "extras": 0,
                "total": 0
              }
            }
          ]
        },
        {
          "over": 10,
          "deliveries": [
            {
              "batter": "JEK Rew",
              "bowler": "MJ Waite",
              "non_striker": "JC Hildreth",
              "runs": {
                "batter": 0,
                "extras": 0,
                "total": 0
              }
            },
            {
              "batter": "JEK Rew",
              "bowler": "MJ Waite",
              "non_striker": "JC Hildreth",
              "runs": {
                "batter": 3,
                "extras": 0,
                "total": 3
              }
            },
            {
              "batter": "JC Hildreth",
              "bowler": "MJ Waite",
              "non_striker": "JEK Rew",
              "runs": {
                "batter": 2,
                "extras": 0,
                "total": 2
              }
            },
            {
              "batter": "JC Hildreth",
              "bowler": "MJ Waite",
              "non_striker": "JEK Rew",
              "runs": {
                "batter": 1,
                "extras": 0,
                "total": 1
              }
            },
            {
              "batter": "JEK Rew",
              "bowler": "MJ Waite",
              "non_striker": "JC Hildreth",
              "runs": {
                "batter": 0,
                "extras": 0,
                "total": 0
              }
            },
            {
              "batter": "JEK Rew",
              "bowler": "MJ Waite",
              "non_striker": "JC Hildreth",
              "runs": {
                "batter": 1,
                "extras": 0,
                "total": 1
              }
            }
          ]
        },
        {
          "over": 11,
          "deliveries": [
            {
              "batter": "JEK Rew",
              "bowler": "JW Shutt",
              "non_striker": "JC Hildreth",
              "runs": {
                "batter": 0,
                "extras": 0,
                "total": 0
              },
              "wickets": [
                {
                  "player_out": "JEK Rew",
                  "fielders": [
                    {
                      "name": "GS Ballance"
                    }
                  ],
                  "kind": "caught"
                }
              ]
            },
            {
              "batter": "LP Goldsworthy",
              "bowler": "JW Shutt",
              "non_striker": "JC Hildreth",
              "runs": {
                "batter": 1,
                "extras": 0,
                "total": 1
              }
            },
            {
              "batter": "JC Hildreth",
              "bowler": "JW Shutt",
              "non_striker": "LP Goldsworthy",
              "runs": {
                "batter": 1,
                "extras": 0,
                "total": 1
              }
            },
            {
              "batter": "LP Goldsworthy",
              "bowler": "JW Shutt",
              "non_striker": "JC Hildreth",
              "runs": {
                "batter": 0,
                "extras": 0,
                "total": 0
              }
            },
            {
              "batter": "LP Goldsworthy",
              "bowler": "JW Shutt",
              "non_striker": "JC Hildreth",
              "runs": {
                "batter": 1,
                "extras": 0,
                "total": 1
              }
            },
            {
              "batter": "JC Hildreth",
              "bowler": "JW Shutt",
              "non_striker": "LP Goldsworthy",
              "runs": {
                "batter": 0,
                "extras": 0,
                "total": 0
              }
            }
          ]
        },
        {
          "over": 12,
          "deliveries": [
            {
              "batter": "LP Goldsworthy",
              "bowler": "MW Pillans",
              "non_striker": "JC Hildreth",
              "runs": {
                "batter": 0,
                "extras": 0,
                "total": 0
              }
            },
            {
              "batter": "LP Goldsworthy",
              "bowler": "MW Pillans",
              "non_striker": "JC Hildreth",
              "runs": {
                "batter": 0,
                "extras": 0,
                "total": 0
              }
            },
            {
              "batter": "LP Goldsworthy",
              "bowler": "MW Pillans",
              "extras": {
                "legbyes": 1
              },
              "non_striker": "JC Hildreth",
              "runs": {
                "batter": 0,
                "extras": 1,
                "total": 1
              }
            },
            {
              "batter": "JC Hildreth",
              "bowler": "MW Pillans",
              "non_striker": "LP Goldsworthy",
              "runs": {
                "batter": 6,
                "extras": 0,
                "total": 6
              }
            },
            {
              "batter": "JC Hildreth",
              "bowler": "MW Pillans",
              "extras": {
                "noballs": 2
              },
              "non_striker": "LP Goldsworthy",
              "runs": {
                "batter": 0,
                "extras": 2,
                "total": 2
              }
            },
            {
              "batter": "JC Hildreth",
              "bowler": "MW Pillans",
              "non_striker": "LP Goldsworthy",
              "runs": {
                "batter": 1,
                "extras": 0,
                "total": 1
              }
            },
            {
              "batter": "LP Goldsworthy",
              "bowler": "MW Pillans",
              "non_striker": "JC Hildreth",
              "runs": {
                "batter": 0,
                "extras": 0,
                "total": 0
              }
            }
          ]
        },
        {
          "over": 13,
          "deliveries": [
            {
              "batter": "JC Hildreth",
              "bowler": "JW Shutt",
              "non_striker": "LP Goldsworthy",
              "runs": {
                "batter": 0,
                "extras": 0,
                "total": 0
              }
            },
            {
              "batter": "JC Hildreth",
              "bowler": "JW Shutt",
              "non_striker": "LP Goldsworthy",
              "runs": {
                "batter": 4,
                "extras": 0,
                "total": 4
              }
            },
            {
              "batter": "JC Hildreth",
              "bowler": "JW Shutt",
              "non_striker": "LP Goldsworthy",
              "runs": {
                "batter": 6,
                "extras": 0,
                "total": 6
              }
            },
            {
              "batter": "JC Hildreth",
              "bowler": "JW Shutt",
              "non_striker": "LP Goldsworthy",
              "runs": {
                "batter": 4,
                "extras": 0,
                "total": 4
              }
            },
            {
              "batter": "JC Hildreth",
              "bowler": "JW Shutt",
              "non_striker": "LP Goldsworthy",
              "runs": {
                "batter": 1,
                "extras": 0,
                "total": 1
              }
            },
            {
              "batter": "LP Goldsworthy",
              "bowler": "JW Shutt",
              "non_striker": "JC Hildreth",
              "runs": {
                "batter": 2,
                "extras": 0,
                "total": 2
              }
            }
          ]
        },
        {
          "over": 14,
          "deliveries": [
            {
              "batter": "JC Hildreth",
              "bowler": "ML Revis",
              "non_striker": "LP Goldsworthy",
              "runs": {
                "batter": 6,
                "extras": 0,
                "total": 6
              }
            },
            {
              "batter": "JC Hildreth",
              "bowler": "ML Revis",
              "non_striker": "LP Goldsworthy",
              "runs": {
                "batter": 1,
                "extras": 0,
                "total": 1
              }
            },
            {
              "batter": "LP Goldsworthy",
              "bowler": "ML Revis",
              "extras": {
                "wides": 1
              },
              "non_striker": "JC Hildreth",
              "runs": {
                "batter": 0,
                "extras": 1,
                "total": 1
              }
            },
            {
              "batter": "LP Goldsworthy",
              "bowler": "ML Revis",
              "non_striker": "JC Hildreth",
              "runs": {
                "batter": 1,
                "extras": 0,
                "total": 1
              }
            },
            {
              "batter": "JC Hildreth",
              "bowler": "ML Revis",
              "non_striker": "LP Goldsworthy",
              "runs": {
                "batter": 1,
                "extras": 0,
                "total": 1
              }
            },
            {
              "batter": "LP Goldsworthy",
              "bowler": "ML Revis",
              "non_striker": "JC Hildreth",
              "runs": {
                "batter": 2,
                "extras": 0,
                "total": 2
              }
            },
            {
              "batter": "LP Goldsworthy",
              "bowler": "ML Revis",
              "non_striker": "JC Hildreth",
              "runs": {
                "batter": 0,
                "extras": 0,
                "total": 0
              }
            }
          ]
        },
        {
          "over": 15,
          "deliveries": [
            {
              "batter": "JC Hildreth",
              "bowler": "MW Pillans",
              "non_striker": "LP Goldsworthy",
              "runs": {
                "batter": 4,
                "extras": 0,
                "total": 4
              }
            },
            {
              "batter": "JC Hildreth",
              "bowler": "MW Pillans",
              "non_striker": "LP Goldsworthy",
              "runs": {
                "batter": 4,
                "extras": 0,
                "total": 4
              }
            },
            {
              "batter": "JC Hildreth",
              "bowler": "MW Pillans",
              "non_striker": "LP Goldsworthy",
              "runs": {
                "batter": 1,
                "extras": 0,
                "total": 1
              }
            },
            {
              "batter": "LP Goldsworthy",
              "bowler": "MW Pillans",
              "non_striker": "JC Hildreth",
              "runs": {
                "batter": 0,
                "extras": 0,
                "total": 0
              }
            },
            {
              "batter": "LP Goldsworthy",
              "bowler": "MW Pillans",
              "non_striker": "JC Hildreth",
              "runs": {
                "batter": 4,
                "extras": 0,
                "total": 4
              }
            },
            {
              "batter": "LP Goldsworthy",
              "bowler": "MW Pillans",
              "non_striker": "JC Hildreth",
              "runs": {
                "batter": 1,
                "extras": 0,
                "total": 1
              }
            }
          ]
        },
        {
          "over": 16,
          "deliveries": [
            {
              "batter": "LP Goldsworthy",
              "bowler": "BO Coad",
              "non_striker": "JC Hildreth",
              "runs": {
                "batter": 0,
                "extras": 0,
                "total": 0
              }
            },
            {
              "batter": "LP Goldsworthy",
              "bowler": "BO Coad",
              "non_striker": "JC Hildreth",
              "runs": {
                "batter": 4,
                "extras": 0,
                "total": 4
              }
            },
            {
              "batter": "LP Goldsworthy",
              "bowler": "BO Coad",
              "non_striker": "JC Hildreth",
              "runs": {
                "batter": 0,
                "extras": 0,
                "total": 0
              }
            },
            {
              "batter": "LP Goldsworthy",
              "bowler": "BO Coad",
              "non_striker": "JC Hildreth",
              "runs": {
                "batter": 0,
                "extras": 0,
                "total": 0
              }
            },
            {
              "batter": "LP Goldsworthy",
              "bowler": "BO Coad",
              "non_striker": "JC Hildreth",
              "runs": {
                "batter": 4,
                "extras": 0,
                "total": 4
              }
            },
            {
              "batter": "LP Goldsworthy",
              "bowler": "BO Coad",
              "non_striker": "JC Hildreth",
              "runs": {
                "batter": 1,
                "extras": 0,
                "total": 1
              }
            }
          ]
        },
        {
          "over": 17,
          "deliveries": [
            {
              "batter": "LP Goldsworthy",
              "bowler": "MJ Waite",
              "non_striker": "JC Hildreth",
              "runs": {
                "batter": 0,
                "extras": 0,
                "total": 0
              }
            },
            {
              "batter": "LP Goldsworthy",
              "bowler": "MJ Waite",
              "extras": {
                "wides": 1
              },
              "non_striker": "JC Hildreth",
              "runs": {
                "batter": 0,
                "extras": 1,
                "total": 1
              }
            },
            {
              "batter": "LP Goldsworthy",
              "bowler": "MJ Waite",
              "non_striker": "JC Hildreth",
              "runs": {
                "batter": 0,
                "extras": 0,
                "total": 0
              },
              "wickets": [
                {
                  "player_out": "LP Goldsworthy",
                  "fielders": [
                    {
                      "name": "ML Revis"
                    }
                  ],
                  "kind": "caught"
                }
              ]
            },
            {
              "batter": "EJ Byrom",
              "bowler": "MJ Waite",
              "non_striker": "JC Hildreth",
              "runs": {
                "batter": 1,
                "extras": 0,
                "total": 1
              }
            },
            {
              "batter": "JC Hildreth",
              "bowler": "MJ Waite",
              "non_striker": "EJ Byrom",
              "runs": {
                "batter": 1,
                "extras": 0,
                "total": 1
              }
            },
            {
              "batter": "EJ Byrom",
              "bowler": "MJ Waite",
              "non_striker": "JC Hildreth",
              "runs": {
                "batter": 0,
                "extras": 0,
                "total": 0
              },
              "wickets": [
                {
                  "player_out": "EJ Byrom",
                  "fielders": [
                    {
                      "name": "WAR Fraine"
                    }
                  ],
                  "kind": "caught"
                }
              ]
            },
            {
              "batter": "JC Hildreth",
              "bowler": "MJ Waite",
              "non_striker": "BGF Green",
              "runs": {
                "batter": 0,
                "extras": 0,
                "total": 0
              }
            }
          ]
        },
        {
          "over": 18,
          "deliveries": [
            {
              "batter": "BGF Green",
              "bowler": "BO Coad",
              "non_striker": "JC Hildreth",
              "runs": {
                "batter": 0,
                "extras": 0,
                "total": 0
              }
            },
            {
              "batter": "BGF Green",
              "bowler": "BO Coad",
              "non_striker": "JC Hildreth",
              "runs": {
                "batter": 0,
                "extras": 0,
                "total": 0
              }
            },
            {
              "batter": "BGF Green",
              "bowler": "BO Coad",
              "non_striker": "JC Hildreth",
              "runs": {
                "batter": 1,
                "extras": 0,
                "total": 1
              }
            },
            {
              "batter": "JC Hildreth",
              "bowler": "BO Coad",
              "non_striker": "BGF Green",
              "runs": {
                "batter": 1,
                "extras": 0,
                "total": 1
              }
            },
            {
              "batter": "BGF Green",
              "bowler": "BO Coad",
              "non_striker": "JC Hildreth",
              "runs": {
                "batter": 0,
                "extras": 0,
                "total": 0
              }
            },
            {
              "batter": "BGF Green",
              "bowler": "BO Coad",
              "non_striker": "JC Hildreth",
              "runs": {
                "batter": 6,
                "extras": 0,
                "total": 6
              }
            }
          ]
        },
        {
          "over": 19,
          "deliveries": [
            {
              "batter": "JC Hildreth",
              "bowler": "MJ Waite",
              "non_striker": "BGF Green",
              "runs": {
                "batter": 1,
                "extras": 0,
                "total": 1
              }
            }
          ]
        }
      ],
      "powerplays": [
        {
          "from": 0.1,
          "to": 3.6,
          "type": "mandatory"
        },
        {
          "from": 4.1,
          "to": 15.6,
          "type": "mandatory"
        },
        {
          "from": 16.1,
          "to": 19.1,
          "type": "mandatory"
        }
      ],
      "target": {
        "overs": 20,
        "runs": 159
      }
    }
  ]
}