{
  "meta": {
    "data_version": "1.1.0",
    "created": "2022-03-09",
    "revision": 1
  },
  "info": {
    "balls_per_over": 6,
    "city": "Bristol",
    "dates": [
      "2021-07-27"
    ],
    "event": {
      "name": "Royal London One-Day Cup",
      "group": "1"
    },
    "gender": "male",
    "match_type": "ODM",
    "officials": {
      "match_referees": [
        "DW Headley"
      ],
      "umpires": [
        "NGB Cook",
        "PK Baldwin"
      ]
    },
    "outcome": {
      "winner": "Worcestershire",
      "by": {
        "runs": 11
      },
      "method": "D/L"
    },
    "overs": 50,
    "players": {
      "Worcestershire": [
        "JA Haynes",
        "BL D'Oliveira",
        "TC Fell",
        "JD Libby",
        "GH Roderick",
        "EG Barnard",
        "JJ Dell",
        "J Leach",
        "JO Baker",
        "CAJ Morris",
        "AW Finch"
      ],
      "Gloucestershire": [
        "BG Charlesworth",
        "CDJ Dent",
        "TC Lace",
        "GL van Buuren",
        "JMR Taylor",
        "GFB Scott",
        "BJJ Wells",
        "TMJ Smith",
        "MD Taylor",
        "J Shaw",
        "DJ Worrall"
      ]
    },
    "registry": {
      "people": {
        "AW Finch": "fc63d916",
        "BG Charlesworth": "ffdba4e2",
        "BJJ Wells": "ad9a3160",
        "BL D'Oliveira": "9679838c",
        "CAJ Morris": "5db1c288",
        "CDJ Dent": "10435ca2",
        "DJ Worrall": "208f22ea",
        "DW Headley": "870206b3",
        "EG Barnard": "a510bdd3",
        "GFB Scott": "c2b6764d",
        "GH Roderick": "7081848a",
        "GL van Buuren": "ba377b40",
        "J Leach": "cd143bca",
        "J Shaw": "b82e3032",
        "JA Haynes": "fe4ebca0",
        "JD Libby": "0d61d8f0",
        "JJ Dell": "0162e9c5",
        "JMR Taylor": "aed5be04",
        "JO Baker": "52c442e4",
        "MD Taylor": "01a95383",
        "NGB Cook": "772fe461",
        "PK Baldwin": "6bb53c12",
        "TC Fell": "83e74e91",
        "TC Lace": "b47cd52c",
        "TMJ Smith": "0a12e736"
      }
    },
    "season": "2021",
    "team_type": "club",
    "teams": [
      "Worcestershire",
      "Gloucestershire"
    ],
    "toss": {
      "decision": "field",
      "winner": "Gloucestershire"
    },
    "venue": "County Ground, Bristol"
  },
  "innings": [
    {
      "team": "Worcestershire",
      "overs": [
        {
          "over": 0,
          "deliveries": [
            {
              "batter": "JA Haynes",
              "bowler": "DJ Worrall",
              "non_striker": "BL D'Oliveira",
              "runs": {
                "batter": 0,
                "extras": 0,
                "total": 0
              }
            },
            {
              "batter": "JA Haynes",
              "bowler": "DJ Worrall",
              "non_striker": "BL D'Oliveira",
              "runs": {
                "batter": 1,
                "extras": 0,
                "total": 1
              }
            },
            {
              "batter": "BL D'Oliveira",
              "bowler": "DJ Worrall",
              "non_striker": "JA Haynes",
              "runs": {
                "batter": 0,
                "extras": 0,
                "total": 0
              }
            },
            {
              "batter": "BL D'Oliveira",
              "bowler": "DJ Worrall",
              "non_striker": "JA Haynes",
              "runs": {
                "batter": 0,
                "extras": 0,
                "total": 0
              }
            },
            {
              "batter": "BL D'Oliveira",
              "bowler": "DJ Worrall",
              "non_striker": "JA Haynes",
              "runs": {
                "batter": 0,
                "extras": 0,
                "total": 0
              }
            },
            {
              "batter": "BL D'Oliveira",
              "bowler": "DJ Worrall",
              "non_striker": "JA Haynes",
              "runs": {
                "batter": 0,
                "extras": 0,
                "total": 0
              }
            }
          ]
        },
        {
          "over": 1,
          "deliveries": [
            {
              "batter": "JA Haynes",
              "bowler": "MD Taylor",
              "non_striker": "BL D'Oliveira",
              "runs": {
                "batter": 1,
                "extras": 0,
                "total": 1
              }
            },
            {
              "batter": "BL D'Oliveira",
              "bowler": "MD Taylor",
              "non_striker": "JA Haynes",
              "runs": {
                "batter": 1,
                "extras": 0,
                "total": 1
              }
            },
            {
              "batter": "JA Haynes",
              "bowler": "MD Taylor",
              "non_striker": "BL D'Oliveira",
              "runs": {
                "batter": 0,
                "extras": 0,
                "total": 0
              }
            },
            {
              "batter": "JA Haynes",
              "bowler": "MD Taylor",
              "non_striker": "BL D'Oliveira",
              "runs": {
                "batter": 4,
                "extras": 0,
                "total": 4
              }
            },
            {
              "batter": "JA Haynes",
              "bowler": "MD Taylor",
              "extras": {
                "wides": 1
              },
              "non_striker": "BL D'Oliveira",
              "runs": {
                "batter": 0,
                "extras": 1,
                "total": 1
              }
            },
            {
              "batter": "JA Haynes",
              "bowler": "MD Taylor",
              "non_striker": "BL D'Oliveira",
              "runs": {
                "batter": 0,
                "extras": 0,
                "total": 0
              }
            },
            {
              "batter": "JA Haynes",
              "bowler": "MD Taylor",
              "non_striker": "BL D'Oliveira",
              "runs": {
                "batter": 4,
                "extras": 0,
                "total": 4
              }
            }
          ]
        },
        {
          "over": 2,
          "deliveries": [
            {
              "batter": "BL D'Oliveira",
              "bowler": "DJ Worrall",
              "non_striker": "JA Haynes",
              "runs": {
                "batter": 1,
                "extras": 0,
                "total": 1
              }
            },
            {
              "batter": "JA Haynes",
              "bowler": "DJ Worrall",
              "non_striker": "BL D'Oliveira",
              "runs": {
                "batter": 0,
                "extras": 0,
                "total": 0
              }
            },
            {
              "batter": "JA Haynes",
              "bowler": "DJ Worrall",
              "non_striker": "BL D'Oliveira",
              "runs": {
                "batter": 0,
                "extras": 0,
                "total": 0
              }
            },
            {
              "batter": "JA Haynes",
              "bowler": "DJ Worrall",
              "non_striker": "BL D'Oliveira",
              "runs": {
                "batter": 0,
                "extras": 0,
                "total": 0
              }
            },
            {
              "batter": "JA Haynes",
              "bowler": "DJ Worrall",
              "non_striker": "BL D'Oliveira",
              "runs": {
                "batter": 1,
                "extras": 0,
                "total": 1
              }
            },
            {
              "batter": "BL D'Oliveira",
              "bowler": "DJ Worrall",
              "non_striker": "JA Haynes",
              "runs": {
                "batter": 0,
                "extras": 0,
                "total": 0
              }
            }
          ]
        },
        {
          "over": 3,
          "deliveries": [
            {
              "batter": "JA Haynes",
              "bowler": "MD Taylor",
              "non_striker": "BL D'Oliveira",
              "runs": {
                "batter": 2,
                "extras": 0,
                "total": 2
              }
            },
            {
              "batter": "JA Haynes",
              "bowler": "MD Taylor",
              "extras": {
                "legbyes": 1
              },
              "non_striker": "BL D'Oliveira",
              "runs": {
                "batter": 0,
                "extras": 1,
                "total": 1
              }
            },
            {
              "batter": "BL D'Oliveira",
              "bowler": "MD Taylor",
              "non_striker": "JA Haynes",
              "runs": {
                "batter": 2,
                "extras": 0,
                "total": 2
              }
            },
            {
              "batter": "BL D'Oliveira",
              "bowler": "MD Taylor",
              "non_striker": "JA Haynes",
              "runs": {
                "batter": 0,
                "extras": 0,
                "total": 0
              }
            },
            {
              "batter": "BL D'Oliveira",
              "bowler": "MD Taylor",
              "non_striker": "JA Haynes",
              "runs": {
                "batter": 2,
                "extras": 0,
                "total": 2
              }
            },
            {
              "batter": "BL D'Oliveira",
              "bowler": "MD Taylor",
              "non_striker": "JA Haynes",
              "runs": {
                "batter": 4,
                "extras": 0,
                "total": 4
              }
            }
          ]
        },
        {
          "over": 4,
          "deliveries": [
            {
              "batter": "JA Haynes",
              "bowler": "DJ Worrall",
              "non_striker": "BL D'Oliveira",
              "runs": {
                "batter": 0,
                "extras": 0,
                "total": 0
              }
            },
            {
              "batter": "JA Haynes",
              "bowler": "DJ Worrall",
              "non_striker": "BL D'Oliveira",
              "runs": {
                "batter": 0,
                "extras": 0,
                "total": 0
              }
            },
            {
              "batter": "JA Haynes",
              "bowler": "DJ Worrall",
              "non_striker": "BL D'Oliveira",
              "runs": {
                "batter": 0,
                "extras": 0,
                "total": 0
              }
            },
            {
              "batter": "JA Haynes",
              "bowler": "DJ Worrall",
              "non_striker": "BL D'Oliveira",
              "runs": {
                "batter": 0,
                "extras": 0,
                "total": 0
              }
            },
            {
              "batter": "JA Haynes",
              "bowler": "DJ Worrall",
              "non_striker": "BL D'Oliveira",
              "runs": {
                "batter": 4,
                "extras": 0,
                "total": 4
              }
            },
            {
              "batter": "JA Haynes",
              "bowler": "DJ Worrall",
              "non_striker": "BL D'Oliveira",
              "runs": {
                "batter": 0,
                "extras": 0,
                "total": 0
              }
            }
          ]
        },
        {
          "over": 5,
          "deliveries": [
            {
              "batter": "BL D'Oliveira",
              "bowler": "J Shaw",
              "non_striker": "JA Haynes",
              "runs": {
                "batter": 4,
                "extras": 0,
                "total": 4
              }
            },
            {
              "batter": "BL D'Oliveira",
              "bowler": "J Shaw",
              "non_striker": "JA Haynes",
              "runs": {
                "batter": 0,
                "extras": 0,
                "total": 0
              },
              "wickets": [
                {
                  "player_out": "BL D'Oliveira",
                  "fielders": [
                    {
                      "name": "GFB Scott"
                    }
                  ],
                  "kind": "caught"
                }
              ]
            },
            {
              "batter": "JA Haynes",
              "bowler": "J Shaw",
              "non_striker": "TC Fell",
              "runs": {
                "batter": 0,
                "extras": 0,
                "total": 0
              }
            },
            {
              "batter": "JA Haynes",
              "bowler": "J Shaw",
              "non_striker": "TC Fell",
              "runs": {
                "batter": 0,
                "extras": 0,
                "total": 0
              }
            },
            {
              "batter": "JA Haynes",
              "bowler": "J Shaw",
              "non_striker": "TC Fell",
              "runs": {
                "batter": 0,
                "extras": 0,
                "total": 0
              }
            },
            {
              "batter": "JA Haynes",
              "bowler": "J Shaw",
              "non_striker": "TC Fell",
              "runs": {
                "batter": 0,
                "extras": 0,
                "total": 0
              }
            }
          ]
        },
        {
          "over": 6,
          "deliveries": [
            {
              "batter": "TC Fell",
              "bowler": "DJ Worrall",
              "non_striker": "JA Haynes",
              "runs": {
                "batter": 1,
                "extras": 0,
                "total": 1
              }
            },
            {
              "batter": "JA Haynes",
              "bowler": "DJ Worrall",
              "non_striker": "TC Fell",
              "runs": {
                "batter": 6,
                "extras": 0,
                "total": 6
              }
            },
            {
              "batter": "JA Haynes",
              "bowler": "DJ Worrall",
              "non_striker": "TC Fell",
              "runs": {
                "batter": 1,
                "extras": 0,
                "total": 1
              }
            },
            {
              "batter": "TC Fell",
              "bowler": "DJ Worrall",
              "non_striker": "JA Haynes",
              "runs": {
                "batter": 0,
                "extras": 0,
                "total": 0
              }
            },
            {
              "batter": "TC Fell",
              "bowler": "DJ Worrall",
              "non_striker": "JA Haynes",
              "runs": {
                "batter": 0,
                "extras": 0,
                "total": 0
              }
            },
            {
              "batter": "TC Fell",
              "bowler": "DJ Worrall",
              "non_striker": "JA Haynes",
              "runs": {
                "batter": 0,
                "extras": 0,
                "total": 0
              }
            }
          ]
        },
        {
          "over": 7,
          "deliveries": [
            {
              "batter": "JA Haynes",
              "bowler": "J Shaw",
              "non_striker": "TC Fell",
              "runs": {
                "batter": 0,
                "extras": 0,
                "total": 0
              }
            },
            {
              "batter": "JA Haynes",
              "bowler": "J Shaw",
              "non_striker": "TC Fell",
              "runs": {
                "batter": 0,
                "extras": 0,
                "total": 0
              }
            },
            {
              "batter": "JA Haynes",
              "bowler": "J Shaw",
              "non_striker": "TC Fell",
              "runs": {
                "batter": 0,
                "extras": 0,
                "total": 0
              }
            },
            {
              "batter": "JA Haynes",
              "bowler": "J Shaw",
              "non_striker": "TC Fell",
              "runs": {
                "batter": 0,
                "extras": 0,
                "total": 0
              }
            },
            {
              "batter": "JA Haynes",
              "bowler": "J Shaw",
              "non_striker": "TC Fell",
              "runs": {
                "batter": 2,
                "extras": 0,
                "total": 2
              }
            },
            {
              "batter": "JA Haynes",
              "bowler": "J Shaw",
              "non_striker": "TC Fell",
              "runs": {
                "batter": 1,
                "extras": 0,
                "total": 1
              }
            }
          ]
        },
        {
          "over": 8,
          "deliveries": [
            {
              "batter": "JA Haynes",
              "bowler": "DJ Worrall",
              "non_striker": "TC Fell",
              "runs": {
                "batter": 0,
                "extras": 0,
                "total": 0
              }
            },
            {
              "batter": "JA Haynes",
              "bowler": "DJ Worrall",
              "non_striker": "TC Fell",
              "runs": {
                "batter": 0,
                "extras": 0,
                "total": 0
              }
            },
            {
              "batter": "JA Haynes",
              "bowler": "DJ Worrall",
              "non_striker": "TC Fell",
              "runs": {
                "batter": 0,
                "extras": 0,
                "total": 0
              }
            },
            {
              "batter": "JA Haynes",
              "bowler": "DJ Worrall",
              "non_striker": "TC Fell",
              "runs": {
                "batter": 4,
                "extras": 0,
                "total": 4
              }
            },
            {
              "batter": "JA Haynes",
              "bowler": "DJ Worrall",
              "non_striker": "TC Fell",
              "runs": {
                "batter": 1,
                "extras": 0,
                "total": 1
              }
            },
            {
              "batter": "TC Fell",
              "bowler": "DJ Worrall",
              "non_striker": "JA Haynes",
              "runs": {
                "batter": 1,
                "extras": 0,
                "total": 1
              }
            }
          ]
        },
        {
          "over": 9,
          "deliveries": [
            {
              "batter": "TC Fell",
              "bowler": "J Shaw",
              "extras": {
                "wides": 1
              },
              "non_striker": "JA Haynes",
              "runs": {
                "batter": 0,
                "extras": 1,
                "total": 1
              }
            },
            {
              "batter": "TC Fell",
              "bowler": "J Shaw",
              "non_striker": "JA Haynes",
              "runs": {
                "batter": 2,
                "extras": 0,
                "total": 2
              }
            },
            {
              "batter": "TC Fell",
              "bowler": "J Shaw",
              "non_striker": "JA Haynes",
              "runs": {
                "batter": 4,
                "extras": 0,
                "total": 4
              }
            },
            {
              "batter": "TC Fell",
              "bowler": "J Shaw",
              "non_striker": "JA Haynes",
              "runs": {
                "batter": 4,
                "extras": 0,
                "total": 4
              }
            },
            {
              "batter": "TC Fell",
              "bowler": "J Shaw",
              "non_striker": "JA Haynes",
              "runs": {
                "batter": 0,
                "extras": 0,
                "total": 0
              }
            },
            {
              "batter": "TC Fell",
              "bowler": "J Shaw",
              "non_striker": "JA Haynes",
              "runs": {
                "batter": 1,
                "extras": 0,
                "total": 1
              }
            },
            {
              "batter": "JA Haynes",
              "bowler": "J Shaw",
              "non_striker": "TC Fell",
              "runs": {
                "batter": 4,
                "extras": 0,
                "total": 4
              }
            }
          ]
        },
        {
          "over": 10,
          "deliveries": [
            {
              "batter": "TC Fell",
              "bowler": "TMJ Smith",
              "non_striker": "JA Haynes",
              "runs": {
                "batter": 0,
                "extras": 0,
                "total": 0
              },
              "wickets": [
                {
                  "player_out": "TC Fell",
                  "fielders": [
                    {
                      "name": "BJJ Wells"
                    }
                  ],
                  "kind": "caught"
                }
              ]
            },
            {
              "batter": "JD Libby",
              "bowler": "TMJ Smith",
              "non_striker": "JA Haynes",
              "runs": {
                "batter": 0,
                "extras": 0,
                "total": 0
              }
            },
            {
              "batter": "JD Libby",
              "bowler": "TMJ Smith",
              "non_striker": "JA Haynes",
              "runs": {
                "batter": 1,
                "extras": 0,
                "total": 1
              }
            },
            {
              "batter": "JA Haynes",
              "bowler": "TMJ Smith",
              "non_striker": "JD Libby",
              "runs": {
                "batter": 1,
                "extras": 0,
                "total": 1
              }
            },
            {
              "batter": "JD Libby",
              "bowler": "TMJ Smith",
              "non_striker": "JA Haynes",
              "runs": {
                "batter": 1,
                "extras": 0,
                "total": 1
              }
            },
            {
              "batter": "JA Haynes",
              "bowler": "TMJ Smith",
              "non_striker": "JD Libby",
              "runs": {
                "batter": 1,
                "extras": 0,
                "total": 1
              }
            }
          ]
        },
        {
          "over": 11,
          "deliveries": [
            {
              "batter": "JA Haynes",
              "bowler": "J Shaw",
              "non_striker": "JD Libby",
              "runs": {
                "batter": 1,
                "extras": 0,
                "total": 1
              }
            },
            {
              "batter": "JD Libby",
              "bowler": "J Shaw",
              "non_striker": "JA Haynes",
              "runs": {
                "batter": 1,
                "extras": 0,
                "total": 1
              }
            },
            {
              "batter": "JA Haynes",
              "bowler": "J Shaw",
              "non_striker": "JD Libby",
              "runs": {
                "batter": 1,
                "extras": 0,
                "total": 1
              }
            },
            {
              "batter": "JD Libby",
              "bowler": "J Shaw",
              "non_striker": "JA Haynes",
              "runs": {
                "batter": 0,
                "extras": 0,
                "total": 0
              }
            },
            {
              "batter": "JD Libby",
              "bowler": "J Shaw",
              "non_striker": "JA Haynes",
              "runs": {
                "batter": 0,
                "extras": 0,
                "total": 0
              }
            },
            {
              "batter": "JD Libby",
              "bowler": "J Shaw",
              "non_striker": "JA Haynes",
              "runs": {
                "batter": 1,
                "extras": 0,
                "total": 1
              }
            }
          ]
        },
        {
          "over": 12,
          "deliveries": [
            {
              "batter": "JD Libby",
              "bowler": "TMJ Smith",
              "non_striker": "JA Haynes",
              "runs": {
                "batter": 1,
                "extras": 0,
                "total": 1
              }
            },
            {
              "batter": "JA Haynes",
              "bowler": "TMJ Smith",
              "non_striker": "JD Libby",
              "runs": {
                "batter": 0,
                "extras": 0,
                "total": 0
              }
            },
            {
              "batter": "JA Haynes",
              "bowler": "TMJ Smith",
              "non_striker": "JD Libby",
              "runs": {
                "batter": 1,
                "extras": 0,
                "total": 1
              }
            },
            {
              "batter": "JD Libby",
              "bowler": "TMJ Smith",
              "non_striker": "JA Haynes",
              "runs": {
                "batter": 0,
                "extras": 0,
                "total": 0
              }
            },
            {
              "batter": "JD Libby",
              "bowler": "TMJ Smith",
              "non_striker": "JA Haynes",
              "runs": {
                "batter": 1,
                "extras": 0,
                "total": 1
              }
            },
            {
              "batter": "JA Haynes",
              "bowler": "TMJ Smith",
              "non_striker": "JD Libby",
              "runs": {
                "batter": 0,
                "extras": 0,
                "total": 0
              }
            }
          ]
        },
        {
          "over": 13,
          "deliveries": [
            {
              "batter": "JD Libby",
              "bowler": "J Shaw",
              "non_striker": "JA Haynes",
              "runs": {
                "batter": 1,
                "extras": 0,
                "total": 1
              }
            },
            {
              "batter": "JA Haynes",
              "bowler": "J Shaw",
              "non_striker": "JD Libby",
              "runs": {
                "batter": 1,
                "extras": 0,
                "total": 1
              }
            },
            {
              "batter": "JD Libby",
              "bowler": "J Shaw",
              "non_striker": "JA Haynes",
              "runs": {
                "batter": 0,
                "extras": 0,
                "total": 0
              }
            },
            {
              "batter": "JD Libby",
              "bowler": "J Shaw",
              "non_striker": "JA Haynes",
              "runs": {
                "batter": 1,
                "extras": 0,
                "total": 1
              }
            },
            {
              "batter": "JA Haynes",
              "bowler": "J Shaw",
              "non_striker": "JD Libby",
              "runs": {
                "batter": 4,
                "extras": 0,
                "total": 4
              }
            },
            {
              "batter": "JA Haynes",
              "bowler": "J Shaw",
              "non_striker": "JD Libby",
              "runs": {
                "batter": 0,
                "extras": 0,
                "total": 0
              }
            }
          ]
        },
        {
          "over": 14,
          "deliveries": [
            {
              "batter": "JD Libby",
              "bowler": "TMJ Smith",
              "non_striker": "JA Haynes",
              "runs": {
                "batter": 1,
                "extras": 0,
                "total": 1
              }
            },
            {
              "batter": "JA Haynes",
              "bowler": "TMJ Smith",
              "non_striker": "JD Libby",
              "runs": {
                "batter": 1,
                "extras": 0,
                "total": 1
              }
            },
            {
              "batter": "JD Libby",
              "bowler": "TMJ Smith",
              "non_striker": "JA Haynes",
              "runs": {
                "batter": 1,
                "extras": 0,
                "total": 1
              }
            },
            {
              "batter": "JA Haynes",
              "bowler": "TMJ Smith",
              "non_striker": "JD Libby",
              "runs": {
                "batter": 1,
                "extras": 0,
                "total": 1
              }
            },
            {
              "batter": "JD Libby",
              "bowler": "TMJ Smith",
              "non_striker": "JA Haynes",
              "runs": {
                "batter": 1,
                "extras": 0,
                "total": 1
              }
            },
            {
              "batter": "JA Haynes",
              "bowler": "TMJ Smith",
              "non_striker": "JD Libby",
              "runs": {
                "batter": 1,
                "extras": 0,
                "total": 1
              }
            }
          ]
        },
        {
          "over": 15,
          "deliveries": [
            {
              "batter": "JA Haynes",
              "bowler": "GL van Buuren",
              "non_striker": "JD Libby",
              "runs": {
                "batter": 0,
                "extras": 0,
                "total": 0
              }
            },
            {
              "batter": "JA Haynes",
              "bowler": "GL van Buuren",
              "non_striker": "JD Libby",
              "runs": {
                "batter": 1,
                "extras": 0,
                "total": 1
              }
            },
            {
              "batter": "JD Libby",
              "bowler": "GL van Buuren",
              "non_striker": "JA Haynes",
              "runs": {
                "batter": 0,
                "extras": 0,
                "total": 0
              }
            },
            {
              "batter": "JD Libby",
              "bowler": "GL van Buuren",
              "non_striker": "JA Haynes",
              "runs": {
                "batter": 1,
                "extras": 0,
                "total": 1
              }
            },
            {
              "batter": "JA Haynes",
              "bowler": "GL van Buuren",
              "non_striker": "JD Libby",
              "runs": {
                "batter": 1,
                "extras": 0,
                "total": 1
              }
            },
            {
              "batter": "JD Libby",
              "bowler": "GL van Buuren",
              "non_striker": "JA Haynes",
              "runs": {
                "batter": 0,
                "extras": 0,
                "total": 0
              }
            }
          ]
        },
        {
          "over": 16,
          "deliveries": [
            {
              "batter": "JA Haynes",
              "bowler": "TMJ Smith",
              "non_striker": "JD Libby",
              "runs": {
                "batter": 0,
                "extras": 0,
                "total": 0
              }
            },
            {
              "batter": "JA Haynes",
              "bowler": "TMJ Smith",
              "non_striker": "JD Libby",
              "runs": {
                "batter": 0,
                "extras": 0,
                "total": 0
              }
            },
            {
              "batter": "JA Haynes",
              "bowler": "TMJ Smith",
              "non_striker": "JD Libby",
              "runs": {
                "batter": 1,
                "extras": 0,
                "total": 1
              }
            },
            {
              "batter": "JD Libby",
              "bowler": "TMJ Smith",
              "non_striker": "JA Haynes",
              "runs": {
                "batter": 4,
                "extras": 0,
                "total": 4
              }
            },
            {
              "batter": "JD Libby",
              "bowler": "TMJ Smith",
              "non_striker": "JA Haynes",
              "runs": {
                "batter": 1,
                "extras": 0,
                "total": 1
              }
            },
            {
              "batter": "JA Haynes",
              "bowler": "TMJ Smith",
              "non_striker": "JD Libby",
              "runs": {
                "batter": 1,
                "extras": 0,
                "total": 1
              }
            }
          ]
        },
        {
          "over": 17,
          "deliveries": [
            {
              "batter": "JA Haynes",
              "bowler": "GL van Buuren",
              "non_striker": "JD Libby",
              "runs": {
                "batter": 1,
                "extras": 0,
                "total": 1
              }
            },
            {
              "batter": "JD Libby",
              "bowler": "GL van Buuren",
              "non_striker": "JA Haynes",
              "runs": {
                "batter": 1,
                "extras": 0,
                "total": 1
              }
            },
            {
              "batter": "JA Haynes",
              "bowler": "GL van Buuren",
              "non_striker": "JD Libby",
              "runs": {
                "batter": 4,
                "extras": 0,
                "total": 4
              }
            },
            {
              "batter": "JA Haynes",
              "bowler": "GL van Buuren",
              "non_striker": "JD Libby",
              "runs": {
                "batter": 1,
                "extras": 0,
                "total": 1
              }
            },
            {
              "batter": "JD Libby",
              "bowler": "GL van Buuren",
              "non_striker": "JA Haynes",
              "runs": {
                "batter": 0,
                "extras": 0,
                "total": 0
              }
            },
            {
              "batter": "JD Libby",
              "bowler": "GL van Buuren",
              "non_striker": "JA Haynes",
              "runs": {
                "batter": 1,
                "extras": 0,
                "total": 1
              }
            }
          ]
        },
        {
          "over": 18,
          "deliveries": [
            {
              "batter": "JD Libby",
              "bowler": "MD Taylor",
              "non_striker": "JA Haynes",
              "runs": {
                "batter": 1,
                "extras": 0,
                "total": 1
              }
            },
            {
              "batter": "JA Haynes",
              "bowler": "MD Taylor",
              "non_striker": "JD Libby",
              "runs": {
                "batter": 0,
                "extras": 0,
                "total": 0
              },
              "wickets": [
                {
                  "player_out": "JA Haynes",
                  "fielders": [
                    {
                      "name": "GFB Scott"
                    }
                  ],
                  "kind": "caught"
                }
              ]
            },
            {
              "batter": "JD Libby",
              "bowler": "MD Taylor",
              "non_striker": "GH Roderick",
              "runs": {
                "batter": 0,
                "extras": 0,
                "total": 0
              }
            },
            {
              "batter": "JD Libby",
              "bowler": "MD Taylor",
              "non_striker": "GH Roderick",
              "runs": {
                "batter": 1,
                "extras": 0,
                "total": 1
              }
            },
            {
              "batter": "GH Roderick",
              "bowler": "MD Taylor",
              "non_striker": "JD Libby",
              "runs": {
                "batter": 0,
                "extras": 0,
                "total": 0
              }
            },
            {
              "batter": "GH Roderick",
              "bowler": "MD Taylor",
              "non_striker": "JD Libby",
              "runs": {
                "batter": 1,
                "extras": 0,
                "total": 1
              }
            }
          ]
        },
        {
          "over": 19,
          "deliveries": [
            {
              "batter": "GH Roderick",
              "bowler": "GL van Buuren",
              "non_striker": "JD Libby",
              "runs": {
                "batter": 1,
                "extras": 0,
                "total": 1
              }
            },
            {
              "batter": "JD Libby",
              "bowler": "GL van Buuren",
              "non_striker": "GH Roderick",
              "runs": {
                "batter": 1,
                "extras": 0,
                "total": 1
              }
            },
            {
              "batter": "GH Roderick",
              "bowler": "GL van Buuren",
              "non_striker": "JD Libby",
              "runs": {
                "batter": 0,
                "extras": 0,
                "total": 0
              }
            },
            {
              "batter": "GH Roderick",
              "bowler": "GL van Buuren",
              "non_striker": "JD Libby",
              "runs": {
                "batter": 2,
                "extras": 0,
                "total": 2
              }
            },
            {
              "batter": "GH Roderick",
              "bowler": "GL van Buuren",
              "non_striker": "JD Libby",
              "runs": {
                "batter": 0,
                "extras": 0,
                "total": 0
              }
            },
            {
              "batter": "GH Roderick",
              "bowler": "GL van Buuren",
              "non_striker": "JD Libby",
              "runs": {
                "batter": 0,
                "extras": 0,
                "total": 0
              }
            }
          ]
        },
        {
          "over": 20,
          "deliveries": [
            {
              "batter": "JD Libby",
              "bowler": "MD Taylor",
              "non_striker": "GH Roderick",
              "runs": {
                "batter": 0,
                "extras": 0,
                "total": 0
              }
            },
            {
              "batter": "JD Libby",
              "bowler": "MD Taylor",
              "non_striker": "GH Roderick",
              "runs": {
                "batter": 1,
                "extras": 0,
                "total": 1
              }
            },
            {
              "batter": "GH Roderick",
              "bowler": "MD Taylor",
              "non_striker": "JD Libby",
              "runs": {
                "batter": 1,
                "extras": 0,
                "total": 1
              }
            },
            {
              "batter": "JD Libby",
              "bowler": "MD Taylor",
              "non_striker": "GH Roderick",
              "runs": {
                "batter": 0,
                "extras": 0,
                "total": 0
              }
            },
            {
              "batter": "JD Libby",
              "bowler": "MD Taylor",
              "non_striker": "GH Roderick",
              "runs": {
                "batter": 1,
                "extras": 0,
                "total": 1
              }
            },
            {
              "batter": "GH Roderick",
              "bowler": "MD Taylor",
              "non_striker": "JD Libby",
              "runs": {
                "batter": 0,
                "extras": 0,
                "total": 0
              }
            }
          ]
        },
        {
          "over": 21,
          "deliveries": [
            {
              "batter": "JD Libby",
              "bowler": "GL van Buuren",
              "non_striker": "GH Roderick",
              "runs": {
                "batter": 0,
                "extras": 0,
                "total": 0
              }
            },
            {
              "batter": "JD Libby",
              "bowler": "GL van Buuren",
              "non_striker": "GH Roderick",
              "runs": {
                "batter": 0,
                "extras": 0,
                "total": 0
              }
            },
            {
              "batter": "JD Libby",
              "bowler": "GL van Buuren",
              "non_striker": "GH Roderick",
              "runs": {
                "batter": 1,
                "extras": 0,
                "total": 1
              }
            },
            {
              "batter": "GH Roderick",
              "bowler": "GL van Buuren",
              "non_striker": "JD Libby",
              "runs": {
                "batter": 1,
                "extras": 0,
                "total": 1
              }
            },
            {
              "batter": "JD Libby",
              "bowler": "GL van Buuren",
              "non_striker": "GH Roderick",
              "runs": {
                "batter": 0,
                "extras": 0,
                "total": 0
              }
            },
            {
              "batter": "JD Libby",
              "bowler": "GL van Buuren",
              "non_striker": "GH Roderick",
              "runs": {
                "batter": 1,
                "extras": 0,
                "total": 1
              }
            }
          ]
        },
        {
          "over": 22,
          "deliveries": [
            {
              "batter": "JD Libby",
              "bowler": "MD Taylor",
              "non_striker": "GH Roderick",
              "runs": {
                "batter": 1,
                "extras": 0,
                "total": 1
              }
            },
            {
              "batter": "GH Roderick",
              "bowler": "MD Taylor",
              "non_striker": "JD Libby",
              "runs": {
                "batter": 0,
                "extras": 0,
                "total": 0
              }
            },
            {
              "batter": "GH Roderick",
              "bowler": "MD Taylor",
              "extras": {
                "legbyes": 1
              },
              "non_striker": "JD Libby",
              "runs": {
                "batter": 0,
                "extras": 1,
                "total": 1
              }
            },
            {
              "batter": "JD Libby",
              "bowler": "MD Taylor",
              "non_striker": "GH Roderick",
              "runs": {
                "batter": 1,
                "extras": 0,
                "total": 1
              }
            },
            {
              "batter": "GH Roderick",
              "bowler": "MD Taylor",
              "non_striker": "JD Libby",
              "runs": {
                "batter": 1,
                "extras": 0,
                "total": 1
              }
            },
            {
              "batter": "JD Libby",
              "bowler": "MD Taylor",
              "non_striker": "GH Roderick",
              "runs": {
                "batter": 1,
                "extras": 0,
                "total": 1
              }
            }
          ]
        },
        {
          "over": 23,
          "deliveries": [
            {
              "batter": "JD Libby",
              "bowler": "GL van Buuren",
              "non_striker": "GH Roderick",
              "runs": {
                "batter": 1,
                "extras": 0,
                "total": 1
              }
            },
            {
              "batter": "GH Roderick",
              "bowler": "GL van Buuren",
              "non_striker": "JD Libby",
              "runs": {
                "batter": 0,
                "extras": 0,
                "total": 0
              }
            },
            {
              "batter": "GH Roderick",
              "bowler": "GL van Buuren",
              "non_striker": "JD Libby",
              "runs": {
                "batter": 1,
                "extras": 0,
                "total": 1
              }
            },
            {
              "batter": "JD Libby",
              "bowler": "GL van Buuren",
              "extras": {
                "legbyes": 1
              },
              "non_striker": "GH Roderick",
              "runs": {
                "batter": 0,
                "extras": 1,
                "total": 1
              }
            },
            {
              "batter": "GH Roderick",
              "bowler": "GL van Buuren",
              "extras": {
                "legbyes": 1
              },
              "non_striker": "JD Libby",
              "runs": {
                "batter": 0,
                "extras": 1,
                "total": 1
              }
            },
            {
              "batter": "JD Libby",
              "bowler": "GL van Buuren",
              "non_striker": "GH Roderick",
              "runs": {
                "batter": 1,
                "extras": 0,
                "total": 1
              }
            }
          ]
        },
        {
          "over": 24,
          "deliveries": [
            {
              "batter": "JD Libby",
              "bowler": "MD Taylor",
              "non_striker": "GH Roderick",
              "runs": {
                "batter": 1,
                "extras": 0,
                "total": 1
              }
            },
            {
              "batter": "GH Roderick",
              "bowler": "MD Taylor",
              "non_striker": "JD Libby",
              "runs": {
                "batter": 0,
                "extras": 0,
                "total": 0
              }
            },
            {
              "batter": "GH Roderick",
              "bowler": "MD Taylor",
              "non_striker": "JD Libby",
              "runs": {
                "batter": 1,
                "extras": 0,
                "total": 1
              }
            },
            {
              "batter": "JD Libby",
              "bowler": "MD Taylor",
              "non_striker": "GH Roderick",
              "runs": {
                "batter": 0,
                "extras": 0,
                "total": 0
              }
            },
            {
              "batter": "JD Libby",
              "bowler": "MD Taylor",
              "non_striker": "GH Roderick",
              "runs": {
                "batter": 0,
                "extras": 0,
                "total": 0
              }
            },
            {
              "batter": "JD Libby",
              "bowler": "MD Taylor",
              "non_striker": "GH Roderick",
              "runs": {
                "batter": 1,
                "extras": 0,
                "total": 1
              }
            }
          ]
        },
        {
          "over": 25,
          "deliveries": [
            {
              "batter": "JD Libby",
              "bowler": "GL van Buuren",
              "non_striker": "GH Roderick",
              "runs": {
                "batter": 0,
                "extras": 0,
                "total": 0
              },
              "wickets": [
                {
                  "player_out": "JD Libby",
                  "kind": "caught and bowled"
                }
              ]
            },
            {
              "batter": "EG Barnard",
              "bowler": "GL van Buuren",
              "non_striker": "GH Roderick",
              "runs": {
                "batter": 0,
                "extras": 0,
                "total": 0
              },
              "wickets": [
                {
                  "player_out": "EG Barnard",
                  "kind": "lbw"
                }
              ]
            },
            {
              "batter": "JJ Dell",
              "bowler": "GL van Buuren",
              "non_striker": "GH Roderick",
              "runs": {
                "batter": 0,
                "extras": 0,
                "total": 0
              }
            },
            {
              "batter": "JJ Dell",
              "bowler": "GL van Buuren",
              "non_striker": "GH Roderick",
              "runs": {
                "batter": 1,
                "extras": 0,
                "total": 1
              }
            },
            {
              "batter": "GH Roderick",
              "bowler": "GL van Buuren",
              "non_striker": "JJ Dell",
              "runs": {
                "batter": 1,
                "extras": 0,
                "total": 1
              }
            },
            {
              "batter": "JJ Dell",
              "bowler": "GL van Buuren",
              "non_striker": "GH Roderick",
              "runs": {
                "batter": 0,
                "extras": 0,
                "total": 0
              }
            }
          ]
        },
        {
          "over": 26,
          "deliveries": [
            {
              "batter": "GH Roderick",
              "bowler": "DJ Worrall",
              "extras": {
                "wides": 1
              },
              "non_striker": "JJ Dell",
              "runs": {
                "batter": 0,
                "extras": 1,
                "total": 1
              }
            },
            {
              "batter": "GH Roderick",
              "bowler": "DJ Worrall",
              "non_striker": "JJ Dell",
              "runs": {
                "batter": 1,
                "extras": 0,
                "total": 1
              }
            },
            {
              "batter": "JJ Dell",
              "bowler": "DJ Worrall",
              "non_striker": "GH Roderick",
              "runs": {
                "batter": 0,
                "extras": 0,
                "total": 0
              }
            },
            {
              "batter": "JJ Dell",
              "bowler": "DJ Worrall",
              "non_striker": "GH Roderick",
              "runs": {
                "batter": 1,
                "extras": 0,
                "total": 1
              }
            },
            {
              "batter": "GH Roderick",
              "bowler": "DJ Worrall",
              "non_striker": "JJ Dell",
              "runs": {
                "batter": 1,
                "extras": 0,
                "total": 1
              }
            },
            {
              "batter": "JJ Dell",
              "bowler": "DJ Worrall",
              "extras": {
                "wides": 1
              },
              "non_striker": "GH Roderick",
              "runs": {
                "batter": 0,
                "extras": 1,
                "total": 1
              }
            },
            {
              "batter": "JJ Dell",
              "bowler": "DJ Worrall",
              "non_striker": "GH Roderick",
              "runs": {
                "batter": 2,
                "extras": 0,
                "total": 2
              }
            },
            {
              "batter": "JJ Dell",
              "bowler": "DJ Worrall",
              "non_striker": "GH Roderick",
              "runs": {
                "batter": 0,
                "extras": 0,
                "total": 0
              }
            }
          ]
        },
        {
          "over": 27,
          "deliveries": [
            {
              "batter": "GH Roderick",
              "bowler": "GL van Buuren",
              "non_striker": "JJ Dell",
              "runs": {
                "batter": 0,
                "extras": 0,
                "total": 0
              }
            },
            {
              "batter": "GH Roderick",
              "bowler": "GL van Buuren",
              "non_striker": "JJ Dell",
              "runs": {
                "batter": 1,
                "extras": 0,
                "total": 1
              }
            },
            {
              "batter": "JJ Dell",
              "bowler": "GL van Buuren",
              "non_striker": "GH Roderick",
              "runs": {
                "batter": 1,
                "extras": 0,
                "total": 1
              }
            },
            {
              "batter": "GH Roderick",
              "bowler": "GL van Buuren",
              "non_striker": "JJ Dell",
              "runs": {
                "batter": 1,
                "extras": 0,
                "total": 1
              }
            },
            {
              "batter": "JJ Dell",
              "bowler": "GL van Buuren",
              "non_striker": "GH Roderick",
              "runs": {
                "batter": 0,
                "extras": 0,
                "total": 0
              }
            },
            {
              "batter": "JJ Dell",
              "bowler": "GL van Buuren",
              "non_striker": "GH Roderick",
              "runs": {
                "batter": 0,
                "extras": 0,
                "total": 0
              }
            }
          ]
        },
        {
          "over": 28,
          "deliveries": [
            {
              "batter": "GH Roderick",
              "bowler": "DJ Worrall",
              "non_striker": "JJ Dell",
              "runs": {
                "batter": 1,
                "extras": 0,
                "total": 1
              }
            },
            {
              "batter": "JJ Dell",
              "bowler": "DJ Worrall",
              "non_striker": "GH Roderick",
              "runs": {
                "batter": 1,
                "extras": 0,
                "total": 1
              }
            },
            {
              "batter": "GH Roderick",
              "bowler": "DJ Worrall",
              "non_striker": "JJ Dell",
              "runs": {
                "batter": 1,
                "extras": 0,
                "total": 1
              }
            },
            {
              "batter": "JJ Dell",
              "bowler": "DJ Worrall",
              "non_striker": "GH Roderick",
              "runs": {
                "batter": 0,
                "extras": 0,
                "total": 0
              }
            },
            {
              "batter": "JJ Dell",
              "bowler": "DJ Worrall",
              "extras": {
                "wides": 1
              },
              "non_striker": "GH Roderick",
              "runs": {
                "batter": 0,
                "extras": 1,
                "total": 1
              }
            },
            {
              "batter": "JJ Dell",
              "bowler": "DJ Worrall",
              "non_striker": "GH Roderick",
              "runs": {
                "batter": 0,
                "extras": 0,
                "total": 0
              }
            },
            {
              "batter": "JJ Dell",
              "bowler": "DJ Worrall",
              "non_striker": "GH Roderick",
              "runs": {
                "batter": 1,
                "extras": 0,
                "total": 1
              }
            }
          ]
        },
        {
          "over": 29,
          "deliveries": [
            {
              "batter": "JJ Dell",
              "bowler": "GL van Buuren",
              "non_striker": "GH Roderick",
              "runs": {
                "batter": 1,
                "extras": 0,
                "total": 1
              }
            },
            {
              "batter": "GH Roderick",
              "bowler": "GL van Buuren",
              "non_striker": "JJ Dell",
              "runs": {
                "batter": 1,
                "extras": 0,
                "total": 1
              }
            },
            {
              "batter": "JJ Dell",
              "bowler": "GL van Buuren",
              "non_striker": "GH Roderick",
              "runs": {
                "batter": 1,
                "extras": 0,
                "total": 1
              }
            },
            {
              "batter": "GH Roderick",
              "bowler": "GL van Buuren",
              "non_striker": "JJ Dell",
              "runs": {
                "batter": 0,
                "extras": 0,
                "total": 0
              }
            },
            {
              "batter": "GH Roderick",
              "bowler": "GL van Buuren",
              "extras": {
                "wides": 5
              },
              "non_striker": "JJ Dell",
              "runs": {
                "batter": 0,
                "extras": 5,
                "total": 5
              }
            },
            {
              "batter": "GH Roderick",
              "bowler": "GL van Buuren",
              "non_striker": "JJ Dell",
              "runs": {
                "batter": 1,
                "extras": 0,
                "total": 1
              }
            },
            {
              "batter": "JJ Dell",
              "bowler": "GL van Buuren",
              "non_striker": "GH Roderick",
              "runs": {
                "batter": 1,
                "extras": 0,
                "total": 1
              }
            }
          ]
        },
        {
          "over": 30,
          "deliveries": [
            {
              "batter": "JJ Dell",
              "bowler": "GFB Scott",
              "non_striker": "GH Roderick",
              "runs": {
                "batter": 4,
                "extras": 0,
                "total": 4
              }
            },
            {
              "batter": "JJ Dell",
              "bowler": "GFB Scott",
              "non_striker": "GH Roderick",
              "runs": {
                "batter": 0,
                "extras": 0,
                "total": 0
              }
            },
            {
              "batter": "JJ Dell",
              "bowler": "GFB Scott",
              "non_striker": "GH Roderick",
              "runs": {
                "batter": 4,
                "extras": 0,
                "total": 4
              }
            },
            {
              "batter": "JJ Dell",
              "bowler": "GFB Scott",
              "non_striker": "GH Roderick",
              "runs": {
                "batter": 0,
                "extras": 0,
                "total": 0
              }
            },
            {
              "batter": "JJ Dell",
              "bowler": "GFB Scott",
              "non_striker": "GH Roderick",
              "runs": {
                "batter": 0,
                "extras": 0,
                "total": 0
              }
            },
            {
              "batter": "JJ Dell",
              "bowler": "GFB Scott",
              "non_striker": "GH Roderick",
              "runs": {
                "batter": 0,
                "extras": 0,
                "total": 0
              }
            }
          ]
        },
        {
          "over": 31,
          "deliveries": [
            {
              "batter": "GH Roderick",
              "bowler": "J Shaw",
              "non_striker": "JJ Dell",
              "runs": {
                "batter": 2,
                "extras": 0,
                "total": 2
              }
            },
            {
              "batter": "GH Roderick",
              "bowler": "J Shaw",
              "non_striker": "JJ Dell",
              "runs": {
                "batter": 1,
                "extras": 0,
                "total": 1
              }
            },
            {
              "batter": "JJ Dell",
              "bowler": "J Shaw",
              "non_striker": "GH Roderick",
              "runs": {
                "batter": 1,
                "extras": 0,
                "total": 1
              }
            },
            {
              "batter": "GH Roderick",
              "bowler": "J Shaw",
              "extras": {
                "legbyes": 1
              },
              "non_striker": "JJ Dell",
              "runs": {
                "batter": 0,
                "extras": 1,
                "total": 1
              }
            },
            {
              "batter": "JJ Dell",
              "bowler": "J Shaw",
              "non_striker": "GH Roderick",
              "runs": {
                "batter": 4,
                "extras": 0,
                "total": 4
              }
            },
            {
              "batter": "JJ Dell",
              "bowler": "J Shaw",
              "non_striker": "GH Roderick",
              "runs": {
                "batter": 4,
                "extras": 0,
                "total": 4
              }
            }
          ]
        },
        {
          "over": 32,
          "deliveries": [
            {
              "batter": "GH Roderick",
              "bowler": "GFB Scott",
              "non_striker": "JJ Dell",
              "runs": {
                "batter": 0,
                "extras": 0,
                "total": 0
              }
            },
            {
              "batter": "GH Roderick",
              "bowler": "GFB Scott",
              "non_striker": "JJ Dell",
              "runs": {
                "batter": 1,
                "extras": 0,
                "total": 1
              }
            },
            {
              "batter": "JJ Dell",
              "bowler": "GFB Scott",
              "non_striker": "GH Roderick",
              "runs": {
                "batter": 0,
                "extras": 0,
                "total": 0
              }
            },
            {
              "batter": "JJ Dell",
              "bowler": "GFB Scott",
              "non_striker": "GH Roderick",
              "runs": {
                "batter": 0,
                "extras": 0,
                "total": 0
              }
            },
            {
              "batter": "JJ Dell",
              "bowler": "GFB Scott",
              "non_striker": "GH Roderick",
              "runs": {
                "batter": 4,
                "extras": 0,
                "total": 4
              }
            },
            {
              "batter": "JJ Dell",
              "bowler": "GFB Scott",
              "non_striker": "GH Roderick",
              "runs": {
                "batter": 0,
                "extras": 0,
                "total": 0
              }
            }
          ]
        },
        {
          "over": 33,
          "deliveries": [
            {
              "batter": "GH Roderick",
              "bowler": "J Shaw",
              "non_striker": "JJ Dell",
              "runs": {
                "batter": 1,
                "extras": 0,
                "total": 1
              }
            },
            {
              "batter": "JJ Dell",
              "bowler": "J Shaw",
              "non_striker": "GH Roderick",
              "runs": {
                "batter": 1,
                "extras": 0,
                "total": 1
              }
            },
            {
              "batter": "GH Roderick",
              "bowler": "J Shaw",
              "non_striker": "JJ Dell",
              "runs": {
                "batter": 0,
                "extras": 0,
                "total": 0
              },
              "wickets": [
                {
                  "player_out": "GH Roderick",
                  "kind": "bowled"
                }
              ]
            },
            {
              "batter": "J Leach",
              "bowler": "J Shaw",
              "non_striker": "JJ Dell",
              "runs": {
                "batter": 0,
                "extras": 0,
                "total": 0
              }
            },
            {
              "batter": "J Leach",
              "bowler": "J Shaw",
              "non_striker": "JJ Dell",
              "runs": {
                "batter": 4,
                "extras": 0,
                "total": 4
              }
            },
            {
              "batter": "J Leach",
              "bowler": "J Shaw",
              "non_striker": "JJ Dell",
              "runs": {
                "batter": 1,
                "extras": 0,
                "total": 1
              }
            }
          ]
        },
        {
          "over": 34,
          "deliveries": [
            {
              "batter": "J Leach",
              "bowler": "TMJ Smith",
              "non_striker": "JJ Dell",
              "runs": {
                "batter": 0,
                "extras": 0,
                "total": 0
              }
            },
            {
              "batter": "J Leach",
              "bowler": "TMJ Smith",
              "non_striker": "JJ Dell",
              "runs": {
                "batter": 1,
                "extras": 0,
                "total": 1
              }
            },
            {
              "batter": "JJ Dell",
              "bowler": "TMJ Smith",
              "non_striker": "J Leach",
              "runs": {
                "batter": 0,
                "extras": 0,
                "total": 0
              },
              "wickets": [
                {
                  "player_out": "JJ Dell",
                  "fielders": [
                    {
                      "name": "CDJ Dent"
                    }
                  ],
                  "kind": "caught"
                }
              ]
            },
            {
              "batter": "JO Baker",
              "bowler": "TMJ Smith",
              "non_striker": "J Leach",
              "runs": {
                "batter": 1,
                "extras": 0,
                "total": 1
              }
            },
            {
              "batter": "J Leach",
              "bowler": "TMJ Smith",
              "non_striker": "JO Baker",
              "runs": {
                "batter": 0,
                "extras": 0,
                "total": 0
              }
            },
            {
              "batter": "J Leach",
              "bowler": "TMJ Smith",
              "non_striker": "JO Baker",
              "runs": {
                "batter": 0,
                "extras": 0,
                "total": 0
              }
            }
          ]
        },
        {
          "over": 35,
          "deliveries": [
            {
              "batter": "JO Baker",
              "bowler": "J Shaw",
              "non_striker": "J Leach",
              "runs": {
                "batter": 1,
                "extras": 0,
                "total": 1
              }
            },
            {
              "batter": "J Leach",
              "bowler": "J Shaw",
              "non_striker": "JO Baker",
              "runs": {
                "batter": 0,
                "extras": 0,
                "total": 0
              }
            },
            {
              "batter": "J Leach",
              "bowler": "J Shaw",
              "non_striker": "JO Baker",
              "runs": {
                "batter": 1,
                "extras": 0,
                "total": 1
              }
            },
            {
              "batter": "JO Baker",
              "bowler": "J Shaw",
              "non_striker": "J Leach",
              "runs": {
                "batter": 0,
                "extras": 0,
                "total": 0
              }
            },
            {
              "batter": "JO Baker",
              "bowler": "J Shaw",
              "non_striker": "J Leach",
              "runs": {
                "batter": 2,
                "extras": 0,
                "total": 2
              }
            },
            {
              "batter": "JO Baker",
              "bowler": "J Shaw",
              "non_striker": "J Leach",
              "runs": {
                "batter": 0,
                "extras": 0,
                "total": 0
              }
            }
          ]
        },
        {
          "over": 36,
          "deliveries": [
            {
              "batter": "J Leach",
              "bowler": "TMJ Smith",
              "non_striker": "JO Baker",
              "runs": {
                "batter": 1,
                "extras": 0,
                "total": 1
              }
            },
            {
              "batter": "JO Baker",
              "bowler": "TMJ Smith",
              "non_striker": "J Leach",
              "runs": {
                "batter": 0,
                "extras": 0,
                "total": 0
              }
            },
            {
              "batter": "JO Baker",
              "bowler": "TMJ Smith",
              "non_striker": "J Leach",
              "runs": {
                "batter": 0,
                "extras": 0,
                "total": 0
              }
            },
            {
              "batter": "JO Baker",
              "bowler": "TMJ Smith",
              "non_striker": "J Leach",
              "runs": {
                "batter": 0,
                "extras": 0,
                "total": 0
              }
            },
            {
              "batter": "JO Baker",
              "bowler": "TMJ Smith",
              "non_striker": "J Leach",
              "runs": {
                "batter": 1,
                "extras": 0,
                "total": 1
              }
            },
            {
              "batter": "J Leach",
              "bowler": "TMJ Smith",
              "non_striker": "JO Baker",
              "runs": {
                "batter": 0,
                "extras": 0,
                "total": 0
              }
            }
          ]
        },
        {
          "over": 37,
          "deliveries": [
            {
              "batter": "JO Baker",
              "bowler": "DJ Worrall",
              "non_striker": "J Leach",
              "runs": {
                "batter": 0,
                "extras": 0,
                "total": 0
              }
            },
            {
              "batter": "JO Baker",
              "bowler": "DJ Worrall",
              "non_striker": "J Leach",
              "runs": {
                "batter": 4,
                "extras": 0,
                "total": 4
              }
            },
            {
              "batter": "JO Baker",
              "bowler": "DJ Worrall",
              "non_striker": "J Leach",
              "runs": {
                "batter": 0,
                "extras": 0,
                "total": 0
              }
            },
            {
              "batter": "JO Baker",
              "bowler": "DJ Worrall",
              "non_striker": "J Leach",
              "runs": {
                "batter": 0,
                "extras": 0,
                "total": 0
              }
            },
            {
              "batter": "JO Baker",
              "bowler": "DJ Worrall",
              "non_striker": "J Leach",
              "runs": {
                "batter": 4,
                "extras": 0,
                "total": 4
              }
            },
            {
              "batter": "JO Baker",
              "bowler": "DJ Worrall",
              "non_striker": "J Leach",
              "runs": {
                "batter": 0,
                "extras": 0,
                "total": 0
              }
            }
          ]
        },
        {
          "over": 38,
          "deliveries": [
            {
              "batter": "J Leach",
              "bowler": "TMJ Smith",
              "non_striker": "JO Baker",
              "runs": {
                "batter": 1,
                "extras": 0,
                "total": 1
              }
            },
            {
              "batter": "JO Baker",
              "bowler": "TMJ Smith",
              "non_striker": "J Leach",
              "runs": {
                "batter": 1,
                "extras": 0,
                "total": 1
              }
            },
            {
              "batter": "J Leach",
              "bowler": "TMJ Smith",
              "non_striker": "JO Baker",
              "runs": {
                "batter": 1,
                "extras": 0,
                "total": 1
              }
            },
            {
              "batter": "JO Baker",
              "bowler": "TMJ Smith",
              "non_striker": "J Leach",
              "runs": {
                "batter": 1,
                "extras": 0,
                "total": 1
              }
            },
            {
              "batter": "J Leach",
              "bowler": "TMJ Smith",
              "non_striker": "JO Baker",
              "runs": {
                "batter": 4,
                "extras": 0,
                "total": 4
              }
            },
            {
              "batter": "J Leach",
              "bowler": "TMJ Smith",
              "non_striker": "JO Baker",
              "runs": {
                "batter": 1,
                "extras": 0,
                "total": 1
              }
            }
          ]
        },
        {
          "over": 39,
          "deliveries": [
            {
              "batter": "J Leach",
              "bowler": "DJ Worrall",
              "non_striker": "JO Baker",
              "runs": {
                "batter": 0,
                "extras": 0,
                "total": 0
              }
            },
            {
              "batter": "J Leach",
              "bowler": "DJ Worrall",
              "non_striker": "JO Baker",
              "runs": {
                "batter": 1,
                "extras": 0,
                "total": 1
              }
            },
            {
              "batter": "JO Baker",
              "bowler": "DJ Worrall",
              "non_striker": "J Leach",
              "runs": {
                "batter": 0,
                "extras": 0,
                "total": 0
              }
            },
            {
              "batter": "JO Baker",
              "bowler": "DJ Worrall",
              "non_striker": "J Leach",
              "runs": {
                "batter": 4,
                "extras": 0,
                "total": 4
              }
            },
            {
              "batter": "JO Baker",
              "bowler": "DJ Worrall",
              "non_striker": "J Leach",
              "runs": {
                "batter": 1,
                "extras": 0,
                "total": 1
              }
            },
            {
              "batter": "J Leach",
              "bowler": "DJ Worrall",
              "non_striker": "JO Baker",
              "runs": {
                "batter": 0,
                "extras": 0,
                "total": 0
              }
            }
          ]
        },
        {
          "over": 40,
          "deliveries": [
            {
              "batter": "JO Baker",
              "bowler": "TMJ Smith",
              "non_striker": "J Leach",
              "runs": {
                "batter": 0,
                "extras": 0,
                "total": 0
              }
            },
            {
              "batter": "JO Baker",
              "bowler": "TMJ Smith",
              "non_striker": "J Leach",
              "runs": {
                "batter": 1,
                "extras": 0,
                "total": 1
              }
            },
            {
              "batter": "J Leach",
              "bowler": "TMJ Smith",
              "non_striker": "JO Baker",
              "runs": {
                "batter": 2,
                "extras": 0,
                "total": 2
              }
            }
          ]
        }
      ],
      "powerplays": [
        {
          "from": 0.1,
          "to": 9.7,
          "type": "mandatory"
        },
        {
          "from": 10.1,
          "to": 33.6,
          "type": "mandatory"
        },
        {
          "from": 34.1,
          "to": 40.3,
          "type": "mandatory"
        }
      ]
    },
    {
      "team": "Gloucestershire",
      "overs": [
        {
          "over": 0,
          "deliveries": [
            {
              "batter": "BG Charlesworth",
              "bowler": "CAJ Morris",
              "non_striker": "CDJ Dent",
              "runs": {
                "batter": 1,
                "extras": 0,
                "total": 1
              }
            },
            {
              "batter": "CDJ Dent",
              "bowler": "CAJ Morris",
              "non_striker": "BG Charlesworth",
              "runs": {
                "batter": 4,
                "extras": 0,
                "total": 4
              }
            },
            {
              "batter": "CDJ Dent",
              "bowler": "CAJ Morris",
              "non_striker": "BG Charlesworth",
              "runs": {
                "batter": 0,
                "extras": 0,
                "total": 0
              }
            },
            {
              "batter": "CDJ Dent",
              "bowler": "CAJ Morris",
              "non_striker": "BG Charlesworth",
              "runs": {
                "batter": 4,
                "extras": 0,
                "total": 4
              }
            },
            {
              "batter": "CDJ Dent",
              "bowler": "CAJ Morris",
              "non_striker": "BG Charlesworth",
              "runs": {
                "batter": 4,
                "extras": 0,
                "total": 4
              }
            },
            {
              "batter": "CDJ Dent",
              "bowler": "CAJ Morris",
              "non_striker": "BG Charlesworth",
              "runs": {
                "batter": 2,
                "extras": 0,
                "total": 2
              }
            }
          ]
        },
        {
          "over": 1,
          "deliveries": [
            {
              "batter": "BG Charlesworth",
              "bowler": "J Leach",
              "non_striker": "CDJ Dent",
              "runs": {
                "batter": 0,
                "extras": 0,
                "total": 0
              }
            },
            {
              "batter": "BG Charlesworth",
              "bowler": "J Leach",
              "non_striker": "CDJ Dent",
              "runs": {
                "batter": 0,
                "extras": 0,
                "total": 0
              },
              "wickets": [
                {
                  "player_out": "BG Charlesworth",
                  "fielders": [
                    {
                      "name": "AW Finch"
                    }
                  ],
                  "kind": "caught"
                }
              ]
            },
            {
              "batter": "TC Lace",
              "bowler": "J Leach",
              "non_striker": "CDJ Dent",
              "runs": {
                "batter": 0,
                "extras": 0,
                "total": 0
              }
            },
            {
              "batter": "TC Lace",
              "bowler": "J Leach",
              "extras": {
                "wides": 1
              },
              "non_striker": "CDJ Dent",
              "runs": {
                "batter": 0,
                "extras": 1,
                "total": 1
              }
            },
            {
              "batter": "TC Lace",
              "bowler": "J Leach",
              "non_striker": "CDJ Dent",
              "runs": {
                "batter": 0,
                "extras": 0,
                "total": 0
              },
              "wickets": [
                {
                  "player_out": "TC Lace",
                  "fielders": [
                    {
                      "name": "TC Fell"
                    }
                  ],
                  "kind": "caught"
                }
              ]
            },
            {
              "batter": "GL van Buuren",
              "bowler": "J Leach",
              "non_striker": "CDJ Dent",
              "runs": {
                "batter": 0,
                "extras": 0,
                "total": 0
              }
            },
            {
              "batter": "GL van Buuren",
              "bowler": "J Leach",
              "non_striker": "CDJ Dent",
              "runs": {
                "batter": 4,
                "extras": 0,
                "total": 4
              }
            }
          ]
        },
        {
          "over": 2,
          "deliveries": [
            {
              "batter": "CDJ Dent",
              "bowler": "CAJ Morris",
              "non_striker": "GL van Buuren",
              "runs": {
                "batter": 0,
                "extras": 0,
                "total": 0
              }
            },
            {
              "batter": "CDJ Dent",
              "bowler": "CAJ Morris",
              "non_striker": "GL van Buuren",
              "runs": {
                "batter": 1,
                "extras": 0,
                "total": 1
              }
            },
            {
              "batter": "GL van Buuren",
              "bowler": "CAJ Morris",
              "non_striker": "CDJ Dent",
              "runs": {
                "batter": 0,
                "extras": 0,
                "total": 0
              }
            },
            {
              "batter": "GL van Buuren",
              "bowler": "CAJ Morris",
              "non_striker": "CDJ Dent",
              "runs": {
                "batter": 1,
                "extras": 0,
                "total": 1
              }
            },
            {
              "batter": "CDJ Dent",
              "bowler": "CAJ Morris",
              "non_striker": "GL van Buuren",
              "runs": {
                "batter": 4,
                "extras": 0,
                "total": 4
              }
            },
            {
              "batter": "CDJ Dent",
              "bowler": "CAJ Morris",
              "non_striker": "GL van Buuren",
              "runs": {
                "batter": 1,
                "extras": 0,
                "total": 1
              }
            }
          ]
        },
        {
          "over": 3,
          "deliveries": [
            {
              "batter": "CDJ Dent",
              "bowler": "AW Finch",
              "non_striker": "GL van Buuren",
              "runs": {
                "batter": 2,
                "extras": 0,
                "total": 2
              }
            },
            {
              "batter": "CDJ Dent",
              "bowler": "AW Finch",
              "non_striker": "GL van Buuren",
              "runs": {
                "batter": 2,
                "extras": 0,
                "total": 2
              }
            },
            {
              "batter": "CDJ Dent",
              "bowler": "AW Finch",
              "non_striker": "GL van Buuren",
              "runs": {
                "batter": 1,
                "extras": 0,
                "total": 1
              }
            },
            {
              "batter": "GL van Buuren",
              "bowler": "AW Finch",
              "non_striker": "CDJ Dent",
              "runs": {
                "batter": 0,
                "extras": 0,
                "total": 0
              }
            },
            {
              "batter": "GL van Buuren",
              "bowler": "AW Finch",
              "non_striker": "CDJ Dent",
              "runs": {
                "batter": 1,
                "extras": 0,
                "total": 1
              }
            },
            {
              "batter": "CDJ Dent",
              "bowler": "AW Finch",
              "non_striker": "GL van Buuren",
              "runs": {
                "batter": 0,
                "extras": 0,
                "total": 0
              },
              "wickets": [
                {
                  "player_out": "CDJ Dent",
                  "fielders": [
                    {
                      "name": "GH Roderick"
                    }
                  ],
                  "kind": "caught"
                }
              ]
            }
          ]
        },
        {
          "over": 4,
          "deliveries": [
            {
              "batter": "GL van Buuren",
              "bowler": "EG Barnard",
              "non_striker": "JMR Taylor",
              "runs": {
                "batter": 1,
                "extras": 0,
                "total": 1
              }
            },
            {
              "batter": "JMR Taylor",
              "bowler": "EG Barnard",
              "non_striker": "GL van Buuren",
              "runs": {
                "batter": 0,
                "extras": 0,
                "total": 0
              }
            },
            {
              "batter": "JMR Taylor",
              "bowler": "EG Barnard",
              "non_striker": "GL van Buuren",
              "runs": {
                "batter": 2,
                "extras": 0,
                "total": 2
              }
            },
            {
              "batter": "JMR Taylor",
              "bowler": "EG Barnard",
              "extras": {
                "noballs": 2
              },
              "non_striker": "GL van Buuren",
              "runs": {
                "batter": 0,
                "extras": 2,
                "total": 2
              }
            },
            {
              "batter": "JMR Taylor",
              "bowler": "EG Barnard",
              "non_striker": "GL van Buuren",
              "runs": {
                "batter": 0,
                "extras": 0,
                "total": 0
              }
            },
            {
              "batter": "JMR Taylor",
              "bowler": "EG Barnard",
              "non_striker": "GL van Buuren",
              "runs": {
                "batter": 0,
                "extras": 0,
                "total": 0
              }
            },
            {
              "batter": "JMR Taylor",
              "bowler": "EG Barnard",
              "non_striker": "GL van Buuren",
              "runs": {
                "batter": 0,
                "extras": 0,
                "total": 0
              }
            }
          ]
        },
        {
          "over": 5,
          "deliveries": [
            {
              "batter": "GL van Buuren",
              "bowler": "JO Baker",
              "non_striker": "JMR Taylor",
              "runs": {
                "batter": 1,
                "extras": 0,
                "total": 1
              }
            },
            {
              "batter": "JMR Taylor",
              "bowler": "JO Baker",
              "non_striker": "GL van Buuren",
              "runs": {
                "batter": 1,
                "extras": 0,
                "total": 1
              }
            },
            {
              "batter": "GL van Buuren",
              "bowler": "JO Baker",
              "non_striker": "JMR Taylor",
              "runs": {
                "batter": 1,
                "extras": 0,
                "total": 1
              }
            },
            {
              "batter": "JMR Taylor",
              "bowler": "JO Baker",
              "non_striker": "GL van Buuren",
              "runs": {
                "batter": 1,
                "extras": 0,
                "total": 1
              }
            },
            {
              "batter": "GL van Buuren",
              "bowler": "JO Baker",
              "non_striker": "JMR Taylor",
              "runs": {
                "batter": 4,
                "extras": 0,
                "total": 4
              }
            },
            {
              "batter": "GL van Buuren",
              "bowler": "JO Baker",
              "non_striker": "JMR Taylor",
              "runs": {
                "batter": 1,
                "extras": 0,
                "total": 1
              }
            }
          ]
        },
        {
          "over": 6,
          "deliveries": [
            {
              "batter": "GL van Buuren",
              "bowler": "EG Barnard",
              "non_striker": "JMR Taylor",
              "runs": {
                "batter": 4,
                "extras": 0,
                "total": 4
              }
            },
            {
              "batter": "GL van Buuren",
              "bowler": "EG Barnard",
              "non_striker": "JMR Taylor",
              "runs": {
                "batter": 4,
                "extras": 0,
                "total": 4
              }
            },
            {
              "batter": "GL van Buuren",
              "bowler": "EG Barnard",
              "non_striker": "JMR Taylor",
              "runs": {
                "batter": 1,
                "extras": 0,
                "total": 1
              }
            },
            {
              "batter": "JMR Taylor",
              "bowler": "EG Barnard",
              "non_striker": "GL van Buuren",
              "runs": {
                "batter": 1,
                "extras": 0,
                "total": 1
              }
            },
            {
              "batter": "GL van Buuren",
              "bowler": "EG Barnard",
              "extras": {
                "legbyes": 1
              },
              "non_striker": "JMR Taylor",
              "runs": {
                "batter": 0,
                "extras": 1,
                "total": 1
              }
            },
            {
              "batter": "JMR Taylor",
              "bowler": "EG Barnard",
              "non_striker": "GL van Buuren",
              "runs": {
                "batter": 1,
                "extras": 0,
                "total": 1
              }
            }
          ]
        },
        {
          "over": 7,
          "deliveries": [
            {
              "batter": "JMR Taylor",
              "bowler": "AW Finch",
              "non_striker": "GL van Buuren",
              "runs": {
                "batter": 1,
                "extras": 0,
                "total": 1
              }
            },
            {
              "batter": "GL van Buuren",
              "bowler": "AW Finch",
              "non_striker": "JMR Taylor",
              "runs": {
                "batter": 0,
                "extras": 0,
                "total": 0
              }
            },
            {
              "batter": "GL van Buuren",
              "bowler": "AW Finch",
              "non_striker": "JMR Taylor",
              "runs": {
                "batter": 0,
                "extras": 0,
                "total": 0
              }
            },
            {
              "batter": "GL van Buuren",
              "bowler": "AW Finch",
              "non_striker": "JMR Taylor",
              "runs": {
                "batter": 6,
                "extras": 0,
                "total": 6
              }
            },
            {
              "batter": "GL van Buuren",
              "bowler": "AW Finch",
              "extras": {
                "wides": 1
              },
              "non_striker": "JMR Taylor",
              "runs": {
                "batter": 0,
                "extras": 1,
                "total": 1
              }
            },
            {
              "batter": "GL van Buuren",
              "bowler": "AW Finch",
              "non_striker": "JMR Taylor",
              "runs": {
                "batter": 0,
                "extras": 0,
                "total": 0
              }
            },
            {
              "batter": "GL van Buuren",
              "bowler": "AW Finch",
              "non_striker": "JMR Taylor",
              "runs": {
                "batter": 1,
                "extras": 0,
                "total": 1
              }
            }
          ]
        },
        {
          "over": 8,
          "deliveries": [
            {
              "batter": "GL van Buuren",
              "bowler": "J Leach",
              "non_striker": "JMR Taylor",
              "runs": {
                "batter": 0,
                "extras": 0,
                "total": 0
              }
            },
            {
              "batter": "GL van Buuren",
              "bowler": "J Leach",
              "non_striker": "JMR Taylor",
              "runs": {
                "batter": 1,
                "extras": 0,
                "total": 1
              }
            },
            {
              "batter": "JMR Taylor",
              "bowler": "J Leach",
              "non_striker": "GL van Buuren",
              "runs": {
                "batter": 0,
                "extras": 0,
                "total": 0
              }
            },
            {
              "batter": "JMR Taylor",
              "bowler": "J Leach",
              "non_striker": "GL van Buuren",
              "runs": {
                "batter": 1,
                "extras": 0,
                "total": 1
              }
            },
            {
              "batter": "GL van Buuren",
              "bowler": "J Leach",
              "non_striker": "JMR Taylor",
              "runs": {
                "batter": 1,
                "extras": 0,
                "total": 1
              }
            },
            {
              "batter": "JMR Taylor",
              "bowler": "J Leach",
              "non_striker": "GL van Buuren",
              "runs": {
                "batter": 1,
                "extras": 0,
                "total": 1
              }
            }
          ]
        },
        {
          "over": 9,
          "deliveries": [
            {
              "batter": "JMR Taylor",
              "bowler": "JO Baker",
              "non_striker": "GL van Buuren",
              "runs": {
                "batter": 1,
                "extras": 0,
                "total": 1
              }
            },
            {
              "batter": "GL van Buuren",
              "bowler": "JO Baker",
              "non_striker": "JMR Taylor",
              "runs": {
                "batter": 1,
                "extras": 0,
                "total": 1
              }
            },
            {
              "batter": "JMR Taylor",
              "bowler": "JO Baker",
              "non_striker": "GL van Buuren",
              "runs": {
                "batter": 0,
                "extras": 0,
                "total": 0
              }
            },
            {
              "batter": "JMR Taylor",
              "bowler": "JO Baker",
              "non_striker": "GL van Buuren",
              "runs": {
                "batter": 1,
                "extras": 0,
                "total": 1
              }
            },
            {
              "batter": "GL van Buuren",
              "bowler": "JO Baker",
              "non_striker": "JMR Taylor",
              "runs": {
                "batter": 1,
                "extras": 0,
                "total": 1
              }
            },
            {
              "batter": "JMR Taylor",
              "bowler": "JO Baker",
              "non_striker": "GL van Buuren",
              "runs": {
                "batter": 0,
                "extras": 0,
                "total": 0
              },
              "wickets": [
                {
                  "player_out": "JMR Taylor",
                  "fielders": [
                    {
                      "name": "J Leach"
                    }
                  ],
                  "kind": "caught"
                }
              ]
            }
          ]
        },
        {
          "over": 10,
          "deliveries": [
            {
              "batter": "GL van Buuren",
              "bowler": "J Leach",
              "non_striker": "GFB Scott",
              "runs": {
                "batter": 0,
                "extras": 0,
                "total": 0
              }
            },
            {
              "batter": "GL van Buuren",
              "bowler": "J Leach",
              "non_striker": "GFB Scott",
              "runs": {
                "batter": 1,
                "extras": 0,
                "total": 1
              }
            },
            {
              "batter": "GFB Scott",
              "bowler": "J Leach",
              "non_striker": "GL van Buuren",
              "runs": {
                "batter": 1,
                "extras": 0,
                "total": 1
              }
            },
            {
              "batter": "GL van Buuren",
              "bowler": "J Leach",
              "non_striker": "GFB Scott",
              "runs": {
                "batter": 2,
                "extras": 0,
                "total": 2
              }
            },
            {
              "batter": "GL van Buuren",
              "bowler": "J Leach",
              "non_striker": "GFB Scott",
              "runs": {
                "batter": 1,
                "extras": 0,
                "total": 1
              }
            },
            {
              "batter": "GFB Scott",
              "bowler": "J Leach",
              "non_striker": "GL van Buuren",
              "runs": {
                "batter": 1,
                "extras": 0,
                "total": 1
              }
            }
          ]
        }
      ],
      "powerplays": [
        {
          "from": 0.1,
          "to": 2.6,
          "type": "mandatory"
        },
        {
          "from": 3.1,
          "to": 8.6,
          "type": "mandatory"
        },
        {
          "from": 9.1,
          "to": 10.6,
          "type": "mandatory"
        }
      ],
      "target": {
        "overs": 11,
        "runs": 94
      }
    }
  ]
}