{
  "meta": {
    "data_version": "1.1.0",
    "created": "2022-03-09",
    "revision": 1
  },
  "info": {
    "balls_per_over": 6,
    "city": "Brighton",
    "dates": [
      "2021-07-30"
    ],
    "event": {
      "name": "Royal London One-Day Cup",
      "group": "1"
    },
    "gender": "male",
    "match_type": "ODM",
    "officials": {
      "match_referees": [
        "SG Hinks"
      ],
      "umpires": [
        "BJ Debenham",
        "IJ Gould"
      ]
    },
    "outcome": {
      "result": "no result"
    },
    "overs": 50,
    "players": {
      "Sussex": [
        "AGH Orr",
        "TGR Clark",
        "TJ Haines",
        "TM Head",
        "BC Brown",
        "D Wiese",
        "OJ Carter",
        "JM Coles",
        "D Ibrahim",
        "AC Lenham",
        "JP Sarro"
      ],
      "Kent": [
        "OG Robinson",
        "TS Muyeye",
        "HZ Finch",
        "HG Kuhn",
        "HG Munsey",
        "DI Stevens",
        "MK O'Riordan",
        "G Stewart",
        "ME Milnes",
        "Hamidullah Qadri",
        "NN Gilchrist"
      ]
    },
    "registry": {
      "people": {
        "AC Lenham": "8f9c5014",
        "AGH Orr": "1ab18b25",
        "BC Brown": "8af86756",
        "BJ Debenham": "524a3a82",
        "D Ibrahim": "457cab44",
        "D Wiese": "aa8d28ae",
        "DI Stevens": "bca21d18",
        "G Stewart": "a77472dc",
        "HG Kuhn": "ede05b97",
        "HG Munsey": "ff014c34",
        "HZ Finch": "6b16f8ba",
        "Hamidullah Qadri": "eec81780",
        "IJ Gould": "a9dfdf6c",
        "JA Gordon": "973c01eb",
        "JM Coles": "9c643d7b",
        "JP Sarro": "fc02a2b3",
        "ME Milnes": "3dcd1e8d",
        "MK O'Riordan": "94db3502",
        "NN Gilchrist": "93cad673",
        "OG Robinson": "60f4c586",
        "OJ Carter": "26db69e6",
        "SG Hinks": "0bb4dc0d",
        "TGR Clark": "ed8faea2",
        "TJ Haines": "bdadcca1",
        "TM Head": "12b610c2",
        "TS Muyeye": "10b79140"
      }
    },
    "season": "2021",
    "team_type": "club",
    "teams": [
      "Sussex",
      "Kent"
    ],
    "toss": {
      "decision": "field",
      "winner": "Kent"
    },
    "venue": "County Ground, Hove"
  },
  "innings": [
    {
      "team": "Sussex",
      "overs": [
        {
          "over": 0,
          "deliveries": [
            {
              "batter": "AGH Orr",
              "bowler": "ME Milnes",
              "non_striker": "TGR Clark",
              "runs": {
                "batter": 2,
                "extras": 0,
                "total": 2
              }
            },
            {
              "batter": "AGH Orr",
              "bowler": "ME Milnes",
              "non_striker": "TGR Clark",
              "runs": {
                "batter": 0,
                "extras": 0,
                "total": 0
              }
            },
            {
              "batter": "AGH Orr",
              "bowler": "ME Milnes",
              "non_striker": "TGR Clark",
              "runs": {
                "batter": 0,
                "extras": 0,
                "total": 0
              }
            },
            {
              "batter": "AGH Orr",
              "bowler": "ME Milnes",
              "non_striker": "TGR Clark",
              "runs": {
                "batter": 0,
                "extras": 0,
                "total": 0
              }
            },
            {
              "batter": "AGH Orr",
              "bowler": "ME Milnes",
              "non_striker": "TGR Clark",
              "runs": {
                "batter": 0,
                "extras": 0,
                "total": 0
              }
            },
            {
              "batter": "AGH Orr",
              "bowler": "ME Milnes",
              "non_striker": "TGR Clark",
              "runs": {
                "batter": 0,
                "extras": 0,
                "total": 0
              }
            }
          ]
        },
        {
          "over": 1,
          "deliveries": [
            {
              "batter": "TGR Clark",
              "bowler": "DI Stevens",
              "non_striker": "AGH Orr",
              "runs": {
                "batter": 1,
                "extras": 0,
                "total": 1
              }
            },
            {
              "batter": "AGH Orr",
              "bowler": "DI Stevens",
              "extras": {
                "wides": 1
              },
              "non_striker": "TGR Clark",
              "runs": {
                "batter": 0,
                "extras": 1,
                "total": 1
              }
            },
            {
              "batter": "AGH Orr",
              "bowler": "DI Stevens",
              "non_striker": "TGR Clark",
              "runs": {
                "batter": 0,
                "extras": 0,
                "total": 0
              }
            },
            {
              "batter": "AGH Orr",
              "bowler": "DI Stevens",
              "non_striker": "TGR Clark",
              "runs": {
                "batter": 1,
                "extras": 0,
                "total": 1
              }
            },
            {
              "batter": "TGR Clark",
              "bowler": "DI Stevens",
              "non_striker": "AGH Orr",
              "runs": {
                "batter": 0,
                "extras": 0,
                "total": 0
              }
            },
            {
              "batter": "TGR Clark",
              "bowler": "DI Stevens",
              "non_striker": "AGH Orr",
              "runs": {
                "batter": 0,
                "extras": 0,
                "total": 0
              }
            },
            {
              "batter": "TGR Clark",
              "bowler": "DI Stevens",
              "non_striker": "AGH Orr",
              "runs": {
                "batter": 6,
                "extras": 0,
                "total": 6
              }
            }
          ]
        },
        {
          "over": 2,
          "deliveries": [
            {
              "batter": "AGH Orr",
              "bowler": "ME Milnes",
              "non_striker": "TGR Clark",
              "runs": {
                "batter": 0,
                "extras": 0,
                "total": 0
              }
            },
            {
              "batter": "AGH Orr",
              "bowler": "ME Milnes",
              "non_striker": "TGR Clark",
              "runs": {
                "batter": 0,
                "extras": 0,
                "total": 0
              }
            },
            {
              "batter": "AGH Orr",
              "bowler": "ME Milnes",
              "non_striker": "TGR Clark",
              "runs": {
                "batter": 1,
                "extras": 0,
                "total": 1
              }
            },
            {
              "batter": "TGR Clark",
              "bowler": "ME Milnes",
              "non_striker": "AGH Orr",
              "runs": {
                "batter": 0,
                "extras": 0,
                "total": 0
              }
            },
            {
              "batter": "TGR Clark",
              "bowler": "ME Milnes",
              "extras": {
                "wides": 1
              },
              "non_striker": "AGH Orr",
              "runs": {
                "batter": 0,
                "extras": 1,
                "total": 1
              }
            },
            {
              "batter": "TGR Clark",
              "bowler": "ME Milnes",
              "non_striker": "AGH Orr",
              "runs": {
                "batter": 2,
                "extras": 0,
                "total": 2
              }
            },
            {
              "batter": "TGR Clark",
              "bowler": "ME Milnes",
              "non_striker": "AGH Orr",
              "runs": {
                "batter": 0,
                "extras": 0,
                "total": 0
              }
            }
          ]
        },
        {
          "over": 3,
          "deliveries": [
            {
              "batter": "AGH Orr",
              "bowler": "DI Stevens",
              "non_striker": "TGR Clark",
              "runs": {
                "batter": 0,
                "extras": 0,
                "total": 0
              }
            },
            {
              "batter": "AGH Orr",
              "bowler": "DI Stevens",
              "non_striker": "TGR Clark",
              "runs": {
                "batter": 1,
                "extras": 0,
                "total": 1
              }
            },
            {
              "batter": "TGR Clark",
              "bowler": "DI Stevens",
              "non_striker": "AGH Orr",
              "runs": {
                "batter": 4,
                "extras": 0,
                "total": 4
              }
            },
            {
              "batter": "TGR Clark",
              "bowler": "DI Stevens",
              "non_striker": "AGH Orr",
              "runs": {
                "batter": 0,
                "extras": 0,
                "total": 0
              }
            },
            {
              "batter": "TGR Clark",
              "bowler": "DI Stevens",
              "non_striker": "AGH Orr",
              "runs": {
                "batter": 0,
                "extras": 0,
                "total": 0
              }
            },
            {
              "batter": "TGR Clark",
              "bowler": "DI Stevens",
              "non_striker": "AGH Orr",
              "runs": {
                "batter": 1,
                "extras": 0,
                "total": 1
              }
            }
          ]
        },
        {
          "over": 4,
          "deliveries": [
            {
              "batter": "TGR Clark",
              "bowler": "ME Milnes",
              "non_striker": "AGH Orr",
              "runs": {
                "batter": 0,
                "extras": 0,
                "total": 0
              }
            },
            {
              "batter": "TGR Clark",
              "bowler": "ME Milnes",
              "non_striker": "AGH Orr",
              "runs": {
                "batter": 4,
                "extras": 0,
                "total": 4
              }
            },
            {
              "batter": "TGR Clark",
              "bowler": "ME Milnes",
              "extras": {
                "legbyes": 1
              },
              "non_striker": "AGH Orr",
              "runs": {
                "batter": 0,
                "extras": 1,
                "total": 1
              }
            },
            {
              "batter": "AGH Orr",
              "bowler": "ME Milnes",
              "non_striker": "TGR Clark",
              "runs": {
                "batter": 0,
                "extras": 0,
                "total": 0
              }
            },
            {
              "batter": "AGH Orr",
              "bowler": "ME Milnes",
              "non_striker": "TGR Clark",
              "runs": {
                "batter": 0,
                "extras": 0,
                "total": 0
              }
            },
            {
              "batter": "AGH Orr",
              "bowler": "ME Milnes",
              "non_striker": "TGR Clark",
              "runs": {
                "batter": 2,
                "extras": 0,
                "total": 2
              }
            }
          ]
        },
        {
          "over": 5,
          "deliveries": [
            {
              "batter": "TGR Clark",
              "bowler": "DI Stevens",
              "non_striker": "AGH Orr",
              "runs": {
                "batter": 1,
                "extras": 0,
                "total": 1
              }
            },
            {
              "batter": "AGH Orr",
              "bowler": "DI Stevens",
              "non_striker": "TGR Clark",
              "runs": {
                "batter": 1,
                "extras": 0,
                "total": 1
              }
            },
            {
              "batter": "TGR Clark",
              "bowler": "DI Stevens",
              "non_striker": "AGH Orr",
              "runs": {
                "batter": 0,
                "extras": 0,
                "total": 0
              }
            },
            {
              "batter": "TGR Clark",
              "bowler": "DI Stevens",
              "non_striker": "AGH Orr",
              "runs": {
                "batter": 0,
                "extras": 0,
                "total": 0
              }
            },
            {
              "batter": "TGR Clark",
              "bowler": "DI Stevens",
              "non_striker": "AGH Orr",
              "runs": {
                "batter": 1,
                "extras": 0,
                "total": 1
              }
            },
            {
              "batter": "AGH Orr",
              "bowler": "DI Stevens",
              "non_striker": "TGR Clark",
              "runs": {
                "batter": 0,
                "extras": 0,
                "total": 0
              }
            }
          ]
        },
        {
          "over": 6,
          "deliveries": [
            {
              "batter": "TGR Clark",
              "bowler": "G Stewart",
              "non_striker": "AGH Orr",
              "runs": {
                "batter": 0,
                "extras": 0,
                "total": 0
              }
            },
            {
              "batter": "TGR Clark",
              "bowler": "G Stewart",
              "non_striker": "AGH Orr",
              "runs": {
                "batter": 1,
                "extras": 0,
                "total": 1
              }
            },
            {
              "batter": "AGH Orr",
              "bowler": "G Stewart",
              "non_striker": "TGR Clark",
              "runs": {
                "batter": 1,
                "extras": 0,
                "total": 1
              }
            },
            {
              "batter": "TGR Clark",
              "bowler": "G Stewart",
              "non_striker": "AGH Orr",
              "runs": {
                "batter": 1,
                "extras": 0,
                "total": 1
              }
            },
            {
              "batter": "AGH Orr",
              "bowler": "G Stewart",
              "non_striker": "TGR Clark",
              "runs": {
                "batter": 0,
                "extras": 0,
                "total": 0
              }
            },
            {
              "batter": "AGH Orr",
              "bowler": "G Stewart",
              "non_striker": "TGR Clark",
              "runs": {
                "batter": 0,
                "extras": 0,
                "total": 0
              },
              "wickets": [
                {
                  "player_out": "AGH Orr",
                  "fielders": [
                    {
                      "name": "MK O'Riordan"
                    }
                  ],
                  "kind": "caught"
                }
              ]
            }
          ]
        },
        {
          "over": 7,
          "deliveries": [
            {
              "batter": "TJ Haines",
              "bowler": "NN Gilchrist",
              "non_striker": "TGR Clark",
              "runs": {
                "batter": 1,
                "extras": 0,
                "total": 1
              }
            },
            {
              "batter": "TGR Clark",
              "bowler": "NN Gilchrist",
              "extras": {
                "legbyes": 1
              },
              "non_striker": "TJ Haines",
              "runs": {
                "batter": 0,
                "extras": 1,
                "total": 1
              }
            },
            {
              "batter": "TJ Haines",
              "bowler": "NN Gilchrist",
              "non_striker": "TGR Clark",
              "runs": {
                "batter": 0,
                "extras": 0,
                "total": 0
              }
            },
            {
              "batter": "TJ Haines",
              "bowler": "NN Gilchrist",
              "non_striker": "TGR Clark",
              "runs": {
                "batter": 0,
                "extras": 0,
                "total": 0
              }
            },
            {
              "batter": "TJ Haines",
              "bowler": "NN Gilchrist",
              "non_striker": "TGR Clark",
              "runs": {
                "batter": 1,
                "extras": 0,
                "total": 1
              }
            },
            {
              "batter": "TGR Clark",
              "bowler": "NN Gilchrist",
              "non_striker": "TJ Haines",
              "runs": {
                "batter": 0,
                "extras": 0,
                "total": 0
              }
            }
          ]
        },
        {
          "over": 8,
          "deliveries": [
            {
              "batter": "TJ Haines",
              "bowler": "G Stewart",
              "non_striker": "TGR Clark",
              "runs": {
                "batter": 1,
                "extras": 0,
                "total": 1
              }
            },
            {
              "batter": "TGR Clark",
              "bowler": "G Stewart",
              "extras": {
                "legbyes": 1
              },
              "non_striker": "TJ Haines",
              "runs": {
                "batter": 0,
                "extras": 1,
                "total": 1
              }
            },
            {
              "batter": "TJ Haines",
              "bowler": "G Stewart",
              "extras": {
                "legbyes": 1
              },
              "non_striker": "TGR Clark",
              "runs": {
                "batter": 0,
                "extras": 1,
                "total": 1
              }
            },
            {
              "batter": "TGR Clark",
              "bowler": "G Stewart",
              "non_striker": "TJ Haines",
              "runs": {
                "batter": 4,
                "extras": 0,
                "total": 4
              }
            },
            {
              "batter": "TGR Clark",
              "bowler": "G Stewart",
              "non_striker": "TJ Haines",
              "runs": {
                "batter": 1,
                "extras": 0,
                "total": 1
              }
            },
            {
              "batter": "TJ Haines",
              "bowler": "G Stewart",
              "non_striker": "TGR Clark",
              "runs": {
                "batter": 0,
                "extras": 0,
                "total": 0
              },
              "wickets": [
                {
                  "player_out": "TJ Haines",
                  "fielders": [
                    {
                      "name": "HG Kuhn"
                    }
                  ],
                  "kind": "run out"
                }
              ]
            }
          ]
        },
        {
          "over": 9,
          "deliveries": [
            {
              "batter": "TGR Clark",
              "bowler": "NN Gilchrist",
              "non_striker": "TM Head",
              "runs": {
                "batter": 1,
                "extras": 0,
                "total": 1
              }
            },
            {
              "batter": "TM Head",
              "bowler": "NN Gilchrist",
              "non_striker": "TGR Clark",
              "runs": {
                "batter": 0,
                "extras": 0,
                "total": 0
              }
            },
            {
              "batter": "TM Head",
              "bowler": "NN Gilchrist",
              "non_striker": "TGR Clark",
              "runs": {
                "batter": 0,
                "extras": 0,
                "total": 0
              }
            },
            {
              "batter": "TM Head",
              "bowler": "NN Gilchrist",
              "non_striker": "TGR Clark",
              "runs": {
                "batter": 0,
                "extras": 0,
                "total": 0
              }
            },
            {
              "batter": "TM Head",
              "bowler": "NN Gilchrist",
              "non_striker": "TGR Clark",
              "runs": {
                "batter": 1,
                "extras": 0,
                "total": 1
              }
            },
            {
              "batter": "TGR Clark",
              "bowler": "NN Gilchrist",
              "non_striker": "TM Head",
              "runs": {
                "batter": 0,
                "extras": 0,
                "total": 0
              }
            }
          ]
        },
        {
          "over": 10,
          "deliveries": [
            {
              "batter": "TM Head",
              "bowler": "G Stewart",
              "non_striker": "TGR Clark",
              "runs": {
                "batter": 1,
                "extras": 0,
                "total": 1
              }
            },
            {
              "batter": "TGR Clark",
              "bowler": "G Stewart",
              "non_striker": "TM Head",
              "runs": {
                "batter": 2,
                "extras": 0,
                "total": 2
              }
            },
            {
              "batter": "TGR Clark",
              "bowler": "G Stewart",
              "non_striker": "TM Head",
              "runs": {
                "batter": 4,
                "extras": 0,
                "total": 4
              }
            },
            {
              "batter": "TGR Clark",
              "bowler": "G Stewart",
              "non_striker": "TM Head",
              "runs": {
                "batter": 1,
                "extras": 0,
                "total": 1
              }
            },
            {
              "batter": "TM Head",
              "bowler": "G Stewart",
              "non_striker": "TGR Clark",
              "runs": {
                "batter": 1,
                "extras": 0,
                "total": 1
              }
            },
            {
              "batter": "TGR Clark",
              "bowler": "G Stewart",
              "non_striker": "TM Head",
              "runs": {
                "batter": 1,
                "extras": 0,
                "total": 1
              }
            }
          ]
        },
        {
          "over": 11,
          "deliveries": [
            {
              "batter": "TGR Clark",
              "bowler": "NN Gilchrist",
              "non_striker": "TM Head",
              "runs": {
                "batter": 0,
                "extras": 0,
                "total": 0
              }
            },
            {
              "batter": "TGR Clark",
              "bowler": "NN Gilchrist",
              "non_striker": "TM Head",
              "runs": {
                "batter": 0,
                "extras": 0,
                "total": 0
              }
            },
            {
              "batter": "TGR Clark",
              "bowler": "NN Gilchrist",
              "non_striker": "TM Head",
              "runs": {
                "batter": 1,
                "extras": 0,
                "total": 1
              }
            },
            {
              "batter": "TM Head",
              "bowler": "NN Gilchrist",
              "non_striker": "TGR Clark",
              "runs": {
                "batter": 0,
                "extras": 0,
                "total": 0
              }
            },
            {
              "batter": "TM Head",
              "bowler": "NN Gilchrist",
              "non_striker": "TGR Clark",
              "runs": {
                "batter": 2,
                "extras": 0,
                "total": 2
              }
            },
            {
              "batter": "TM Head",
              "bowler": "NN Gilchrist",
              "non_striker": "TGR Clark",
              "runs": {
                "batter": 6,
                "extras": 0,
                "total": 6
              }
            }
          ]
        },
        {
          "over": 12,
          "deliveries": [
            {
              "batter": "TGR Clark",
              "bowler": "Hamidullah Qadri",
              "extras": {
                "wides": 1
              },
              "non_striker": "TM Head",
              "runs": {
                "batter": 0,
                "extras": 1,
                "total": 1
              }
            },
            {
              "batter": "TGR Clark",
              "bowler": "Hamidullah Qadri",
              "non_striker": "TM Head",
              "runs": {
                "batter": 1,
                "extras": 0,
                "total": 1
              }
            },
            {
              "batter": "TM Head",
              "bowler": "Hamidullah Qadri",
              "non_striker": "TGR Clark",
              "runs": {
                "batter": 0,
                "extras": 0,
                "total": 0
              }
            },
            {
              "batter": "TM Head",
              "bowler": "Hamidullah Qadri",
              "extras": {
                "legbyes": 1
              },
              "non_striker": "TGR Clark",
              "runs": {
                "batter": 0,
                "extras": 1,
                "total": 1
              }
            },
            {
              "batter": "TGR Clark",
              "bowler": "Hamidullah Qadri",
              "non_striker": "TM Head",
              "runs": {
                "batter": 0,
                "extras": 0,
                "total": 0
              }
            },
            {
              "batter": "TGR Clark",
              "bowler": "Hamidullah Qadri",
              "non_striker": "TM Head",
              "runs": {
                "batter": 0,
                "extras": 0,
                "total": 0
              }
            },
            {
              "batter": "TGR Clark",
              "bowler": "Hamidullah Qadri",
              "extras": {
                "wides": 1
              },
              "non_striker": "TM Head",
              "runs": {
                "batter": 0,
                "extras": 1,
                "total": 1
              }
            },
            {
              "batter": "TGR Clark",
              "bowler": "Hamidullah Qadri",
              "non_striker": "TM Head",
              "runs": {
                "batter": 1,
                "extras": 0,
                "total": 1
              }
            }
          ]
        },
        {
          "over": 13,
          "deliveries": [
            {
              "batter": "TGR Clark",
              "bowler": "NN Gilchrist",
              "non_striker": "TM Head",
              "runs": {
                "batter": 0,
                "extras": 0,
                "total": 0
              }
            },
            {
              "batter": "TGR Clark",
              "bowler": "NN Gilchrist",
              "non_striker": "TM Head",
              "runs": {
                "batter": 1,
                "extras": 0,
                "total": 1
              }
            },
            {
              "batter": "TM Head",
              "bowler": "NN Gilchrist",
              "non_striker": "TGR Clark",
              "runs": {
                "batter": 6,
                "extras": 0,
                "total": 6
              }
            },
            {
              "batter": "TM Head",
              "bowler": "NN Gilchrist",
              "non_striker": "TGR Clark",
              "runs": {
                "batter": 4,
                "extras": 0,
                "total": 4
              }
            },
            {
              "batter": "TM Head",
              "bowler": "NN Gilchrist",
              "non_striker": "TGR Clark",
              "runs": {
                "batter": 4,
                "extras": 0,
                "total": 4
              }
            },
            {
              "batter": "TM Head",
              "bowler": "NN Gilchrist",
              "extras": {
                "noballs": 2
              },
              "non_striker": "TGR Clark",
              "runs": {
                "batter": 1,
                "extras": 2,
                "total": 3
              }
            },
            {
              "batter": "TGR Clark",
              "bowler": "NN Gilchrist",
              "non_striker": "TM Head",
              "runs": {
                "batter": 4,
                "extras": 0,
                "total": 4
              }
            }
          ]
        },
        {
          "over": 14,
          "deliveries": [
            {
              "batter": "TM Head",
              "bowler": "Hamidullah Qadri",
              "non_striker": "TGR Clark",
              "runs": {
                "batter": 1,
                "extras": 0,
                "total": 1
              }
            },
            {
              "batter": "TGR Clark",
              "bowler": "Hamidullah Qadri",
              "non_striker": "TM Head",
              "runs": {
                "batter": 0,
                "extras": 0,
                "total": 0
              },
              "wickets": [
                {
                  "player_out": "TGR Clark",
                  "fielders": [
                    {
                      "name": "ME Milnes"
                    }
                  ],
                  "kind": "caught"
                }
              ]
            },
            {
              "batter": "BC Brown",
              "bowler": "Hamidullah Qadri",
              "non_striker": "TM Head",
              "runs": {
                "batter": 1,
                "extras": 0,
                "total": 1
              }
            },
            {
              "batter": "TM Head",
              "bowler": "Hamidullah Qadri",
              "non_striker": "BC Brown",
              "runs": {
                "batter": 1,
                "extras": 0,
                "total": 1
              }
            },
            {
              "batter": "BC Brown",
              "bowler": "Hamidullah Qadri",
              "non_striker": "TM Head",
              "runs": {
                "batter": 1,
                "extras": 0,
                "total": 1
              }
            },
            {
              "batter": "TM Head",
              "bowler": "Hamidullah Qadri",
              "non_striker": "BC Brown",
              "runs": {
                "batter": 1,
                "extras": 0,
                "total": 1
              }
            }
          ]
        },
        {
          "over": 15,
          "deliveries": [
            {
              "batter": "TM Head",
              "bowler": "MK O'Riordan",
              "non_striker": "BC Brown",
              "runs": {
                "batter": 1,
                "extras": 0,
                "total": 1
              }
            },
            {
              "batter": "BC Brown",
              "bowler": "MK O'Riordan",
              "non_striker": "TM Head",
              "runs": {
                "batter": 1,
                "extras": 0,
                "total": 1
              }
            },
            {
              "batter": "TM Head",
              "bowler": "MK O'Riordan",
              "non_striker": "BC Brown",
              "runs": {
                "batter": 1,
                "extras": 0,
                "total": 1
              }
            },
            {
              "batter": "BC Brown",
              "bowler": "MK O'Riordan",
              "non_striker": "TM Head",
              "runs": {
                "batter": 0,
                "extras": 0,
                "total": 0
              }
            },
            {
              "batter": "BC Brown",
              "bowler": "MK O'Riordan",
              "non_striker": "TM Head",
              "runs": {
                "batter": 1,
                "extras": 0,
                "total": 1
              }
            },
            {
              "batter": "TM Head",
              "bowler": "MK O'Riordan",
              "non_striker": "BC Brown",
              "runs": {
                "batter": 1,
                "extras": 0,
                "total": 1
              }
            }
          ]
        },
        {
          "over": 16,
          "deliveries": [
            {
              "batter": "TM Head",
              "bowler": "Hamidullah Qadri",
              "non_striker": "BC Brown",
              "runs": {
                "batter": 4,
                "extras": 0,
                "total": 4
              }
            },
            {
              "batter": "TM Head",
              "bowler": "Hamidullah Qadri",
              "non_striker": "BC Brown",
              "runs": {
                "batter": 4,
                "extras": 0,
                "total": 4
              }
            },
            {
              "batter": "TM Head",
              "bowler": "Hamidullah Qadri",
              "non_striker": "BC Brown",
              "runs": {
                "batter": 0,
                "extras": 0,
                "total": 0
              }
            },
            {
              "batter": "TM Head",
              "bowler": "Hamidullah Qadri",
              "non_striker": "BC Brown",
              "runs": {
                "batter": 1,
                "extras": 0,
                "total": 1
              }
            },
            {
              "batter": "BC Brown",
              "bowler": "Hamidullah Qadri",
              "non_striker": "TM Head",
              "runs": {
                "batter": 1,
                "extras": 0,
                "total": 1
              }
            },
            {
              "batter": "TM Head",
              "bowler": "Hamidullah Qadri",
              "non_striker": "BC Brown",
              "runs": {
                "batter": 1,
                "extras": 0,
                "total": 1
              }
            }
          ]
        },
        {
          "over": 17,
          "deliveries": [
            {
              "batter": "TM Head",
              "bowler": "MK O'Riordan",
              "non_striker": "BC Brown",
              "runs": {
                "batter": 0,
                "extras": 0,
                "total": 0
              }
            },
            {
              "batter": "TM Head",
              "bowler": "MK O'Riordan",
              "non_striker": "BC Brown",
              "runs": {
                "batter": 2,
                "extras": 0,
                "total": 2
              }
            },
            {
              "batter": "TM Head",
              "bowler": "MK O'Riordan",
              "non_striker": "BC Brown",
              "runs": {
                "batter": 1,
                "extras": 0,
                "total": 1
              }
            },
            {
              "batter": "BC Brown",
              "bowler": "MK O'Riordan",
              "non_striker": "TM Head",
              "runs": {
                "batter": 0,
                "extras": 0,
                "total": 0
              }
            },
            {
              "batter": "BC Brown",
              "bowler": "MK O'Riordan",
              "non_striker": "TM Head",
              "runs": {
                "batter": 0,
                "extras": 0,
                "total": 0
              }
            },
            {
              "batter": "BC Brown",
              "bowler": "MK O'Riordan",
              "non_striker": "TM Head",
              "runs": {
                "batter": 1,
                "extras": 0,
                "total": 1
              }
            }
          ]
        },
        {
          "over": 18,
          "deliveries": [
            {
              "batter": "BC Brown",
              "bowler": "Hamidullah Qadri",
              "non_striker": "TM Head",
              "runs": {
                "batter": 1,
                "extras": 0,
                "total": 1
              }
            },
            {
              "batter": "TM Head",
              "bowler": "Hamidullah Qadri",
              "non_striker": "BC Brown",
              "runs": {
                "batter": 1,
                "extras": 0,
                "total": 1
              }
            },
            {
              "batter": "BC Brown",
              "bowler": "Hamidullah Qadri",
              "non_striker": "TM Head",
              "runs": {
                "batter": 0,
                "extras": 0,
                "total": 0
              }
            },
            {
              "batter": "BC Brown",
              "bowler": "Hamidullah Qadri",
              "non_striker": "TM Head",
              "runs": {
                "batter": 1,
                "extras": 0,
                "total": 1
              }
            },
            {
              "batter": "TM Head",
              "bowler": "Hamidullah Qadri",
              "non_striker": "BC Brown",
              "runs": {
                "batter": 1,
                "extras": 0,
                "total": 1
              }
            },
            {
              "batter": "BC Brown",
              "bowler": "Hamidullah Qadri",
              "non_striker": "TM Head",
              "runs": {
                "batter": 1,
                "extras": 0,
                "total": 1
              }
            }
          ]
        },
        {
          "over": 19,
          "deliveries": [
            {
              "batter": "BC Brown",
              "bowler": "MK O'Riordan",
              "non_striker": "TM Head",
              "runs": {
                "batter": 4,
                "extras": 0,
                "total": 4
              }
            },
            {
              "batter": "BC Brown",
              "bowler": "MK O'Riordan",
              "non_striker": "TM Head",
              "runs": {
                "batter": 1,
                "extras": 0,
                "total": 1
              }
            },
            {
              "batter": "TM Head",
              "bowler": "MK O'Riordan",
              "non_striker": "BC Brown",
              "runs": {
                "batter": 1,
                "extras": 0,
                "total": 1
              }
            },
            {
              "batter": "BC Brown",
              "bowler": "MK O'Riordan",
              "non_striker": "TM Head",
              "runs": {
                "batter": 0,
                "extras": 0,
                "total": 0
              }
            },
            {
              "batter": "BC Brown",
              "bowler": "MK O'Riordan",
              "non_striker": "TM Head",
              "runs": {
                "batter": 2,
                "extras": 0,
                "total": 2
              }
            },
            {
              "batter": "BC Brown",
              "bowler": "MK O'Riordan",
              "non_striker": "TM Head",
              "runs": {
                "batter": 1,
                "extras": 0,
                "total": 1
              }
            }
          ]
        },
        {
          "over": 20,
          "deliveries": [
            {
              "batter": "BC Brown",
              "bowler": "Hamidullah Qadri",
              "non_striker": "TM Head",
              "runs": {
                "batter": 1,
                "extras": 0,
                "total": 1
              }
            },
            {
              "batter": "TM Head",
              "bowler": "Hamidullah Qadri",
              "non_striker": "BC Brown",
              "runs": {
                "batter": 1,
                "extras": 0,
                "total": 1
              }
            },
            {
              "batter": "BC Brown",
              "bowler": "Hamidullah Qadri",
              "non_striker": "TM Head",
              "runs": {
                "batter": 4,
                "extras": 0,
                "total": 4
              }
            },
            {
              "batter": "BC Brown",
              "bowler": "Hamidullah Qadri",
              "non_striker": "TM Head",
              "runs": {
                "batter": 4,
                "extras": 0,
                "total": 4
              }
            },
            {
              "batter": "BC Brown",
              "bowler": "Hamidullah Qadri",
              "non_striker": "TM Head",
              "runs": {
                "batter": 2,
                "extras": 0,
                "total": 2
              }
            },
            {
              "batter": "BC Brown",
              "bowler": "Hamidullah Qadri",
              "non_striker": "TM Head",
              "runs": {
                "batter": 0,
                "extras": 0,
                "total": 0
              }
            }
          ]
        },
        {
          "over": 21,
          "deliveries": [
            {
              "batter": "TM Head",
              "bowler": "MK O'Riordan",
              "non_striker": "BC Brown",
              "runs": {
                "batter": 1,
                "extras": 0,
                "total": 1
              }
            },
            {
              "batter": "BC Brown",
              "bowler": "MK O'Riordan",
              "non_striker": "TM Head",
              "runs": {
                "batter": 2,
                "extras": 0,
                "total": 2
              }
            },
            {
              "batter": "BC Brown",
              "bowler": "MK O'Riordan",
              "non_striker": "TM Head",
              "runs": {
                "batter": 4,
                "extras": 0,
                "total": 4
              }
            },
            {
              "batter": "BC Brown",
              "bowler": "MK O'Riordan",
              "non_striker": "TM Head",
              "runs": {
                "batter": 1,
                "extras": 0,
                "total": 1
              }
            },
            {
              "batter": "TM Head",
              "bowler": "MK O'Riordan",
              "non_striker": "BC Brown",
              "runs": {
                "batter": 1,
                "extras": 0,
                "total": 1
              }
            },
            {
              "batter": "BC Brown",
              "bowler": "MK O'Riordan",
              "non_striker": "TM Head",
              "runs": {
                "batter": 2,
                "extras": 0,
                "total": 2
              }
            }
          ]
        },
        {
          "over": 22,
          "deliveries": [
            {
              "batter": "TM Head",
              "bowler": "NN Gilchrist",
              "non_striker": "BC Brown",
              "runs": {
                "batter": 1,
                "extras": 0,
                "total": 1
              }
            },
            {
              "batter": "BC Brown",
              "bowler": "NN Gilchrist",
              "non_striker": "TM Head",
              "runs": {
                "batter": 1,
                "extras": 0,
                "total": 1
              }
            },
            {
              "batter": "TM Head",
              "bowler": "NN Gilchrist",
              "non_striker": "BC Brown",
              "runs": {
                "batter": 0,
                "extras": 0,
                "total": 0
              },
              "wickets": [
                {
                  "player_out": "TM Head",
                  "fielders": [
                    {
                      "name": "DI Stevens"
                    }
                  ],
                  "kind": "caught"
                }
              ]
            },
            {
              "batter": "D Wiese",
              "bowler": "NN Gilchrist",
              "extras": {
                "wides": 1
              },
              "non_striker": "BC Brown",
              "runs": {
                "batter": 0,
                "extras": 1,
                "total": 1
              }
            },
            {
              "batter": "D Wiese",
              "bowler": "NN Gilchrist",
              "non_striker": "BC Brown",
              "runs": {
                "batter": 1,
                "extras": 0,
                "total": 1
              }
            },
            {
              "batter": "BC Brown",
              "bowler": "NN Gilchrist",
              "non_striker": "D Wiese",
              "runs": {
                "batter": 0,
                "extras": 0,
                "total": 0
              },
              "wickets": [
                {
                  "player_out": "BC Brown",
                  "kind": "bowled"
                }
              ]
            },
            {
              "batter": "OJ Carter",
              "bowler": "NN Gilchrist",
              "non_striker": "D Wiese",
              "runs": {
                "batter": 1,
                "extras": 0,
                "total": 1
              }
            }
          ]
        },
        {
          "over": 23,
          "deliveries": [
            {
              "batter": "OJ Carter",
              "bowler": "G Stewart",
              "non_striker": "D Wiese",
              "runs": {
                "batter": 1,
                "extras": 0,
                "total": 1
              }
            },
            {
              "batter": "D Wiese",
              "bowler": "G Stewart",
              "non_striker": "OJ Carter",
              "runs": {
                "batter": 1,
                "extras": 0,
                "total": 1
              }
            },
            {
              "batter": "OJ Carter",
              "bowler": "G Stewart",
              "extras": {
                "legbyes": 1
              },
              "non_striker": "D Wiese",
              "runs": {
                "batter": 0,
                "extras": 1,
                "total": 1
              }
            },
            {
              "batter": "D Wiese",
              "bowler": "G Stewart",
              "extras": {
                "legbyes": 1
              },
              "non_striker": "OJ Carter",
              "runs": {
                "batter": 0,
                "extras": 1,
                "total": 1
              }
            },
            {
              "batter": "OJ Carter",
              "bowler": "G Stewart",
              "extras": {
                "legbyes": 1
              },
              "non_striker": "D Wiese",
              "runs": {
                "batter": 0,
                "extras": 1,
                "total": 1
              }
            },
            {
              "batter": "D Wiese",
              "bowler": "G Stewart",
              "non_striker": "OJ Carter",
              "runs": {
                "batter": 2,
                "extras": 0,
                "total": 2
              }
            }
          ]
        },
        {
          "over": 24,
          "deliveries": [
            {
              "batter": "OJ Carter",
              "bowler": "NN Gilchrist",
              "non_striker": "D Wiese",
              "runs": {
                "batter": 0,
                "extras": 0,
                "total": 0
              },
              "wickets": [
                {
                  "player_out": "OJ Carter",
                  "fielders": [
                    {
                      "name": "JA Gordon",
                      "substitute": true
                    }
                  ],
                  "kind": "caught"
                }
              ]
            },
            {
              "batter": "D Wiese",
              "bowler": "NN Gilchrist",
              "non_striker": "JM Coles",
              "runs": {
                "batter": 2,
                "extras": 0,
                "total": 2
              }
            },
            {
              "batter": "D Wiese",
              "bowler": "NN Gilchrist",
              "non_striker": "JM Coles",
              "runs": {
                "batter": 1,
                "extras": 0,
                "total": 1
              }
            },
            {
              "batter": "JM Coles",
              "bowler": "NN Gilchrist",
              "non_striker": "D Wiese",
              "runs": {
                "batter": 1,
                "extras": 0,
                "total": 1
              }
            },
            {
              "batter": "D Wiese",
              "bowler": "NN Gilchrist",
              "non_striker": "JM Coles",
              "runs": {
                "batter": 1,
                "extras": 0,
                "total": 1
              }
            },
            {
              "batter": "JM Coles",
              "bowler": "NN Gilchrist",
              "non_striker": "D Wiese",
              "runs": {
                "batter": 0,
                "extras": 0,
                "total": 0
              }
            }
          ]
        },
        {
          "over": 25,
          "deliveries": [
            {
              "batter": "D Wiese",
              "bowler": "G Stewart",
              "non_striker": "JM Coles",
              "runs": {
                "batter": 1,
                "extras": 0,
                "total": 1
              }
            },
            {
              "batter": "JM Coles",
              "bowler": "G Stewart",
              "non_striker": "D Wiese",
              "runs": {
                "batter": 1,
                "extras": 0,
                "total": 1
              }
            },
            {
              "batter": "D Wiese",
              "bowler": "G Stewart",
              "non_striker": "JM Coles",
              "runs": {
                "batter": 1,
                "extras": 0,
                "total": 1
              }
            },
            {
              "batter": "JM Coles",
              "bowler": "G Stewart",
              "non_striker": "D Wiese",
              "runs": {
                "batter": 0,
                "extras": 0,
                "total": 0
              }
            },
            {
              "batter": "JM Coles",
              "bowler": "G Stewart",
              "non_striker": "D Wiese",
              "runs": {
                "batter": 1,
                "extras": 0,
                "total": 1
              }
            },
            {
              "batter": "D Wiese",
              "bowler": "G Stewart",
              "extras": {
                "wides": 1
              },
              "non_striker": "JM Coles",
              "runs": {
                "batter": 0,
                "extras": 1,
                "total": 1
              }
            },
            {
              "batter": "D Wiese",
              "bowler": "G Stewart",
              "non_striker": "JM Coles",
              "runs": {
                "batter": 1,
                "extras": 0,
                "total": 1
              }
            }
          ]
        },
        {
          "over": 26,
          "deliveries": [
            {
              "batter": "D Wiese",
              "bowler": "ME Milnes",
              "non_striker": "JM Coles",
              "runs": {
                "batter": 0,
                "extras": 0,
                "total": 0
              }
            },
            {
              "batter": "D Wiese",
              "bowler": "ME Milnes",
              "non_striker": "JM Coles",
              "runs": {
                "batter": 1,
                "extras": 0,
                "total": 1
              }
            },
            {
              "batter": "JM Coles",
              "bowler": "ME Milnes",
              "non_striker": "D Wiese",
              "runs": {
                "batter": 1,
                "extras": 0,
                "total": 1
              }
            },
            {
              "batter": "D Wiese",
              "bowler": "ME Milnes",
              "non_striker": "JM Coles",
              "runs": {
                "batter": 2,
                "extras": 0,
                "total": 2
              }
            },
            {
              "batter": "D Wiese",
              "bowler": "ME Milnes",
              "non_striker": "JM Coles",
              "runs": {
                "batter": 0,
                "extras": 0,
                "total": 0
              }
            },
            {
              "batter": "D Wiese",
              "bowler": "ME Milnes",
              "non_striker": "JM Coles",
              "runs": {
                "batter": 1,
                "extras": 0,
                "total": 1
              }
            }
          ]
        },
        {
          "over": 27,
          "deliveries": [
            {
              "batter": "D Wiese",
              "bowler": "G Stewart",
              "non_striker": "JM Coles",
              "runs": {
                "batter": 1,
                "extras": 0,
                "total": 1
              }
            },
            {
              "batter": "JM Coles",
              "bowler": "G Stewart",
              "non_striker": "D Wiese",
              "runs": {
                "batter": 1,
                "extras": 0,
                "total": 1
              }
            },
            {
              "batter": "D Wiese",
              "bowler": "G Stewart",
              "non_striker": "JM Coles",
              "runs": {
                "batter": 0,
                "extras": 0,
                "total": 0
              }
            },
            {
              "batter": "D Wiese",
              "bowler": "G Stewart",
              "non_striker": "JM Coles",
              "runs": {
                "batter": 4,
                "extras": 0,
                "total": 4
              }
            },
            {
              "batter": "D Wiese",
              "bowler": "G Stewart",
              "non_striker": "JM Coles",
              "runs": {
                "batter": 1,
                "extras": 0,
                "total": 1
              }
            },
            {
              "batter": "JM Coles",
              "bowler": "G Stewart",
              "non_striker": "D Wiese",
              "runs": {
                "batter": 1,
                "extras": 0,
                "total": 1
              }
            }
          ]
        },
        {
          "over": 28,
          "deliveries": [
            {
              "batter": "JM Coles",
              "bowler": "ME Milnes",
              "non_striker": "D Wiese",
              "runs": {
                "batter": 6,
                "extras": 0,
                "total": 6
              }
            },
            {
              "batter": "JM Coles",
              "bowler": "ME Milnes",
              "non_striker": "D Wiese",
              "runs": {
                "batter": 1,
                "extras": 0,
                "total": 1
              }
            },
            {
              "batter": "D Wiese",
              "bowler": "ME Milnes",
              "extras": {
                "wides": 1
              },
              "non_striker": "JM Coles",
              "runs": {
                "batter": 0,
                "extras": 1,
                "total": 1
              }
            },
            {
              "batter": "D Wiese",
              "bowler": "ME Milnes",
              "non_striker": "JM Coles",
              "runs": {
                "batter": 4,
                "extras": 0,
                "total": 4
              }
            },
            {
              "batter": "D Wiese",
              "bowler": "ME Milnes",
              "non_striker": "JM Coles",
              "runs": {
                "batter": 4,
                "extras": 0,
                "total": 4
              }
            },
            {
              "batter": "D Wiese",
              "bowler": "ME Milnes",
              "non_striker": "JM Coles",
              "runs": {
                "batter": 2,
                "extras": 0,
                "total": 2
              }
            },
            {
              "batter": "D Wiese",
              "bowler": "ME Milnes",
              "non_striker": "JM Coles",
              "runs": {
                "batter": 0,
                "extras": 0,
                "total": 0
              },
              "wickets": [
                {
                  "player_out": "D Wiese",
                  "fielders": [
                    {
                      "name": "G Stewart"
                    }
                  ],
                  "kind": "caught"
                }
              ]
            }
          ]
        }
      ],
      "powerplays": [
        {
          "from": 0.1,
          "to": 5.6,
          "type": "mandatory"
        },
        {
          "from": 6.1,
          "to": 22.7,
          "type": "mandatory"
        },
        {
          "from": 23.1,
          "to": 28.7,
          "type": "mandatory"
        }
      ]
    },
    {
      "team": "Kent",
      "overs": [
        {
          "over": 0,
          "deliveries": [
            {
              "batter": "OG Robinson",
              "bowler": "D Wiese",
              "extras": {
                "noballs": 2
              },
              "non_striker": "TS Muyeye",
              "runs": {
                "batter": 0,
                "extras": 2,
                "total": 2
              }
            },
            {
              "batter": "OG Robinson",
              "bowler": "D Wiese",
              "non_striker": "TS Muyeye",
              "runs": {
                "batter": 0,
                "extras": 0,
                "total": 0
              }
            },
            {
              "batter": "OG Robinson",
              "bowler": "D Wiese",
              "non_striker": "TS Muyeye",
              "runs": {
                "batter": 0,
                "extras": 0,
                "total": 0
              }
            },
            {
              "batter": "OG Robinson",
              "bowler": "D Wiese",
              "non_striker": "TS Muyeye",
              "runs": {
                "batter": 1,
                "extras": 0,
                "total": 1
              }
            },
            {
              "batter": "TS Muyeye",
              "bowler": "D Wiese",
              "non_striker": "OG Robinson",
              "runs": {
                "batter": 0,
                "extras": 0,
                "total": 0
              }
            },
            {
              "batter": "TS Muyeye",
              "bowler": "D Wiese",
              "non_striker": "OG Robinson",
              "runs": {
                "batter": 0,
                "extras": 0,
                "total": 0
              }
            },
            {
              "batter": "TS Muyeye",
              "bowler": "D Wiese",
              "non_striker": "OG Robinson",
              "runs": {
                "batter": 4,
                "extras": 0,
                "total": 4
              }
            }
          ]
        },
        {
          "over": 1,
          "deliveries": [
            {
              "batter": "OG Robinson",
              "bowler": "JP Sarro",
              "non_striker": "TS Muyeye",
              "runs": {
                "batter": 4,
                "extras": 0,
                "total": 4
              }
            },
            {
              "batter": "OG Robinson",
              "bowler": "JP Sarro",
              "non_striker": "TS Muyeye",
              "runs": {
                "batter": 0,
                "extras": 0,
                "total": 0
              }
            },
            {
              "batter": "OG Robinson",
              "bowler": "JP Sarro",
              "non_striker": "TS Muyeye",
              "runs": {
                "batter": 0,
                "extras": 0,
                "total": 0
              }
            },
            {
              "batter": "OG Robinson",
              "bowler": "JP Sarro",
              "non_striker": "TS Muyeye",
              "runs": {
                "batter": 0,
                "extras": 0,
                "total": 0
              }
            },
            {
              "batter": "OG Robinson",
              "bowler": "JP Sarro",
              "non_striker": "TS Muyeye",
              "runs": {
                "batter": 1,
                "extras": 0,
                "total": 1
              }
            },
            {
              "batter": "TS Muyeye",
              "bowler": "JP Sarro",
              "non_striker": "OG Robinson",
              "runs": {
                "batter": 1,
                "extras": 0,
                "total": 1
              }
            }
          ]
        },
        {
          "over": 2,
          "deliveries": [
            {
              "batter": "TS Muyeye",
              "bowler": "D Wiese",
              "non_striker": "OG Robinson",
              "runs": {
                "batter": 4,
                "extras": 0,
                "total": 4
              }
            },
            {
              "batter": "TS Muyeye",
              "bowler": "D Wiese",
              "non_striker": "OG Robinson",
              "runs": {
                "batter": 0,
                "extras": 0,
                "total": 0
              }
            },
            {
              "batter": "TS Muyeye",
              "bowler": "D Wiese",
              "non_striker": "OG Robinson",
              "runs": {
                "batter": 4,
                "extras": 0,
                "total": 4
              }
            },
            {
              "batter": "TS Muyeye",
              "bowler": "D Wiese",
              "non_striker": "OG Robinson",
              "runs": {
                "batter": 1,
                "extras": 0,
                "total": 1
              }
            },
            {
              "batter": "OG Robinson",
              "bowler": "D Wiese",
              "non_striker": "TS Muyeye",
              "runs": {
                "batter": 0,
                "extras": 0,
                "total": 0
              }
            },
            {
              "batter": "OG Robinson",
              "bowler": "D Wiese",
              "non_striker": "TS Muyeye",
              "runs": {
                "batter": 1,
                "extras": 0,
                "total": 1
              }
            }
          ]
        },
        {
          "over": 3,
          "deliveries": [
            {
              "batter": "OG Robinson",
              "bowler": "JP Sarro",
              "non_striker": "TS Muyeye",
              "runs": {
                "batter": 0,
                "extras": 0,
                "total": 0
              }
            },
            {
              "batter": "OG Robinson",
              "bowler": "JP Sarro",
              "non_striker": "TS Muyeye",
              "runs": {
                "batter": 0,
                "extras": 0,
                "total": 0
              }
            },
            {
              "batter": "OG Robinson",
              "bowler": "JP Sarro",
              "non_striker": "TS Muyeye",
              "runs": {
                "batter": 0,
                "extras": 0,
                "total": 0
              }
            },
            {
              "batter": "OG Robinson",
              "bowler": "JP Sarro",
              "non_striker": "TS Muyeye",
              "runs": {
                "batter": 0,
                "extras": 0,
                "total": 0
              }
            },
            {
              "batter": "OG Robinson",
              "bowler": "JP Sarro",
              "non_striker": "TS Muyeye",
              "runs": {
                "batter": 4,
                "extras": 0,
                "total": 4
              }
            },
            {
              "batter": "OG Robinson",
              "bowler": "JP Sarro",
              "non_striker": "TS Muyeye",
              "runs": {
                "batter": 4,
                "extras": 0,
                "total": 4
              }
            }
          ]
        },
        {
          "over": 4,
          "deliveries": [
            {
              "batter": "TS Muyeye",
              "bowler": "D Wiese",
              "non_striker": "OG Robinson",
              "runs": {
                "batter": 2,
                "extras": 0,
                "total": 2
              }
            },
            {
              "batter": "TS Muyeye",
              "bowler": "D Wiese",
              "non_striker": "OG Robinson",
              "runs": {
                "batter": 6,
                "extras": 0,
                "total": 6
              }
            },
            {
              "batter": "TS Muyeye",
              "bowler": "D Wiese",
              "non_striker": "OG Robinson",
              "runs": {
                "batter": 1,
                "extras": 0,
                "total": 1
              }
            },
            {
              "batter": "OG Robinson",
              "bowler": "D Wiese",
              "non_striker": "TS Muyeye",
              "runs": {
                "batter": 4,
                "extras": 0,
                "total": 4
              }
            },
            {
              "batter": "OG Robinson",
              "bowler": "D Wiese",
              "non_striker": "TS Muyeye",
              "runs": {
                "batter": 4,
                "extras": 0,
                "total": 4
              }
            },
            {
              "batter": "OG Robinson",
              "bowler": "D Wiese",
              "non_striker": "TS Muyeye",
              "runs": {
                "batter": 0,
                "extras": 0,
                "total": 0
              }
            }
          ]
        },
        {
          "over": 5,
          "deliveries": [
            {
              "batter": "TS Muyeye",
              "bowler": "JM Coles",
              "extras": {
                "wides": 1
              },
              "non_striker": "OG Robinson",
              "runs": {
                "batter": 0,
                "extras": 1,
                "total": 1
              }
            },
            {
              "batter": "TS Muyeye",
              "bowler": "JM Coles",
              "non_striker": "OG Robinson",
              "runs": {
                "batter": 1,
                "extras": 0,
                "total": 1
              }
            },
            {
              "batter": "OG Robinson",
              "bowler": "JM Coles",
              "non_striker": "TS Muyeye",
              "runs": {
                "batter": 0,
                "extras": 0,
                "total": 0
              },
              "wickets": [
                {
                  "player_out": "OG Robinson",
                  "fielders": [
                    {
                      "name": "OJ Carter"
                    }
                  ],
                  "kind": "caught"
                }
              ]
            },
            {
              "batter": "HZ Finch",
              "bowler": "JM Coles",
              "non_striker": "TS Muyeye",
              "runs": {
                "batter": 0,
                "extras": 0,
                "total": 0
              }
            },
            {
              "batter": "HZ Finch",
              "bowler": "JM Coles",
              "non_striker": "TS Muyeye",
              "runs": {
                "batter": 0,
                "extras": 0,
                "total": 0
              }
            }
          ]
        }
      ],
      "powerplays": [
        {
          "from": 0.1,
          "to": 5.5,
          "type": "mandatory"
        }
      ],
      "target": {
        "overs": 29,
        "runs": 210
      }
    }
  ]
}