{
  "meta": {
    "data_version": "1.0.0",
    "created": "2014-06-15",
    "revision": 2
  },
  "info": {
    "balls_per_over": 6,
    "city": "Navile",
    "dates": [
      "2010-08-14"
    ],
    "event": {
      "name": "ICC World Cricket League Division Four"
    },
    "gender": "male",
    "match_type": "ODM",
    "missing": [
      {
        "powerplays": {
          "1": [
            "batting"
          ]
        }
      }
    ],
    "officials": {
      "match_referees": [
        "DT Jukes"
      ],
      "reserve_umpires": [
        "R Hassan"
      ],
      "umpires": [
        "IJ Gould",
        "C Young"
      ]
    },
    "outcome": {
      "result": "no result"
    },
    "overs": 50,
    "players": {
      "Argentina": [
        "MJ Paterlini",
        "LM Paterlini",
        "AG Dugmore",
        "T Francis",
        "GJ Savage",
        "D Forrester",
        "DM Lord",
        "A Ferguson",
        "EA MacDermott",
        "PM Ryan",
        "P Ferguson"
      ],
      "Tanzania": [
        "HH Abdallah",
        "AR Patwa",
        "KZ Rehmtullah",
        "S Khalifa",
        "RK Kiseto",
        "K Nassoro",
        "IJ Kikasi",
        "E Kiongozi",
        "Shaheed Dhanani",
        "B Mwita",
        "H Ramaiya"
      ]
    },
    "registry": {
      "people": {
        "A Ferguson": "4a8d1b14",
        "AG Dugmore": "1d23ed3a",
        "AR Patwa": "b43f7a6a",
        "B Mwita": "5e7b9318",
        "C Young": "169c473b",
        "D Forrester": "17bcec2a",
        "DM Lord": "6be8fb20",
        "DT Jukes": "7c215d14",
        "E Kiongozi": "3b054892",
        "EA MacDermott": "924ab6c4",
        "GJ Savage": "2f0fa698",
        "H Ramaiya": "895faea3",
        "HH Abdallah": "dd596e73",
        "IJ Gould": "a9dfdf6c",
        "IJ Kikasi": "8086069d",
        "K Nassoro": "29ee9bf9",
        "KZ Rehmtullah": "995aedfe",
        "LM Paterlini": "66c898ab",
        "MJ Paterlini": "75a8844e",
        "P Ferguson": "c7c386c6",
        "PM Ryan": "94c0131e",
        "R Hassan": "e303d1cc",
        "RK Kiseto": "780d1997",
        "S Khalifa": "b4a310c6",
        "Shaheed Dhanani": "23c9372d",
        "T Francis": "907ee78d"
      }
    },
    "season": 2010,
    "team_type": "international",
    "teams": [
      "Argentina",
      "Tanzania"
    ],
    "toss": {
      "decision": "field",
      "winner": "Tanzania"
    },
    "venue": "Centro Sportivo Dozza"
  },
  "innings": [
    {
      "team": "Argentina",
      "overs": [
        {
          "over": 0,
          "deliveries": [
            {
              "batter": "MJ Paterlini",
              "bowler": "KZ Rehmtullah",
              "non_striker": "LM Paterlini",
              "runs": {
                "batter": 0,
                "extras": 0,
                "total": 0
              }
            },
            {
              "batter": "MJ Paterlini",
              "bowler": "KZ Rehmtullah",
              "non_striker": "LM Paterlini",
              "runs": {
                "batter": 2,
                "extras": 0,
                "total": 2
              }
            },
            {
              "batter": "MJ Paterlini",
              "bowler": "KZ Rehmtullah",
              "non_striker": "LM Paterlini",
              "runs": {
                "batter": 0,
                "extras": 0,
                "total": 0
              }
            },
            {
              "batter": "MJ Paterlini",
              "bowler": "KZ Rehmtullah",
              "extras": {
                "wides": 1
              },
              "non_striker": "LM Paterlini",
              "runs": {
                "batter": 0,
                "extras": 1,
                "total": 1
              }
            },
            {
              "batter": "MJ Paterlini",
              "bowler": "KZ Rehmtullah",
              "extras": {
                "legbyes": 1
              },
              "non_striker": "LM Paterlini",
              "runs": {
                "batter": 0,
                "extras": 1,
                "total": 1
              }
            },
            {
              "batter": "LM Paterlini",
              "bowler": "KZ Rehmtullah",
              "non_striker": "MJ Paterlini",
              "runs": {
                "batter": 0,
                "extras": 0,
                "total": 0
              }
            },
            {
              "batter": "LM Paterlini",
              "bowler": "KZ Rehmtullah",
              "non_striker": "MJ Paterlini",
              "runs": {
                "batter": 0,
                "extras": 0,
                "total": 0
              }
            }
          ]
        },
        {
          "over": 1,
          "deliveries": [
            {
              "batter": "MJ Paterlini",
              "bowler": "B Mwita",
              "non_striker": "LM Paterlini",
              "runs": {
                "batter": 0,
                "extras": 0,
                "total": 0
              }
            },
            {
              "batter": "MJ Paterlini",
              "bowler": "B Mwita",
              "non_striker": "LM Paterlini",
              "runs": {
                "batter": 0,
                "extras": 0,
                "total": 0
              }
            },
            {
              "batter": "MJ Paterlini",
              "bowler": "B Mwita",
              "non_striker": "LM Paterlini",
              "runs": {
                "batter": 0,
                "extras": 0,
                "total": 0
              }
            },
            {
              "batter": "MJ Paterlini",
              "bowler": "B Mwita",
              "non_striker": "LM Paterlini",
              "runs": {
                "batter": 0,
                "extras": 0,
                "total": 0
              }
            },
            {
              "batter": "MJ Paterlini",
              "bowler": "B Mwita",
              "non_striker": "LM Paterlini",
              "runs": {
                "batter": 1,
                "extras": 0,
                "total": 1
              }
            },
            {
              "batter": "LM Paterlini",
              "bowler": "B Mwita",
              "extras": {
                "wides": 1
              },
              "non_striker": "MJ Paterlini",
              "runs": {
                "batter": 0,
                "extras": 1,
                "total": 1
              }
            },
            {
              "batter": "LM Paterlini",
              "bowler": "B Mwita",
              "non_striker": "MJ Paterlini",
              "runs": {
                "batter": 0,
                "extras": 0,
                "total": 0
              }
            }
          ]
        },
        {
          "over": 2,
          "deliveries": [
            {
              "batter": "MJ Paterlini",
              "bowler": "KZ Rehmtullah",
              "extras": {
                "wides": 1
              },
              "non_striker": "LM Paterlini",
              "runs": {
                "batter": 0,
                "extras": 1,
                "total": 1
              }
            },
            {
              "batter": "MJ Paterlini",
              "bowler": "KZ Rehmtullah",
              "non_striker": "LM Paterlini",
              "runs": {
                "batter": 1,
                "extras": 0,
                "total": 1
              }
            },
            {
              "batter": "LM Paterlini",
              "bowler": "KZ Rehmtullah",
              "non_striker": "MJ Paterlini",
              "runs": {
                "batter": 0,
                "extras": 0,
                "total": 0
              }
            },
            {
              "batter": "LM Paterlini",
              "bowler": "KZ Rehmtullah",
              "non_striker": "MJ Paterlini",
              "runs": {
                "batter": 0,
                "extras": 0,
                "total": 0
              }
            },
            {
              "batter": "LM Paterlini",
              "bowler": "KZ Rehmtullah",
              "non_striker": "MJ Paterlini",
              "runs": {
                "batter": 0,
                "extras": 0,
                "total": 0
              }
            },
            {
              "batter": "LM Paterlini",
              "bowler": "KZ Rehmtullah",
              "non_striker": "MJ Paterlini",
              "runs": {
                "batter": 1,
                "extras": 0,
                "total": 1
              }
            },
            {
              "batter": "MJ Paterlini",
              "bowler": "KZ Rehmtullah",
              "non_striker": "LM Paterlini",
              "runs": {
                "batter": 0,
                "extras": 0,
                "total": 0
              }
            }
          ]
        },
        {
          "over": 3,
          "deliveries": [
            {
              "batter": "LM Paterlini",
              "bowler": "B Mwita",
              "non_striker": "MJ Paterlini",
              "runs": {
                "batter": 1,
                "extras": 0,
                "total": 1
              }
            },
            {
              "batter": "MJ Paterlini",
              "bowler": "B Mwita",
              "non_striker": "LM Paterlini",
              "runs": {
                "batter": 0,
                "extras": 0,
                "total": 0
              }
            },
            {
              "batter": "MJ Paterlini",
              "bowler": "B Mwita",
              "non_striker": "LM Paterlini",
              "runs": {
                "batter": 0,
                "extras": 0,
                "total": 0
              }
            },
            {
              "batter": "MJ Paterlini",
              "bowler": "B Mwita",
              "non_striker": "LM Paterlini",
              "runs": {
                "batter": 0,
                "extras": 0,
                "total": 0
              }
            },
            {
              "batter": "MJ Paterlini",
              "bowler": "B Mwita",
              "non_striker": "LM Paterlini",
              "runs": {
                "batter": 0,
                "extras": 0,
                "total": 0
              }
            },
            {
              "batter": "MJ Paterlini",
              "bowler": "B Mwita",
              "non_striker": "LM Paterlini",
              "runs": {
                "batter": 0,
                "extras": 0,
                "total": 0
              }
            }
          ]
        },
        {
          "over": 4,
          "deliveries": [
            {
              "batter": "LM Paterlini",
              "bowler": "KZ Rehmtullah",
              "non_striker": "MJ Paterlini",
              "runs": {
                "batter": 0,
                "extras": 0,
                "total": 0
              },
              "wickets": [
                {
                  "kind": "bowled",
                  "player_out": "LM Paterlini"
                }
              ]
            },
            {
              "batter": "AG Dugmore",
              "bowler": "KZ Rehmtullah",
              "extras": {
                "wides": 1
              },
              "non_striker": "MJ Paterlini",
              "runs": {
                "batter": 0,
                "extras": 1,
                "total": 1
              }
            },
            {
              "batter": "AG Dugmore",
              "bowler": "KZ Rehmtullah",
              "non_striker": "MJ Paterlini",
              "runs": {
                "batter": 0,
                "extras": 0,
                "total": 0
              }
            },
            {
              "batter": "AG Dugmore",
              "bowler": "KZ Rehmtullah",
              "non_striker": "MJ Paterlini",
              "runs": {
                "batter": 0,
                "extras": 0,
                "total": 0
              },
              "wickets": [
                {
                  "kind": "caught",
                  "player_out": "AG Dugmore",
                  "fielders": [
                    {
                      "name": "IJ Kikasi"
                    }
                  ]
                }
              ]
            },
            {
              "batter": "T Francis",
              "bowler": "KZ Rehmtullah",
              "non_striker": "MJ Paterlini",
              "runs": {
                "batter": 0,
                "extras": 0,
                "total": 0
              }
            },
            {
              "batter": "T Francis",
              "bowler": "KZ Rehmtullah",
              "non_striker": "MJ Paterlini",
              "runs": {
                "batter": 0,
                "extras": 0,
                "total": 0
              }
            },
            {
              "batter": "T Francis",
              "bowler": "KZ Rehmtullah",
              "non_striker": "MJ Paterlini",
              "runs": {
                "batter": 1,
                "extras": 0,
                "total": 1
              }
            }
          ]
        },
        {
          "over": 5,
          "deliveries": [
            {
              "batter": "T Francis",
              "bowler": "B Mwita",
              "non_striker": "MJ Paterlini",
              "runs": {
                "batter": 0,
                "extras": 0,
                "total": 0
              }
            },
            {
              "batter": "T Francis",
              "bowler": "B Mwita",
              "non_striker": "MJ Paterlini",
              "runs": {
                "batter": 0,
                "extras": 0,
                "total": 0
              }
            },
            {
              "batter": "T Francis",
              "bowler": "B Mwita",
              "non_striker": "MJ Paterlini",
              "runs": {
                "batter": 0,
                "extras": 0,
                "total": 0
              }
            },
            {
              "batter": "T Francis",
              "bowler": "B Mwita",
              "non_striker": "MJ Paterlini",
              "runs": {
                "batter": 1,
                "extras": 0,
                "total": 1
              }
            },
            {
              "batter": "MJ Paterlini",
              "bowler": "B Mwita",
              "non_striker": "T Francis",
              "runs": {
                "batter": 0,
                "extras": 0,
                "total": 0
              }
            },
            {
              "batter": "MJ Paterlini",
              "bowler": "B Mwita",
              "non_striker": "T Francis",
              "runs": {
                "batter": 0,
                "extras": 0,
                "total": 0
              }
            }
          ]
        },
        {
          "over": 6,
          "deliveries": [
            {
              "batter": "T Francis",
              "bowler": "KZ Rehmtullah",
              "extras": {
                "wides": 1
              },
              "non_striker": "MJ Paterlini",
              "runs": {
                "batter": 0,
                "extras": 1,
                "total": 1
              }
            },
            {
              "batter": "T Francis",
              "bowler": "KZ Rehmtullah",
              "non_striker": "MJ Paterlini",
              "runs": {
                "batter": 0,
                "extras": 0,
                "total": 0
              }
            },
            {
              "batter": "T Francis",
              "bowler": "KZ Rehmtullah",
              "non_striker": "MJ Paterlini",
              "runs": {
                "batter": 0,
                "extras": 0,
                "total": 0
              }
            },
            {
              "batter": "T Francis",
              "bowler": "KZ Rehmtullah",
              "non_striker": "MJ Paterlini",
              "runs": {
                "batter": 1,
                "extras": 0,
                "total": 1
              }
            },
            {
              "batter": "MJ Paterlini",
              "bowler": "KZ Rehmtullah",
              "non_striker": "T Francis",
              "runs": {
                "batter": 0,
                "extras": 0,
                "total": 0
              }
            },
            {
              "batter": "MJ Paterlini",
              "bowler": "KZ Rehmtullah",
              "non_striker": "T Francis",
              "runs": {
                "batter": 0,
                "extras": 0,
                "total": 0
              }
            },
            {
              "batter": "MJ Paterlini",
              "bowler": "KZ Rehmtullah",
              "non_striker": "T Francis",
              "runs": {
                "batter": 0,
                "extras": 0,
                "total": 0
              }
            }
          ]
        },
        {
          "over": 7,
          "deliveries": [
            {
              "batter": "T Francis",
              "bowler": "B Mwita",
              "non_striker": "MJ Paterlini",
              "runs": {
                "batter": 2,
                "extras": 0,
                "total": 2
              }
            },
            {
              "batter": "T Francis",
              "bowler": "B Mwita",
              "non_striker": "MJ Paterlini",
              "runs": {
                "batter": 1,
                "extras": 0,
                "total": 1
              }
            },
            {
              "batter": "MJ Paterlini",
              "bowler": "B Mwita",
              "non_striker": "T Francis",
              "runs": {
                "batter": 0,
                "extras": 0,
                "total": 0
              }
            },
            {
              "batter": "MJ Paterlini",
              "bowler": "B Mwita",
              "non_striker": "T Francis",
              "runs": {
                "batter": 0,
                "extras": 0,
                "total": 0
              }
            },
            {
              "batter": "MJ Paterlini",
              "bowler": "B Mwita",
              "non_striker": "T Francis",
              "runs": {
                "batter": 0,
                "extras": 0,
                "total": 0
              }
            },
            {
              "batter": "MJ Paterlini",
              "bowler": "B Mwita",
              "non_striker": "T Francis",
              "runs": {
                "batter": 0,
                "extras": 0,
                "total": 0
              }
            }
          ]
        },
        {
          "over": 8,
          "deliveries": [
            {
              "batter": "T Francis",
              "bowler": "KZ Rehmtullah",
              "non_striker": "MJ Paterlini",
              "runs": {
                "batter": 0,
                "extras": 0,
                "total": 0
              }
            },
            {
              "batter": "T Francis",
              "bowler": "KZ Rehmtullah",
              "non_striker": "MJ Paterlini",
              "runs": {
                "batter": 0,
                "extras": 0,
                "total": 0
              }
            },
            {
              "batter": "T Francis",
              "bowler": "KZ Rehmtullah",
              "non_striker": "MJ Paterlini",
              "runs": {
                "batter": 0,
                "extras": 0,
                "total": 0
              },
              "wickets": [
                {
                  "kind": "lbw",
                  "player_out": "T Francis"
                }
              ]
            },
            {
              "batter": "GJ Savage",
              "bowler": "KZ Rehmtullah",
              "non_striker": "MJ Paterlini",
              "runs": {
                "batter": 1,
                "extras": 0,
                "total": 1
              }
            },
            {
              "batter": "MJ Paterlini",
              "bowler": "KZ Rehmtullah",
              "non_striker": "GJ Savage",
              "runs": {
                "batter": 0,
                "extras": 0,
                "total": 0
              }
            },
            {
              "batter": "MJ Paterlini",
              "bowler": "KZ Rehmtullah",
              "non_striker": "GJ Savage",
              "runs": {
                "batter": 1,
                "extras": 0,
                "total": 1
              }
            }
          ]
        },
        {
          "over": 9,
          "deliveries": [
            {
              "batter": "MJ Paterlini",
              "bowler": "B Mwita",
              "non_striker": "GJ Savage",
              "runs": {
                "batter": 0,
                "extras": 0,
                "total": 0
              }
            },
            {
              "batter": "MJ Paterlini",
              "bowler": "B Mwita",
              "non_striker": "GJ Savage",
              "runs": {
                "batter": 0,
                "extras": 0,
                "total": 0
              }
            },
            {
              "batter": "MJ Paterlini",
              "bowler": "B Mwita",
              "non_striker": "GJ Savage",
              "runs": {
                "batter": 0,
                "extras": 0,
                "total": 0
              }
            },
            {
              "batter": "MJ Paterlini",
              "bowler": "B Mwita",
              "non_striker": "GJ Savage",
              "runs": {
                "batter": 1,
                "extras": 0,
                "total": 1
              }
            },
            {
              "batter": "GJ Savage",
              "bowler": "B Mwita",
              "non_striker": "MJ Paterlini",
              "runs": {
                "batter": 0,
                "extras": 0,
                "total": 0
              }
            },
            {
              "batter": "GJ Savage",
              "bowler": "B Mwita",
              "non_striker": "MJ Paterlini",
              "runs": {
                "batter": 0,
                "extras": 0,
                "total": 0
              }
            }
          ]
        },
        {
          "over": 10,
          "deliveries": [
            {
              "batter": "MJ Paterlini",
              "bowler": "KZ Rehmtullah",
              "non_striker": "GJ Savage",
              "runs": {
                "batter": 0,
                "extras": 0,
                "total": 0
              }
            },
            {
              "batter": "MJ Paterlini",
              "bowler": "KZ Rehmtullah",
              "non_striker": "GJ Savage",
              "runs": {
                "batter": 0,
                "extras": 0,
                "total": 0
              }
            },
            {
              "batter": "MJ Paterlini",
              "bowler": "KZ Rehmtullah",
              "non_striker": "GJ Savage",
              "runs": {
                "batter": 0,
                "extras": 0,
                "total": 0
              }
            },
            {
              "batter": "MJ Paterlini",
              "bowler": "KZ Rehmtullah",
              "non_striker": "GJ Savage",
              "runs": {
                "batter": 0,
                "extras": 0,
                "total": 0
              }
            },
            {
              "batter": "MJ Paterlini",
              "bowler": "KZ Rehmtullah",
              "non_striker": "GJ Savage",
              "runs": {
                "batter": 1,
                "extras": 0,
                "total": 1
              }
            },
            {
              "batter": "GJ Savage",
              "bowler": "KZ Rehmtullah",
              "non_striker": "MJ Paterlini",
              "runs": {
                "batter": 0,
                "extras": 0,
                "total": 0
              }
            }
          ]
        },
        {
          "over": 11,
          "deliveries": [
            {
              "batter": "MJ Paterlini",
              "bowler": "B Mwita",
              "non_striker": "GJ Savage",
              "runs": {
                "batter": 1,
                "extras": 0,
                "total": 1
              }
            },
            {
              "batter": "GJ Savage",
              "bowler": "B Mwita",
              "non_striker": "MJ Paterlini",
              "runs": {
                "batter": 0,
                "extras": 0,
                "total": 0
              }
            },
            {
              "batter": "GJ Savage",
              "bowler": "B Mwita",
              "non_striker": "MJ Paterlini",
              "runs": {
                "batter": 0,
                "extras": 0,
                "total": 0
              }
            },
            {
              "batter": "GJ Savage",
              "bowler": "B Mwita",
              "non_striker": "MJ Paterlini",
              "runs": {
                "batter": 0,
                "extras": 0,
                "total": 0
              }
            },
            {
              "batter": "GJ Savage",
              "bowler": "B Mwita",
              "non_striker": "MJ Paterlini",
              "runs": {
                "batter": 2,
                "extras": 0,
                "total": 2
              }
            },
            {
              "batter": "GJ Savage",
              "bowler": "B Mwita",
              "non_striker": "MJ Paterlini",
              "runs": {
                "batter": 1,
                "extras": 0,
                "total": 1
              }
            }
          ]
        },
        {
          "over": 12,
          "deliveries": [
            {
              "batter": "GJ Savage",
              "bowler": "KZ Rehmtullah",
              "non_striker": "MJ Paterlini",
              "runs": {
                "batter": 0,
                "extras": 0,
                "total": 0
              }
            },
            {
              "batter": "GJ Savage",
              "bowler": "KZ Rehmtullah",
              "non_striker": "MJ Paterlini",
              "runs": {
                "batter": 0,
                "extras": 0,
                "total": 0
              }
            },
            {
              "batter": "GJ Savage",
              "bowler": "KZ Rehmtullah",
              "non_striker": "MJ Paterlini",
              "runs": {
                "batter": 0,
                "extras": 0,
                "total": 0
              }
            },
            {
              "batter": "GJ Savage",
              "bowler": "KZ Rehmtullah",
              "non_striker": "MJ Paterlini",
              "runs": {
                "batter": 0,
                "extras": 0,
                "total": 0
              }
            },
            {
              "batter": "GJ Savage",
              "bowler": "KZ Rehmtullah",
              "non_striker": "MJ Paterlini",
              "runs": {
                "batter": 0,
                "extras": 0,
                "total": 0
              }
            },
            {
              "batter": "GJ Savage",
              "bowler": "KZ Rehmtullah",
              "non_striker": "MJ Paterlini",
              "runs": {
                "batter": 0,
                "extras": 0,
                "total": 0
              }
            }
          ]
        },
        {
          "over": 13,
          "deliveries": [
            {
              "batter": "MJ Paterlini",
              "bowler": "B Mwita",
              "non_striker": "GJ Savage",
              "runs": {
                "batter": 0,
                "extras": 0,
                "total": 0
              }
            },
            {
              "batter": "MJ Paterlini",
              "bowler": "B Mwita",
              "non_striker": "GJ Savage",
              "runs": {
                "batter": 0,
                "extras": 0,
                "total": 0
              }
            },
            {
              "batter": "MJ Paterlini",
              "bowler": "B Mwita",
              "non_striker": "GJ Savage",
              "runs": {
                "batter": 0,
                "extras": 0,
                "total": 0
              }
            },
            {
              "batter": "MJ Paterlini",
              "bowler": "B Mwita",
              "non_striker": "GJ Savage",
              "runs": {
                "batter": 1,
                "extras": 0,
                "total": 1
              }
            },
            {
              "batter": "GJ Savage",
              "bowler": "B Mwita",
              "non_striker": "MJ Paterlini",
              "runs": {
                "batter": 0,
                "extras": 0,
                "total": 0
              }
            },
            {
              "batter": "GJ Savage",
              "bowler": "B Mwita",
              "non_striker": "MJ Paterlini",
              "runs": {
                "batter": 0,
                "extras": 0,
                "total": 0
              }
            }
          ]
        },
        {
          "over": 14,
          "deliveries": [
            {
              "batter": "MJ Paterlini",
              "bowler": "KZ Rehmtullah",
              "non_striker": "GJ Savage",
              "runs": {
                "batter": 0,
                "extras": 0,
                "total": 0
              }
            },
            {
              "batter": "MJ Paterlini",
              "bowler": "KZ Rehmtullah",
              "non_striker": "GJ Savage",
              "runs": {
                "batter": 0,
                "extras": 0,
                "total": 0
              }
            },
            {
              "batter": "MJ Paterlini",
              "bowler": "KZ Rehmtullah",
              "non_striker": "GJ Savage",
              "runs": {
                "batter": 0,
                "extras": 0,
                "total": 0
              }
            },
            {
              "batter": "MJ Paterlini",
              "bowler": "KZ Rehmtullah",
              "non_striker": "GJ Savage",
              "runs": {
                "batter": 0,
                "extras": 0,
                "total": 0
              }
            },
            {
              "batter": "MJ Paterlini",
              "bowler": "KZ Rehmtullah",
              "non_striker": "GJ Savage",
              "runs": {
                "batter": 0,
                "extras": 0,
                "total": 0
              }
            },
            {
              "batter": "MJ Paterlini",
              "bowler": "KZ Rehmtullah",
              "non_striker": "GJ Savage",
              "runs": {
                "batter": 0,
                "extras": 0,
                "total": 0
              }
            }
          ]
        },
        {
          "over": 15,
          "deliveries": [
            {
              "batter": "GJ Savage",
              "bowler": "K Nassoro",
              "non_striker": "MJ Paterlini",
              "runs": {
                "batter": 0,
                "extras": 0,
                "total": 0
              }
            },
            {
              "batter": "GJ Savage",
              "bowler": "K Nassoro",
              "non_striker": "MJ Paterlini",
              "runs": {
                "batter": 1,
                "extras": 0,
                "total": 1
              }
            },
            {
              "batter": "MJ Paterlini",
              "bowler": "K Nassoro",
              "non_striker": "GJ Savage",
              "runs": {
                "batter": 1,
                "extras": 0,
                "total": 1
              }
            },
            {
              "batter": "GJ Savage",
              "bowler": "K Nassoro",
              "non_striker": "MJ Paterlini",
              "runs": {
                "batter": 0,
                "extras": 0,
                "total": 0
              }
            },
            {
              "batter": "GJ Savage",
              "bowler": "K Nassoro",
              "non_striker": "MJ Paterlini",
              "runs": {
                "batter": 0,
                "extras": 0,
                "total": 0
              }
            },
            {
              "batter": "GJ Savage",
              "bowler": "K Nassoro",
              "non_striker": "MJ Paterlini",
              "runs": {
                "batter": 2,
                "extras": 0,
                "total": 2
              }
            }
          ]
        },
        {
          "over": 16,
          "deliveries": [
            {
              "batter": "MJ Paterlini",
              "bowler": "H Ramaiya",
              "non_striker": "GJ Savage",
              "runs": {
                "batter": 0,
                "extras": 0,
                "total": 0
              }
            },
            {
              "batter": "MJ Paterlini",
              "bowler": "H Ramaiya",
              "non_striker": "GJ Savage",
              "runs": {
                "batter": 0,
                "extras": 0,
                "total": 0
              }
            },
            {
              "batter": "MJ Paterlini",
              "bowler": "H Ramaiya",
              "non_striker": "GJ Savage",
              "runs": {
                "batter": 1,
                "extras": 0,
                "total": 1
              }
            },
            {
              "batter": "GJ Savage",
              "bowler": "H Ramaiya",
              "non_striker": "MJ Paterlini",
              "runs": {
                "batter": 0,
                "extras": 0,
                "total": 0
              }
            },
            {
              "batter": "GJ Savage",
              "bowler": "H Ramaiya",
              "non_striker": "MJ Paterlini",
              "runs": {
                "batter": 0,
                "extras": 0,
                "total": 0
              }
            },
            {
              "batter": "GJ Savage",
              "bowler": "H Ramaiya",
              "non_striker": "MJ Paterlini",
              "runs": {
                "batter": 0,
                "extras": 0,
                "total": 0
              }
            }
          ]
        },
        {
          "over": 17,
          "deliveries": [
            {
              "batter": "MJ Paterlini",
              "bowler": "K Nassoro",
              "non_striker": "GJ Savage",
              "runs": {
                "batter": 0,
                "extras": 0,
                "total": 0
              }
            },
            {
              "batter": "MJ Paterlini",
              "bowler": "K Nassoro",
              "non_striker": "GJ Savage",
              "runs": {
                "batter": 1,
                "extras": 0,
                "total": 1
              }
            },
            {
              "batter": "GJ Savage",
              "bowler": "K Nassoro",
              "non_striker": "MJ Paterlini",
              "runs": {
                "batter": 1,
                "extras": 0,
                "total": 1
              }
            },
            {
              "batter": "MJ Paterlini",
              "bowler": "K Nassoro",
              "non_striker": "GJ Savage",
              "runs": {
                "batter": 0,
                "extras": 0,
                "total": 0
              }
            },
            {
              "batter": "MJ Paterlini",
              "bowler": "K Nassoro",
              "non_striker": "GJ Savage",
              "runs": {
                "batter": 0,
                "extras": 0,
                "total": 0
              },
              "wickets": [
                {
                  "kind": "caught",
                  "player_out": "MJ Paterlini",
                  "fielders": [
                    {
                      "name": "IJ Kikasi"
                    }
                  ]
                }
              ]
            },
            {
              "batter": "D Forrester",
              "bowler": "K Nassoro",
              "non_striker": "GJ Savage",
              "runs": {
                "batter": 0,
                "extras": 0,
                "total": 0
              }
            }
          ]
        },
        {
          "over": 18,
          "deliveries": [
            {
              "batter": "GJ Savage",
              "bowler": "H Ramaiya",
              "non_striker": "D Forrester",
              "runs": {
                "batter": 1,
                "extras": 0,
                "total": 1
              }
            },
            {
              "batter": "D Forrester",
              "bowler": "H Ramaiya",
              "non_striker": "GJ Savage",
              "runs": {
                "batter": 1,
                "extras": 0,
                "total": 1
              }
            }
          ]
        }
      ],
      "powerplays": [
        {
          "from": 0.1,
          "to": 9.6,
          "type": "mandatory"
        },
        {
          "from": 10.1,
          "to": 14.6,
          "type": "fielding"
        }
      ]
    }
  ]
}