{
  "meta": {
    "data_version": "1.0.0",
    "created": "2014-06-13",
    "revision": 1
  },
  "info": {
    "balls_per_over": 6,
    "city": "Kuala Lumpur",
    "dates": [
      "2012-09-10"
    ],
    "event": {
      "name": "ICC World Cricket League Division Four",
      "stage": "3rd Place Play-Off"
    },
    "gender": "male",
    "match_type": "ODM",
    "missing": [
      {
        "powerplays": {
          "1": [
            "fielding",
            "batting"
          ],
          "2": [
            "fielding",
            "batting"
          ]
        }
      }
    ],
    "officials": {
      "match_referees": [
        "DT Jukes"
      ],
      "reserve_umpires": [
        "N Sivan"
      ],
      "umpires": [
        "V Kalidas",
        "DN Subedi"
      ]
    },
    "outcome": {
      "by": {
        "wickets": 5
      },
      "winner": "Singapore"
    },
    "overs": 50,
    "player_of_match": [
      "CR Suryawanshi"
    ],
    "players": {
      "Denmark": [
        "CR Pedersen",
        "Shehzad Ahmed",
        "A Lambert",
        "Taha Ahmed",
        "Rizwan Mahmood",
        "MR Pedersen",
        "Aftab Ahmed (2)",
        "HAM Shah",
        "AB Chawla",
        "Bashir Shah",
        "L Slebsager"
      ],
      "Singapore": [
        "CR Suryawanshi",
        "R Gaznavi",
        "AE Paraam",
        "KB Shinde",
        "C Janik",
        "CR Kumarage",
        "Abhiraj Singh",
        "Saad Janjua",
        "M Dharmichand",
        "Amjad Mahboob",
        "M Arora"
      ]
    },
    "registry": {
      "people": {
        "A Lambert": "1b068ee9",
        "AB Chawla": "5f272b72",
        "AE Paraam": "b56f5b6f",
        "Abhiraj Singh": "edf3773b",
        "Aftab Ahmed (2)": "94ed8d37",
        "Amjad Mahboob": "48f25627",
        "Bashir Shah": "3b282e51",
        "C Janik": "488f6d91",
        "CR Kumarage": "9f9a728c",
        "CR Pedersen": "defcefc8",
        "CR Suryawanshi": "8a3756a0",
        "DN Subedi": "fb0a571f",
        "DT Jukes": "7c215d14",
        "HAM Shah": "007113d7",
        "KB Shinde": "bd3c0b79",
        "L Slebsager": "7cb0a81a",
        "M Arora": "76adf39f",
        "M Dharmichand": "1f3e6df4",
        "MR Pedersen": "3f796a61",
        "N Sivan": "8f4a0102",
        "R Gaznavi": "0079f139",
        "Rizwan Mahmood": "56e771ef",
        "Saad Janjua": "3cd10113",
        "Shehzad Ahmed": "5cd712e7",
        "Taha Ahmed": "5d08f132",
        "V Kalidas": "42d76418"
      }
    },
    "season": 2012,
    "team_type": "international",
    "teams": [
      "Denmark",
      "Singapore"
    ],
    "toss": {
      "decision": "bat",
      "winner": "Denmark"
    },
    "venue": "Selangor Turf Club"
  },
  "innings": [
    {
      "team": "Denmark",
      "overs": [
        {
          "over": 0,
          "deliveries": [
            {
              "batter": "CR Pedersen",
              "bowler": "CR Suryawanshi",
              "extras": {
                "wides": 1
              },
              "non_striker": "Shehzad Ahmed",
              "runs": {
                "batter": 0,
                "extras": 1,
                "total": 1
              }
            },
            {
              "batter": "CR Pedersen",
              "bowler": "CR Suryawanshi",
              "extras": {
                "wides": 1
              },
              "non_striker": "Shehzad Ahmed",
              "runs": {
                "batter": 0,
                "extras": 1,
                "total": 1
              }
            },
            {
              "batter": "CR Pedersen",
              "bowler": "CR Suryawanshi",
              "non_striker": "Shehzad Ahmed",
              "runs": {
                "batter": 1,
                "extras": 0,
                "total": 1
              }
            },
            {
              "batter": "Shehzad Ahmed",
              "bowler": "CR Suryawanshi",
              "non_striker": "CR Pedersen",
              "runs": {
                "batter": 0,
                "extras": 0,
                "total": 0
              }
            },
            {
              "batter": "Shehzad Ahmed",
              "bowler": "CR Suryawanshi",
              "non_striker": "CR Pedersen",
              "runs": {
                "batter": 0,
                "extras": 0,
                "total": 0
              }
            },
            {
              "batter": "Shehzad Ahmed",
              "bowler": "CR Suryawanshi",
              "non_striker": "CR Pedersen",
              "runs": {
                "batter": 0,
                "extras": 0,
                "total": 0
              }
            },
            {
              "batter": "Shehzad Ahmed",
              "bowler": "CR Suryawanshi",
              "extras": {
                "wides": 1
              },
              "non_striker": "CR Pedersen",
              "runs": {
                "batter": 0,
                "extras": 1,
                "total": 1
              }
            },
            {
              "batter": "Shehzad Ahmed",
              "bowler": "CR Suryawanshi",
              "non_striker": "CR Pedersen",
              "runs": {
                "batter": 0,
                "extras": 0,
                "total": 0
              }
            },
            {
              "batter": "Shehzad Ahmed",
              "bowler": "CR Suryawanshi",
              "non_striker": "CR Pedersen",
              "runs": {
                "batter": 0,
                "extras": 0,
                "total": 0
              }
            }
          ]
        },
        {
          "over": 1,
          "deliveries": [
            {
              "batter": "CR Pedersen",
              "bowler": "Amjad Mahboob",
              "non_striker": "Shehzad Ahmed",
              "runs": {
                "batter": 0,
                "extras": 0,
                "total": 0
              }
            },
            {
              "batter": "CR Pedersen",
              "bowler": "Amjad Mahboob",
              "non_striker": "Shehzad Ahmed",
              "runs": {
                "batter": 4,
                "extras": 0,
                "total": 4
              }
            },
            {
              "batter": "CR Pedersen",
              "bowler": "Amjad Mahboob",
              "non_striker": "Shehzad Ahmed",
              "runs": {
                "batter": 0,
                "extras": 0,
                "total": 0
              }
            },
            {
              "batter": "CR Pedersen",
              "bowler": "Amjad Mahboob",
              "non_striker": "Shehzad Ahmed",
              "runs": {
                "batter": 0,
                "extras": 0,
                "total": 0
              }
            },
            {
              "batter": "CR Pedersen",
              "bowler": "Amjad Mahboob",
              "non_striker": "Shehzad Ahmed",
              "runs": {
                "batter": 1,
                "extras": 0,
                "total": 1
              }
            },
            {
              "batter": "Shehzad Ahmed",
              "bowler": "Amjad Mahboob",
              "non_striker": "CR Pedersen",
              "runs": {
                "batter": 0,
                "extras": 0,
                "total": 0
              }
            }
          ]
        },
        {
          "over": 2,
          "deliveries": [
            {
              "batter": "CR Pedersen",
              "bowler": "CR Suryawanshi",
              "extras": {
                "wides": 1
              },
              "non_striker": "Shehzad Ahmed",
              "runs": {
                "batter": 0,
                "extras": 1,
                "total": 1
              }
            },
            {
              "batter": "CR Pedersen",
              "bowler": "CR Suryawanshi",
              "non_striker": "Shehzad Ahmed",
              "runs": {
                "batter": 0,
                "extras": 0,
                "total": 0
              }
            },
            {
              "batter": "CR Pedersen",
              "bowler": "CR Suryawanshi",
              "non_striker": "Shehzad Ahmed",
              "runs": {
                "batter": 0,
                "extras": 0,
                "total": 0
              }
            },
            {
              "batter": "CR Pedersen",
              "bowler": "CR Suryawanshi",
              "non_striker": "Shehzad Ahmed",
              "runs": {
                "batter": 0,
                "extras": 0,
                "total": 0
              }
            },
            {
              "batter": "CR Pedersen",
              "bowler": "CR Suryawanshi",
              "non_striker": "Shehzad Ahmed",
              "runs": {
                "batter": 0,
                "extras": 0,
                "total": 0
              }
            },
            {
              "batter": "CR Pedersen",
              "bowler": "CR Suryawanshi",
              "non_striker": "Shehzad Ahmed",
              "runs": {
                "batter": 0,
                "extras": 0,
                "total": 0
              }
            },
            {
              "batter": "CR Pedersen",
              "bowler": "CR Suryawanshi",
              "non_striker": "Shehzad Ahmed",
              "runs": {
                "batter": 0,
                "extras": 0,
                "total": 0
              },
              "wickets": [
                {
                  "kind": "caught",
                  "player_out": "CR Pedersen",
                  "fielders": [
                    {
                      "name": "KB Shinde"
                    }
                  ]
                }
              ]
            }
          ]
        },
        {
          "over": 3,
          "deliveries": [
            {
              "batter": "Shehzad Ahmed",
              "bowler": "Amjad Mahboob",
              "non_striker": "A Lambert",
              "runs": {
                "batter": 0,
                "extras": 0,
                "total": 0
              }
            },
            {
              "batter": "Shehzad Ahmed",
              "bowler": "Amjad Mahboob",
              "non_striker": "A Lambert",
              "runs": {
                "batter": 0,
                "extras": 0,
                "total": 0
              }
            },
            {
              "batter": "Shehzad Ahmed",
              "bowler": "Amjad Mahboob",
              "non_striker": "A Lambert",
              "runs": {
                "batter": 1,
                "extras": 0,
                "total": 1
              }
            },
            {
              "batter": "A Lambert",
              "bowler": "Amjad Mahboob",
              "non_striker": "Shehzad Ahmed",
              "runs": {
                "batter": 0,
                "extras": 0,
                "total": 0
              }
            },
            {
              "batter": "A Lambert",
              "bowler": "Amjad Mahboob",
              "non_striker": "Shehzad Ahmed",
              "runs": {
                "batter": 0,
                "extras": 0,
                "total": 0
              }
            },
            {
              "batter": "A Lambert",
              "bowler": "Amjad Mahboob",
              "non_striker": "Shehzad Ahmed",
              "runs": {
                "batter": 0,
                "extras": 0,
                "total": 0
              }
            }
          ]
        },
        {
          "over": 4,
          "deliveries": [
            {
              "batter": "Shehzad Ahmed",
              "bowler": "CR Suryawanshi",
              "non_striker": "A Lambert",
              "runs": {
                "batter": 0,
                "extras": 0,
                "total": 0
              }
            },
            {
              "batter": "Shehzad Ahmed",
              "bowler": "CR Suryawanshi",
              "non_striker": "A Lambert",
              "runs": {
                "batter": 0,
                "extras": 0,
                "total": 0
              }
            },
            {
              "batter": "Shehzad Ahmed",
              "bowler": "CR Suryawanshi",
              "non_striker": "A Lambert",
              "runs": {
                "batter": 0,
                "extras": 0,
                "total": 0
              }
            },
            {
              "batter": "Shehzad Ahmed",
              "bowler": "CR Suryawanshi",
              "non_striker": "A Lambert",
              "runs": {
                "batter": 0,
                "extras": 0,
                "total": 0
              }
            },
            {
              "batter": "Shehzad Ahmed",
              "bowler": "CR Suryawanshi",
              "non_striker": "A Lambert",
              "runs": {
                "batter": 0,
                "extras": 0,
                "total": 0
              }
            },
            {
              "batter": "Shehzad Ahmed",
              "bowler": "CR Suryawanshi",
              "non_striker": "A Lambert",
              "runs": {
                "batter": 0,
                "extras": 0,
                "total": 0
              }
            }
          ]
        },
        {
          "over": 5,
          "deliveries": [
            {
              "batter": "A Lambert",
              "bowler": "Amjad Mahboob",
              "non_striker": "Shehzad Ahmed",
              "runs": {
                "batter": 0,
                "extras": 0,
                "total": 0
              }
            },
            {
              "batter": "A Lambert",
              "bowler": "Amjad Mahboob",
              "non_striker": "Shehzad Ahmed",
              "runs": {
                "batter": 1,
                "extras": 0,
                "total": 1
              }
            },
            {
              "batter": "Shehzad Ahmed",
              "bowler": "Amjad Mahboob",
              "non_striker": "A Lambert",
              "runs": {
                "batter": 4,
                "extras": 0,
                "total": 4
              }
            },
            {
              "batter": "Shehzad Ahmed",
              "bowler": "Amjad Mahboob",
              "non_striker": "A Lambert",
              "runs": {
                "batter": 0,
                "extras": 0,
                "total": 0
              }
            },
            {
              "batter": "Shehzad Ahmed",
              "bowler": "Amjad Mahboob",
              "non_striker": "A Lambert",
              "runs": {
                "batter": 0,
                "extras": 0,
                "total": 0
              }
            },
            {
              "batter": "Shehzad Ahmed",
              "bowler": "Amjad Mahboob",
              "non_striker": "A Lambert",
              "runs": {
                "batter": 0,
                "extras": 0,
                "total": 0
              }
            }
          ]
        },
        {
          "over": 6,
          "deliveries": [
            {
              "batter": "A Lambert",
              "bowler": "CR Suryawanshi",
              "non_striker": "Shehzad Ahmed",
              "runs": {
                "batter": 0,
                "extras": 0,
                "total": 0
              }
            },
            {
              "batter": "A Lambert",
              "bowler": "CR Suryawanshi",
              "non_striker": "Shehzad Ahmed",
              "runs": {
                "batter": 0,
                "extras": 0,
                "total": 0
              }
            },
            {
              "batter": "A Lambert",
              "bowler": "CR Suryawanshi",
              "non_striker": "Shehzad Ahmed",
              "runs": {
                "batter": 1,
                "extras": 0,
                "total": 1
              }
            },
            {
              "batter": "Shehzad Ahmed",
              "bowler": "CR Suryawanshi",
              "non_striker": "A Lambert",
              "runs": {
                "batter": 0,
                "extras": 0,
                "total": 0
              }
            },
            {
              "batter": "Shehzad Ahmed",
              "bowler": "CR Suryawanshi",
              "non_striker": "A Lambert",
              "runs": {
                "batter": 1,
                "extras": 0,
                "total": 1
              }
            },
            {
              "batter": "A Lambert",
              "bowler": "CR Suryawanshi",
              "non_striker": "Shehzad Ahmed",
              "runs": {
                "batter": 0,
                "extras": 0,
                "total": 0
              }
            }
          ]
        },
        {
          "over": 7,
          "deliveries": [
            {
              "batter": "Shehzad Ahmed",
              "bowler": "Amjad Mahboob",
              "non_striker": "A Lambert",
              "runs": {
                "batter": 4,
                "extras": 0,
                "total": 4
              }
            },
            {
              "batter": "Shehzad Ahmed",
              "bowler": "Amjad Mahboob",
              "non_striker": "A Lambert",
              "runs": {
                "batter": 0,
                "extras": 0,
                "total": 0
              },
              "wickets": [
                {
                  "kind": "bowled",
                  "player_out": "Shehzad Ahmed"
                }
              ]
            },
            {
              "batter": "Taha Ahmed",
              "bowler": "Amjad Mahboob",
              "non_striker": "A Lambert",
              "runs": {
                "batter": 0,
                "extras": 0,
                "total": 0
              },
              "wickets": [
                {
                  "kind": "caught",
                  "player_out": "Taha Ahmed",
                  "fielders": [
                    {
                      "name": "CR Kumarage"
                    }
                  ]
                }
              ]
            },
            {
              "batter": "Rizwan Mahmood",
              "bowler": "Amjad Mahboob",
              "non_striker": "A Lambert",
              "runs": {
                "batter": 0,
                "extras": 0,
                "total": 0
              }
            },
            {
              "batter": "Rizwan Mahmood",
              "bowler": "Amjad Mahboob",
              "non_striker": "A Lambert",
              "runs": {
                "batter": 0,
                "extras": 0,
                "total": 0
              }
            },
            {
              "batter": "Rizwan Mahmood",
              "bowler": "Amjad Mahboob",
              "non_striker": "A Lambert",
              "runs": {
                "batter": 0,
                "extras": 0,
                "total": 0
              }
            }
          ]
        },
        {
          "over": 8,
          "deliveries": [
            {
              "batter": "A Lambert",
              "bowler": "CR Suryawanshi",
              "non_striker": "Rizwan Mahmood",
              "runs": {
                "batter": 0,
                "extras": 0,
                "total": 0
              }
            },
            {
              "batter": "A Lambert",
              "bowler": "CR Suryawanshi",
              "non_striker": "Rizwan Mahmood",
              "runs": {
                "batter": 0,
                "extras": 0,
                "total": 0
              }
            },
            {
              "batter": "A Lambert",
              "bowler": "CR Suryawanshi",
              "non_striker": "Rizwan Mahmood",
              "runs": {
                "batter": 4,
                "extras": 0,
                "total": 4
              }
            },
            {
              "batter": "A Lambert",
              "bowler": "CR Suryawanshi",
              "non_striker": "Rizwan Mahmood",
              "runs": {
                "batter": 4,
                "extras": 0,
                "total": 4
              }
            },
            {
              "batter": "A Lambert",
              "bowler": "CR Suryawanshi",
              "non_striker": "Rizwan Mahmood",
              "runs": {
                "batter": 0,
                "extras": 0,
                "total": 0
              },
              "wickets": [
                {
                  "kind": "caught",
                  "player_out": "A Lambert",
                  "fielders": [
                    {
                      "name": "Abhiraj Singh"
                    }
                  ]
                }
              ]
            },
            {
              "batter": "Rizwan Mahmood",
              "bowler": "CR Suryawanshi",
              "non_striker": "MR Pedersen",
              "runs": {
                "batter": 0,
                "extras": 0,
                "total": 0
              }
            }
          ]
        },
        {
          "over": 9,
          "deliveries": [
            {
              "batter": "MR Pedersen",
              "bowler": "Amjad Mahboob",
              "non_striker": "Rizwan Mahmood",
              "runs": {
                "batter": 0,
                "extras": 0,
                "total": 0
              }
            },
            {
              "batter": "MR Pedersen",
              "bowler": "Amjad Mahboob",
              "non_striker": "Rizwan Mahmood",
              "runs": {
                "batter": 0,
                "extras": 0,
                "total": 0
              }
            },
            {
              "batter": "MR Pedersen",
              "bowler": "Amjad Mahboob",
              "extras": {
                "legbyes": 1
              },
              "non_striker": "Rizwan Mahmood",
              "runs": {
                "batter": 0,
                "extras": 1,
                "total": 1
              }
            },
            {
              "batter": "Rizwan Mahmood",
              "bowler": "Amjad Mahboob",
              "non_striker": "MR Pedersen",
              "runs": {
                "batter": 1,
                "extras": 0,
                "total": 1
              }
            },
            {
              "batter": "MR Pedersen",
              "bowler": "Amjad Mahboob",
              "non_striker": "Rizwan Mahmood",
              "runs": {
                "batter": 1,
                "extras": 0,
                "total": 1
              }
            },
            {
              "batter": "Rizwan Mahmood",
              "bowler": "Amjad Mahboob",
              "non_striker": "MR Pedersen",
              "runs": {
                "batter": 0,
                "extras": 0,
                "total": 0
              }
            }
          ]
        },
        {
          "over": 10,
          "deliveries": [
            {
              "batter": "MR Pedersen",
              "bowler": "CR Suryawanshi",
              "non_striker": "Rizwan Mahmood",
              "runs": {
                "batter": 4,
                "extras": 0,
                "total": 4
              }
            },
            {
              "batter": "MR Pedersen",
              "bowler": "CR Suryawanshi",
              "non_striker": "Rizwan Mahmood",
              "runs": {
                "batter": 0,
                "extras": 0,
                "total": 0
              }
            },
            {
              "batter": "MR Pedersen",
              "bowler": "CR Suryawanshi",
              "non_striker": "Rizwan Mahmood",
              "runs": {
                "batter": 0,
                "extras": 0,
                "total": 0
              }
            },
            {
              "batter": "MR Pedersen",
              "bowler": "CR Suryawanshi",
              "non_striker": "Rizwan Mahmood",
              "runs": {
                "batter": 0,
                "extras": 0,
                "total": 0
              }
            },
            {
              "batter": "MR Pedersen",
              "bowler": "CR Suryawanshi",
              "non_striker": "Rizwan Mahmood",
              "runs": {
                "batter": 0,
                "extras": 0,
                "total": 0
              }
            },
            {
              "batter": "MR Pedersen",
              "bowler": "CR Suryawanshi",
              "non_striker": "Rizwan Mahmood",
              "runs": {
                "batter": 0,
                "extras": 0,
                "total": 0
              },
              "wickets": [
                {
                  "kind": "bowled",
                  "player_out": "MR Pedersen"
                }
              ]
            }
          ]
        },
        {
          "over": 11,
          "deliveries": [
            {
              "batter": "Rizwan Mahmood",
              "bowler": "Amjad Mahboob",
              "non_striker": "Aftab Ahmed (2)",
              "runs": {
                "batter": 0,
                "extras": 0,
                "total": 0
              }
            },
            {
              "batter": "Rizwan Mahmood",
              "bowler": "Amjad Mahboob",
              "non_striker": "Aftab Ahmed (2)",
              "runs": {
                "batter": 0,
                "extras": 0,
                "total": 0
              }
            },
            {
              "batter": "Rizwan Mahmood",
              "bowler": "Amjad Mahboob",
              "non_striker": "Aftab Ahmed (2)",
              "runs": {
                "batter": 0,
                "extras": 0,
                "total": 0
              }
            },
            {
              "batter": "Rizwan Mahmood",
              "bowler": "Amjad Mahboob",
              "non_striker": "Aftab Ahmed (2)",
              "runs": {
                "batter": 4,
                "extras": 0,
                "total": 4
              }
            },
            {
              "batter": "Rizwan Mahmood",
              "bowler": "Amjad Mahboob",
              "non_striker": "Aftab Ahmed (2)",
              "runs": {
                "batter": 0,
                "extras": 0,
                "total": 0
              }
            },
            {
              "batter": "Rizwan Mahmood",
              "bowler": "Amjad Mahboob",
              "non_striker": "Aftab Ahmed (2)",
              "runs": {
                "batter": 0,
                "extras": 0,
                "total": 0
              }
            }
          ]
        },
        {
          "over": 12,
          "deliveries": [
            {
              "batter": "Aftab Ahmed (2)",
              "bowler": "CR Suryawanshi",
              "non_striker": "Rizwan Mahmood",
              "runs": {
                "batter": 0,
                "extras": 0,
                "total": 0
              }
            },
            {
              "batter": "Aftab Ahmed (2)",
              "bowler": "CR Suryawanshi",
              "non_striker": "Rizwan Mahmood",
              "runs": {
                "batter": 0,
                "extras": 0,
                "total": 0
              }
            },
            {
              "batter": "Aftab Ahmed (2)",
              "bowler": "CR Suryawanshi",
              "non_striker": "Rizwan Mahmood",
              "runs": {
                "batter": 0,
                "extras": 0,
                "total": 0
              }
            },
            {
              "batter": "Aftab Ahmed (2)",
              "bowler": "CR Suryawanshi",
              "non_striker": "Rizwan Mahmood",
              "runs": {
                "batter": 0,
                "extras": 0,
                "total": 0
              }
            },
            {
              "batter": "Aftab Ahmed (2)",
              "bowler": "CR Suryawanshi",
              "non_striker": "Rizwan Mahmood",
              "runs": {
                "batter": 0,
                "extras": 0,
                "total": 0
              }
            },
            {
              "batter": "Aftab Ahmed (2)",
              "bowler": "CR Suryawanshi",
              "non_striker": "Rizwan Mahmood",
              "runs": {
                "batter": 4,
                "extras": 0,
                "total": 4
              }
            }
          ]
        },
        {
          "over": 13,
          "deliveries": [
            {
              "batter": "Rizwan Mahmood",
              "bowler": "Amjad Mahboob",
              "non_striker": "Aftab Ahmed (2)",
              "runs": {
                "batter": 0,
                "extras": 0,
                "total": 0
              }
            },
            {
              "batter": "Rizwan Mahmood",
              "bowler": "Amjad Mahboob",
              "non_striker": "Aftab Ahmed (2)",
              "runs": {
                "batter": 0,
                "extras": 0,
                "total": 0
              }
            },
            {
              "batter": "Rizwan Mahmood",
              "bowler": "Amjad Mahboob",
              "non_striker": "Aftab Ahmed (2)",
              "runs": {
                "batter": 0,
                "extras": 0,
                "total": 0
              }
            },
            {
              "batter": "Rizwan Mahmood",
              "bowler": "Amjad Mahboob",
              "non_striker": "Aftab Ahmed (2)",
              "runs": {
                "batter": 0,
                "extras": 0,
                "total": 0
              }
            },
            {
              "batter": "Rizwan Mahmood",
              "bowler": "Amjad Mahboob",
              "non_striker": "Aftab Ahmed (2)",
              "runs": {
                "batter": 0,
                "extras": 0,
                "total": 0
              }
            },
            {
              "batter": "Rizwan Mahmood",
              "bowler": "Amjad Mahboob",
              "non_striker": "Aftab Ahmed (2)",
              "runs": {
                "batter": 0,
                "extras": 0,
                "total": 0
              }
            }
          ]
        },
        {
          "over": 14,
          "deliveries": [
            {
              "batter": "Aftab Ahmed (2)",
              "bowler": "AE Paraam",
              "non_striker": "Rizwan Mahmood",
              "runs": {
                "batter": 0,
                "extras": 0,
                "total": 0
              }
            },
            {
              "batter": "Aftab Ahmed (2)",
              "bowler": "AE Paraam",
              "non_striker": "Rizwan Mahmood",
              "runs": {
                "batter": 0,
                "extras": 0,
                "total": 0
              }
            },
            {
              "batter": "Aftab Ahmed (2)",
              "bowler": "AE Paraam",
              "non_striker": "Rizwan Mahmood",
              "runs": {
                "batter": 0,
                "extras": 0,
                "total": 0
              }
            },
            {
              "batter": "Aftab Ahmed (2)",
              "bowler": "AE Paraam",
              "non_striker": "Rizwan Mahmood",
              "runs": {
                "batter": 0,
                "extras": 0,
                "total": 0
              }
            },
            {
              "batter": "Aftab Ahmed (2)",
              "bowler": "AE Paraam",
              "non_striker": "Rizwan Mahmood",
              "runs": {
                "batter": 0,
                "extras": 0,
                "total": 0
              }
            },
            {
              "batter": "Aftab Ahmed (2)",
              "bowler": "AE Paraam",
              "non_striker": "Rizwan Mahmood",
              "runs": {
                "batter": 0,
                "extras": 0,
                "total": 0
              }
            }
          ]
        },
        {
          "over": 15,
          "deliveries": [
            {
              "batter": "Rizwan Mahmood",
              "bowler": "M Dharmichand",
              "non_striker": "Aftab Ahmed (2)",
              "runs": {
                "batter": 0,
                "extras": 0,
                "total": 0
              }
            },
            {
              "batter": "Rizwan Mahmood",
              "bowler": "M Dharmichand",
              "non_striker": "Aftab Ahmed (2)",
              "runs": {
                "batter": 4,
                "extras": 0,
                "total": 4
              }
            },
            {
              "batter": "Rizwan Mahmood",
              "bowler": "M Dharmichand",
              "non_striker": "Aftab Ahmed (2)",
              "runs": {
                "batter": 4,
                "extras": 0,
                "total": 4
              }
            },
            {
              "batter": "Rizwan Mahmood",
              "bowler": "M Dharmichand",
              "non_striker": "Aftab Ahmed (2)",
              "runs": {
                "batter": 0,
                "extras": 0,
                "total": 0
              }
            },
            {
              "batter": "Rizwan Mahmood",
              "bowler": "M Dharmichand",
              "non_striker": "Aftab Ahmed (2)",
              "runs": {
                "batter": 0,
                "extras": 0,
                "total": 0
              }
            },
            {
              "batter": "Rizwan Mahmood",
              "bowler": "M Dharmichand",
              "non_striker": "Aftab Ahmed (2)",
              "runs": {
                "batter": 1,
                "extras": 0,
                "total": 1
              }
            }
          ]
        },
        {
          "over": 16,
          "deliveries": [
            {
              "batter": "Rizwan Mahmood",
              "bowler": "AE Paraam",
              "non_striker": "Aftab Ahmed (2)",
              "runs": {
                "batter": 0,
                "extras": 0,
                "total": 0
              }
            },
            {
              "batter": "Rizwan Mahmood",
              "bowler": "AE Paraam",
              "non_striker": "Aftab Ahmed (2)",
              "runs": {
                "batter": 0,
                "extras": 0,
                "total": 0
              }
            },
            {
              "batter": "Rizwan Mahmood",
              "bowler": "AE Paraam",
              "non_striker": "Aftab Ahmed (2)",
              "runs": {
                "batter": 0,
                "extras": 0,
                "total": 0
              }
            },
            {
              "batter": "Rizwan Mahmood",
              "bowler": "AE Paraam",
              "non_striker": "Aftab Ahmed (2)",
              "runs": {
                "batter": 0,
                "extras": 0,
                "total": 0
              }
            },
            {
              "batter": "Rizwan Mahmood",
              "bowler": "AE Paraam",
              "non_striker": "Aftab Ahmed (2)",
              "runs": {
                "batter": 0,
                "extras": 0,
                "total": 0
              }
            },
            {
              "batter": "Rizwan Mahmood",
              "bowler": "AE Paraam",
              "non_striker": "Aftab Ahmed (2)",
              "runs": {
                "batter": 1,
                "extras": 0,
                "total": 1
              }
            }
          ]
        },
        {
          "over": 17,
          "deliveries": [
            {
              "batter": "Rizwan Mahmood",
              "bowler": "Abhiraj Singh",
              "non_striker": "Aftab Ahmed (2)",
              "runs": {
                "batter": 0,
                "extras": 0,
                "total": 0
              }
            },
            {
              "batter": "Rizwan Mahmood",
              "bowler": "Abhiraj Singh",
              "non_striker": "Aftab Ahmed (2)",
              "runs": {
                "batter": 1,
                "extras": 0,
                "total": 1
              }
            },
            {
              "batter": "Aftab Ahmed (2)",
              "bowler": "Abhiraj Singh",
              "non_striker": "Rizwan Mahmood",
              "runs": {
                "batter": 0,
                "extras": 0,
                "total": 0
              }
            },
            {
              "batter": "Aftab Ahmed (2)",
              "bowler": "Abhiraj Singh",
              "non_striker": "Rizwan Mahmood",
              "runs": {
                "batter": 0,
                "extras": 0,
                "total": 0
              }
            },
            {
              "batter": "Aftab Ahmed (2)",
              "bowler": "Abhiraj Singh",
              "non_striker": "Rizwan Mahmood",
              "runs": {
                "batter": 0,
                "extras": 0,
                "total": 0
              }
            },
            {
              "batter": "Aftab Ahmed (2)",
              "bowler": "Abhiraj Singh",
              "non_striker": "Rizwan Mahmood",
              "runs": {
                "batter": 0,
                "extras": 0,
                "total": 0
              }
            }
          ]
        },
        {
          "over": 18,
          "deliveries": [
            {
              "batter": "Rizwan Mahmood",
              "bowler": "AE Paraam",
              "non_striker": "Aftab Ahmed (2)",
              "runs": {
                "batter": 2,
                "extras": 0,
                "total": 2
              }
            },
            {
              "batter": "Rizwan Mahmood",
              "bowler": "AE Paraam",
              "non_striker": "Aftab Ahmed (2)",
              "runs": {
                "batter": 0,
                "extras": 0,
                "total": 0
              }
            },
            {
              "batter": "Rizwan Mahmood",
              "bowler": "AE Paraam",
              "non_striker": "Aftab Ahmed (2)",
              "runs": {
                "batter": 0,
                "extras": 0,
                "total": 0
              }
            },
            {
              "batter": "Rizwan Mahmood",
              "bowler": "AE Paraam",
              "non_striker": "Aftab Ahmed (2)",
              "runs": {
                "batter": 0,
                "extras": 0,
                "total": 0
              }
            },
            {
              "batter": "Rizwan Mahmood",
              "bowler": "AE Paraam",
              "non_striker": "Aftab Ahmed (2)",
              "runs": {
                "batter": 1,
                "extras": 0,
                "total": 1
              }
            },
            {
              "batter": "Aftab Ahmed (2)",
              "bowler": "AE Paraam",
              "non_striker": "Rizwan Mahmood",
              "runs": {
                "batter": 1,
                "extras": 0,
                "total": 1
              }
            }
          ]
        },
        {
          "over": 19,
          "deliveries": [
            {
              "batter": "Aftab Ahmed (2)",
              "bowler": "Abhiraj Singh",
              "non_striker": "Rizwan Mahmood",
              "runs": {
                "batter": 0,
                "extras": 0,
                "total": 0
              },
              "wickets": [
                {
                  "kind": "bowled",
                  "player_out": "Aftab Ahmed (2)"
                }
              ]
            },
            {
              "batter": "HAM Shah",
              "bowler": "Abhiraj Singh",
              "non_striker": "Rizwan Mahmood",
              "runs": {
                "batter": 0,
                "extras": 0,
                "total": 0
              }
            },
            {
              "batter": "HAM Shah",
              "bowler": "Abhiraj Singh",
              "non_striker": "Rizwan Mahmood",
              "runs": {
                "batter": 0,
                "extras": 0,
                "total": 0
              }
            },
            {
              "batter": "HAM Shah",
              "bowler": "Abhiraj Singh",
              "non_striker": "Rizwan Mahmood",
              "runs": {
                "batter": 0,
                "extras": 0,
                "total": 0
              },
              "wickets": [
                {
                  "kind": "lbw",
                  "player_out": "HAM Shah"
                }
              ]
            },
            {
              "batter": "AB Chawla",
              "bowler": "Abhiraj Singh",
              "non_striker": "Rizwan Mahmood",
              "runs": {
                "batter": 0,
                "extras": 0,
                "total": 0
              }
            },
            {
              "batter": "AB Chawla",
              "bowler": "Abhiraj Singh",
              "non_striker": "Rizwan Mahmood",
              "runs": {
                "batter": 0,
                "extras": 0,
                "total": 0
              }
            }
          ]
        },
        {
          "over": 20,
          "deliveries": [
            {
              "batter": "Rizwan Mahmood",
              "bowler": "AE Paraam",
              "non_striker": "AB Chawla",
              "runs": {
                "batter": 0,
                "extras": 0,
                "total": 0
              }
            },
            {
              "batter": "Rizwan Mahmood",
              "bowler": "AE Paraam",
              "non_striker": "AB Chawla",
              "runs": {
                "batter": 0,
                "extras": 0,
                "total": 0
              }
            },
            {
              "batter": "Rizwan Mahmood",
              "bowler": "AE Paraam",
              "non_striker": "AB Chawla",
              "runs": {
                "batter": 0,
                "extras": 0,
                "total": 0
              }
            },
            {
              "batter": "Rizwan Mahmood",
              "bowler": "AE Paraam",
              "non_striker": "AB Chawla",
              "runs": {
                "batter": 0,
                "extras": 0,
                "total": 0
              },
              "wickets": [
                {
                  "kind": "caught and bowled",
                  "player_out": "Rizwan Mahmood"
                }
              ]
            },
            {
              "batter": "Bashir Shah",
              "bowler": "AE Paraam",
              "non_striker": "AB Chawla",
              "runs": {
                "batter": 0,
                "extras": 0,
                "total": 0
              }
            },
            {
              "batter": "Bashir Shah",
              "bowler": "AE Paraam",
              "non_striker": "AB Chawla",
              "runs": {
                "batter": 0,
                "extras": 0,
                "total": 0
              }
            }
          ]
        },
        {
          "over": 21,
          "deliveries": [
            {
              "batter": "AB Chawla",
              "bowler": "Abhiraj Singh",
              "non_striker": "Bashir Shah",
              "runs": {
                "batter": 0,
                "extras": 0,
                "total": 0
              }
            },
            {
              "batter": "AB Chawla",
              "bowler": "Abhiraj Singh",
              "non_striker": "Bashir Shah",
              "runs": {
                "batter": 0,
                "extras": 0,
                "total": 0
              }
            },
            {
              "batter": "AB Chawla",
              "bowler": "Abhiraj Singh",
              "non_striker": "Bashir Shah",
              "runs": {
                "batter": 4,
                "extras": 0,
                "total": 4
              }
            },
            {
              "batter": "AB Chawla",
              "bowler": "Abhiraj Singh",
              "non_striker": "Bashir Shah",
              "runs": {
                "batter": 0,
                "extras": 0,
                "total": 0
              }
            },
            {
              "batter": "AB Chawla",
              "bowler": "Abhiraj Singh",
              "non_striker": "Bashir Shah",
              "runs": {
                "batter": 0,
                "extras": 0,
                "total": 0
              }
            },
            {
              "batter": "AB Chawla",
              "bowler": "Abhiraj Singh",
              "non_striker": "Bashir Shah",
              "runs": {
                "batter": 0,
                "extras": 0,
                "total": 0
              }
            }
          ]
        },
        {
          "over": 22,
          "deliveries": [
            {
              "batter": "Bashir Shah",
              "bowler": "AE Paraam",
              "non_striker": "AB Chawla",
              "runs": {
                "batter": 2,
                "extras": 0,
                "total": 2
              }
            },
            {
              "batter": "Bashir Shah",
              "bowler": "AE Paraam",
              "non_striker": "AB Chawla",
              "runs": {
                "batter": 0,
                "extras": 0,
                "total": 0
              }
            },
            {
              "batter": "Bashir Shah",
              "bowler": "AE Paraam",
              "non_striker": "AB Chawla",
              "runs": {
                "batter": 0,
                "extras": 0,
                "total": 0
              }
            },
            {
              "batter": "Bashir Shah",
              "bowler": "AE Paraam",
              "non_striker": "AB Chawla",
              "runs": {
                "batter": 0,
                "extras": 0,
                "total": 0
              }
            },
            {
              "batter": "Bashir Shah",
              "bowler": "AE Paraam",
              "non_striker": "AB Chawla",
              "runs": {
                "batter": 1,
                "extras": 0,
                "total": 1
              }
            },
            {
              "batter": "AB Chawla",
              "bowler": "AE Paraam",
              "non_striker": "Bashir Shah",
              "runs": {
                "batter": 0,
                "extras": 0,
                "total": 0
              }
            }
          ]
        },
        {
          "over": 23,
          "deliveries": [
            {
              "batter": "Bashir Shah",
              "bowler": "M Dharmichand",
              "non_striker": "AB Chawla",
              "runs": {
                "batter": 0,
                "extras": 0,
                "total": 0
              }
            },
            {
              "batter": "Bashir Shah",
              "bowler": "M Dharmichand",
              "non_striker": "AB Chawla",
              "runs": {
                "batter": 0,
                "extras": 0,
                "total": 0
              }
            },
            {
              "batter": "Bashir Shah",
              "bowler": "M Dharmichand",
              "non_striker": "AB Chawla",
              "runs": {
                "batter": 0,
                "extras": 0,
                "total": 0
              },
              "wickets": [
                {
                  "kind": "caught",
                  "player_out": "Bashir Shah",
                  "fielders": [
                    {
                      "name": "CR Kumarage"
                    }
                  ]
                }
              ]
            },
            {
              "batter": "L Slebsager",
              "bowler": "M Dharmichand",
              "non_striker": "AB Chawla",
              "runs": {
                "batter": 0,
                "extras": 0,
                "total": 0
              }
            },
            {
              "batter": "L Slebsager",
              "bowler": "M Dharmichand",
              "non_striker": "AB Chawla",
              "runs": {
                "batter": 0,
                "extras": 0,
                "total": 0
              }
            },
            {
              "batter": "L Slebsager",
              "bowler": "M Dharmichand",
              "non_striker": "AB Chawla",
              "runs": {
                "batter": 4,
                "extras": 0,
                "total": 4
              }
            }
          ]
        },
        {
          "over": 24,
          "deliveries": [
            {
              "batter": "AB Chawla",
              "bowler": "AE Paraam",
              "non_striker": "L Slebsager",
              "runs": {
                "batter": 0,
                "extras": 0,
                "total": 0
              }
            },
            {
              "batter": "AB Chawla",
              "bowler": "AE Paraam",
              "non_striker": "L Slebsager",
              "runs": {
                "batter": 4,
                "extras": 0,
                "total": 4
              }
            },
            {
              "batter": "AB Chawla",
              "bowler": "AE Paraam",
              "non_striker": "L Slebsager",
              "runs": {
                "batter": 0,
                "extras": 0,
                "total": 0
              }
            },
            {
              "batter": "AB Chawla",
              "bowler": "AE Paraam",
              "extras": {
                "wides": 1
              },
              "non_striker": "L Slebsager",
              "runs": {
                "batter": 0,
                "extras": 1,
                "total": 1
              }
            },
            {
              "batter": "AB Chawla",
              "bowler": "AE Paraam",
              "non_striker": "L Slebsager",
              "runs": {
                "batter": 0,
                "extras": 0,
                "total": 0
              }
            },
            {
              "batter": "AB Chawla",
              "bowler": "AE Paraam",
              "non_striker": "L Slebsager",
              "runs": {
                "batter": 1,
                "extras": 0,
                "total": 1
              }
            },
            {
              "batter": "L Slebsager",
              "bowler": "AE Paraam",
              "non_striker": "AB Chawla",
              "runs": {
                "batter": 0,
                "extras": 0,
                "total": 0
              }
            }
          ]
        },
        {
          "over": 25,
          "deliveries": [
            {
              "batter": "AB Chawla",
              "bowler": "M Dharmichand",
              "non_striker": "L Slebsager",
              "runs": {
                "batter": 4,
                "extras": 0,
                "total": 4
              }
            },
            {
              "batter": "AB Chawla",
              "bowler": "M Dharmichand",
              "non_striker": "L Slebsager",
              "runs": {
                "batter": 0,
                "extras": 0,
                "total": 0
              }
            },
            {
              "batter": "AB Chawla",
              "bowler": "M Dharmichand",
              "non_striker": "L Slebsager",
              "runs": {
                "batter": 1,
                "extras": 0,
                "total": 1
              }
            },
            {
              "batter": "L Slebsager",
              "bowler": "M Dharmichand",
              "non_striker": "AB Chawla",
              "runs": {
                "batter": 0,
                "extras": 0,
                "total": 0
              }
            },
            {
              "batter": "L Slebsager",
              "bowler": "M Dharmichand",
              "non_striker": "AB Chawla",
              "runs": {
                "batter": 1,
                "extras": 0,
                "total": 1
              }
            },
            {
              "batter": "AB Chawla",
              "bowler": "M Dharmichand",
              "non_striker": "L Slebsager",
              "runs": {
                "batter": 0,
                "extras": 0,
                "total": 0
              },
              "wickets": [
                {
                  "kind": "stumped",
                  "player_out": "AB Chawla",
                  "fielders": [
                    {
                      "name": "CR Suryawanshi"
                    }
                  ]
                }
              ]
            }
          ]
        }
      ],
      "powerplays": [
        {
          "from": 0.1,
          "to": 9.6,
          "type": "mandatory"
        }
      ]
    },
    {
      "team": "Singapore",
      "overs": [
        {
          "over": 0,
          "deliveries": [
            {
              "batter": "CR Suryawanshi",
              "bowler": "Aftab Ahmed (2)",
              "extras": {
                "legbyes": 1
              },
              "non_striker": "R Gaznavi",
              "runs": {
                "batter": 0,
                "extras": 1,
                "total": 1
              }
            },
            {
              "batter": "R Gaznavi",
              "bowler": "Aftab Ahmed (2)",
              "extras": {
                "legbyes": 1
              },
              "non_striker": "CR Suryawanshi",
              "runs": {
                "batter": 0,
                "extras": 1,
                "total": 1
              }
            },
            {
              "batter": "CR Suryawanshi",
              "bowler": "Aftab Ahmed (2)",
              "non_striker": "R Gaznavi",
              "runs": {
                "batter": 0,
                "extras": 0,
                "total": 0
              }
            },
            {
              "batter": "CR Suryawanshi",
              "bowler": "Aftab Ahmed (2)",
              "non_striker": "R Gaznavi",
              "runs": {
                "batter": 1,
                "extras": 0,
                "total": 1
              }
            },
            {
              "batter": "R Gaznavi",
              "bowler": "Aftab Ahmed (2)",
              "non_striker": "CR Suryawanshi",
              "runs": {
                "batter": 0,
                "extras": 0,
                "total": 0
              }
            },
            {
              "batter": "R Gaznavi",
              "bowler": "Aftab Ahmed (2)",
              "non_striker": "CR Suryawanshi",
              "runs": {
                "batter": 1,
                "extras": 0,
                "total": 1
              }
            }
          ]
        },
        {
          "over": 1,
          "deliveries": [
            {
              "batter": "R Gaznavi",
              "bowler": "Bashir Shah",
              "non_striker": "CR Suryawanshi",
              "runs": {
                "batter": 1,
                "extras": 0,
                "total": 1
              }
            },
            {
              "batter": "CR Suryawanshi",
              "bowler": "Bashir Shah",
              "non_striker": "R Gaznavi",
              "runs": {
                "batter": 0,
                "extras": 0,
                "total": 0
              }
            },
            {
              "batter": "CR Suryawanshi",
              "bowler": "Bashir Shah",
              "extras": {
                "legbyes": 1
              },
              "non_striker": "R Gaznavi",
              "runs": {
                "batter": 0,
                "extras": 1,
                "total": 1
              }
            },
            {
              "batter": "R Gaznavi",
              "bowler": "Bashir Shah",
              "non_striker": "CR Suryawanshi",
              "runs": {
                "batter": 0,
                "extras": 0,
                "total": 0
              }
            },
            {
              "batter": "R Gaznavi",
              "bowler": "Bashir Shah",
              "non_striker": "CR Suryawanshi",
              "runs": {
                "batter": 0,
                "extras": 0,
                "total": 0
              }
            },
            {
              "batter": "R Gaznavi",
              "bowler": "Bashir Shah",
              "non_striker": "CR Suryawanshi",
              "runs": {
                "batter": 0,
                "extras": 0,
                "total": 0
              },
              "wickets": [
                {
                  "kind": "stumped",
                  "player_out": "R Gaznavi",
                  "fielders": [
                    {
                      "name": "CR Pedersen"
                    }
                  ]
                }
              ]
            }
          ]
        },
        {
          "over": 2,
          "deliveries": [
            {
              "batter": "CR Suryawanshi",
              "bowler": "Aftab Ahmed (2)",
              "non_striker": "AE Paraam",
              "runs": {
                "batter": 0,
                "extras": 0,
                "total": 0
              }
            },
            {
              "batter": "CR Suryawanshi",
              "bowler": "Aftab Ahmed (2)",
              "non_striker": "AE Paraam",
              "runs": {
                "batter": 1,
                "extras": 0,
                "total": 1
              }
            },
            {
              "batter": "AE Paraam",
              "bowler": "Aftab Ahmed (2)",
              "non_striker": "CR Suryawanshi",
              "runs": {
                "batter": 0,
                "extras": 0,
                "total": 0
              }
            },
            {
              "batter": "AE Paraam",
              "bowler": "Aftab Ahmed (2)",
              "non_striker": "CR Suryawanshi",
              "runs": {
                "batter": 1,
                "extras": 0,
                "total": 1
              }
            },
            {
              "batter": "CR Suryawanshi",
              "bowler": "Aftab Ahmed (2)",
              "non_striker": "AE Paraam",
              "runs": {
                "batter": 4,
                "extras": 0,
                "total": 4
              }
            },
            {
              "batter": "CR Suryawanshi",
              "bowler": "Aftab Ahmed (2)",
              "non_striker": "AE Paraam",
              "runs": {
                "batter": 4,
                "extras": 0,
                "total": 4
              }
            }
          ]
        },
        {
          "over": 3,
          "deliveries": [
            {
              "batter": "AE Paraam",
              "bowler": "Bashir Shah",
              "non_striker": "CR Suryawanshi",
              "runs": {
                "batter": 0,
                "extras": 0,
                "total": 0
              }
            },
            {
              "batter": "AE Paraam",
              "bowler": "Bashir Shah",
              "non_striker": "CR Suryawanshi",
              "runs": {
                "batter": 0,
                "extras": 0,
                "total": 0
              }
            },
            {
              "batter": "AE Paraam",
              "bowler": "Bashir Shah",
              "non_striker": "CR Suryawanshi",
              "runs": {
                "batter": 0,
                "extras": 0,
                "total": 0
              }
            },
            {
              "batter": "AE Paraam",
              "bowler": "Bashir Shah",
              "non_striker": "CR Suryawanshi",
              "runs": {
                "batter": 0,
                "extras": 0,
                "total": 0
              },
              "wickets": [
                {
                  "kind": "lbw",
                  "player_out": "AE Paraam"
                }
              ]
            },
            {
              "batter": "KB Shinde",
              "bowler": "Bashir Shah",
              "non_striker": "CR Suryawanshi",
              "runs": {
                "batter": 0,
                "extras": 0,
                "total": 0
              }
            },
            {
              "batter": "KB Shinde",
              "bowler": "Bashir Shah",
              "non_striker": "CR Suryawanshi",
              "runs": {
                "batter": 0,
                "extras": 0,
                "total": 0
              }
            }
          ]
        },
        {
          "over": 4,
          "deliveries": [
            {
              "batter": "CR Suryawanshi",
              "bowler": "Aftab Ahmed (2)",
              "non_striker": "KB Shinde",
              "runs": {
                "batter": 4,
                "extras": 0,
                "total": 4
              }
            },
            {
              "batter": "CR Suryawanshi",
              "bowler": "Aftab Ahmed (2)",
              "non_striker": "KB Shinde",
              "runs": {
                "batter": 1,
                "extras": 0,
                "total": 1
              }
            },
            {
              "batter": "KB Shinde",
              "bowler": "Aftab Ahmed (2)",
              "non_striker": "CR Suryawanshi",
              "runs": {
                "batter": 3,
                "extras": 0,
                "total": 3
              }
            },
            {
              "batter": "CR Suryawanshi",
              "bowler": "Aftab Ahmed (2)",
              "non_striker": "KB Shinde",
              "runs": {
                "batter": 4,
                "extras": 0,
                "total": 4
              }
            },
            {
              "batter": "CR Suryawanshi",
              "bowler": "Aftab Ahmed (2)",
              "non_striker": "KB Shinde",
              "runs": {
                "batter": 4,
                "extras": 0,
                "total": 4
              }
            },
            {
              "batter": "CR Suryawanshi",
              "bowler": "Aftab Ahmed (2)",
              "non_striker": "KB Shinde",
              "runs": {
                "batter": 0,
                "extras": 0,
                "total": 0
              }
            }
          ]
        },
        {
          "over": 5,
          "deliveries": [
            {
              "batter": "KB Shinde",
              "bowler": "Bashir Shah",
              "non_striker": "CR Suryawanshi",
              "runs": {
                "batter": 1,
                "extras": 0,
                "total": 1
              }
            },
            {
              "batter": "CR Suryawanshi",
              "bowler": "Bashir Shah",
              "non_striker": "KB Shinde",
              "runs": {
                "batter": 1,
                "extras": 0,
                "total": 1
              }
            },
            {
              "batter": "KB Shinde",
              "bowler": "Bashir Shah",
              "non_striker": "CR Suryawanshi",
              "runs": {
                "batter": 0,
                "extras": 0,
                "total": 0
              }
            },
            {
              "batter": "KB Shinde",
              "bowler": "Bashir Shah",
              "non_striker": "CR Suryawanshi",
              "runs": {
                "batter": 0,
                "extras": 0,
                "total": 0
              }
            },
            {
              "batter": "KB Shinde",
              "bowler": "Bashir Shah",
              "non_striker": "CR Suryawanshi",
              "runs": {
                "batter": 0,
                "extras": 0,
                "total": 0
              }
            },
            {
              "batter": "KB Shinde",
              "bowler": "Bashir Shah",
              "non_striker": "CR Suryawanshi",
              "runs": {
                "batter": 0,
                "extras": 0,
                "total": 0
              }
            }
          ]
        },
        {
          "over": 6,
          "deliveries": [
            {
              "batter": "CR Suryawanshi",
              "bowler": "AB Chawla",
              "non_striker": "KB Shinde",
              "runs": {
                "batter": 0,
                "extras": 0,
                "total": 0
              }
            },
            {
              "batter": "CR Suryawanshi",
              "bowler": "AB Chawla",
              "non_striker": "KB Shinde",
              "runs": {
                "batter": 6,
                "extras": 0,
                "total": 6
              }
            },
            {
              "batter": "CR Suryawanshi",
              "bowler": "AB Chawla",
              "non_striker": "KB Shinde",
              "runs": {
                "batter": 6,
                "extras": 0,
                "total": 6
              }
            },
            {
              "batter": "CR Suryawanshi",
              "bowler": "AB Chawla",
              "non_striker": "KB Shinde",
              "runs": {
                "batter": 4,
                "extras": 0,
                "total": 4
              }
            },
            {
              "batter": "CR Suryawanshi",
              "bowler": "AB Chawla",
              "non_striker": "KB Shinde",
              "runs": {
                "batter": 0,
                "extras": 0,
                "total": 0
              }
            },
            {
              "batter": "CR Suryawanshi",
              "bowler": "AB Chawla",
              "non_striker": "KB Shinde",
              "runs": {
                "batter": 4,
                "extras": 0,
                "total": 4
              }
            }
          ]
        },
        {
          "over": 7,
          "deliveries": [
            {
              "batter": "KB Shinde",
              "bowler": "Bashir Shah",
              "non_striker": "CR Suryawanshi",
              "runs": {
                "batter": 0,
                "extras": 0,
                "total": 0
              }
            },
            {
              "batter": "KB Shinde",
              "bowler": "Bashir Shah",
              "non_striker": "CR Suryawanshi",
              "runs": {
                "batter": 0,
                "extras": 0,
                "total": 0
              }
            },
            {
              "batter": "KB Shinde",
              "bowler": "Bashir Shah",
              "non_striker": "CR Suryawanshi",
              "runs": {
                "batter": 1,
                "extras": 0,
                "total": 1
              }
            },
            {
              "batter": "CR Suryawanshi",
              "bowler": "Bashir Shah",
              "extras": {
                "legbyes": 1
              },
              "non_striker": "KB Shinde",
              "runs": {
                "batter": 0,
                "extras": 1,
                "total": 1
              }
            },
            {
              "batter": "KB Shinde",
              "bowler": "Bashir Shah",
              "non_striker": "CR Suryawanshi",
              "runs": {
                "batter": 0,
                "extras": 0,
                "total": 0
              }
            },
            {
              "batter": "KB Shinde",
              "bowler": "Bashir Shah",
              "non_striker": "CR Suryawanshi",
              "runs": {
                "batter": 0,
                "extras": 0,
                "total": 0
              }
            }
          ]
        },
        {
          "over": 8,
          "deliveries": [
            {
              "batter": "CR Suryawanshi",
              "bowler": "MR Pedersen",
              "non_striker": "KB Shinde",
              "runs": {
                "batter": 0,
                "extras": 0,
                "total": 0
              }
            },
            {
              "batter": "CR Suryawanshi",
              "bowler": "MR Pedersen",
              "non_striker": "KB Shinde",
              "runs": {
                "batter": 1,
                "extras": 0,
                "total": 1
              }
            },
            {
              "batter": "KB Shinde",
              "bowler": "MR Pedersen",
              "non_striker": "CR Suryawanshi",
              "runs": {
                "batter": 1,
                "extras": 0,
                "total": 1
              }
            },
            {
              "batter": "CR Suryawanshi",
              "bowler": "MR Pedersen",
              "non_striker": "KB Shinde",
              "runs": {
                "batter": 0,
                "extras": 0,
                "total": 0
              }
            },
            {
              "batter": "CR Suryawanshi",
              "bowler": "MR Pedersen",
              "non_striker": "KB Shinde",
              "runs": {
                "batter": 0,
                "extras": 0,
                "total": 0
              }
            },
            {
              "batter": "CR Suryawanshi",
              "bowler": "MR Pedersen",
              "non_striker": "KB Shinde",
              "runs": {
                "batter": 0,
                "extras": 0,
                "total": 0
              }
            }
          ]
        },
        {
          "over": 9,
          "deliveries": [
            {
              "batter": "KB Shinde",
              "bowler": "Bashir Shah",
              "non_striker": "CR Suryawanshi",
              "runs": {
                "batter": 0,
                "extras": 0,
                "total": 0
              }
            },
            {
              "batter": "KB Shinde",
              "bowler": "Bashir Shah",
              "non_striker": "CR Suryawanshi",
              "runs": {
                "batter": 1,
                "extras": 0,
                "total": 1
              }
            },
            {
              "batter": "CR Suryawanshi",
              "bowler": "Bashir Shah",
              "non_striker": "KB Shinde",
              "runs": {
                "batter": 0,
                "extras": 0,
                "total": 0
              }
            },
            {
              "batter": "CR Suryawanshi",
              "bowler": "Bashir Shah",
              "non_striker": "KB Shinde",
              "runs": {
                "batter": 0,
                "extras": 0,
                "total": 0
              },
              "wickets": [
                {
                  "kind": "stumped",
                  "player_out": "CR Suryawanshi",
                  "fielders": [
                    {
                      "name": "CR Pedersen"
                    }
                  ]
                }
              ]
            },
            {
              "batter": "C Janik",
              "bowler": "Bashir Shah",
              "non_striker": "KB Shinde",
              "runs": {
                "batter": 0,
                "extras": 0,
                "total": 0
              }
            },
            {
              "batter": "C Janik",
              "bowler": "Bashir Shah",
              "non_striker": "KB Shinde",
              "runs": {
                "batter": 0,
                "extras": 0,
                "total": 0
              }
            }
          ]
        },
        {
          "over": 10,
          "deliveries": [
            {
              "batter": "KB Shinde",
              "bowler": "MR Pedersen",
              "non_striker": "C Janik",
              "runs": {
                "batter": 1,
                "extras": 0,
                "total": 1
              }
            },
            {
              "batter": "C Janik",
              "bowler": "MR Pedersen",
              "non_striker": "KB Shinde",
              "runs": {
                "batter": 0,
                "extras": 0,
                "total": 0
              }
            },
            {
              "batter": "C Janik",
              "bowler": "MR Pedersen",
              "non_striker": "KB Shinde",
              "runs": {
                "batter": 0,
                "extras": 0,
                "total": 0
              }
            },
            {
              "batter": "C Janik",
              "bowler": "MR Pedersen",
              "non_striker": "KB Shinde",
              "runs": {
                "batter": 5,
                "extras": 0,
                "total": 5
              }
            },
            {
              "batter": "KB Shinde",
              "bowler": "MR Pedersen",
              "non_striker": "C Janik",
              "runs": {
                "batter": 0,
                "extras": 0,
                "total": 0
              }
            },
            {
              "batter": "KB Shinde",
              "bowler": "MR Pedersen",
              "non_striker": "C Janik",
              "runs": {
                "batter": 0,
                "extras": 0,
                "total": 0
              }
            }
          ]
        },
        {
          "over": 11,
          "deliveries": [
            {
              "batter": "C Janik",
              "bowler": "Bashir Shah",
              "non_striker": "KB Shinde",
              "runs": {
                "batter": 4,
                "extras": 0,
                "total": 4
              }
            },
            {
              "batter": "C Janik",
              "bowler": "Bashir Shah",
              "non_striker": "KB Shinde",
              "runs": {
                "batter": 0,
                "extras": 0,
                "total": 0
              }
            },
            {
              "batter": "C Janik",
              "bowler": "Bashir Shah",
              "non_striker": "KB Shinde",
              "runs": {
                "batter": 0,
                "extras": 0,
                "total": 0
              }
            },
            {
              "batter": "C Janik",
              "bowler": "Bashir Shah",
              "non_striker": "KB Shinde",
              "runs": {
                "batter": 0,
                "extras": 0,
                "total": 0
              }
            },
            {
              "batter": "C Janik",
              "bowler": "Bashir Shah",
              "non_striker": "KB Shinde",
              "runs": {
                "batter": 0,
                "extras": 0,
                "total": 0
              }
            },
            {
              "batter": "C Janik",
              "bowler": "Bashir Shah",
              "non_striker": "KB Shinde",
              "runs": {
                "batter": 0,
                "extras": 0,
                "total": 0
              }
            }
          ]
        },
        {
          "over": 12,
          "deliveries": [
            {
              "batter": "KB Shinde",
              "bowler": "MR Pedersen",
              "non_striker": "C Janik",
              "runs": {
                "batter": 0,
                "extras": 0,
                "total": 0
              }
            },
            {
              "batter": "KB Shinde",
              "bowler": "MR Pedersen",
              "non_striker": "C Janik",
              "runs": {
                "batter": 3,
                "extras": 0,
                "total": 3
              }
            },
            {
              "batter": "C Janik",
              "bowler": "MR Pedersen",
              "non_striker": "KB Shinde",
              "runs": {
                "batter": 0,
                "extras": 0,
                "total": 0
              }
            },
            {
              "batter": "C Janik",
              "bowler": "MR Pedersen",
              "non_striker": "KB Shinde",
              "runs": {
                "batter": 0,
                "extras": 0,
                "total": 0
              }
            },
            {
              "batter": "C Janik",
              "bowler": "MR Pedersen",
              "non_striker": "KB Shinde",
              "runs": {
                "batter": 1,
                "extras": 0,
                "total": 1
              }
            },
            {
              "batter": "KB Shinde",
              "bowler": "MR Pedersen",
              "non_striker": "C Janik",
              "runs": {
                "batter": 2,
                "extras": 0,
                "total": 2
              }
            }
          ]
        },
        {
          "over": 13,
          "deliveries": [
            {
              "batter": "C Janik",
              "bowler": "Bashir Shah",
              "non_striker": "KB Shinde",
              "runs": {
                "batter": 0,
                "extras": 0,
                "total": 0
              }
            },
            {
              "batter": "C Janik",
              "bowler": "Bashir Shah",
              "non_striker": "KB Shinde",
              "runs": {
                "batter": 0,
                "extras": 0,
                "total": 0
              }
            },
            {
              "batter": "C Janik",
              "bowler": "Bashir Shah",
              "non_striker": "KB Shinde",
              "runs": {
                "batter": 0,
                "extras": 0,
                "total": 0
              },
              "wickets": [
                {
                  "kind": "lbw",
                  "player_out": "C Janik"
                }
              ]
            },
            {
              "batter": "CR Kumarage",
              "bowler": "Bashir Shah",
              "non_striker": "KB Shinde",
              "runs": {
                "batter": 0,
                "extras": 0,
                "total": 0
              }
            },
            {
              "batter": "CR Kumarage",
              "bowler": "Bashir Shah",
              "non_striker": "KB Shinde",
              "runs": {
                "batter": 0,
                "extras": 0,
                "total": 0
              }
            },
            {
              "batter": "CR Kumarage",
              "bowler": "Bashir Shah",
              "non_striker": "KB Shinde",
              "runs": {
                "batter": 0,
                "extras": 0,
                "total": 0
              }
            }
          ]
        },
        {
          "over": 14,
          "deliveries": [
            {
              "batter": "KB Shinde",
              "bowler": "HAM Shah",
              "non_striker": "CR Kumarage",
              "runs": {
                "batter": 0,
                "extras": 0,
                "total": 0
              }
            },
            {
              "batter": "KB Shinde",
              "bowler": "HAM Shah",
              "non_striker": "CR Kumarage",
              "runs": {
                "batter": 0,
                "extras": 0,
                "total": 0
              }
            },
            {
              "batter": "KB Shinde",
              "bowler": "HAM Shah",
              "non_striker": "CR Kumarage",
              "runs": {
                "batter": 4,
                "extras": 0,
                "total": 4
              }
            },
            {
              "batter": "KB Shinde",
              "bowler": "HAM Shah",
              "non_striker": "CR Kumarage",
              "runs": {
                "batter": 0,
                "extras": 0,
                "total": 0
              }
            },
            {
              "batter": "KB Shinde",
              "bowler": "HAM Shah",
              "non_striker": "CR Kumarage",
              "runs": {
                "batter": 1,
                "extras": 0,
                "total": 1
              }
            },
            {
              "batter": "CR Kumarage",
              "bowler": "HAM Shah",
              "non_striker": "KB Shinde",
              "runs": {
                "batter": 1,
                "extras": 0,
                "total": 1
              }
            }
          ]
        },
        {
          "over": 15,
          "deliveries": [
            {
              "batter": "CR Kumarage",
              "bowler": "Bashir Shah",
              "non_striker": "KB Shinde",
              "runs": {
                "batter": 0,
                "extras": 0,
                "total": 0
              }
            },
            {
              "batter": "CR Kumarage",
              "bowler": "Bashir Shah",
              "non_striker": "KB Shinde",
              "runs": {
                "batter": 0,
                "extras": 0,
                "total": 0
              }
            },
            {
              "batter": "CR Kumarage",
              "bowler": "Bashir Shah",
              "non_striker": "KB Shinde",
              "runs": {
                "batter": 0,
                "extras": 0,
                "total": 0
              }
            },
            {
              "batter": "CR Kumarage",
              "bowler": "Bashir Shah",
              "non_striker": "KB Shinde",
              "runs": {
                "batter": 0,
                "extras": 0,
                "total": 0
              }
            },
            {
              "batter": "CR Kumarage",
              "bowler": "Bashir Shah",
              "non_striker": "KB Shinde",
              "runs": {
                "batter": 2,
                "extras": 0,
                "total": 2
              }
            },
            {
              "batter": "CR Kumarage",
              "bowler": "Bashir Shah",
              "non_striker": "KB Shinde",
              "runs": {
                "batter": 0,
                "extras": 0,
                "total": 0
              },
              "wickets": [
                {
                  "kind": "caught",
                  "player_out": "CR Kumarage",
                  "fielders": [
                    {
                      "name": "Taha Ahmed"
                    }
                  ]
                }
              ]
            }
          ]
        },
        {
          "over": 16,
          "deliveries": [
            {
              "batter": "KB Shinde",
              "bowler": "HAM Shah",
              "non_striker": "Abhiraj Singh",
              "runs": {
                "batter": 0,
                "extras": 0,
                "total": 0
              }
            },
            {
              "batter": "KB Shinde",
              "bowler": "HAM Shah",
              "non_striker": "Abhiraj Singh",
              "runs": {
                "batter": 4,
                "extras": 0,
                "total": 4
              }
            }
          ]
        }
      ],
      "powerplays": [
        {
          "from": 0.1,
          "to": 9.6,
          "type": "mandatory"
        }
      ],
      "target": {
        "overs": 50,
        "runs": 84
      }
    }
  ]
}