{
  "meta": {
    "data_version": "1.0.0",
    "created": "2014-06-13",
    "revision": 3
  },
  "info": {
    "balls_per_over": 6,
    "city": "Kuala Lumpur",
    "dates": [
      "2012-09-06"
    ],
    "event": {
      "name": "ICC World Cricket League Division Four"
    },
    "gender": "male",
    "match_type": "ODM",
    "missing": [
      {
        "powerplays": {
          "1": [
            "fielding",
            "batting"
          ],
          "2": [
            "fielding",
            "batting"
          ]
        }
      }
    ],
    "officials": {
      "match_referees": [
        "DT Jukes"
      ],
      "reserve_umpires": [
        "SN Bandekar"
      ],
      "umpires": [
        "AW Louw",
        "REJ Martinesz"
      ]
    },
    "outcome": {
      "by": {
        "wickets": 10
      },
      "winner": "Nepal"
    },
    "overs": 50,
    "player_of_match": [
      "SP Gauchan"
    ],
    "players": {
      "Malaysia": [
        "Hammadullah Khan",
        "R Madhavan",
        "Suhan Alagaratnam",
        "Ahmed Faiz",
        "Shafiq Sharif",
        "Suharril Fetri",
        "Anwar Arudin",
        "Khizar Hayat",
        "Nik Arifin",
        "Hassan Ghulam",
        "Shahrulnizam Yusof"
      ],
      "Nepal": [
        "SP Khakurel",
        "AK Mandal",
        "G Malla",
        "P Khadka",
        "S Vesawkar",
        "SP Gauchan",
        "PS Airee",
        "BK Das",
        "A Bhattarai",
        "B Regmi",
        "S Regmi"
      ]
    },
    "registry": {
      "people": {
        "A Bhattarai": "2c2013a9",
        "AK Mandal": "defd49f6",
        "AW Louw": "55053e4b",
        "Ahmed Faiz": "f6b4f746",
        "Anwar Arudin": "6d24561a",
        "B Regmi": "98d05440",
        "BK Das": "d0c5dad4",
        "DT Jukes": "7c215d14",
        "G Malla": "b2e1d224",
        "Hammadullah Khan": "6e0a942c",
        "Hassan Ghulam": "288ea226",
        "Khizar Hayat": "78bbeba1",
        "Nik Arifin": "0b903e68",
        "P Khadka": "12c3ba4d",
        "PS Airee": "cc18ba92",
        "R Madhavan": "d0cff8fd",
        "REJ Martinesz": "140cdf29",
        "S Regmi": "4ef823a2",
        "S Vesawkar": "3de06845",
        "SN Bandekar": "350528bb",
        "SP Gauchan": "2d8aae2f",
        "SP Khakurel": "9a6b71d1",
        "Shafiq Sharif": "033ac24e",
        "Shahrulnizam Yusof": "2b8718c8",
        "Suhan Alagaratnam": "4cf59936",
        "Suharril Fetri": "a96938ba"
      }
    },
    "season": 2012,
    "team_type": "international",
    "teams": [
      "Malaysia",
      "Nepal"
    ],
    "toss": {
      "decision": "bat",
      "winner": "Malaysia"
    },
    "venue": "Selangor Turf Club"
  },
  "innings": [
    {
      "team": "Malaysia",
      "overs": [
        {
          "over": 0,
          "deliveries": [
            {
              "batter": "Hammadullah Khan",
              "bowler": "A Bhattarai",
              "non_striker": "R Madhavan",
              "runs": {
                "batter": 0,
                "extras": 0,
                "total": 0
              }
            },
            {
              "batter": "Hammadullah Khan",
              "bowler": "A Bhattarai",
              "non_striker": "R Madhavan",
              "runs": {
                "batter": 0,
                "extras": 0,
                "total": 0
              }
            },
            {
              "batter": "Hammadullah Khan",
              "bowler": "A Bhattarai",
              "non_striker": "R Madhavan",
              "runs": {
                "batter": 0,
                "extras": 0,
                "total": 0
              }
            },
            {
              "batter": "Hammadullah Khan",
              "bowler": "A Bhattarai",
              "non_striker": "R Madhavan",
              "runs": {
                "batter": 0,
                "extras": 0,
                "total": 0
              }
            },
            {
              "batter": "Hammadullah Khan",
              "bowler": "A Bhattarai",
              "extras": {
                "legbyes": 1
              },
              "non_striker": "R Madhavan",
              "runs": {
                "batter": 0,
                "extras": 1,
                "total": 1
              }
            },
            {
              "batter": "R Madhavan",
              "bowler": "A Bhattarai",
              "non_striker": "Hammadullah Khan",
              "runs": {
                "batter": 0,
                "extras": 0,
                "total": 0
              }
            }
          ]
        },
        {
          "over": 1,
          "deliveries": [
            {
              "batter": "Hammadullah Khan",
              "bowler": "BK Das",
              "non_striker": "R Madhavan",
              "runs": {
                "batter": 0,
                "extras": 0,
                "total": 0
              }
            },
            {
              "batter": "Hammadullah Khan",
              "bowler": "BK Das",
              "extras": {
                "noballs": 1
              },
              "non_striker": "R Madhavan",
              "runs": {
                "batter": 1,
                "extras": 1,
                "total": 2
              }
            },
            {
              "batter": "R Madhavan",
              "bowler": "BK Das",
              "non_striker": "Hammadullah Khan",
              "runs": {
                "batter": 1,
                "extras": 0,
                "total": 1
              }
            },
            {
              "batter": "Hammadullah Khan",
              "bowler": "BK Das",
              "non_striker": "R Madhavan",
              "runs": {
                "batter": 4,
                "extras": 0,
                "total": 4
              }
            },
            {
              "batter": "Hammadullah Khan",
              "bowler": "BK Das",
              "non_striker": "R Madhavan",
              "runs": {
                "batter": 0,
                "extras": 0,
                "total": 0
              }
            },
            {
              "batter": "Hammadullah Khan",
              "bowler": "BK Das",
              "non_striker": "R Madhavan",
              "runs": {
                "batter": 0,
                "extras": 0,
                "total": 0
              }
            },
            {
              "batter": "Hammadullah Khan",
              "bowler": "BK Das",
              "non_striker": "R Madhavan",
              "runs": {
                "batter": 4,
                "extras": 0,
                "total": 4
              }
            }
          ]
        },
        {
          "over": 2,
          "deliveries": [
            {
              "batter": "R Madhavan",
              "bowler": "A Bhattarai",
              "non_striker": "Hammadullah Khan",
              "runs": {
                "batter": 0,
                "extras": 0,
                "total": 0
              }
            },
            {
              "batter": "R Madhavan",
              "bowler": "A Bhattarai",
              "non_striker": "Hammadullah Khan",
              "runs": {
                "batter": 1,
                "extras": 0,
                "total": 1
              }
            },
            {
              "batter": "Hammadullah Khan",
              "bowler": "A Bhattarai",
              "non_striker": "R Madhavan",
              "runs": {
                "batter": 0,
                "extras": 0,
                "total": 0
              }
            },
            {
              "batter": "Hammadullah Khan",
              "bowler": "A Bhattarai",
              "non_striker": "R Madhavan",
              "runs": {
                "batter": 0,
                "extras": 0,
                "total": 0
              }
            },
            {
              "batter": "Hammadullah Khan",
              "bowler": "A Bhattarai",
              "non_striker": "R Madhavan",
              "runs": {
                "batter": 1,
                "extras": 0,
                "total": 1
              }
            },
            {
              "batter": "R Madhavan",
              "bowler": "A Bhattarai",
              "non_striker": "Hammadullah Khan",
              "runs": {
                "batter": 0,
                "extras": 0,
                "total": 0
              }
            }
          ]
        },
        {
          "over": 3,
          "deliveries": [
            {
              "batter": "Hammadullah Khan",
              "bowler": "BK Das",
              "non_striker": "R Madhavan",
              "runs": {
                "batter": 0,
                "extras": 0,
                "total": 0
              }
            },
            {
              "batter": "Hammadullah Khan",
              "bowler": "BK Das",
              "non_striker": "R Madhavan",
              "runs": {
                "batter": 0,
                "extras": 0,
                "total": 0
              }
            },
            {
              "batter": "Hammadullah Khan",
              "bowler": "BK Das",
              "non_striker": "R Madhavan",
              "runs": {
                "batter": 0,
                "extras": 0,
                "total": 0
              }
            },
            {
              "batter": "Hammadullah Khan",
              "bowler": "BK Das",
              "non_striker": "R Madhavan",
              "runs": {
                "batter": 0,
                "extras": 0,
                "total": 0
              }
            },
            {
              "batter": "Hammadullah Khan",
              "bowler": "BK Das",
              "non_striker": "R Madhavan",
              "runs": {
                "batter": 0,
                "extras": 0,
                "total": 0
              }
            },
            {
              "batter": "Hammadullah Khan",
              "bowler": "BK Das",
              "non_striker": "R Madhavan",
              "runs": {
                "batter": 1,
                "extras": 0,
                "total": 1
              }
            }
          ]
        },
        {
          "over": 4,
          "deliveries": [
            {
              "batter": "Hammadullah Khan",
              "bowler": "A Bhattarai",
              "non_striker": "R Madhavan",
              "runs": {
                "batter": 0,
                "extras": 0,
                "total": 0
              }
            },
            {
              "batter": "Hammadullah Khan",
              "bowler": "A Bhattarai",
              "non_striker": "R Madhavan",
              "runs": {
                "batter": 0,
                "extras": 0,
                "total": 0
              }
            },
            {
              "batter": "Hammadullah Khan",
              "bowler": "A Bhattarai",
              "non_striker": "R Madhavan",
              "runs": {
                "batter": 0,
                "extras": 0,
                "total": 0
              }
            },
            {
              "batter": "Hammadullah Khan",
              "bowler": "A Bhattarai",
              "non_striker": "R Madhavan",
              "runs": {
                "batter": 1,
                "extras": 0,
                "total": 1
              }
            },
            {
              "batter": "R Madhavan",
              "bowler": "A Bhattarai",
              "non_striker": "Hammadullah Khan",
              "runs": {
                "batter": 0,
                "extras": 0,
                "total": 0
              },
              "wickets": [
                {
                  "kind": "lbw",
                  "player_out": "R Madhavan"
                }
              ]
            },
            {
              "batter": "Suhan Alagaratnam",
              "bowler": "A Bhattarai",
              "non_striker": "Hammadullah Khan",
              "runs": {
                "batter": 0,
                "extras": 0,
                "total": 0
              },
              "wickets": [
                {
                  "kind": "lbw",
                  "player_out": "Suhan Alagaratnam"
                }
              ]
            }
          ]
        },
        {
          "over": 5,
          "deliveries": [
            {
              "batter": "Hammadullah Khan",
              "bowler": "BK Das",
              "non_striker": "Ahmed Faiz",
              "runs": {
                "batter": 0,
                "extras": 0,
                "total": 0
              }
            },
            {
              "batter": "Hammadullah Khan",
              "bowler": "BK Das",
              "non_striker": "Ahmed Faiz",
              "runs": {
                "batter": 0,
                "extras": 0,
                "total": 0
              },
              "wickets": [
                {
                  "kind": "lbw",
                  "player_out": "Hammadullah Khan"
                }
              ]
            },
            {
              "batter": "Shafiq Sharif",
              "bowler": "BK Das",
              "non_striker": "Ahmed Faiz",
              "runs": {
                "batter": 0,
                "extras": 0,
                "total": 0
              }
            },
            {
              "batter": "Shafiq Sharif",
              "bowler": "BK Das",
              "non_striker": "Ahmed Faiz",
              "runs": {
                "batter": 0,
                "extras": 0,
                "total": 0
              }
            },
            {
              "batter": "Shafiq Sharif",
              "bowler": "BK Das",
              "non_striker": "Ahmed Faiz",
              "runs": {
                "batter": 0,
                "extras": 0,
                "total": 0
              }
            },
            {
              "batter": "Shafiq Sharif",
              "bowler": "BK Das",
              "non_striker": "Ahmed Faiz",
              "runs": {
                "batter": 0,
                "extras": 0,
                "total": 0
              }
            }
          ]
        },
        {
          "over": 6,
          "deliveries": [
            {
              "batter": "Ahmed Faiz",
              "bowler": "A Bhattarai",
              "non_striker": "Shafiq Sharif",
              "runs": {
                "batter": 0,
                "extras": 0,
                "total": 0
              }
            },
            {
              "batter": "Ahmed Faiz",
              "bowler": "A Bhattarai",
              "non_striker": "Shafiq Sharif",
              "runs": {
                "batter": 0,
                "extras": 0,
                "total": 0
              }
            },
            {
              "batter": "Ahmed Faiz",
              "bowler": "A Bhattarai",
              "non_striker": "Shafiq Sharif",
              "runs": {
                "batter": 2,
                "extras": 0,
                "total": 2
              }
            },
            {
              "batter": "Ahmed Faiz",
              "bowler": "A Bhattarai",
              "non_striker": "Shafiq Sharif",
              "runs": {
                "batter": 0,
                "extras": 0,
                "total": 0
              }
            },
            {
              "batter": "Ahmed Faiz",
              "bowler": "A Bhattarai",
              "non_striker": "Shafiq Sharif",
              "runs": {
                "batter": 0,
                "extras": 0,
                "total": 0
              }
            },
            {
              "batter": "Ahmed Faiz",
              "bowler": "A Bhattarai",
              "non_striker": "Shafiq Sharif",
              "runs": {
                "batter": 0,
                "extras": 0,
                "total": 0
              }
            }
          ]
        },
        {
          "over": 7,
          "deliveries": [
            {
              "batter": "Shafiq Sharif",
              "bowler": "BK Das",
              "non_striker": "Ahmed Faiz",
              "runs": {
                "batter": 4,
                "extras": 0,
                "total": 4
              }
            },
            {
              "batter": "Shafiq Sharif",
              "bowler": "BK Das",
              "non_striker": "Ahmed Faiz",
              "runs": {
                "batter": 0,
                "extras": 0,
                "total": 0
              }
            },
            {
              "batter": "Shafiq Sharif",
              "bowler": "BK Das",
              "non_striker": "Ahmed Faiz",
              "runs": {
                "batter": 1,
                "extras": 0,
                "total": 1
              }
            },
            {
              "batter": "Ahmed Faiz",
              "bowler": "BK Das",
              "non_striker": "Shafiq Sharif",
              "runs": {
                "batter": 0,
                "extras": 0,
                "total": 0
              }
            },
            {
              "batter": "Ahmed Faiz",
              "bowler": "BK Das",
              "extras": {
                "wides": 1
              },
              "non_striker": "Shafiq Sharif",
              "runs": {
                "batter": 0,
                "extras": 1,
                "total": 1
              }
            },
            {
              "batter": "Ahmed Faiz",
              "bowler": "BK Das",
              "non_striker": "Shafiq Sharif",
              "runs": {
                "batter": 1,
                "extras": 0,
                "total": 1
              }
            },
            {
              "batter": "Shafiq Sharif",
              "bowler": "BK Das",
              "non_striker": "Ahmed Faiz",
              "runs": {
                "batter": 0,
                "extras": 0,
                "total": 0
              }
            }
          ]
        },
        {
          "over": 8,
          "deliveries": [
            {
              "batter": "Ahmed Faiz",
              "bowler": "A Bhattarai",
              "non_striker": "Shafiq Sharif",
              "runs": {
                "batter": 1,
                "extras": 0,
                "total": 1
              }
            },
            {
              "batter": "Shafiq Sharif",
              "bowler": "A Bhattarai",
              "non_striker": "Ahmed Faiz",
              "runs": {
                "batter": 0,
                "extras": 0,
                "total": 0
              }
            },
            {
              "batter": "Shafiq Sharif",
              "bowler": "A Bhattarai",
              "non_striker": "Ahmed Faiz",
              "runs": {
                "batter": 4,
                "extras": 0,
                "total": 4
              }
            },
            {
              "batter": "Shafiq Sharif",
              "bowler": "A Bhattarai",
              "non_striker": "Ahmed Faiz",
              "runs": {
                "batter": 0,
                "extras": 0,
                "total": 0
              }
            },
            {
              "batter": "Shafiq Sharif",
              "bowler": "A Bhattarai",
              "non_striker": "Ahmed Faiz",
              "runs": {
                "batter": 0,
                "extras": 0,
                "total": 0
              }
            },
            {
              "batter": "Shafiq Sharif",
              "bowler": "A Bhattarai",
              "non_striker": "Ahmed Faiz",
              "runs": {
                "batter": 4,
                "extras": 0,
                "total": 4
              }
            }
          ]
        },
        {
          "over": 9,
          "deliveries": [
            {
              "batter": "Ahmed Faiz",
              "bowler": "BK Das",
              "non_striker": "Shafiq Sharif",
              "runs": {
                "batter": 0,
                "extras": 0,
                "total": 0
              }
            },
            {
              "batter": "Ahmed Faiz",
              "bowler": "BK Das",
              "non_striker": "Shafiq Sharif",
              "runs": {
                "batter": 4,
                "extras": 0,
                "total": 4
              }
            },
            {
              "batter": "Ahmed Faiz",
              "bowler": "BK Das",
              "extras": {
                "legbyes": 1
              },
              "non_striker": "Shafiq Sharif",
              "runs": {
                "batter": 0,
                "extras": 1,
                "total": 1
              }
            },
            {
              "batter": "Shafiq Sharif",
              "bowler": "BK Das",
              "non_striker": "Ahmed Faiz",
              "runs": {
                "batter": 4,
                "extras": 0,
                "total": 4
              }
            },
            {
              "batter": "Shafiq Sharif",
              "bowler": "BK Das",
              "non_striker": "Ahmed Faiz",
              "runs": {
                "batter": 1,
                "extras": 0,
                "total": 1
              }
            },
            {
              "batter": "Ahmed Faiz",
              "bowler": "BK Das",
              "non_striker": "Shafiq Sharif",
              "runs": {
                "batter": 0,
                "extras": 0,
                "total": 0
              }
            }
          ]
        },
        {
          "over": 10,
          "deliveries": [
            {
              "batter": "Shafiq Sharif",
              "bowler": "A Bhattarai",
              "non_striker": "Ahmed Faiz",
              "runs": {
                "batter": 0,
                "extras": 0,
                "total": 0
              }
            },
            {
              "batter": "Shafiq Sharif",
              "bowler": "A Bhattarai",
              "non_striker": "Ahmed Faiz",
              "runs": {
                "batter": 1,
                "extras": 0,
                "total": 1
              }
            },
            {
              "batter": "Ahmed Faiz",
              "bowler": "A Bhattarai",
              "non_striker": "Shafiq Sharif",
              "runs": {
                "batter": 0,
                "extras": 0,
                "total": 0
              }
            },
            {
              "batter": "Ahmed Faiz",
              "bowler": "A Bhattarai",
              "non_striker": "Shafiq Sharif",
              "runs": {
                "batter": 0,
                "extras": 0,
                "total": 0
              }
            },
            {
              "batter": "Ahmed Faiz",
              "bowler": "A Bhattarai",
              "non_striker": "Shafiq Sharif",
              "runs": {
                "batter": 4,
                "extras": 0,
                "total": 4
              }
            },
            {
              "batter": "Ahmed Faiz",
              "bowler": "A Bhattarai",
              "non_striker": "Shafiq Sharif",
              "runs": {
                "batter": 0,
                "extras": 0,
                "total": 0
              }
            }
          ]
        },
        {
          "over": 11,
          "deliveries": [
            {
              "batter": "Shafiq Sharif",
              "bowler": "B Regmi",
              "non_striker": "Ahmed Faiz",
              "runs": {
                "batter": 0,
                "extras": 0,
                "total": 0
              }
            },
            {
              "batter": "Shafiq Sharif",
              "bowler": "B Regmi",
              "non_striker": "Ahmed Faiz",
              "runs": {
                "batter": 1,
                "extras": 0,
                "total": 1
              }
            },
            {
              "batter": "Ahmed Faiz",
              "bowler": "B Regmi",
              "non_striker": "Shafiq Sharif",
              "runs": {
                "batter": 1,
                "extras": 0,
                "total": 1
              }
            },
            {
              "batter": "Shafiq Sharif",
              "bowler": "B Regmi",
              "non_striker": "Ahmed Faiz",
              "runs": {
                "batter": 1,
                "extras": 0,
                "total": 1
              }
            },
            {
              "batter": "Ahmed Faiz",
              "bowler": "B Regmi",
              "non_striker": "Shafiq Sharif",
              "runs": {
                "batter": 0,
                "extras": 0,
                "total": 0
              },
              "wickets": [
                {
                  "kind": "bowled",
                  "player_out": "Ahmed Faiz"
                }
              ]
            },
            {
              "batter": "Suharril Fetri",
              "bowler": "B Regmi",
              "non_striker": "Shafiq Sharif",
              "runs": {
                "batter": 0,
                "extras": 0,
                "total": 0
              }
            }
          ]
        },
        {
          "over": 12,
          "deliveries": [
            {
              "batter": "Shafiq Sharif",
              "bowler": "SP Gauchan",
              "non_striker": "Suharril Fetri",
              "runs": {
                "batter": 0,
                "extras": 0,
                "total": 0
              }
            },
            {
              "batter": "Shafiq Sharif",
              "bowler": "SP Gauchan",
              "non_striker": "Suharril Fetri",
              "runs": {
                "batter": 0,
                "extras": 0,
                "total": 0
              }
            },
            {
              "batter": "Shafiq Sharif",
              "bowler": "SP Gauchan",
              "non_striker": "Suharril Fetri",
              "runs": {
                "batter": 1,
                "extras": 0,
                "total": 1
              }
            },
            {
              "batter": "Suharril Fetri",
              "bowler": "SP Gauchan",
              "non_striker": "Shafiq Sharif",
              "runs": {
                "batter": 0,
                "extras": 0,
                "total": 0
              }
            },
            {
              "batter": "Suharril Fetri",
              "bowler": "SP Gauchan",
              "non_striker": "Shafiq Sharif",
              "runs": {
                "batter": 0,
                "extras": 0,
                "total": 0
              }
            },
            {
              "batter": "Suharril Fetri",
              "bowler": "SP Gauchan",
              "non_striker": "Shafiq Sharif",
              "runs": {
                "batter": 0,
                "extras": 0,
                "total": 0
              }
            }
          ]
        },
        {
          "over": 13,
          "deliveries": [
            {
              "batter": "Shafiq Sharif",
              "bowler": "B Regmi",
              "non_striker": "Suharril Fetri",
              "runs": {
                "batter": 0,
                "extras": 0,
                "total": 0
              }
            },
            {
              "batter": "Shafiq Sharif",
              "bowler": "B Regmi",
              "non_striker": "Suharril Fetri",
              "runs": {
                "batter": 0,
                "extras": 0,
                "total": 0
              }
            },
            {
              "batter": "Shafiq Sharif",
              "bowler": "B Regmi",
              "non_striker": "Suharril Fetri",
              "runs": {
                "batter": 0,
                "extras": 0,
                "total": 0
              },
              "wickets": [
                {
                  "kind": "caught",
                  "player_out": "Shafiq Sharif",
                  "fielders": [
                    {
                      "name": "P Khadka"
                    }
                  ]
                }
              ]
            },
            {
              "batter": "Anwar Arudin",
              "bowler": "B Regmi",
              "non_striker": "Suharril Fetri",
              "runs": {
                "batter": 0,
                "extras": 0,
                "total": 0
              }
            },
            {
              "batter": "Anwar Arudin",
              "bowler": "B Regmi",
              "non_striker": "Suharril Fetri",
              "runs": {
                "batter": 0,
                "extras": 0,
                "total": 0
              }
            },
            {
              "batter": "Anwar Arudin",
              "bowler": "B Regmi",
              "non_striker": "Suharril Fetri",
              "runs": {
                "batter": 0,
                "extras": 0,
                "total": 0
              }
            }
          ]
        },
        {
          "over": 14,
          "deliveries": [
            {
              "batter": "Suharril Fetri",
              "bowler": "SP Gauchan",
              "non_striker": "Anwar Arudin",
              "runs": {
                "batter": 0,
                "extras": 0,
                "total": 0
              }
            },
            {
              "batter": "Suharril Fetri",
              "bowler": "SP Gauchan",
              "non_striker": "Anwar Arudin",
              "runs": {
                "batter": 0,
                "extras": 0,
                "total": 0
              }
            },
            {
              "batter": "Suharril Fetri",
              "bowler": "SP Gauchan",
              "non_striker": "Anwar Arudin",
              "runs": {
                "batter": 0,
                "extras": 0,
                "total": 0
              }
            },
            {
              "batter": "Suharril Fetri",
              "bowler": "SP Gauchan",
              "non_striker": "Anwar Arudin",
              "runs": {
                "batter": 0,
                "extras": 0,
                "total": 0
              }
            },
            {
              "batter": "Suharril Fetri",
              "bowler": "SP Gauchan",
              "non_striker": "Anwar Arudin",
              "runs": {
                "batter": 0,
                "extras": 0,
                "total": 0
              }
            },
            {
              "batter": "Suharril Fetri",
              "bowler": "SP Gauchan",
              "non_striker": "Anwar Arudin",
              "runs": {
                "batter": 0,
                "extras": 0,
                "total": 0
              }
            }
          ]
        },
        {
          "over": 15,
          "deliveries": [
            {
              "batter": "Anwar Arudin",
              "bowler": "B Regmi",
              "non_striker": "Suharril Fetri",
              "runs": {
                "batter": 4,
                "extras": 0,
                "total": 4
              }
            },
            {
              "batter": "Anwar Arudin",
              "bowler": "B Regmi",
              "non_striker": "Suharril Fetri",
              "runs": {
                "batter": 0,
                "extras": 0,
                "total": 0
              }
            },
            {
              "batter": "Anwar Arudin",
              "bowler": "B Regmi",
              "non_striker": "Suharril Fetri",
              "runs": {
                "batter": 0,
                "extras": 0,
                "total": 0
              }
            },
            {
              "batter": "Anwar Arudin",
              "bowler": "B Regmi",
              "non_striker": "Suharril Fetri",
              "runs": {
                "batter": 0,
                "extras": 0,
                "total": 0
              }
            },
            {
              "batter": "Anwar Arudin",
              "bowler": "B Regmi",
              "non_striker": "Suharril Fetri",
              "runs": {
                "batter": 0,
                "extras": 0,
                "total": 0
              }
            },
            {
              "batter": "Anwar Arudin",
              "bowler": "B Regmi",
              "non_striker": "Suharril Fetri",
              "runs": {
                "batter": 0,
                "extras": 0,
                "total": 0
              }
            }
          ]
        },
        {
          "over": 16,
          "deliveries": [
            {
              "batter": "Suharril Fetri",
              "bowler": "SP Gauchan",
              "non_striker": "Anwar Arudin",
              "runs": {
                "batter": 0,
                "extras": 0,
                "total": 0
              }
            },
            {
              "batter": "Suharril Fetri",
              "bowler": "SP Gauchan",
              "non_striker": "Anwar Arudin",
              "runs": {
                "batter": 0,
                "extras": 0,
                "total": 0
              }
            },
            {
              "batter": "Suharril Fetri",
              "bowler": "SP Gauchan",
              "non_striker": "Anwar Arudin",
              "runs": {
                "batter": 0,
                "extras": 0,
                "total": 0
              }
            },
            {
              "batter": "Suharril Fetri",
              "bowler": "SP Gauchan",
              "non_striker": "Anwar Arudin",
              "runs": {
                "batter": 0,
                "extras": 0,
                "total": 0
              }
            },
            {
              "batter": "Suharril Fetri",
              "bowler": "SP Gauchan",
              "non_striker": "Anwar Arudin",
              "runs": {
                "batter": 0,
                "extras": 0,
                "total": 0
              }
            },
            {
              "batter": "Suharril Fetri",
              "bowler": "SP Gauchan",
              "non_striker": "Anwar Arudin",
              "runs": {
                "batter": 0,
                "extras": 0,
                "total": 0
              }
            }
          ]
        },
        {
          "over": 17,
          "deliveries": [
            {
              "batter": "Anwar Arudin",
              "bowler": "S Regmi",
              "non_striker": "Suharril Fetri",
              "runs": {
                "batter": 0,
                "extras": 0,
                "total": 0
              }
            },
            {
              "batter": "Anwar Arudin",
              "bowler": "S Regmi",
              "non_striker": "Suharril Fetri",
              "runs": {
                "batter": 0,
                "extras": 0,
                "total": 0
              }
            },
            {
              "batter": "Anwar Arudin",
              "bowler": "S Regmi",
              "non_striker": "Suharril Fetri",
              "runs": {
                "batter": 0,
                "extras": 0,
                "total": 0
              }
            },
            {
              "batter": "Anwar Arudin",
              "bowler": "S Regmi",
              "non_striker": "Suharril Fetri",
              "runs": {
                "batter": 0,
                "extras": 0,
                "total": 0
              }
            },
            {
              "batter": "Anwar Arudin",
              "bowler": "S Regmi",
              "non_striker": "Suharril Fetri",
              "runs": {
                "batter": 1,
                "extras": 0,
                "total": 1
              }
            },
            {
              "batter": "Suharril Fetri",
              "bowler": "S Regmi",
              "non_striker": "Anwar Arudin",
              "runs": {
                "batter": 0,
                "extras": 0,
                "total": 0
              }
            }
          ]
        },
        {
          "over": 18,
          "deliveries": [
            {
              "batter": "Anwar Arudin",
              "bowler": "SP Gauchan",
              "non_striker": "Suharril Fetri",
              "runs": {
                "batter": 0,
                "extras": 0,
                "total": 0
              },
              "wickets": [
                {
                  "kind": "caught and bowled",
                  "player_out": "Anwar Arudin"
                }
              ]
            },
            {
              "batter": "Khizar Hayat",
              "bowler": "SP Gauchan",
              "non_striker": "Suharril Fetri",
              "runs": {
                "batter": 0,
                "extras": 0,
                "total": 0
              }
            },
            {
              "batter": "Khizar Hayat",
              "bowler": "SP Gauchan",
              "non_striker": "Suharril Fetri",
              "runs": {
                "batter": 0,
                "extras": 0,
                "total": 0
              }
            },
            {
              "batter": "Khizar Hayat",
              "bowler": "SP Gauchan",
              "non_striker": "Suharril Fetri",
              "runs": {
                "batter": 0,
                "extras": 0,
                "total": 0
              }
            },
            {
              "batter": "Khizar Hayat",
              "bowler": "SP Gauchan",
              "non_striker": "Suharril Fetri",
              "runs": {
                "batter": 0,
                "extras": 0,
                "total": 0
              }
            },
            {
              "batter": "Khizar Hayat",
              "bowler": "SP Gauchan",
              "non_striker": "Suharril Fetri",
              "runs": {
                "batter": 0,
                "extras": 0,
                "total": 0
              }
            }
          ]
        },
        {
          "over": 19,
          "deliveries": [
            {
              "batter": "Suharril Fetri",
              "bowler": "B Regmi",
              "non_striker": "Khizar Hayat",
              "runs": {
                "batter": 0,
                "extras": 0,
                "total": 0
              }
            },
            {
              "batter": "Suharril Fetri",
              "bowler": "B Regmi",
              "non_striker": "Khizar Hayat",
              "runs": {
                "batter": 0,
                "extras": 0,
                "total": 0
              }
            },
            {
              "batter": "Suharril Fetri",
              "bowler": "B Regmi",
              "non_striker": "Khizar Hayat",
              "runs": {
                "batter": 0,
                "extras": 0,
                "total": 0
              }
            },
            {
              "batter": "Suharril Fetri",
              "bowler": "B Regmi",
              "non_striker": "Khizar Hayat",
              "runs": {
                "batter": 1,
                "extras": 0,
                "total": 1
              }
            },
            {
              "batter": "Khizar Hayat",
              "bowler": "B Regmi",
              "non_striker": "Suharril Fetri",
              "runs": {
                "batter": 0,
                "extras": 0,
                "total": 0
              }
            },
            {
              "batter": "Khizar Hayat",
              "bowler": "B Regmi",
              "non_striker": "Suharril Fetri",
              "runs": {
                "batter": 1,
                "extras": 0,
                "total": 1
              }
            }
          ]
        },
        {
          "over": 20,
          "deliveries": [
            {
              "batter": "Khizar Hayat",
              "bowler": "SP Gauchan",
              "non_striker": "Suharril Fetri",
              "runs": {
                "batter": 0,
                "extras": 0,
                "total": 0
              }
            },
            {
              "batter": "Khizar Hayat",
              "bowler": "SP Gauchan",
              "non_striker": "Suharril Fetri",
              "runs": {
                "batter": 0,
                "extras": 0,
                "total": 0
              }
            },
            {
              "batter": "Khizar Hayat",
              "bowler": "SP Gauchan",
              "non_striker": "Suharril Fetri",
              "runs": {
                "batter": 0,
                "extras": 0,
                "total": 0
              }
            },
            {
              "batter": "Khizar Hayat",
              "bowler": "SP Gauchan",
              "non_striker": "Suharril Fetri",
              "runs": {
                "batter": 0,
                "extras": 0,
                "total": 0
              },
              "wickets": [
                {
                  "kind": "bowled",
                  "player_out": "Khizar Hayat"
                }
              ]
            },
            {
              "batter": "Nik Arifin",
              "bowler": "SP Gauchan",
              "non_striker": "Suharril Fetri",
              "runs": {
                "batter": 0,
                "extras": 0,
                "total": 0
              },
              "wickets": [
                {
                  "kind": "caught",
                  "player_out": "Nik Arifin",
                  "fielders": [
                    {
                      "name": "SP Khakurel"
                    }
                  ]
                }
              ]
            },
            {
              "batter": "Hassan Ghulam",
              "bowler": "SP Gauchan",
              "non_striker": "Suharril Fetri",
              "runs": {
                "batter": 0,
                "extras": 0,
                "total": 0
              }
            }
          ]
        },
        {
          "over": 21,
          "deliveries": [
            {
              "batter": "Suharril Fetri",
              "bowler": "B Regmi",
              "non_striker": "Hassan Ghulam",
              "runs": {
                "batter": 0,
                "extras": 0,
                "total": 0
              }
            },
            {
              "batter": "Suharril Fetri",
              "bowler": "B Regmi",
              "non_striker": "Hassan Ghulam",
              "runs": {
                "batter": 0,
                "extras": 0,
                "total": 0
              }
            },
            {
              "batter": "Suharril Fetri",
              "bowler": "B Regmi",
              "non_striker": "Hassan Ghulam",
              "runs": {
                "batter": 0,
                "extras": 0,
                "total": 0
              }
            },
            {
              "batter": "Suharril Fetri",
              "bowler": "B Regmi",
              "non_striker": "Hassan Ghulam",
              "runs": {
                "batter": 0,
                "extras": 0,
                "total": 0
              }
            },
            {
              "batter": "Suharril Fetri",
              "bowler": "B Regmi",
              "non_striker": "Hassan Ghulam",
              "runs": {
                "batter": 0,
                "extras": 0,
                "total": 0
              }
            },
            {
              "batter": "Suharril Fetri",
              "bowler": "B Regmi",
              "non_striker": "Hassan Ghulam",
              "runs": {
                "batter": 0,
                "extras": 0,
                "total": 0
              }
            }
          ]
        },
        {
          "over": 22,
          "deliveries": [
            {
              "batter": "Hassan Ghulam",
              "bowler": "SP Gauchan",
              "non_striker": "Suharril Fetri",
              "runs": {
                "batter": 0,
                "extras": 0,
                "total": 0
              }
            },
            {
              "batter": "Hassan Ghulam",
              "bowler": "SP Gauchan",
              "non_striker": "Suharril Fetri",
              "runs": {
                "batter": 0,
                "extras": 0,
                "total": 0
              }
            },
            {
              "batter": "Hassan Ghulam",
              "bowler": "SP Gauchan",
              "non_striker": "Suharril Fetri",
              "runs": {
                "batter": 0,
                "extras": 0,
                "total": 0
              }
            },
            {
              "batter": "Hassan Ghulam",
              "bowler": "SP Gauchan",
              "non_striker": "Suharril Fetri",
              "runs": {
                "batter": 0,
                "extras": 0,
                "total": 0
              }
            },
            {
              "batter": "Hassan Ghulam",
              "bowler": "SP Gauchan",
              "non_striker": "Suharril Fetri",
              "runs": {
                "batter": 0,
                "extras": 0,
                "total": 0
              }
            },
            {
              "batter": "Hassan Ghulam",
              "bowler": "SP Gauchan",
              "non_striker": "Suharril Fetri",
              "runs": {
                "batter": 0,
                "extras": 0,
                "total": 0
              }
            }
          ]
        },
        {
          "over": 23,
          "deliveries": [
            {
              "batter": "Suharril Fetri",
              "bowler": "B Regmi",
              "non_striker": "Hassan Ghulam",
              "runs": {
                "batter": 0,
                "extras": 0,
                "total": 0
              }
            },
            {
              "batter": "Suharril Fetri",
              "bowler": "B Regmi",
              "non_striker": "Hassan Ghulam",
              "runs": {
                "batter": 0,
                "extras": 0,
                "total": 0
              }
            },
            {
              "batter": "Suharril Fetri",
              "bowler": "B Regmi",
              "non_striker": "Hassan Ghulam",
              "runs": {
                "batter": 0,
                "extras": 0,
                "total": 0
              }
            },
            {
              "batter": "Suharril Fetri",
              "bowler": "B Regmi",
              "non_striker": "Hassan Ghulam",
              "runs": {
                "batter": 0,
                "extras": 0,
                "total": 0
              }
            },
            {
              "batter": "Suharril Fetri",
              "bowler": "B Regmi",
              "non_striker": "Hassan Ghulam",
              "runs": {
                "batter": 0,
                "extras": 0,
                "total": 0
              }
            },
            {
              "batter": "Suharril Fetri",
              "bowler": "B Regmi",
              "non_striker": "Hassan Ghulam",
              "runs": {
                "batter": 0,
                "extras": 0,
                "total": 0
              }
            }
          ]
        },
        {
          "over": 24,
          "deliveries": [
            {
              "batter": "Hassan Ghulam",
              "bowler": "SP Gauchan",
              "non_striker": "Suharril Fetri",
              "runs": {
                "batter": 0,
                "extras": 0,
                "total": 0
              }
            },
            {
              "batter": "Hassan Ghulam",
              "bowler": "SP Gauchan",
              "non_striker": "Suharril Fetri",
              "runs": {
                "batter": 0,
                "extras": 0,
                "total": 0
              }
            },
            {
              "batter": "Hassan Ghulam",
              "bowler": "SP Gauchan",
              "non_striker": "Suharril Fetri",
              "runs": {
                "batter": 0,
                "extras": 0,
                "total": 0
              }
            },
            {
              "batter": "Hassan Ghulam",
              "bowler": "SP Gauchan",
              "non_striker": "Suharril Fetri",
              "runs": {
                "batter": 0,
                "extras": 0,
                "total": 0
              }
            },
            {
              "batter": "Hassan Ghulam",
              "bowler": "SP Gauchan",
              "non_striker": "Suharril Fetri",
              "runs": {
                "batter": 0,
                "extras": 0,
                "total": 0
              }
            },
            {
              "batter": "Hassan Ghulam",
              "bowler": "SP Gauchan",
              "non_striker": "Suharril Fetri",
              "runs": {
                "batter": 0,
                "extras": 0,
                "total": 0
              }
            }
          ]
        },
        {
          "over": 25,
          "deliveries": [
            {
              "batter": "Suharril Fetri",
              "bowler": "B Regmi",
              "non_striker": "Hassan Ghulam",
              "runs": {
                "batter": 0,
                "extras": 0,
                "total": 0
              }
            },
            {
              "batter": "Suharril Fetri",
              "bowler": "B Regmi",
              "non_striker": "Hassan Ghulam",
              "runs": {
                "batter": 1,
                "extras": 0,
                "total": 1
              }
            },
            {
              "batter": "Hassan Ghulam",
              "bowler": "B Regmi",
              "non_striker": "Suharril Fetri",
              "runs": {
                "batter": 0,
                "extras": 0,
                "total": 0
              }
            },
            {
              "batter": "Hassan Ghulam",
              "bowler": "B Regmi",
              "non_striker": "Suharril Fetri",
              "runs": {
                "batter": 0,
                "extras": 0,
                "total": 0
              }
            },
            {
              "batter": "Hassan Ghulam",
              "bowler": "B Regmi",
              "non_striker": "Suharril Fetri",
              "runs": {
                "batter": 0,
                "extras": 0,
                "total": 0
              }
            },
            {
              "batter": "Hassan Ghulam",
              "bowler": "B Regmi",
              "non_striker": "Suharril Fetri",
              "runs": {
                "batter": 0,
                "extras": 0,
                "total": 0
              }
            }
          ]
        },
        {
          "over": 26,
          "deliveries": [
            {
              "batter": "Suharril Fetri",
              "bowler": "SP Gauchan",
              "non_striker": "Hassan Ghulam",
              "runs": {
                "batter": 0,
                "extras": 0,
                "total": 0
              }
            },
            {
              "batter": "Suharril Fetri",
              "bowler": "SP Gauchan",
              "non_striker": "Hassan Ghulam",
              "runs": {
                "batter": 0,
                "extras": 0,
                "total": 0
              }
            },
            {
              "batter": "Suharril Fetri",
              "bowler": "SP Gauchan",
              "non_striker": "Hassan Ghulam",
              "runs": {
                "batter": 1,
                "extras": 0,
                "total": 1
              }
            },
            {
              "batter": "Hassan Ghulam",
              "bowler": "SP Gauchan",
              "non_striker": "Suharril Fetri",
              "runs": {
                "batter": 0,
                "extras": 0,
                "total": 0
              }
            },
            {
              "batter": "Hassan Ghulam",
              "bowler": "SP Gauchan",
              "non_striker": "Suharril Fetri",
              "runs": {
                "batter": 0,
                "extras": 0,
                "total": 0
              }
            },
            {
              "batter": "Hassan Ghulam",
              "bowler": "SP Gauchan",
              "non_striker": "Suharril Fetri",
              "runs": {
                "batter": 0,
                "extras": 0,
                "total": 0
              }
            }
          ]
        },
        {
          "over": 27,
          "deliveries": [
            {
              "batter": "Suharril Fetri",
              "bowler": "B Regmi",
              "non_striker": "Hassan Ghulam",
              "runs": {
                "batter": 0,
                "extras": 0,
                "total": 0
              }
            },
            {
              "batter": "Suharril Fetri",
              "bowler": "B Regmi",
              "non_striker": "Hassan Ghulam",
              "runs": {
                "batter": 0,
                "extras": 0,
                "total": 0
              }
            },
            {
              "batter": "Suharril Fetri",
              "bowler": "B Regmi",
              "non_striker": "Hassan Ghulam",
              "runs": {
                "batter": 2,
                "extras": 0,
                "total": 2
              }
            },
            {
              "batter": "Suharril Fetri",
              "bowler": "B Regmi",
              "non_striker": "Hassan Ghulam",
              "runs": {
                "batter": 0,
                "extras": 0,
                "total": 0
              }
            },
            {
              "batter": "Suharril Fetri",
              "bowler": "B Regmi",
              "non_striker": "Hassan Ghulam",
              "runs": {
                "batter": 0,
                "extras": 0,
                "total": 0
              }
            },
            {
              "batter": "Suharril Fetri",
              "bowler": "B Regmi",
              "non_striker": "Hassan Ghulam",
              "runs": {
                "batter": 0,
                "extras": 0,
                "total": 0
              }
            }
          ]
        },
        {
          "over": 28,
          "deliveries": [
            {
              "batter": "Hassan Ghulam",
              "bowler": "SP Gauchan",
              "non_striker": "Suharril Fetri",
              "runs": {
                "batter": 0,
                "extras": 0,
                "total": 0
              }
            },
            {
              "batter": "Hassan Ghulam",
              "bowler": "SP Gauchan",
              "non_striker": "Suharril Fetri",
              "runs": {
                "batter": 0,
                "extras": 0,
                "total": 0
              }
            },
            {
              "batter": "Hassan Ghulam",
              "bowler": "SP Gauchan",
              "non_striker": "Suharril Fetri",
              "runs": {
                "batter": 0,
                "extras": 0,
                "total": 0
              }
            },
            {
              "batter": "Hassan Ghulam",
              "bowler": "SP Gauchan",
              "non_striker": "Suharril Fetri",
              "runs": {
                "batter": 0,
                "extras": 0,
                "total": 0
              }
            },
            {
              "batter": "Hassan Ghulam",
              "bowler": "SP Gauchan",
              "non_striker": "Suharril Fetri",
              "runs": {
                "batter": 0,
                "extras": 0,
                "total": 0
              }
            },
            {
              "batter": "Hassan Ghulam",
              "bowler": "SP Gauchan",
              "non_striker": "Suharril Fetri",
              "runs": {
                "batter": 0,
                "extras": 0,
                "total": 0
              }
            }
          ]
        },
        {
          "over": 29,
          "deliveries": [
            {
              "batter": "Suharril Fetri",
              "bowler": "S Regmi",
              "non_striker": "Hassan Ghulam",
              "runs": {
                "batter": 0,
                "extras": 0,
                "total": 0
              }
            },
            {
              "batter": "Suharril Fetri",
              "bowler": "S Regmi",
              "non_striker": "Hassan Ghulam",
              "runs": {
                "batter": 0,
                "extras": 0,
                "total": 0
              }
            },
            {
              "batter": "Suharril Fetri",
              "bowler": "S Regmi",
              "non_striker": "Hassan Ghulam",
              "runs": {
                "batter": 0,
                "extras": 0,
                "total": 0
              }
            },
            {
              "batter": "Suharril Fetri",
              "bowler": "S Regmi",
              "non_striker": "Hassan Ghulam",
              "runs": {
                "batter": 1,
                "extras": 0,
                "total": 1
              }
            },
            {
              "batter": "Hassan Ghulam",
              "bowler": "S Regmi",
              "non_striker": "Suharril Fetri",
              "runs": {
                "batter": 0,
                "extras": 0,
                "total": 0
              }
            },
            {
              "batter": "Hassan Ghulam",
              "bowler": "S Regmi",
              "non_striker": "Suharril Fetri",
              "runs": {
                "batter": 0,
                "extras": 0,
                "total": 0
              }
            }
          ]
        },
        {
          "over": 30,
          "deliveries": [
            {
              "batter": "Suharril Fetri",
              "bowler": "SP Gauchan",
              "non_striker": "Hassan Ghulam",
              "runs": {
                "batter": 0,
                "extras": 0,
                "total": 0
              }
            },
            {
              "batter": "Suharril Fetri",
              "bowler": "SP Gauchan",
              "non_striker": "Hassan Ghulam",
              "runs": {
                "batter": 0,
                "extras": 0,
                "total": 0
              }
            },
            {
              "batter": "Suharril Fetri",
              "bowler": "SP Gauchan",
              "non_striker": "Hassan Ghulam",
              "runs": {
                "batter": 0,
                "extras": 0,
                "total": 0
              }
            },
            {
              "batter": "Suharril Fetri",
              "bowler": "SP Gauchan",
              "non_striker": "Hassan Ghulam",
              "runs": {
                "batter": 0,
                "extras": 0,
                "total": 0
              }
            },
            {
              "batter": "Suharril Fetri",
              "bowler": "SP Gauchan",
              "non_striker": "Hassan Ghulam",
              "runs": {
                "batter": 0,
                "extras": 0,
                "total": 0
              }
            },
            {
              "batter": "Suharril Fetri",
              "bowler": "SP Gauchan",
              "non_striker": "Hassan Ghulam",
              "runs": {
                "batter": 0,
                "extras": 0,
                "total": 0
              }
            }
          ]
        },
        {
          "over": 31,
          "deliveries": [
            {
              "batter": "Hassan Ghulam",
              "bowler": "S Regmi",
              "non_striker": "Suharril Fetri",
              "runs": {
                "batter": 1,
                "extras": 0,
                "total": 1
              }
            },
            {
              "batter": "Suharril Fetri",
              "bowler": "S Regmi",
              "non_striker": "Hassan Ghulam",
              "runs": {
                "batter": 1,
                "extras": 0,
                "total": 1
              }
            },
            {
              "batter": "Hassan Ghulam",
              "bowler": "S Regmi",
              "non_striker": "Suharril Fetri",
              "runs": {
                "batter": 2,
                "extras": 0,
                "total": 2
              }
            },
            {
              "batter": "Hassan Ghulam",
              "bowler": "S Regmi",
              "non_striker": "Suharril Fetri",
              "runs": {
                "batter": 0,
                "extras": 0,
                "total": 0
              }
            },
            {
              "batter": "Hassan Ghulam",
              "bowler": "S Regmi",
              "non_striker": "Suharril Fetri",
              "runs": {
                "batter": 0,
                "extras": 0,
                "total": 0
              }
            },
            {
              "batter": "Hassan Ghulam",
              "bowler": "S Regmi",
              "non_striker": "Suharril Fetri",
              "runs": {
                "batter": 0,
                "extras": 0,
                "total": 0
              },
              "wickets": [
                {
                  "kind": "caught",
                  "player_out": "Hassan Ghulam",
                  "fielders": [
                    {
                      "name": "B Regmi"
                    }
                  ]
                }
              ]
            }
          ]
        },
        {
          "over": 32,
          "deliveries": [
            {
              "batter": "Suharril Fetri",
              "bowler": "B Regmi",
              "non_striker": "Shahrulnizam Yusof",
              "runs": {
                "batter": 0,
                "extras": 0,
                "total": 0
              },
              "wickets": [
                {
                  "kind": "bowled",
                  "player_out": "Suharril Fetri"
                }
              ]
            }
          ]
        }
      ],
      "powerplays": [
        {
          "from": 0.1,
          "to": 9.6,
          "type": "mandatory"
        }
      ]
    },
    {
      "team": "Nepal",
      "overs": [
        {
          "over": 0,
          "deliveries": [
            {
              "batter": "SP Khakurel",
              "bowler": "Hassan Ghulam",
              "non_striker": "AK Mandal",
              "runs": {
                "batter": 0,
                "extras": 0,
                "total": 0
              }
            },
            {
              "batter": "SP Khakurel",
              "bowler": "Hassan Ghulam",
              "non_striker": "AK Mandal",
              "runs": {
                "batter": 0,
                "extras": 0,
                "total": 0
              }
            },
            {
              "batter": "SP Khakurel",
              "bowler": "Hassan Ghulam",
              "extras": {
                "wides": 1
              },
              "non_striker": "AK Mandal",
              "runs": {
                "batter": 0,
                "extras": 1,
                "total": 1
              }
            },
            {
              "batter": "SP Khakurel",
              "bowler": "Hassan Ghulam",
              "non_striker": "AK Mandal",
              "runs": {
                "batter": 0,
                "extras": 0,
                "total": 0
              }
            },
            {
              "batter": "SP Khakurel",
              "bowler": "Hassan Ghulam",
              "non_striker": "AK Mandal",
              "runs": {
                "batter": 0,
                "extras": 0,
                "total": 0
              }
            },
            {
              "batter": "SP Khakurel",
              "bowler": "Hassan Ghulam",
              "non_striker": "AK Mandal",
              "runs": {
                "batter": 0,
                "extras": 0,
                "total": 0
              }
            },
            {
              "batter": "SP Khakurel",
              "bowler": "Hassan Ghulam",
              "non_striker": "AK Mandal",
              "runs": {
                "batter": 0,
                "extras": 0,
                "total": 0
              }
            }
          ]
        },
        {
          "over": 1,
          "deliveries": [
            {
              "batter": "AK Mandal",
              "bowler": "Khizar Hayat",
              "non_striker": "SP Khakurel",
              "runs": {
                "batter": 1,
                "extras": 0,
                "total": 1
              }
            },
            {
              "batter": "SP Khakurel",
              "bowler": "Khizar Hayat",
              "non_striker": "AK Mandal",
              "runs": {
                "batter": 0,
                "extras": 0,
                "total": 0
              }
            },
            {
              "batter": "SP Khakurel",
              "bowler": "Khizar Hayat",
              "non_striker": "AK Mandal",
              "runs": {
                "batter": 0,
                "extras": 0,
                "total": 0
              }
            },
            {
              "batter": "SP Khakurel",
              "bowler": "Khizar Hayat",
              "non_striker": "AK Mandal",
              "runs": {
                "batter": 0,
                "extras": 0,
                "total": 0
              }
            },
            {
              "batter": "SP Khakurel",
              "bowler": "Khizar Hayat",
              "non_striker": "AK Mandal",
              "runs": {
                "batter": 0,
                "extras": 0,
                "total": 0
              }
            },
            {
              "batter": "SP Khakurel",
              "bowler": "Khizar Hayat",
              "non_striker": "AK Mandal",
              "runs": {
                "batter": 0,
                "extras": 0,
                "total": 0
              }
            }
          ]
        },
        {
          "over": 2,
          "deliveries": [
            {
              "batter": "AK Mandal",
              "bowler": "Hassan Ghulam",
              "non_striker": "SP Khakurel",
              "runs": {
                "batter": 0,
                "extras": 0,
                "total": 0
              }
            },
            {
              "batter": "AK Mandal",
              "bowler": "Hassan Ghulam",
              "non_striker": "SP Khakurel",
              "runs": {
                "batter": 1,
                "extras": 0,
                "total": 1
              }
            },
            {
              "batter": "SP Khakurel",
              "bowler": "Hassan Ghulam",
              "non_striker": "AK Mandal",
              "runs": {
                "batter": 4,
                "extras": 0,
                "total": 4
              }
            },
            {
              "batter": "SP Khakurel",
              "bowler": "Hassan Ghulam",
              "non_striker": "AK Mandal",
              "runs": {
                "batter": 0,
                "extras": 0,
                "total": 0
              }
            },
            {
              "batter": "SP Khakurel",
              "bowler": "Hassan Ghulam",
              "non_striker": "AK Mandal",
              "runs": {
                "batter": 4,
                "extras": 0,
                "total": 4
              }
            },
            {
              "batter": "SP Khakurel",
              "bowler": "Hassan Ghulam",
              "non_striker": "AK Mandal",
              "runs": {
                "batter": 0,
                "extras": 0,
                "total": 0
              }
            }
          ]
        },
        {
          "over": 3,
          "deliveries": [
            {
              "batter": "AK Mandal",
              "bowler": "Hammadullah Khan",
              "extras": {
                "wides": 2
              },
              "non_striker": "SP Khakurel",
              "runs": {
                "batter": 0,
                "extras": 2,
                "total": 2
              }
            },
            {
              "batter": "SP Khakurel",
              "bowler": "Hammadullah Khan",
              "non_striker": "AK Mandal",
              "runs": {
                "batter": 0,
                "extras": 0,
                "total": 0
              }
            },
            {
              "batter": "SP Khakurel",
              "bowler": "Hammadullah Khan",
              "non_striker": "AK Mandal",
              "runs": {
                "batter": 0,
                "extras": 0,
                "total": 0
              }
            },
            {
              "batter": "SP Khakurel",
              "bowler": "Hammadullah Khan",
              "extras": {
                "legbyes": 1
              },
              "non_striker": "AK Mandal",
              "runs": {
                "batter": 0,
                "extras": 1,
                "total": 1
              }
            },
            {
              "batter": "AK Mandal",
              "bowler": "Hammadullah Khan",
              "non_striker": "SP Khakurel",
              "runs": {
                "batter": 0,
                "extras": 0,
                "total": 0
              }
            },
            {
              "batter": "AK Mandal",
              "bowler": "Hammadullah Khan",
              "non_striker": "SP Khakurel",
              "runs": {
                "batter": 0,
                "extras": 0,
                "total": 0
              }
            },
            {
              "batter": "AK Mandal",
              "bowler": "Hammadullah Khan",
              "non_striker": "SP Khakurel",
              "runs": {
                "batter": 0,
                "extras": 0,
                "total": 0
              }
            }
          ]
        },
        {
          "over": 4,
          "deliveries": [
            {
              "batter": "SP Khakurel",
              "bowler": "Shahrulnizam Yusof",
              "non_striker": "AK Mandal",
              "runs": {
                "batter": 1,
                "extras": 0,
                "total": 1
              }
            },
            {
              "batter": "AK Mandal",
              "bowler": "Shahrulnizam Yusof",
              "non_striker": "SP Khakurel",
              "runs": {
                "batter": 0,
                "extras": 0,
                "total": 0
              }
            },
            {
              "batter": "AK Mandal",
              "bowler": "Shahrulnizam Yusof",
              "non_striker": "SP Khakurel",
              "runs": {
                "batter": 0,
                "extras": 0,
                "total": 0
              }
            },
            {
              "batter": "AK Mandal",
              "bowler": "Shahrulnizam Yusof",
              "non_striker": "SP Khakurel",
              "runs": {
                "batter": 0,
                "extras": 0,
                "total": 0
              }
            },
            {
              "batter": "AK Mandal",
              "bowler": "Shahrulnizam Yusof",
              "non_striker": "SP Khakurel",
              "runs": {
                "batter": 0,
                "extras": 0,
                "total": 0
              }
            },
            {
              "batter": "AK Mandal",
              "bowler": "Shahrulnizam Yusof",
              "non_striker": "SP Khakurel",
              "runs": {
                "batter": 0,
                "extras": 0,
                "total": 0
              }
            }
          ]
        },
        {
          "over": 5,
          "deliveries": [
            {
              "batter": "SP Khakurel",
              "bowler": "Hammadullah Khan",
              "non_striker": "AK Mandal",
              "runs": {
                "batter": 0,
                "extras": 0,
                "total": 0
              }
            },
            {
              "batter": "SP Khakurel",
              "bowler": "Hammadullah Khan",
              "extras": {
                "wides": 2
              },
              "non_striker": "AK Mandal",
              "runs": {
                "batter": 0,
                "extras": 2,
                "total": 2
              }
            },
            {
              "batter": "AK Mandal",
              "bowler": "Hammadullah Khan",
              "non_striker": "SP Khakurel",
              "runs": {
                "batter": 2,
                "extras": 0,
                "total": 2
              }
            },
            {
              "batter": "AK Mandal",
              "bowler": "Hammadullah Khan",
              "non_striker": "SP Khakurel",
              "runs": {
                "batter": 2,
                "extras": 0,
                "total": 2
              }
            },
            {
              "batter": "AK Mandal",
              "bowler": "Hammadullah Khan",
              "non_striker": "SP Khakurel",
              "runs": {
                "batter": 0,
                "extras": 0,
                "total": 0
              }
            },
            {
              "batter": "AK Mandal",
              "bowler": "Hammadullah Khan",
              "non_striker": "SP Khakurel",
              "runs": {
                "batter": 4,
                "extras": 0,
                "total": 4
              }
            },
            {
              "batter": "AK Mandal",
              "bowler": "Hammadullah Khan",
              "non_striker": "SP Khakurel",
              "runs": {
                "batter": 4,
                "extras": 0,
                "total": 4
              }
            }
          ]
        },
        {
          "over": 6,
          "deliveries": [
            {
              "batter": "SP Khakurel",
              "bowler": "Shahrulnizam Yusof",
              "non_striker": "AK Mandal",
              "runs": {
                "batter": 0,
                "extras": 0,
                "total": 0
              }
            },
            {
              "batter": "SP Khakurel",
              "bowler": "Shahrulnizam Yusof",
              "non_striker": "AK Mandal",
              "runs": {
                "batter": 0,
                "extras": 0,
                "total": 0
              }
            },
            {
              "batter": "SP Khakurel",
              "bowler": "Shahrulnizam Yusof",
              "non_striker": "AK Mandal",
              "runs": {
                "batter": 3,
                "extras": 0,
                "total": 3
              }
            },
            {
              "batter": "AK Mandal",
              "bowler": "Shahrulnizam Yusof",
              "non_striker": "SP Khakurel",
              "runs": {
                "batter": 0,
                "extras": 0,
                "total": 0
              }
            },
            {
              "batter": "AK Mandal",
              "bowler": "Shahrulnizam Yusof",
              "non_striker": "SP Khakurel",
              "runs": {
                "batter": 0,
                "extras": 0,
                "total": 0
              }
            },
            {
              "batter": "AK Mandal",
              "bowler": "Shahrulnizam Yusof",
              "non_striker": "SP Khakurel",
              "runs": {
                "batter": 0,
                "extras": 0,
                "total": 0
              }
            }
          ]
        },
        {
          "over": 7,
          "deliveries": [
            {
              "batter": "SP Khakurel",
              "bowler": "Nik Arifin",
              "non_striker": "AK Mandal",
              "runs": {
                "batter": 0,
                "extras": 0,
                "total": 0
              }
            },
            {
              "batter": "SP Khakurel",
              "bowler": "Nik Arifin",
              "non_striker": "AK Mandal",
              "runs": {
                "batter": 0,
                "extras": 0,
                "total": 0
              }
            },
            {
              "batter": "SP Khakurel",
              "bowler": "Nik Arifin",
              "non_striker": "AK Mandal",
              "runs": {
                "batter": 0,
                "extras": 0,
                "total": 0
              }
            },
            {
              "batter": "SP Khakurel",
              "bowler": "Nik Arifin",
              "non_striker": "AK Mandal",
              "runs": {
                "batter": 1,
                "extras": 0,
                "total": 1
              }
            },
            {
              "batter": "AK Mandal",
              "bowler": "Nik Arifin",
              "non_striker": "SP Khakurel",
              "runs": {
                "batter": 0,
                "extras": 0,
                "total": 0
              }
            },
            {
              "batter": "AK Mandal",
              "bowler": "Nik Arifin",
              "non_striker": "SP Khakurel",
              "runs": {
                "batter": 1,
                "extras": 0,
                "total": 1
              }
            }
          ]
        },
        {
          "over": 8,
          "deliveries": [
            {
              "batter": "AK Mandal",
              "bowler": "Shahrulnizam Yusof",
              "non_striker": "SP Khakurel",
              "runs": {
                "batter": 0,
                "extras": 0,
                "total": 0
              }
            },
            {
              "batter": "AK Mandal",
              "bowler": "Shahrulnizam Yusof",
              "non_striker": "SP Khakurel",
              "runs": {
                "batter": 2,
                "extras": 0,
                "total": 2
              }
            },
            {
              "batter": "AK Mandal",
              "bowler": "Shahrulnizam Yusof",
              "non_striker": "SP Khakurel",
              "runs": {
                "batter": 0,
                "extras": 0,
                "total": 0
              }
            },
            {
              "batter": "AK Mandal",
              "bowler": "Shahrulnizam Yusof",
              "non_striker": "SP Khakurel",
              "runs": {
                "batter": 0,
                "extras": 0,
                "total": 0
              }
            },
            {
              "batter": "AK Mandal",
              "bowler": "Shahrulnizam Yusof",
              "non_striker": "SP Khakurel",
              "runs": {
                "batter": 4,
                "extras": 0,
                "total": 4
              }
            },
            {
              "batter": "AK Mandal",
              "bowler": "Shahrulnizam Yusof",
              "non_striker": "SP Khakurel",
              "runs": {
                "batter": 1,
                "extras": 0,
                "total": 1
              }
            }
          ]
        },
        {
          "over": 9,
          "deliveries": [
            {
              "batter": "AK Mandal",
              "bowler": "Nik Arifin",
              "non_striker": "SP Khakurel",
              "runs": {
                "batter": 4,
                "extras": 0,
                "total": 4
              }
            },
            {
              "batter": "AK Mandal",
              "bowler": "Nik Arifin",
              "non_striker": "SP Khakurel",
              "runs": {
                "batter": 0,
                "extras": 0,
                "total": 0
              }
            },
            {
              "batter": "AK Mandal",
              "bowler": "Nik Arifin",
              "non_striker": "SP Khakurel",
              "runs": {
                "batter": 4,
                "extras": 0,
                "total": 4
              }
            },
            {
              "batter": "AK Mandal",
              "bowler": "Nik Arifin",
              "non_striker": "SP Khakurel",
              "runs": {
                "batter": 0,
                "extras": 0,
                "total": 0
              }
            },
            {
              "batter": "AK Mandal",
              "bowler": "Nik Arifin",
              "non_striker": "SP Khakurel",
              "runs": {
                "batter": 1,
                "extras": 0,
                "total": 1
              }
            },
            {
              "batter": "SP Khakurel",
              "bowler": "Nik Arifin",
              "non_striker": "AK Mandal",
              "runs": {
                "batter": 4,
                "extras": 0,
                "total": 4
              }
            }
          ]
        },
        {
          "over": 10,
          "deliveries": [
            {
              "batter": "AK Mandal",
              "bowler": "Khizar Hayat",
              "non_striker": "SP Khakurel",
              "runs": {
                "batter": 0,
                "extras": 0,
                "total": 0
              }
            },
            {
              "batter": "AK Mandal",
              "bowler": "Khizar Hayat",
              "non_striker": "SP Khakurel",
              "runs": {
                "batter": 1,
                "extras": 0,
                "total": 1
              }
            },
            {
              "batter": "SP Khakurel",
              "bowler": "Khizar Hayat",
              "non_striker": "AK Mandal",
              "runs": {
                "batter": 1,
                "extras": 0,
                "total": 1
              }
            },
            {
              "batter": "AK Mandal",
              "bowler": "Khizar Hayat",
              "non_striker": "SP Khakurel",
              "runs": {
                "batter": 1,
                "extras": 0,
                "total": 1
              }
            },
            {
              "batter": "SP Khakurel",
              "bowler": "Khizar Hayat",
              "non_striker": "AK Mandal",
              "runs": {
                "batter": 0,
                "extras": 0,
                "total": 0
              }
            },
            {
              "batter": "SP Khakurel",
              "bowler": "Khizar Hayat",
              "non_striker": "AK Mandal",
              "runs": {
                "batter": 1,
                "extras": 0,
                "total": 1
              }
            }
          ]
        },
        {
          "over": 11,
          "deliveries": [
            {
              "batter": "SP Khakurel",
              "bowler": "Shahrulnizam Yusof",
              "non_striker": "AK Mandal",
              "runs": {
                "batter": 1,
                "extras": 0,
                "total": 1
              }
            },
            {
              "batter": "AK Mandal",
              "bowler": "Shahrulnizam Yusof",
              "non_striker": "SP Khakurel",
              "runs": {
                "batter": 4,
                "extras": 0,
                "total": 4
              }
            },
            {
              "batter": "AK Mandal",
              "bowler": "Shahrulnizam Yusof",
              "non_striker": "SP Khakurel",
              "runs": {
                "batter": 2,
                "extras": 0,
                "total": 2
              }
            },
            {
              "batter": "AK Mandal",
              "bowler": "Shahrulnizam Yusof",
              "non_striker": "SP Khakurel",
              "runs": {
                "batter": 0,
                "extras": 0,
                "total": 0
              }
            },
            {
              "batter": "AK Mandal",
              "bowler": "Shahrulnizam Yusof",
              "non_striker": "SP Khakurel",
              "runs": {
                "batter": 1,
                "extras": 0,
                "total": 1
              }
            },
            {
              "batter": "SP Khakurel",
              "bowler": "Shahrulnizam Yusof",
              "non_striker": "AK Mandal",
              "runs": {
                "batter": 0,
                "extras": 0,
                "total": 0
              }
            }
          ]
        },
        {
          "over": 12,
          "deliveries": [
            {
              "batter": "AK Mandal",
              "bowler": "Khizar Hayat",
              "non_striker": "SP Khakurel",
              "runs": {
                "batter": 1,
                "extras": 0,
                "total": 1
              }
            },
            {
              "batter": "SP Khakurel",
              "bowler": "Khizar Hayat",
              "non_striker": "AK Mandal",
              "runs": {
                "batter": 4,
                "extras": 0,
                "total": 4
              }
            }
          ]
        }
      ],
      "powerplays": [
        {
          "from": 0.1,
          "to": 9.6,
          "type": "mandatory"
        }
      ],
      "target": {
        "overs": 50,
        "runs": 70
      }
    }
  ]
}