{
  "meta": {
    "data_version": "1.0.0",
    "created": "2014-06-13",
    "revision": 2
  },
  "info": {
    "balls_per_over": 6,
    "city": "Kuala Lumpur",
    "dates": [
      "2012-09-04"
    ],
    "event": {
      "name": "ICC World Cricket League Division Four"
    },
    "gender": "male",
    "match_type": "ODM",
    "missing": [
      {
        "powerplays": {
          "1": [
            "fielding",
            "batting"
          ],
          "2": [
            "fielding",
            "batting"
          ]
        }
      }
    ],
    "officials": {
      "match_referees": [
        "DT Jukes"
      ],
      "reserve_umpires": [
        "B Ramani"
      ],
      "umpires": [
        "SN Bandekar",
        "V Kalidas"
      ]
    },
    "outcome": {
      "by": {
        "wickets": 8
      },
      "winner": "Nepal"
    },
    "overs": 50,
    "player_of_match": [
      "P Khadka"
    ],
    "players": {
      "Nepal": [
        "SP Khakurel",
        "AK Mandal",
        "G Malla",
        "P Khadka",
        "S Vesawkar",
        "SP Gauchan",
        "PS Airee",
        "BK Das",
        "A Bhattarai",
        "B Regmi",
        "S Regmi"
      ],
      "Tanzania": [
        "N Mapunda",
        "S Khalifa",
        "AR Patwa",
        "IJ Kikasi",
        "HH Abdallah",
        "K Nassoro",
        "B Mwita",
        "RK Kiseto",
        "KZ Rehmtullah",
        "AM Kimote",
        "ZR Jaboneke"
      ]
    },
    "registry": {
      "people": {
        "A Bhattarai": "2c2013a9",
        "AK Mandal": "defd49f6",
        "AM Kimote": "34e36b65",
        "AR Patwa": "b43f7a6a",
        "B Mwita": "5e7b9318",
        "B Ramani": "92ad5353",
        "B Regmi": "98d05440",
        "BK Das": "d0c5dad4",
        "DT Jukes": "7c215d14",
        "G Malla": "b2e1d224",
        "HH Abdallah": "dd596e73",
        "IJ Kikasi": "8086069d",
        "K Nassoro": "29ee9bf9",
        "KZ Rehmtullah": "995aedfe",
        "N Mapunda": "a94c2947",
        "P Khadka": "12c3ba4d",
        "PS Airee": "cc18ba92",
        "RK Kiseto": "780d1997",
        "S Khalifa": "b4a310c6",
        "S Regmi": "4ef823a2",
        "S Vesawkar": "3de06845",
        "SN Bandekar": "350528bb",
        "SP Gauchan": "2d8aae2f",
        "SP Khakurel": "9a6b71d1",
        "V Kalidas": "42d76418",
        "ZR Jaboneke": "438aef39"
      }
    },
    "season": 2012,
    "team_type": "international",
    "teams": [
      "Nepal",
      "Tanzania"
    ],
    "toss": {
      "decision": "bat",
      "winner": "Tanzania"
    },
    "venue": "Bayuemas Oval"
  },
  "innings": [
    {
      "team": "Tanzania",
      "overs": [
        {
          "over": 0,
          "deliveries": [
            {
              "batter": "N Mapunda",
              "bowler": "A Bhattarai",
              "non_striker": "S Khalifa",
              "runs": {
                "batter": 0,
                "extras": 0,
                "total": 0
              }
            },
            {
              "batter": "N Mapunda",
              "bowler": "A Bhattarai",
              "non_striker": "S Khalifa",
              "runs": {
                "batter": 0,
                "extras": 0,
                "total": 0
              }
            },
            {
              "batter": "N Mapunda",
              "bowler": "A Bhattarai",
              "non_striker": "S Khalifa",
              "runs": {
                "batter": 0,
                "extras": 0,
                "total": 0
              }
            },
            {
              "batter": "N Mapunda",
              "bowler": "A Bhattarai",
              "non_striker": "S Khalifa",
              "runs": {
                "batter": 0,
                "extras": 0,
                "total": 0
              }
            },
            {
              "batter": "N Mapunda",
              "bowler": "A Bhattarai",
              "non_striker": "S Khalifa",
              "runs": {
                "batter": 0,
                "extras": 0,
                "total": 0
              }
            },
            {
              "batter": "N Mapunda",
              "bowler": "A Bhattarai",
              "non_striker": "S Khalifa",
              "runs": {
                "batter": 0,
                "extras": 0,
                "total": 0
              }
            }
          ]
        },
        {
          "over": 1,
          "deliveries": [
            {
              "batter": "S Khalifa",
              "bowler": "BK Das",
              "non_striker": "N Mapunda",
              "runs": {
                "batter": 0,
                "extras": 0,
                "total": 0
              }
            },
            {
              "batter": "S Khalifa",
              "bowler": "BK Das",
              "non_striker": "N Mapunda",
              "runs": {
                "batter": 0,
                "extras": 0,
                "total": 0
              },
              "wickets": [
                {
                  "kind": "bowled",
                  "player_out": "S Khalifa"
                }
              ]
            },
            {
              "batter": "AR Patwa",
              "bowler": "BK Das",
              "non_striker": "N Mapunda",
              "runs": {
                "batter": 0,
                "extras": 0,
                "total": 0
              },
              "wickets": [
                {
                  "kind": "caught",
                  "player_out": "AR Patwa",
                  "fielders": [
                    {
                      "name": "P Khadka"
                    }
                  ]
                }
              ]
            },
            {
              "batter": "IJ Kikasi",
              "bowler": "BK Das",
              "non_striker": "N Mapunda",
              "runs": {
                "batter": 0,
                "extras": 0,
                "total": 0
              }
            },
            {
              "batter": "IJ Kikasi",
              "bowler": "BK Das",
              "non_striker": "N Mapunda",
              "runs": {
                "batter": 2,
                "extras": 0,
                "total": 2
              }
            },
            {
              "batter": "IJ Kikasi",
              "bowler": "BK Das",
              "non_striker": "N Mapunda",
              "runs": {
                "batter": 0,
                "extras": 0,
                "total": 0
              }
            }
          ]
        },
        {
          "over": 2,
          "deliveries": [
            {
              "batter": "N Mapunda",
              "bowler": "A Bhattarai",
              "non_striker": "IJ Kikasi",
              "runs": {
                "batter": 0,
                "extras": 0,
                "total": 0
              }
            },
            {
              "batter": "N Mapunda",
              "bowler": "A Bhattarai",
              "non_striker": "IJ Kikasi",
              "runs": {
                "batter": 0,
                "extras": 0,
                "total": 0
              }
            },
            {
              "batter": "N Mapunda",
              "bowler": "A Bhattarai",
              "non_striker": "IJ Kikasi",
              "runs": {
                "batter": 0,
                "extras": 0,
                "total": 0
              }
            },
            {
              "batter": "N Mapunda",
              "bowler": "A Bhattarai",
              "non_striker": "IJ Kikasi",
              "runs": {
                "batter": 0,
                "extras": 0,
                "total": 0
              }
            },
            {
              "batter": "N Mapunda",
              "bowler": "A Bhattarai",
              "non_striker": "IJ Kikasi",
              "runs": {
                "batter": 0,
                "extras": 0,
                "total": 0
              }
            },
            {
              "batter": "N Mapunda",
              "bowler": "A Bhattarai",
              "non_striker": "IJ Kikasi",
              "runs": {
                "batter": 1,
                "extras": 0,
                "total": 1
              }
            }
          ]
        },
        {
          "over": 3,
          "deliveries": [
            {
              "batter": "N Mapunda",
              "bowler": "BK Das",
              "non_striker": "IJ Kikasi",
              "runs": {
                "batter": 0,
                "extras": 0,
                "total": 0
              }
            },
            {
              "batter": "N Mapunda",
              "bowler": "BK Das",
              "non_striker": "IJ Kikasi",
              "runs": {
                "batter": 0,
                "extras": 0,
                "total": 0
              }
            },
            {
              "batter": "N Mapunda",
              "bowler": "BK Das",
              "non_striker": "IJ Kikasi",
              "runs": {
                "batter": 0,
                "extras": 0,
                "total": 0
              }
            },
            {
              "batter": "N Mapunda",
              "bowler": "BK Das",
              "non_striker": "IJ Kikasi",
              "runs": {
                "batter": 0,
                "extras": 0,
                "total": 0
              }
            },
            {
              "batter": "N Mapunda",
              "bowler": "BK Das",
              "non_striker": "IJ Kikasi",
              "runs": {
                "batter": 0,
                "extras": 0,
                "total": 0
              }
            },
            {
              "batter": "N Mapunda",
              "bowler": "BK Das",
              "non_striker": "IJ Kikasi",
              "runs": {
                "batter": 0,
                "extras": 0,
                "total": 0
              }
            }
          ]
        },
        {
          "over": 4,
          "deliveries": [
            {
              "batter": "IJ Kikasi",
              "bowler": "A Bhattarai",
              "non_striker": "N Mapunda",
              "runs": {
                "batter": 0,
                "extras": 0,
                "total": 0
              }
            },
            {
              "batter": "IJ Kikasi",
              "bowler": "A Bhattarai",
              "non_striker": "N Mapunda",
              "runs": {
                "batter": 0,
                "extras": 0,
                "total": 0
              }
            },
            {
              "batter": "IJ Kikasi",
              "bowler": "A Bhattarai",
              "non_striker": "N Mapunda",
              "runs": {
                "batter": 0,
                "extras": 0,
                "total": 0
              }
            },
            {
              "batter": "IJ Kikasi",
              "bowler": "A Bhattarai",
              "non_striker": "N Mapunda",
              "runs": {
                "batter": 0,
                "extras": 0,
                "total": 0
              }
            },
            {
              "batter": "IJ Kikasi",
              "bowler": "A Bhattarai",
              "non_striker": "N Mapunda",
              "runs": {
                "batter": 0,
                "extras": 0,
                "total": 0
              }
            },
            {
              "batter": "IJ Kikasi",
              "bowler": "A Bhattarai",
              "non_striker": "N Mapunda",
              "runs": {
                "batter": 4,
                "extras": 0,
                "total": 4
              }
            }
          ]
        },
        {
          "over": 5,
          "deliveries": [
            {
              "batter": "N Mapunda",
              "bowler": "BK Das",
              "non_striker": "IJ Kikasi",
              "runs": {
                "batter": 0,
                "extras": 0,
                "total": 0
              }
            },
            {
              "batter": "N Mapunda",
              "bowler": "BK Das",
              "non_striker": "IJ Kikasi",
              "runs": {
                "batter": 0,
                "extras": 0,
                "total": 0
              }
            },
            {
              "batter": "N Mapunda",
              "bowler": "BK Das",
              "non_striker": "IJ Kikasi",
              "runs": {
                "batter": 0,
                "extras": 0,
                "total": 0
              }
            },
            {
              "batter": "N Mapunda",
              "bowler": "BK Das",
              "non_striker": "IJ Kikasi",
              "runs": {
                "batter": 0,
                "extras": 0,
                "total": 0
              }
            },
            {
              "batter": "N Mapunda",
              "bowler": "BK Das",
              "non_striker": "IJ Kikasi",
              "runs": {
                "batter": 0,
                "extras": 0,
                "total": 0
              }
            },
            {
              "batter": "N Mapunda",
              "bowler": "BK Das",
              "non_striker": "IJ Kikasi",
              "runs": {
                "batter": 0,
                "extras": 0,
                "total": 0
              }
            }
          ]
        },
        {
          "over": 6,
          "deliveries": [
            {
              "batter": "IJ Kikasi",
              "bowler": "A Bhattarai",
              "extras": {
                "wides": 1
              },
              "non_striker": "N Mapunda",
              "runs": {
                "batter": 0,
                "extras": 1,
                "total": 1
              }
            },
            {
              "batter": "IJ Kikasi",
              "bowler": "A Bhattarai",
              "non_striker": "N Mapunda",
              "runs": {
                "batter": 0,
                "extras": 0,
                "total": 0
              }
            },
            {
              "batter": "IJ Kikasi",
              "bowler": "A Bhattarai",
              "extras": {
                "legbyes": 1
              },
              "non_striker": "N Mapunda",
              "runs": {
                "batter": 0,
                "extras": 1,
                "total": 1
              }
            },
            {
              "batter": "N Mapunda",
              "bowler": "A Bhattarai",
              "non_striker": "IJ Kikasi",
              "runs": {
                "batter": 0,
                "extras": 0,
                "total": 0
              }
            },
            {
              "batter": "N Mapunda",
              "bowler": "A Bhattarai",
              "non_striker": "IJ Kikasi",
              "runs": {
                "batter": 0,
                "extras": 0,
                "total": 0
              }
            },
            {
              "batter": "N Mapunda",
              "bowler": "A Bhattarai",
              "non_striker": "IJ Kikasi",
              "runs": {
                "batter": 1,
                "extras": 0,
                "total": 1
              }
            },
            {
              "batter": "IJ Kikasi",
              "bowler": "A Bhattarai",
              "non_striker": "N Mapunda",
              "runs": {
                "batter": 0,
                "extras": 0,
                "total": 0
              }
            }
          ]
        },
        {
          "over": 7,
          "deliveries": [
            {
              "batter": "N Mapunda",
              "bowler": "BK Das",
              "non_striker": "IJ Kikasi",
              "runs": {
                "batter": 0,
                "extras": 0,
                "total": 0
              }
            },
            {
              "batter": "N Mapunda",
              "bowler": "BK Das",
              "non_striker": "IJ Kikasi",
              "runs": {
                "batter": 0,
                "extras": 0,
                "total": 0
              }
            },
            {
              "batter": "N Mapunda",
              "bowler": "BK Das",
              "non_striker": "IJ Kikasi",
              "runs": {
                "batter": 0,
                "extras": 0,
                "total": 0
              }
            },
            {
              "batter": "N Mapunda",
              "bowler": "BK Das",
              "non_striker": "IJ Kikasi",
              "runs": {
                "batter": 3,
                "extras": 0,
                "total": 3
              }
            },
            {
              "batter": "IJ Kikasi",
              "bowler": "BK Das",
              "non_striker": "N Mapunda",
              "runs": {
                "batter": 0,
                "extras": 0,
                "total": 0
              }
            },
            {
              "batter": "IJ Kikasi",
              "bowler": "BK Das",
              "non_striker": "N Mapunda",
              "runs": {
                "batter": 0,
                "extras": 0,
                "total": 0
              }
            }
          ]
        },
        {
          "over": 8,
          "deliveries": [
            {
              "batter": "N Mapunda",
              "bowler": "P Khadka",
              "non_striker": "IJ Kikasi",
              "runs": {
                "batter": 0,
                "extras": 0,
                "total": 0
              }
            },
            {
              "batter": "N Mapunda",
              "bowler": "P Khadka",
              "non_striker": "IJ Kikasi",
              "runs": {
                "batter": 0,
                "extras": 0,
                "total": 0
              }
            },
            {
              "batter": "N Mapunda",
              "bowler": "P Khadka",
              "non_striker": "IJ Kikasi",
              "runs": {
                "batter": 0,
                "extras": 0,
                "total": 0
              },
              "wickets": [
                {
                  "kind": "caught",
                  "player_out": "N Mapunda",
                  "fielders": [
                    {
                      "name": "AK Mandal"
                    }
                  ]
                }
              ]
            },
            {
              "batter": "HH Abdallah",
              "bowler": "P Khadka",
              "non_striker": "IJ Kikasi",
              "runs": {
                "batter": 0,
                "extras": 0,
                "total": 0
              }
            },
            {
              "batter": "HH Abdallah",
              "bowler": "P Khadka",
              "non_striker": "IJ Kikasi",
              "runs": {
                "batter": 0,
                "extras": 0,
                "total": 0
              }
            },
            {
              "batter": "HH Abdallah",
              "bowler": "P Khadka",
              "non_striker": "IJ Kikasi",
              "runs": {
                "batter": 0,
                "extras": 0,
                "total": 0
              },
              "wickets": [
                {
                  "kind": "bowled",
                  "player_out": "HH Abdallah"
                }
              ]
            }
          ]
        },
        {
          "over": 9,
          "deliveries": [
            {
              "batter": "IJ Kikasi",
              "bowler": "BK Das",
              "non_striker": "K Nassoro",
              "runs": {
                "batter": 0,
                "extras": 0,
                "total": 0
              }
            },
            {
              "batter": "IJ Kikasi",
              "bowler": "BK Das",
              "non_striker": "K Nassoro",
              "runs": {
                "batter": 0,
                "extras": 0,
                "total": 0
              }
            },
            {
              "batter": "IJ Kikasi",
              "bowler": "BK Das",
              "non_striker": "K Nassoro",
              "runs": {
                "batter": 4,
                "extras": 0,
                "total": 4
              }
            },
            {
              "batter": "IJ Kikasi",
              "bowler": "BK Das",
              "non_striker": "K Nassoro",
              "runs": {
                "batter": 1,
                "extras": 0,
                "total": 1
              }
            },
            {
              "batter": "K Nassoro",
              "bowler": "BK Das",
              "non_striker": "IJ Kikasi",
              "runs": {
                "batter": 0,
                "extras": 0,
                "total": 0
              }
            },
            {
              "batter": "K Nassoro",
              "bowler": "BK Das",
              "non_striker": "IJ Kikasi",
              "runs": {
                "batter": 0,
                "extras": 0,
                "total": 0
              }
            }
          ]
        },
        {
          "over": 10,
          "deliveries": [
            {
              "batter": "IJ Kikasi",
              "bowler": "P Khadka",
              "non_striker": "K Nassoro",
              "runs": {
                "batter": 1,
                "extras": 0,
                "total": 1
              }
            },
            {
              "batter": "K Nassoro",
              "bowler": "P Khadka",
              "non_striker": "IJ Kikasi",
              "runs": {
                "batter": 0,
                "extras": 0,
                "total": 0
              }
            },
            {
              "batter": "K Nassoro",
              "bowler": "P Khadka",
              "non_striker": "IJ Kikasi",
              "runs": {
                "batter": 0,
                "extras": 0,
                "total": 0
              }
            },
            {
              "batter": "K Nassoro",
              "bowler": "P Khadka",
              "non_striker": "IJ Kikasi",
              "runs": {
                "batter": 0,
                "extras": 0,
                "total": 0
              }
            },
            {
              "batter": "K Nassoro",
              "bowler": "P Khadka",
              "non_striker": "IJ Kikasi",
              "runs": {
                "batter": 0,
                "extras": 0,
                "total": 0
              }
            },
            {
              "batter": "K Nassoro",
              "bowler": "P Khadka",
              "non_striker": "IJ Kikasi",
              "runs": {
                "batter": 0,
                "extras": 0,
                "total": 0
              }
            }
          ]
        },
        {
          "over": 11,
          "deliveries": [
            {
              "batter": "IJ Kikasi",
              "bowler": "BK Das",
              "non_striker": "K Nassoro",
              "runs": {
                "batter": 0,
                "extras": 0,
                "total": 0
              }
            },
            {
              "batter": "IJ Kikasi",
              "bowler": "BK Das",
              "non_striker": "K Nassoro",
              "runs": {
                "batter": 0,
                "extras": 0,
                "total": 0
              }
            },
            {
              "batter": "IJ Kikasi",
              "bowler": "BK Das",
              "non_striker": "K Nassoro",
              "runs": {
                "batter": 0,
                "extras": 0,
                "total": 0
              }
            },
            {
              "batter": "IJ Kikasi",
              "bowler": "BK Das",
              "non_striker": "K Nassoro",
              "runs": {
                "batter": 0,
                "extras": 0,
                "total": 0
              }
            },
            {
              "batter": "IJ Kikasi",
              "bowler": "BK Das",
              "non_striker": "K Nassoro",
              "runs": {
                "batter": 0,
                "extras": 0,
                "total": 0
              }
            },
            {
              "batter": "IJ Kikasi",
              "bowler": "BK Das",
              "non_striker": "K Nassoro",
              "runs": {
                "batter": 0,
                "extras": 0,
                "total": 0
              }
            }
          ]
        },
        {
          "over": 12,
          "deliveries": [
            {
              "batter": "K Nassoro",
              "bowler": "P Khadka",
              "non_striker": "IJ Kikasi",
              "runs": {
                "batter": 0,
                "extras": 0,
                "total": 0
              }
            },
            {
              "batter": "K Nassoro",
              "bowler": "P Khadka",
              "non_striker": "IJ Kikasi",
              "runs": {
                "batter": 0,
                "extras": 0,
                "total": 0
              }
            },
            {
              "batter": "K Nassoro",
              "bowler": "P Khadka",
              "non_striker": "IJ Kikasi",
              "runs": {
                "batter": 0,
                "extras": 0,
                "total": 0
              },
              "wickets": [
                {
                  "kind": "caught",
                  "player_out": "K Nassoro",
                  "fielders": [
                    {
                      "name": "A Bhattarai"
                    }
                  ]
                }
              ]
            },
            {
              "batter": "B Mwita",
              "bowler": "P Khadka",
              "non_striker": "IJ Kikasi",
              "runs": {
                "batter": 0,
                "extras": 0,
                "total": 0
              }
            },
            {
              "batter": "B Mwita",
              "bowler": "P Khadka",
              "non_striker": "IJ Kikasi",
              "runs": {
                "batter": 0,
                "extras": 0,
                "total": 0
              }
            },
            {
              "batter": "B Mwita",
              "bowler": "P Khadka",
              "non_striker": "IJ Kikasi",
              "runs": {
                "batter": 0,
                "extras": 0,
                "total": 0
              }
            }
          ]
        },
        {
          "over": 13,
          "deliveries": [
            {
              "batter": "IJ Kikasi",
              "bowler": "BK Das",
              "non_striker": "B Mwita",
              "runs": {
                "batter": 0,
                "extras": 0,
                "total": 0
              }
            },
            {
              "batter": "IJ Kikasi",
              "bowler": "BK Das",
              "non_striker": "B Mwita",
              "runs": {
                "batter": 4,
                "extras": 0,
                "total": 4
              }
            },
            {
              "batter": "IJ Kikasi",
              "bowler": "BK Das",
              "non_striker": "B Mwita",
              "runs": {
                "batter": 0,
                "extras": 0,
                "total": 0
              }
            },
            {
              "batter": "IJ Kikasi",
              "bowler": "BK Das",
              "non_striker": "B Mwita",
              "runs": {
                "batter": 0,
                "extras": 0,
                "total": 0
              }
            },
            {
              "batter": "IJ Kikasi",
              "bowler": "BK Das",
              "non_striker": "B Mwita",
              "runs": {
                "batter": 0,
                "extras": 0,
                "total": 0
              }
            },
            {
              "batter": "IJ Kikasi",
              "bowler": "BK Das",
              "non_striker": "B Mwita",
              "runs": {
                "batter": 1,
                "extras": 0,
                "total": 1
              }
            }
          ]
        },
        {
          "over": 14,
          "deliveries": [
            {
              "batter": "IJ Kikasi",
              "bowler": "P Khadka",
              "non_striker": "B Mwita",
              "runs": {
                "batter": 0,
                "extras": 0,
                "total": 0
              }
            },
            {
              "batter": "IJ Kikasi",
              "bowler": "P Khadka",
              "non_striker": "B Mwita",
              "runs": {
                "batter": 1,
                "extras": 0,
                "total": 1
              }
            },
            {
              "batter": "B Mwita",
              "bowler": "P Khadka",
              "non_striker": "IJ Kikasi",
              "runs": {
                "batter": 0,
                "extras": 0,
                "total": 0
              }
            },
            {
              "batter": "B Mwita",
              "bowler": "P Khadka",
              "non_striker": "IJ Kikasi",
              "runs": {
                "batter": 0,
                "extras": 0,
                "total": 0
              }
            },
            {
              "batter": "B Mwita",
              "bowler": "P Khadka",
              "extras": {
                "legbyes": 1
              },
              "non_striker": "IJ Kikasi",
              "runs": {
                "batter": 0,
                "extras": 1,
                "total": 1
              }
            },
            {
              "batter": "IJ Kikasi",
              "bowler": "P Khadka",
              "non_striker": "B Mwita",
              "runs": {
                "batter": 0,
                "extras": 0,
                "total": 0
              }
            }
          ]
        },
        {
          "over": 15,
          "deliveries": [
            {
              "batter": "B Mwita",
              "bowler": "A Bhattarai",
              "extras": {
                "wides": 1
              },
              "non_striker": "IJ Kikasi",
              "runs": {
                "batter": 0,
                "extras": 1,
                "total": 1
              }
            },
            {
              "batter": "B Mwita",
              "bowler": "A Bhattarai",
              "non_striker": "IJ Kikasi",
              "runs": {
                "batter": 0,
                "extras": 0,
                "total": 0
              }
            },
            {
              "batter": "B Mwita",
              "bowler": "A Bhattarai",
              "non_striker": "IJ Kikasi",
              "runs": {
                "batter": 0,
                "extras": 0,
                "total": 0
              }
            },
            {
              "batter": "B Mwita",
              "bowler": "A Bhattarai",
              "non_striker": "IJ Kikasi",
              "runs": {
                "batter": 0,
                "extras": 0,
                "total": 0
              }
            },
            {
              "batter": "B Mwita",
              "bowler": "A Bhattarai",
              "non_striker": "IJ Kikasi",
              "runs": {
                "batter": 0,
                "extras": 0,
                "total": 0
              }
            },
            {
              "batter": "B Mwita",
              "bowler": "A Bhattarai",
              "non_striker": "IJ Kikasi",
              "runs": {
                "batter": 0,
                "extras": 0,
                "total": 0
              }
            },
            {
              "batter": "B Mwita",
              "bowler": "A Bhattarai",
              "non_striker": "IJ Kikasi",
              "runs": {
                "batter": 1,
                "extras": 0,
                "total": 1
              }
            }
          ]
        },
        {
          "over": 16,
          "deliveries": [
            {
              "batter": "B Mwita",
              "bowler": "P Khadka",
              "non_striker": "IJ Kikasi",
              "runs": {
                "batter": 0,
                "extras": 0,
                "total": 0
              }
            },
            {
              "batter": "B Mwita",
              "bowler": "P Khadka",
              "non_striker": "IJ Kikasi",
              "runs": {
                "batter": 0,
                "extras": 0,
                "total": 0
              }
            },
            {
              "batter": "B Mwita",
              "bowler": "P Khadka",
              "non_striker": "IJ Kikasi",
              "runs": {
                "batter": 0,
                "extras": 0,
                "total": 0
              }
            },
            {
              "batter": "B Mwita",
              "bowler": "P Khadka",
              "non_striker": "IJ Kikasi",
              "runs": {
                "batter": 0,
                "extras": 0,
                "total": 0
              }
            },
            {
              "batter": "B Mwita",
              "bowler": "P Khadka",
              "non_striker": "IJ Kikasi",
              "runs": {
                "batter": 0,
                "extras": 0,
                "total": 0
              }
            },
            {
              "batter": "B Mwita",
              "bowler": "P Khadka",
              "non_striker": "IJ Kikasi",
              "runs": {
                "batter": 0,
                "extras": 0,
                "total": 0
              }
            }
          ]
        },
        {
          "over": 17,
          "deliveries": [
            {
              "batter": "IJ Kikasi",
              "bowler": "A Bhattarai",
              "non_striker": "B Mwita",
              "runs": {
                "batter": 0,
                "extras": 0,
                "total": 0
              }
            },
            {
              "batter": "IJ Kikasi",
              "bowler": "A Bhattarai",
              "non_striker": "B Mwita",
              "runs": {
                "batter": 4,
                "extras": 0,
                "total": 4
              }
            },
            {
              "batter": "IJ Kikasi",
              "bowler": "A Bhattarai",
              "non_striker": "B Mwita",
              "runs": {
                "batter": 1,
                "extras": 0,
                "total": 1
              }
            },
            {
              "batter": "B Mwita",
              "bowler": "A Bhattarai",
              "non_striker": "IJ Kikasi",
              "runs": {
                "batter": 4,
                "extras": 0,
                "total": 4
              }
            },
            {
              "batter": "B Mwita",
              "bowler": "A Bhattarai",
              "non_striker": "IJ Kikasi",
              "runs": {
                "batter": 0,
                "extras": 0,
                "total": 0
              }
            },
            {
              "batter": "B Mwita",
              "bowler": "A Bhattarai",
              "non_striker": "IJ Kikasi",
              "runs": {
                "batter": 1,
                "extras": 0,
                "total": 1
              }
            }
          ]
        },
        {
          "over": 18,
          "deliveries": [
            {
              "batter": "B Mwita",
              "bowler": "P Khadka",
              "non_striker": "IJ Kikasi",
              "runs": {
                "batter": 0,
                "extras": 0,
                "total": 0
              }
            },
            {
              "batter": "B Mwita",
              "bowler": "P Khadka",
              "non_striker": "IJ Kikasi",
              "runs": {
                "batter": 0,
                "extras": 0,
                "total": 0
              }
            },
            {
              "batter": "B Mwita",
              "bowler": "P Khadka",
              "non_striker": "IJ Kikasi",
              "runs": {
                "batter": 2,
                "extras": 0,
                "total": 2
              }
            },
            {
              "batter": "B Mwita",
              "bowler": "P Khadka",
              "non_striker": "IJ Kikasi",
              "runs": {
                "batter": 2,
                "extras": 0,
                "total": 2
              }
            },
            {
              "batter": "B Mwita",
              "bowler": "P Khadka",
              "non_striker": "IJ Kikasi",
              "runs": {
                "batter": 0,
                "extras": 0,
                "total": 0
              }
            },
            {
              "batter": "B Mwita",
              "bowler": "P Khadka",
              "non_striker": "IJ Kikasi",
              "runs": {
                "batter": 2,
                "extras": 0,
                "total": 2
              }
            }
          ]
        },
        {
          "over": 19,
          "deliveries": [
            {
              "batter": "IJ Kikasi",
              "bowler": "B Regmi",
              "non_striker": "B Mwita",
              "runs": {
                "batter": 0,
                "extras": 0,
                "total": 0
              }
            },
            {
              "batter": "IJ Kikasi",
              "bowler": "B Regmi",
              "non_striker": "B Mwita",
              "runs": {
                "batter": 0,
                "extras": 0,
                "total": 0
              }
            },
            {
              "batter": "IJ Kikasi",
              "bowler": "B Regmi",
              "non_striker": "B Mwita",
              "runs": {
                "batter": 0,
                "extras": 0,
                "total": 0
              }
            },
            {
              "batter": "IJ Kikasi",
              "bowler": "B Regmi",
              "non_striker": "B Mwita",
              "runs": {
                "batter": 4,
                "extras": 0,
                "total": 4
              }
            },
            {
              "batter": "IJ Kikasi",
              "bowler": "B Regmi",
              "non_striker": "B Mwita",
              "runs": {
                "batter": 1,
                "extras": 0,
                "total": 1
              }
            },
            {
              "batter": "B Mwita",
              "bowler": "B Regmi",
              "non_striker": "IJ Kikasi",
              "runs": {
                "batter": 0,
                "extras": 0,
                "total": 0
              }
            }
          ]
        },
        {
          "over": 20,
          "deliveries": [
            {
              "batter": "IJ Kikasi",
              "bowler": "P Khadka",
              "extras": {
                "wides": 1
              },
              "non_striker": "B Mwita",
              "runs": {
                "batter": 0,
                "extras": 1,
                "total": 1
              }
            },
            {
              "batter": "IJ Kikasi",
              "bowler": "P Khadka",
              "non_striker": "B Mwita",
              "runs": {
                "batter": 1,
                "extras": 0,
                "total": 1
              }
            },
            {
              "batter": "B Mwita",
              "bowler": "P Khadka",
              "non_striker": "IJ Kikasi",
              "runs": {
                "batter": 4,
                "extras": 0,
                "total": 4
              }
            },
            {
              "batter": "B Mwita",
              "bowler": "P Khadka",
              "non_striker": "IJ Kikasi",
              "runs": {
                "batter": 0,
                "extras": 0,
                "total": 0
              }
            },
            {
              "batter": "B Mwita",
              "bowler": "P Khadka",
              "non_striker": "IJ Kikasi",
              "runs": {
                "batter": 0,
                "extras": 0,
                "total": 0
              },
              "wickets": [
                {
                  "kind": "caught",
                  "player_out": "B Mwita",
                  "fielders": [
                    {
                      "name": "S Regmi"
                    }
                  ]
                }
              ]
            },
            {
              "batter": "IJ Kikasi",
              "bowler": "P Khadka",
              "non_striker": "RK Kiseto",
              "runs": {
                "batter": 1,
                "extras": 0,
                "total": 1
              }
            },
            {
              "batter": "RK Kiseto",
              "bowler": "P Khadka",
              "non_striker": "IJ Kikasi",
              "runs": {
                "batter": 0,
                "extras": 0,
                "total": 0
              }
            }
          ]
        },
        {
          "over": 21,
          "deliveries": [
            {
              "batter": "IJ Kikasi",
              "bowler": "B Regmi",
              "non_striker": "RK Kiseto",
              "runs": {
                "batter": 1,
                "extras": 0,
                "total": 1
              }
            },
            {
              "batter": "RK Kiseto",
              "bowler": "B Regmi",
              "non_striker": "IJ Kikasi",
              "runs": {
                "batter": 1,
                "extras": 0,
                "total": 1
              }
            },
            {
              "batter": "IJ Kikasi",
              "bowler": "B Regmi",
              "non_striker": "RK Kiseto",
              "runs": {
                "batter": 2,
                "extras": 0,
                "total": 2
              }
            },
            {
              "batter": "IJ Kikasi",
              "bowler": "B Regmi",
              "non_striker": "RK Kiseto",
              "runs": {
                "batter": 0,
                "extras": 0,
                "total": 0
              },
              "wickets": [
                {
                  "kind": "bowled",
                  "player_out": "IJ Kikasi"
                }
              ]
            },
            {
              "batter": "KZ Rehmtullah",
              "bowler": "B Regmi",
              "non_striker": "RK Kiseto",
              "runs": {
                "batter": 0,
                "extras": 0,
                "total": 0
              }
            },
            {
              "batter": "KZ Rehmtullah",
              "bowler": "B Regmi",
              "non_striker": "RK Kiseto",
              "runs": {
                "batter": 0,
                "extras": 0,
                "total": 0
              }
            }
          ]
        },
        {
          "over": 22,
          "deliveries": [
            {
              "batter": "RK Kiseto",
              "bowler": "P Khadka",
              "non_striker": "KZ Rehmtullah",
              "runs": {
                "batter": 0,
                "extras": 0,
                "total": 0
              }
            },
            {
              "batter": "RK Kiseto",
              "bowler": "P Khadka",
              "non_striker": "KZ Rehmtullah",
              "runs": {
                "batter": 0,
                "extras": 0,
                "total": 0
              }
            },
            {
              "batter": "RK Kiseto",
              "bowler": "P Khadka",
              "non_striker": "KZ Rehmtullah",
              "runs": {
                "batter": 0,
                "extras": 0,
                "total": 0
              }
            },
            {
              "batter": "RK Kiseto",
              "bowler": "P Khadka",
              "non_striker": "KZ Rehmtullah",
              "runs": {
                "batter": 0,
                "extras": 0,
                "total": 0
              }
            },
            {
              "batter": "RK Kiseto",
              "bowler": "P Khadka",
              "non_striker": "KZ Rehmtullah",
              "runs": {
                "batter": 1,
                "extras": 0,
                "total": 1
              }
            },
            {
              "batter": "KZ Rehmtullah",
              "bowler": "P Khadka",
              "non_striker": "RK Kiseto",
              "runs": {
                "batter": 0,
                "extras": 0,
                "total": 0
              }
            }
          ]
        },
        {
          "over": 23,
          "deliveries": [
            {
              "batter": "RK Kiseto",
              "bowler": "B Regmi",
              "non_striker": "KZ Rehmtullah",
              "runs": {
                "batter": 0,
                "extras": 0,
                "total": 0
              }
            },
            {
              "batter": "RK Kiseto",
              "bowler": "B Regmi",
              "non_striker": "KZ Rehmtullah",
              "runs": {
                "batter": 0,
                "extras": 0,
                "total": 0
              }
            },
            {
              "batter": "RK Kiseto",
              "bowler": "B Regmi",
              "non_striker": "KZ Rehmtullah",
              "runs": {
                "batter": 0,
                "extras": 0,
                "total": 0
              }
            },
            {
              "batter": "RK Kiseto",
              "bowler": "B Regmi",
              "non_striker": "KZ Rehmtullah",
              "runs": {
                "batter": 0,
                "extras": 0,
                "total": 0
              }
            },
            {
              "batter": "RK Kiseto",
              "bowler": "B Regmi",
              "non_striker": "KZ Rehmtullah",
              "runs": {
                "batter": 1,
                "extras": 0,
                "total": 1
              }
            },
            {
              "batter": "KZ Rehmtullah",
              "bowler": "B Regmi",
              "non_striker": "RK Kiseto",
              "runs": {
                "batter": 0,
                "extras": 0,
                "total": 0
              }
            }
          ]
        },
        {
          "over": 24,
          "deliveries": [
            {
              "batter": "RK Kiseto",
              "bowler": "P Khadka",
              "non_striker": "KZ Rehmtullah",
              "runs": {
                "batter": 0,
                "extras": 0,
                "total": 0
              }
            },
            {
              "batter": "RK Kiseto",
              "bowler": "P Khadka",
              "non_striker": "KZ Rehmtullah",
              "runs": {
                "batter": 0,
                "extras": 0,
                "total": 0
              }
            },
            {
              "batter": "RK Kiseto",
              "bowler": "P Khadka",
              "non_striker": "KZ Rehmtullah",
              "runs": {
                "batter": 0,
                "extras": 0,
                "total": 0
              }
            },
            {
              "batter": "RK Kiseto",
              "bowler": "P Khadka",
              "non_striker": "KZ Rehmtullah",
              "runs": {
                "batter": 1,
                "extras": 0,
                "total": 1
              }
            },
            {
              "batter": "KZ Rehmtullah",
              "bowler": "P Khadka",
              "non_striker": "RK Kiseto",
              "runs": {
                "batter": 6,
                "extras": 0,
                "total": 6
              }
            },
            {
              "batter": "KZ Rehmtullah",
              "bowler": "P Khadka",
              "non_striker": "RK Kiseto",
              "runs": {
                "batter": 1,
                "extras": 0,
                "total": 1
              }
            }
          ]
        },
        {
          "over": 25,
          "deliveries": [
            {
              "batter": "KZ Rehmtullah",
              "bowler": "B Regmi",
              "non_striker": "RK Kiseto",
              "runs": {
                "batter": 0,
                "extras": 0,
                "total": 0
              }
            },
            {
              "batter": "KZ Rehmtullah",
              "bowler": "B Regmi",
              "non_striker": "RK Kiseto",
              "runs": {
                "batter": 0,
                "extras": 0,
                "total": 0
              }
            },
            {
              "batter": "KZ Rehmtullah",
              "bowler": "B Regmi",
              "non_striker": "RK Kiseto",
              "runs": {
                "batter": 0,
                "extras": 0,
                "total": 0
              }
            },
            {
              "batter": "KZ Rehmtullah",
              "bowler": "B Regmi",
              "non_striker": "RK Kiseto",
              "runs": {
                "batter": 0,
                "extras": 0,
                "total": 0
              }
            },
            {
              "batter": "KZ Rehmtullah",
              "bowler": "B Regmi",
              "non_striker": "RK Kiseto",
              "runs": {
                "batter": 0,
                "extras": 0,
                "total": 0
              }
            },
            {
              "batter": "KZ Rehmtullah",
              "bowler": "B Regmi",
              "non_striker": "RK Kiseto",
              "runs": {
                "batter": 0,
                "extras": 0,
                "total": 0
              }
            }
          ]
        },
        {
          "over": 26,
          "deliveries": [
            {
              "batter": "RK Kiseto",
              "bowler": "SP Gauchan",
              "non_striker": "KZ Rehmtullah",
              "runs": {
                "batter": 1,
                "extras": 0,
                "total": 1
              }
            },
            {
              "batter": "KZ Rehmtullah",
              "bowler": "SP Gauchan",
              "non_striker": "RK Kiseto",
              "runs": {
                "batter": 0,
                "extras": 0,
                "total": 0
              }
            },
            {
              "batter": "KZ Rehmtullah",
              "bowler": "SP Gauchan",
              "non_striker": "RK Kiseto",
              "runs": {
                "batter": 1,
                "extras": 0,
                "total": 1
              }
            },
            {
              "batter": "RK Kiseto",
              "bowler": "SP Gauchan",
              "non_striker": "KZ Rehmtullah",
              "runs": {
                "batter": 0,
                "extras": 0,
                "total": 0
              }
            },
            {
              "batter": "RK Kiseto",
              "bowler": "SP Gauchan",
              "non_striker": "KZ Rehmtullah",
              "runs": {
                "batter": 0,
                "extras": 0,
                "total": 0
              },
              "wickets": [
                {
                  "kind": "caught",
                  "player_out": "RK Kiseto",
                  "fielders": [
                    {
                      "name": "P Khadka"
                    }
                  ]
                }
              ]
            },
            {
              "batter": "AM Kimote",
              "bowler": "SP Gauchan",
              "non_striker": "KZ Rehmtullah",
              "runs": {
                "batter": 0,
                "extras": 0,
                "total": 0
              }
            }
          ]
        },
        {
          "over": 27,
          "deliveries": [
            {
              "batter": "KZ Rehmtullah",
              "bowler": "B Regmi",
              "non_striker": "AM Kimote",
              "runs": {
                "batter": 0,
                "extras": 0,
                "total": 0
              }
            },
            {
              "batter": "KZ Rehmtullah",
              "bowler": "B Regmi",
              "non_striker": "AM Kimote",
              "runs": {
                "batter": 0,
                "extras": 0,
                "total": 0
              }
            },
            {
              "batter": "KZ Rehmtullah",
              "bowler": "B Regmi",
              "non_striker": "AM Kimote",
              "runs": {
                "batter": 0,
                "extras": 0,
                "total": 0
              }
            },
            {
              "batter": "KZ Rehmtullah",
              "bowler": "B Regmi",
              "non_striker": "AM Kimote",
              "runs": {
                "batter": 0,
                "extras": 0,
                "total": 0
              }
            },
            {
              "batter": "KZ Rehmtullah",
              "bowler": "B Regmi",
              "non_striker": "AM Kimote",
              "runs": {
                "batter": 0,
                "extras": 0,
                "total": 0
              }
            },
            {
              "batter": "KZ Rehmtullah",
              "bowler": "B Regmi",
              "non_striker": "AM Kimote",
              "runs": {
                "batter": 0,
                "extras": 0,
                "total": 0
              }
            }
          ]
        },
        {
          "over": 28,
          "deliveries": [
            {
              "batter": "AM Kimote",
              "bowler": "SP Gauchan",
              "non_striker": "KZ Rehmtullah",
              "runs": {
                "batter": 0,
                "extras": 0,
                "total": 0
              }
            },
            {
              "batter": "AM Kimote",
              "bowler": "SP Gauchan",
              "non_striker": "KZ Rehmtullah",
              "runs": {
                "batter": 0,
                "extras": 0,
                "total": 0
              }
            },
            {
              "batter": "AM Kimote",
              "bowler": "SP Gauchan",
              "non_striker": "KZ Rehmtullah",
              "runs": {
                "batter": 0,
                "extras": 0,
                "total": 0
              }
            },
            {
              "batter": "AM Kimote",
              "bowler": "SP Gauchan",
              "non_striker": "KZ Rehmtullah",
              "runs": {
                "batter": 0,
                "extras": 0,
                "total": 0
              }
            },
            {
              "batter": "AM Kimote",
              "bowler": "SP Gauchan",
              "non_striker": "KZ Rehmtullah",
              "runs": {
                "batter": 0,
                "extras": 0,
                "total": 0
              }
            },
            {
              "batter": "AM Kimote",
              "bowler": "SP Gauchan",
              "non_striker": "KZ Rehmtullah",
              "runs": {
                "batter": 1,
                "extras": 0,
                "total": 1
              }
            }
          ]
        },
        {
          "over": 29,
          "deliveries": [
            {
              "batter": "AM Kimote",
              "bowler": "B Regmi",
              "non_striker": "KZ Rehmtullah",
              "runs": {
                "batter": 1,
                "extras": 0,
                "total": 1
              }
            },
            {
              "batter": "KZ Rehmtullah",
              "bowler": "B Regmi",
              "non_striker": "AM Kimote",
              "runs": {
                "batter": 0,
                "extras": 0,
                "total": 0
              }
            },
            {
              "batter": "KZ Rehmtullah",
              "bowler": "B Regmi",
              "non_striker": "AM Kimote",
              "runs": {
                "batter": 0,
                "extras": 0,
                "total": 0
              }
            },
            {
              "batter": "KZ Rehmtullah",
              "bowler": "B Regmi",
              "non_striker": "AM Kimote",
              "runs": {
                "batter": 0,
                "extras": 0,
                "total": 0
              }
            },
            {
              "batter": "KZ Rehmtullah",
              "bowler": "B Regmi",
              "non_striker": "AM Kimote",
              "runs": {
                "batter": 1,
                "extras": 0,
                "total": 1
              }
            },
            {
              "batter": "AM Kimote",
              "bowler": "B Regmi",
              "non_striker": "KZ Rehmtullah",
              "runs": {
                "batter": 0,
                "extras": 0,
                "total": 0
              },
              "wickets": [
                {
                  "kind": "caught",
                  "player_out": "AM Kimote",
                  "fielders": [
                    {
                      "name": "P Khadka"
                    }
                  ]
                }
              ]
            }
          ]
        },
        {
          "over": 30,
          "deliveries": [
            {
              "batter": "KZ Rehmtullah",
              "bowler": "SP Gauchan",
              "non_striker": "ZR Jaboneke",
              "runs": {
                "batter": 0,
                "extras": 0,
                "total": 0
              }
            },
            {
              "batter": "KZ Rehmtullah",
              "bowler": "SP Gauchan",
              "non_striker": "ZR Jaboneke",
              "runs": {
                "batter": 1,
                "extras": 0,
                "total": 1
              }
            },
            {
              "batter": "ZR Jaboneke",
              "bowler": "SP Gauchan",
              "non_striker": "KZ Rehmtullah",
              "runs": {
                "batter": 4,
                "extras": 0,
                "total": 4
              }
            },
            {
              "batter": "ZR Jaboneke",
              "bowler": "SP Gauchan",
              "non_striker": "KZ Rehmtullah",
              "runs": {
                "batter": 0,
                "extras": 0,
                "total": 0
              }
            },
            {
              "batter": "ZR Jaboneke",
              "bowler": "SP Gauchan",
              "non_striker": "KZ Rehmtullah",
              "runs": {
                "batter": 0,
                "extras": 0,
                "total": 0
              }
            },
            {
              "batter": "ZR Jaboneke",
              "bowler": "SP Gauchan",
              "non_striker": "KZ Rehmtullah",
              "runs": {
                "batter": 0,
                "extras": 0,
                "total": 0
              }
            }
          ]
        },
        {
          "over": 31,
          "deliveries": [
            {
              "batter": "KZ Rehmtullah",
              "bowler": "B Regmi",
              "non_striker": "ZR Jaboneke",
              "runs": {
                "batter": 0,
                "extras": 0,
                "total": 0
              }
            },
            {
              "batter": "KZ Rehmtullah",
              "bowler": "B Regmi",
              "non_striker": "ZR Jaboneke",
              "runs": {
                "batter": 1,
                "extras": 0,
                "total": 1
              }
            },
            {
              "batter": "ZR Jaboneke",
              "bowler": "B Regmi",
              "non_striker": "KZ Rehmtullah",
              "runs": {
                "batter": 1,
                "extras": 0,
                "total": 1
              }
            },
            {
              "batter": "KZ Rehmtullah",
              "bowler": "B Regmi",
              "non_striker": "ZR Jaboneke",
              "runs": {
                "batter": 0,
                "extras": 0,
                "total": 0
              },
              "wickets": [
                {
                  "kind": "caught",
                  "player_out": "KZ Rehmtullah",
                  "fielders": [
                    {
                      "name": "G Malla"
                    }
                  ]
                }
              ]
            }
          ]
        }
      ],
      "powerplays": [
        {
          "from": 0.1,
          "to": 9.6,
          "type": "mandatory"
        }
      ]
    },
    {
      "team": "Nepal",
      "overs": [
        {
          "over": 0,
          "deliveries": [
            {
              "batter": "SP Khakurel",
              "bowler": "KZ Rehmtullah",
              "non_striker": "AK Mandal",
              "runs": {
                "batter": 0,
                "extras": 0,
                "total": 0
              }
            },
            {
              "batter": "SP Khakurel",
              "bowler": "KZ Rehmtullah",
              "non_striker": "AK Mandal",
              "runs": {
                "batter": 0,
                "extras": 0,
                "total": 0
              }
            },
            {
              "batter": "SP Khakurel",
              "bowler": "KZ Rehmtullah",
              "extras": {
                "wides": 1
              },
              "non_striker": "AK Mandal",
              "runs": {
                "batter": 0,
                "extras": 1,
                "total": 1
              }
            },
            {
              "batter": "SP Khakurel",
              "bowler": "KZ Rehmtullah",
              "extras": {
                "wides": 1
              },
              "non_striker": "AK Mandal",
              "runs": {
                "batter": 0,
                "extras": 1,
                "total": 1
              }
            },
            {
              "batter": "SP Khakurel",
              "bowler": "KZ Rehmtullah",
              "extras": {
                "wides": 1
              },
              "non_striker": "AK Mandal",
              "runs": {
                "batter": 0,
                "extras": 1,
                "total": 1
              }
            },
            {
              "batter": "SP Khakurel",
              "bowler": "KZ Rehmtullah",
              "non_striker": "AK Mandal",
              "runs": {
                "batter": 0,
                "extras": 0,
                "total": 0
              }
            },
            {
              "batter": "SP Khakurel",
              "bowler": "KZ Rehmtullah",
              "non_striker": "AK Mandal",
              "runs": {
                "batter": 0,
                "extras": 0,
                "total": 0
              }
            },
            {
              "batter": "SP Khakurel",
              "bowler": "KZ Rehmtullah",
              "non_striker": "AK Mandal",
              "runs": {
                "batter": 0,
                "extras": 0,
                "total": 0
              }
            },
            {
              "batter": "SP Khakurel",
              "bowler": "KZ Rehmtullah",
              "non_striker": "AK Mandal",
              "runs": {
                "batter": 0,
                "extras": 0,
                "total": 0
              }
            }
          ]
        },
        {
          "over": 1,
          "deliveries": [
            {
              "batter": "AK Mandal",
              "bowler": "B Mwita",
              "non_striker": "SP Khakurel",
              "runs": {
                "batter": 0,
                "extras": 0,
                "total": 0
              }
            },
            {
              "batter": "AK Mandal",
              "bowler": "B Mwita",
              "non_striker": "SP Khakurel",
              "runs": {
                "batter": 0,
                "extras": 0,
                "total": 0
              }
            },
            {
              "batter": "AK Mandal",
              "bowler": "B Mwita",
              "non_striker": "SP Khakurel",
              "runs": {
                "batter": 4,
                "extras": 0,
                "total": 4
              }
            },
            {
              "batter": "AK Mandal",
              "bowler": "B Mwita",
              "non_striker": "SP Khakurel",
              "runs": {
                "batter": 0,
                "extras": 0,
                "total": 0
              }
            },
            {
              "batter": "AK Mandal",
              "bowler": "B Mwita",
              "non_striker": "SP Khakurel",
              "runs": {
                "batter": 0,
                "extras": 0,
                "total": 0
              }
            },
            {
              "batter": "AK Mandal",
              "bowler": "B Mwita",
              "non_striker": "SP Khakurel",
              "runs": {
                "batter": 0,
                "extras": 0,
                "total": 0
              }
            }
          ]
        },
        {
          "over": 2,
          "deliveries": [
            {
              "batter": "SP Khakurel",
              "bowler": "KZ Rehmtullah",
              "non_striker": "AK Mandal",
              "runs": {
                "batter": 2,
                "extras": 0,
                "total": 2
              }
            },
            {
              "batter": "SP Khakurel",
              "bowler": "KZ Rehmtullah",
              "non_striker": "AK Mandal",
              "runs": {
                "batter": 0,
                "extras": 0,
                "total": 0
              }
            },
            {
              "batter": "SP Khakurel",
              "bowler": "KZ Rehmtullah",
              "extras": {
                "wides": 1
              },
              "non_striker": "AK Mandal",
              "runs": {
                "batter": 0,
                "extras": 1,
                "total": 1
              }
            },
            {
              "batter": "SP Khakurel",
              "bowler": "KZ Rehmtullah",
              "non_striker": "AK Mandal",
              "runs": {
                "batter": 2,
                "extras": 0,
                "total": 2
              }
            },
            {
              "batter": "SP Khakurel",
              "bowler": "KZ Rehmtullah",
              "extras": {
                "wides": 1
              },
              "non_striker": "AK Mandal",
              "runs": {
                "batter": 0,
                "extras": 1,
                "total": 1
              }
            },
            {
              "batter": "SP Khakurel",
              "bowler": "KZ Rehmtullah",
              "non_striker": "AK Mandal",
              "runs": {
                "batter": 0,
                "extras": 0,
                "total": 0
              }
            },
            {
              "batter": "SP Khakurel",
              "bowler": "KZ Rehmtullah",
              "non_striker": "AK Mandal",
              "runs": {
                "batter": 0,
                "extras": 0,
                "total": 0
              }
            },
            {
              "batter": "SP Khakurel",
              "bowler": "KZ Rehmtullah",
              "non_striker": "AK Mandal",
              "runs": {
                "batter": 0,
                "extras": 0,
                "total": 0
              }
            }
          ]
        },
        {
          "over": 3,
          "deliveries": [
            {
              "batter": "AK Mandal",
              "bowler": "B Mwita",
              "non_striker": "SP Khakurel",
              "runs": {
                "batter": 4,
                "extras": 0,
                "total": 4
              }
            },
            {
              "batter": "AK Mandal",
              "bowler": "B Mwita",
              "non_striker": "SP Khakurel",
              "runs": {
                "batter": 0,
                "extras": 0,
                "total": 0
              }
            },
            {
              "batter": "AK Mandal",
              "bowler": "B Mwita",
              "non_striker": "SP Khakurel",
              "runs": {
                "batter": 0,
                "extras": 0,
                "total": 0
              }
            },
            {
              "batter": "AK Mandal",
              "bowler": "B Mwita",
              "non_striker": "SP Khakurel",
              "runs": {
                "batter": 0,
                "extras": 0,
                "total": 0
              }
            },
            {
              "batter": "AK Mandal",
              "bowler": "B Mwita",
              "non_striker": "SP Khakurel",
              "runs": {
                "batter": 0,
                "extras": 0,
                "total": 0
              }
            },
            {
              "batter": "AK Mandal",
              "bowler": "B Mwita",
              "non_striker": "SP Khakurel",
              "runs": {
                "batter": 1,
                "extras": 0,
                "total": 1
              }
            }
          ]
        },
        {
          "over": 4,
          "deliveries": [
            {
              "batter": "AK Mandal",
              "bowler": "KZ Rehmtullah",
              "non_striker": "SP Khakurel",
              "runs": {
                "batter": 0,
                "extras": 0,
                "total": 0
              },
              "wickets": [
                {
                  "kind": "caught and bowled",
                  "player_out": "AK Mandal"
                }
              ]
            },
            {
              "batter": "G Malla",
              "bowler": "KZ Rehmtullah",
              "non_striker": "SP Khakurel",
              "runs": {
                "batter": 0,
                "extras": 0,
                "total": 0
              }
            },
            {
              "batter": "G Malla",
              "bowler": "KZ Rehmtullah",
              "non_striker": "SP Khakurel",
              "runs": {
                "batter": 1,
                "extras": 0,
                "total": 1
              }
            },
            {
              "batter": "SP Khakurel",
              "bowler": "KZ Rehmtullah",
              "extras": {
                "legbyes": 1
              },
              "non_striker": "G Malla",
              "runs": {
                "batter": 0,
                "extras": 1,
                "total": 1
              }
            },
            {
              "batter": "G Malla",
              "bowler": "KZ Rehmtullah",
              "non_striker": "SP Khakurel",
              "runs": {
                "batter": 0,
                "extras": 0,
                "total": 0
              }
            },
            {
              "batter": "G Malla",
              "bowler": "KZ Rehmtullah",
              "extras": {
                "wides": 1
              },
              "non_striker": "SP Khakurel",
              "runs": {
                "batter": 0,
                "extras": 1,
                "total": 1
              }
            },
            {
              "batter": "G Malla",
              "bowler": "KZ Rehmtullah",
              "non_striker": "SP Khakurel",
              "runs": {
                "batter": 0,
                "extras": 0,
                "total": 0
              }
            }
          ]
        },
        {
          "over": 5,
          "deliveries": [
            {
              "batter": "SP Khakurel",
              "bowler": "B Mwita",
              "non_striker": "G Malla",
              "runs": {
                "batter": 0,
                "extras": 0,
                "total": 0
              }
            },
            {
              "batter": "SP Khakurel",
              "bowler": "B Mwita",
              "non_striker": "G Malla",
              "runs": {
                "batter": 0,
                "extras": 0,
                "total": 0
              }
            },
            {
              "batter": "SP Khakurel",
              "bowler": "B Mwita",
              "non_striker": "G Malla",
              "runs": {
                "batter": 0,
                "extras": 0,
                "total": 0
              }
            },
            {
              "batter": "SP Khakurel",
              "bowler": "B Mwita",
              "non_striker": "G Malla",
              "runs": {
                "batter": 0,
                "extras": 0,
                "total": 0
              }
            },
            {
              "batter": "SP Khakurel",
              "bowler": "B Mwita",
              "non_striker": "G Malla",
              "runs": {
                "batter": 0,
                "extras": 0,
                "total": 0
              }
            },
            {
              "batter": "SP Khakurel",
              "bowler": "B Mwita",
              "non_striker": "G Malla",
              "runs": {
                "batter": 1,
                "extras": 0,
                "total": 1
              }
            }
          ]
        },
        {
          "over": 6,
          "deliveries": [
            {
              "batter": "SP Khakurel",
              "bowler": "KZ Rehmtullah",
              "non_striker": "G Malla",
              "runs": {
                "batter": 4,
                "extras": 0,
                "total": 4
              }
            },
            {
              "batter": "SP Khakurel",
              "bowler": "KZ Rehmtullah",
              "non_striker": "G Malla",
              "runs": {
                "batter": 2,
                "extras": 0,
                "total": 2
              }
            },
            {
              "batter": "SP Khakurel",
              "bowler": "KZ Rehmtullah",
              "non_striker": "G Malla",
              "runs": {
                "batter": 0,
                "extras": 0,
                "total": 0
              }
            },
            {
              "batter": "SP Khakurel",
              "bowler": "KZ Rehmtullah",
              "non_striker": "G Malla",
              "runs": {
                "batter": 1,
                "extras": 0,
                "total": 1
              }
            },
            {
              "batter": "G Malla",
              "bowler": "KZ Rehmtullah",
              "non_striker": "SP Khakurel",
              "runs": {
                "batter": 4,
                "extras": 0,
                "total": 4
              }
            },
            {
              "batter": "G Malla",
              "bowler": "KZ Rehmtullah",
              "non_striker": "SP Khakurel",
              "runs": {
                "batter": 0,
                "extras": 0,
                "total": 0
              }
            }
          ]
        },
        {
          "over": 7,
          "deliveries": [
            {
              "batter": "SP Khakurel",
              "bowler": "B Mwita",
              "non_striker": "G Malla",
              "runs": {
                "batter": 0,
                "extras": 0,
                "total": 0
              }
            },
            {
              "batter": "SP Khakurel",
              "bowler": "B Mwita",
              "non_striker": "G Malla",
              "runs": {
                "batter": 0,
                "extras": 0,
                "total": 0
              }
            },
            {
              "batter": "SP Khakurel",
              "bowler": "B Mwita",
              "non_striker": "G Malla",
              "runs": {
                "batter": 0,
                "extras": 0,
                "total": 0
              }
            },
            {
              "batter": "SP Khakurel",
              "bowler": "B Mwita",
              "non_striker": "G Malla",
              "runs": {
                "batter": 0,
                "extras": 0,
                "total": 0
              }
            },
            {
              "batter": "SP Khakurel",
              "bowler": "B Mwita",
              "non_striker": "G Malla",
              "runs": {
                "batter": 0,
                "extras": 0,
                "total": 0
              }
            },
            {
              "batter": "SP Khakurel",
              "bowler": "B Mwita",
              "non_striker": "G Malla",
              "runs": {
                "batter": 1,
                "extras": 0,
                "total": 1
              }
            }
          ]
        },
        {
          "over": 8,
          "deliveries": [
            {
              "batter": "SP Khakurel",
              "bowler": "ZR Jaboneke",
              "extras": {
                "legbyes": 1
              },
              "non_striker": "G Malla",
              "runs": {
                "batter": 0,
                "extras": 1,
                "total": 1
              }
            },
            {
              "batter": "G Malla",
              "bowler": "ZR Jaboneke",
              "non_striker": "SP Khakurel",
              "runs": {
                "batter": 0,
                "extras": 0,
                "total": 0
              }
            },
            {
              "batter": "G Malla",
              "bowler": "ZR Jaboneke",
              "non_striker": "SP Khakurel",
              "runs": {
                "batter": 0,
                "extras": 0,
                "total": 0
              }
            },
            {
              "batter": "G Malla",
              "bowler": "ZR Jaboneke",
              "non_striker": "SP Khakurel",
              "runs": {
                "batter": 0,
                "extras": 0,
                "total": 0
              }
            },
            {
              "batter": "G Malla",
              "bowler": "ZR Jaboneke",
              "non_striker": "SP Khakurel",
              "runs": {
                "batter": 0,
                "extras": 0,
                "total": 0
              }
            },
            {
              "batter": "G Malla",
              "bowler": "ZR Jaboneke",
              "non_striker": "SP Khakurel",
              "runs": {
                "batter": 0,
                "extras": 0,
                "total": 0
              }
            }
          ]
        },
        {
          "over": 9,
          "deliveries": [
            {
              "batter": "SP Khakurel",
              "bowler": "B Mwita",
              "non_striker": "G Malla",
              "runs": {
                "batter": 4,
                "extras": 0,
                "total": 4
              }
            },
            {
              "batter": "SP Khakurel",
              "bowler": "B Mwita",
              "non_striker": "G Malla",
              "runs": {
                "batter": 0,
                "extras": 0,
                "total": 0
              }
            },
            {
              "batter": "SP Khakurel",
              "bowler": "B Mwita",
              "extras": {
                "wides": 1
              },
              "non_striker": "G Malla",
              "runs": {
                "batter": 0,
                "extras": 1,
                "total": 1
              }
            },
            {
              "batter": "SP Khakurel",
              "bowler": "B Mwita",
              "non_striker": "G Malla",
              "runs": {
                "batter": 0,
                "extras": 0,
                "total": 0
              }
            },
            {
              "batter": "SP Khakurel",
              "bowler": "B Mwita",
              "non_striker": "G Malla",
              "runs": {
                "batter": 0,
                "extras": 0,
                "total": 0
              }
            },
            {
              "batter": "SP Khakurel",
              "bowler": "B Mwita",
              "non_striker": "G Malla",
              "runs": {
                "batter": 0,
                "extras": 0,
                "total": 0
              }
            },
            {
              "batter": "SP Khakurel",
              "bowler": "B Mwita",
              "non_striker": "G Malla",
              "runs": {
                "batter": 1,
                "extras": 0,
                "total": 1
              }
            }
          ]
        },
        {
          "over": 10,
          "deliveries": [
            {
              "batter": "SP Khakurel",
              "bowler": "ZR Jaboneke",
              "non_striker": "G Malla",
              "runs": {
                "batter": 0,
                "extras": 0,
                "total": 0
              }
            },
            {
              "batter": "SP Khakurel",
              "bowler": "ZR Jaboneke",
              "non_striker": "G Malla",
              "runs": {
                "batter": 0,
                "extras": 0,
                "total": 0
              }
            },
            {
              "batter": "SP Khakurel",
              "bowler": "ZR Jaboneke",
              "non_striker": "G Malla",
              "runs": {
                "batter": 0,
                "extras": 0,
                "total": 0
              }
            },
            {
              "batter": "SP Khakurel",
              "bowler": "ZR Jaboneke",
              "non_striker": "G Malla",
              "runs": {
                "batter": 0,
                "extras": 0,
                "total": 0
              }
            },
            {
              "batter": "SP Khakurel",
              "bowler": "ZR Jaboneke",
              "non_striker": "G Malla",
              "runs": {
                "batter": 0,
                "extras": 0,
                "total": 0
              }
            },
            {
              "batter": "SP Khakurel",
              "bowler": "ZR Jaboneke",
              "non_striker": "G Malla",
              "runs": {
                "batter": 1,
                "extras": 0,
                "total": 1
              }
            }
          ]
        },
        {
          "over": 11,
          "deliveries": [
            {
              "batter": "SP Khakurel",
              "bowler": "K Nassoro",
              "non_striker": "G Malla",
              "runs": {
                "batter": 0,
                "extras": 0,
                "total": 0
              }
            },
            {
              "batter": "SP Khakurel",
              "bowler": "K Nassoro",
              "non_striker": "G Malla",
              "runs": {
                "batter": 0,
                "extras": 0,
                "total": 0
              }
            },
            {
              "batter": "SP Khakurel",
              "bowler": "K Nassoro",
              "non_striker": "G Malla",
              "runs": {
                "batter": 0,
                "extras": 0,
                "total": 0
              }
            },
            {
              "batter": "SP Khakurel",
              "bowler": "K Nassoro",
              "non_striker": "G Malla",
              "runs": {
                "batter": 0,
                "extras": 0,
                "total": 0
              }
            },
            {
              "batter": "SP Khakurel",
              "bowler": "K Nassoro",
              "non_striker": "G Malla",
              "runs": {
                "batter": 0,
                "extras": 0,
                "total": 0
              }
            },
            {
              "batter": "SP Khakurel",
              "bowler": "K Nassoro",
              "non_striker": "G Malla",
              "runs": {
                "batter": 0,
                "extras": 0,
                "total": 0
              }
            }
          ]
        },
        {
          "over": 12,
          "deliveries": [
            {
              "batter": "G Malla",
              "bowler": "ZR Jaboneke",
              "non_striker": "SP Khakurel",
              "runs": {
                "batter": 4,
                "extras": 0,
                "total": 4
              }
            },
            {
              "batter": "G Malla",
              "bowler": "ZR Jaboneke",
              "non_striker": "SP Khakurel",
              "runs": {
                "batter": 0,
                "extras": 0,
                "total": 0
              }
            },
            {
              "batter": "G Malla",
              "bowler": "ZR Jaboneke",
              "non_striker": "SP Khakurel",
              "runs": {
                "batter": 4,
                "extras": 0,
                "total": 4
              }
            },
            {
              "batter": "G Malla",
              "bowler": "ZR Jaboneke",
              "non_striker": "SP Khakurel",
              "runs": {
                "batter": 4,
                "extras": 0,
                "total": 4
              }
            },
            {
              "batter": "G Malla",
              "bowler": "ZR Jaboneke",
              "non_striker": "SP Khakurel",
              "runs": {
                "batter": 0,
                "extras": 0,
                "total": 0
              }
            },
            {
              "batter": "G Malla",
              "bowler": "ZR Jaboneke",
              "non_striker": "SP Khakurel",
              "runs": {
                "batter": 1,
                "extras": 0,
                "total": 1
              }
            }
          ]
        },
        {
          "over": 13,
          "deliveries": [
            {
              "batter": "G Malla",
              "bowler": "K Nassoro",
              "non_striker": "SP Khakurel",
              "runs": {
                "batter": 0,
                "extras": 0,
                "total": 0
              }
            },
            {
              "batter": "G Malla",
              "bowler": "K Nassoro",
              "non_striker": "SP Khakurel",
              "runs": {
                "batter": 0,
                "extras": 0,
                "total": 0
              }
            },
            {
              "batter": "G Malla",
              "bowler": "K Nassoro",
              "non_striker": "SP Khakurel",
              "runs": {
                "batter": 0,
                "extras": 0,
                "total": 0
              }
            },
            {
              "batter": "G Malla",
              "bowler": "K Nassoro",
              "non_striker": "SP Khakurel",
              "runs": {
                "batter": 0,
                "extras": 0,
                "total": 0
              }
            },
            {
              "batter": "G Malla",
              "bowler": "K Nassoro",
              "non_striker": "SP Khakurel",
              "runs": {
                "batter": 0,
                "extras": 0,
                "total": 0
              }
            },
            {
              "batter": "G Malla",
              "bowler": "K Nassoro",
              "non_striker": "SP Khakurel",
              "runs": {
                "batter": 0,
                "extras": 0,
                "total": 0
              }
            }
          ]
        },
        {
          "over": 14,
          "deliveries": [
            {
              "batter": "SP Khakurel",
              "bowler": "RK Kiseto",
              "extras": {
                "wides": 1
              },
              "non_striker": "G Malla",
              "runs": {
                "batter": 0,
                "extras": 1,
                "total": 1
              }
            },
            {
              "batter": "SP Khakurel",
              "bowler": "RK Kiseto",
              "non_striker": "G Malla",
              "runs": {
                "batter": 0,
                "extras": 0,
                "total": 0
              }
            },
            {
              "batter": "SP Khakurel",
              "bowler": "RK Kiseto",
              "non_striker": "G Malla",
              "runs": {
                "batter": 0,
                "extras": 0,
                "total": 0
              }
            },
            {
              "batter": "SP Khakurel",
              "bowler": "RK Kiseto",
              "non_striker": "G Malla",
              "runs": {
                "batter": 0,
                "extras": 0,
                "total": 0
              }
            },
            {
              "batter": "SP Khakurel",
              "bowler": "RK Kiseto",
              "non_striker": "G Malla",
              "runs": {
                "batter": 0,
                "extras": 0,
                "total": 0
              }
            },
            {
              "batter": "SP Khakurel",
              "bowler": "RK Kiseto",
              "non_striker": "G Malla",
              "runs": {
                "batter": 1,
                "extras": 0,
                "total": 1
              }
            },
            {
              "batter": "G Malla",
              "bowler": "RK Kiseto",
              "non_striker": "SP Khakurel",
              "runs": {
                "batter": 1,
                "extras": 0,
                "total": 1
              }
            }
          ]
        },
        {
          "over": 15,
          "deliveries": [
            {
              "batter": "G Malla",
              "bowler": "K Nassoro",
              "non_striker": "SP Khakurel",
              "runs": {
                "batter": 0,
                "extras": 0,
                "total": 0
              }
            },
            {
              "batter": "G Malla",
              "bowler": "K Nassoro",
              "non_striker": "SP Khakurel",
              "runs": {
                "batter": 2,
                "extras": 0,
                "total": 2
              }
            },
            {
              "batter": "G Malla",
              "bowler": "K Nassoro",
              "non_striker": "SP Khakurel",
              "runs": {
                "batter": 0,
                "extras": 0,
                "total": 0
              }
            },
            {
              "batter": "G Malla",
              "bowler": "K Nassoro",
              "extras": {
                "wides": 1
              },
              "non_striker": "SP Khakurel",
              "runs": {
                "batter": 0,
                "extras": 1,
                "total": 1
              }
            },
            {
              "batter": "G Malla",
              "bowler": "K Nassoro",
              "non_striker": "SP Khakurel",
              "runs": {
                "batter": 0,
                "extras": 0,
                "total": 0
              }
            },
            {
              "batter": "G Malla",
              "bowler": "K Nassoro",
              "non_striker": "SP Khakurel",
              "runs": {
                "batter": 1,
                "extras": 0,
                "total": 1
              }
            },
            {
              "batter": "SP Khakurel",
              "bowler": "K Nassoro",
              "non_striker": "G Malla",
              "runs": {
                "batter": 0,
                "extras": 0,
                "total": 0
              }
            }
          ]
        },
        {
          "over": 16,
          "deliveries": [
            {
              "batter": "G Malla",
              "bowler": "RK Kiseto",
              "non_striker": "SP Khakurel",
              "runs": {
                "batter": 0,
                "extras": 0,
                "total": 0
              }
            },
            {
              "batter": "G Malla",
              "bowler": "RK Kiseto",
              "non_striker": "SP Khakurel",
              "runs": {
                "batter": 2,
                "extras": 0,
                "total": 2
              }
            },
            {
              "batter": "G Malla",
              "bowler": "RK Kiseto",
              "non_striker": "SP Khakurel",
              "runs": {
                "batter": 0,
                "extras": 0,
                "total": 0
              }
            },
            {
              "batter": "G Malla",
              "bowler": "RK Kiseto",
              "non_striker": "SP Khakurel",
              "runs": {
                "batter": 1,
                "extras": 0,
                "total": 1
              }
            },
            {
              "batter": "SP Khakurel",
              "bowler": "RK Kiseto",
              "non_striker": "G Malla",
              "runs": {
                "batter": 0,
                "extras": 0,
                "total": 0
              }
            },
            {
              "batter": "SP Khakurel",
              "bowler": "RK Kiseto",
              "non_striker": "G Malla",
              "runs": {
                "batter": 0,
                "extras": 0,
                "total": 0
              }
            }
          ]
        },
        {
          "over": 17,
          "deliveries": [
            {
              "batter": "G Malla",
              "bowler": "K Nassoro",
              "non_striker": "SP Khakurel",
              "runs": {
                "batter": 0,
                "extras": 0,
                "total": 0
              }
            },
            {
              "batter": "G Malla",
              "bowler": "K Nassoro",
              "non_striker": "SP Khakurel",
              "runs": {
                "batter": 0,
                "extras": 0,
                "total": 0
              }
            },
            {
              "batter": "G Malla",
              "bowler": "K Nassoro",
              "non_striker": "SP Khakurel",
              "runs": {
                "batter": 0,
                "extras": 0,
                "total": 0
              }
            },
            {
              "batter": "G Malla",
              "bowler": "K Nassoro",
              "non_striker": "SP Khakurel",
              "runs": {
                "batter": 2,
                "extras": 0,
                "total": 2
              }
            },
            {
              "batter": "G Malla",
              "bowler": "K Nassoro",
              "non_striker": "SP Khakurel",
              "runs": {
                "batter": 0,
                "extras": 0,
                "total": 0
              },
              "wickets": [
                {
                  "kind": "run out",
                  "player_out": "SP Khakurel",
                  "fielders": [
                    {
                      "name": "HH Abdallah"
                    },
                    {
                      "name": "K Nassoro"
                    }
                  ]
                }
              ]
            },
            {
              "batter": "P Khadka",
              "bowler": "K Nassoro",
              "non_striker": "G Malla",
              "runs": {
                "batter": 1,
                "extras": 0,
                "total": 1
              }
            }
          ]
        },
        {
          "over": 18,
          "deliveries": [
            {
              "batter": "P Khadka",
              "bowler": "RK Kiseto",
              "non_striker": "G Malla",
              "runs": {
                "batter": 0,
                "extras": 0,
                "total": 0
              }
            },
            {
              "batter": "P Khadka",
              "bowler": "RK Kiseto",
              "non_striker": "G Malla",
              "runs": {
                "batter": 0,
                "extras": 0,
                "total": 0
              }
            },
            {
              "batter": "P Khadka",
              "bowler": "RK Kiseto",
              "non_striker": "G Malla",
              "runs": {
                "batter": 0,
                "extras": 0,
                "total": 0
              }
            },
            {
              "batter": "P Khadka",
              "bowler": "RK Kiseto",
              "non_striker": "G Malla",
              "runs": {
                "batter": 4,
                "extras": 0,
                "total": 4
              }
            },
            {
              "batter": "P Khadka",
              "bowler": "RK Kiseto",
              "non_striker": "G Malla",
              "runs": {
                "batter": 0,
                "extras": 0,
                "total": 0
              }
            },
            {
              "batter": "P Khadka",
              "bowler": "RK Kiseto",
              "non_striker": "G Malla",
              "runs": {
                "batter": 4,
                "extras": 0,
                "total": 4
              }
            }
          ]
        },
        {
          "over": 19,
          "deliveries": [
            {
              "batter": "G Malla",
              "bowler": "K Nassoro",
              "non_striker": "P Khadka",
              "runs": {
                "batter": 1,
                "extras": 0,
                "total": 1
              }
            },
            {
              "batter": "P Khadka",
              "bowler": "K Nassoro",
              "non_striker": "G Malla",
              "runs": {
                "batter": 0,
                "extras": 0,
                "total": 0
              }
            },
            {
              "batter": "P Khadka",
              "bowler": "K Nassoro",
              "non_striker": "G Malla",
              "runs": {
                "batter": 0,
                "extras": 0,
                "total": 0
              }
            },
            {
              "batter": "P Khadka",
              "bowler": "K Nassoro",
              "non_striker": "G Malla",
              "runs": {
                "batter": 6,
                "extras": 0,
                "total": 6
              }
            }
          ]
        }
      ],
      "powerplays": [
        {
          "from": 0.1,
          "to": 9.7,
          "type": "mandatory"
        }
      ],
      "target": {
        "overs": 50,
        "runs": 83
      }
    }
  ]
}