{
  "meta": {
    "data_version": "1.0.0",
    "created": "2014-06-15",
    "revision": 3
  },
  "info": {
    "balls_per_over": 6,
    "city": "Bermuda",
    "dates": [
      "2013-05-01"
    ],
    "event": {
      "name": "ICC World Cricket League Division Three"
    },
    "gender": "male",
    "match_type": "ODM",
    "missing": [
      {
        "powerplays": {
          "1": [
            "batting"
          ],
          "2": [
            "batting"
          ]
        }
      }
    ],
    "officials": {
      "match_referees": [
        "DT Jukes"
      ],
      "reserve_umpires": [
        "S Taylor"
      ],
      "umpires": [
        "RK Illingworth",
        "V Kalidas"
      ]
    },
    "outcome": {
      "by": {
        "wickets": 8
      },
      "winner": "Nepal"
    },
    "overs": 50,
    "player_of_match": [
      "P Khadka"
    ],
    "players": {
      "Bermuda": [
        "CRM Douglas",
        "DC Stovell",
        "SD Outerbridge",
        "DL Hemp",
        "JJ Tucker",
        "J Anderson",
        "LOB Cann",
        "T Gibbons",
        "MO Jones",
        "RJ Trott",
        "RJ Robinson"
      ],
      "Nepal": [
        "SP Khakurel",
        "AK Mandal",
        "G Malla",
        "P Khadka",
        "B Bhandari",
        "S Vesawkar",
        "B Regmi",
        "SP Gauchan",
        "S Regmi",
        "C Sawad",
        "P Baskota"
      ]
    },
    "registry": {
      "people": {
        "AK Mandal": "defd49f6",
        "B Bhandari": "82342b13",
        "B Regmi": "98d05440",
        "C Sawad": "02e58a32",
        "CRM Douglas": "02a6cb16",
        "DC Stovell": "7f6c2dae",
        "DL Hemp": "cb263798",
        "DT Jukes": "7c215d14",
        "G Malla": "b2e1d224",
        "J Anderson": "4dc6fd02",
        "JJ Tucker": "bceb1b07",
        "LOB Cann": "4487cc09",
        "MO Jones": "0e0afd8b",
        "P Baskota": "47f6e4a5",
        "P Khadka": "12c3ba4d",
        "PS Airee": "cc18ba92",
        "RJ Robinson": "f5853cef",
        "RJ Trott": "52f96571",
        "RK Illingworth": "20672246",
        "S Regmi": "4ef823a2",
        "S Taylor": "b9539fb8",
        "S Vesawkar": "3de06845",
        "SD Outerbridge": "9295145b",
        "SP Gauchan": "2d8aae2f",
        "SP Khakurel": "9a6b71d1",
        "T Gibbons": "279cfcf6",
        "V Kalidas": "42d76418"
      }
    },
    "season": 2013,
    "team_type": "international",
    "teams": [
      "Bermuda",
      "Nepal"
    ],
    "toss": {
      "decision": "field",
      "winner": "Nepal"
    },
    "venue": "Lords, St David's Cricket Club Ground"
  },
  "innings": [
    {
      "team": "Bermuda",
      "overs": [
        {
          "over": 0,
          "deliveries": [
            {
              "batter": "CRM Douglas",
              "bowler": "C Sawad",
              "non_striker": "DC Stovell",
              "runs": {
                "batter": 1,
                "extras": 0,
                "total": 1
              }
            },
            {
              "batter": "DC Stovell",
              "bowler": "C Sawad",
              "non_striker": "CRM Douglas",
              "runs": {
                "batter": 1,
                "extras": 0,
                "total": 1
              }
            },
            {
              "batter": "CRM Douglas",
              "bowler": "C Sawad",
              "non_striker": "DC Stovell",
              "runs": {
                "batter": 2,
                "extras": 0,
                "total": 2
              }
            },
            {
              "batter": "CRM Douglas",
              "bowler": "C Sawad",
              "non_striker": "DC Stovell",
              "runs": {
                "batter": 1,
                "extras": 0,
                "total": 1
              }
            },
            {
              "batter": "DC Stovell",
              "bowler": "C Sawad",
              "non_striker": "CRM Douglas",
              "runs": {
                "batter": 0,
                "extras": 0,
                "total": 0
              }
            },
            {
              "batter": "DC Stovell",
              "bowler": "C Sawad",
              "non_striker": "CRM Douglas",
              "runs": {
                "batter": 0,
                "extras": 0,
                "total": 0
              }
            }
          ]
        },
        {
          "over": 1,
          "deliveries": [
            {
              "batter": "CRM Douglas",
              "bowler": "P Baskota",
              "non_striker": "DC Stovell",
              "runs": {
                "batter": 0,
                "extras": 0,
                "total": 0
              }
            },
            {
              "batter": "CRM Douglas",
              "bowler": "P Baskota",
              "non_striker": "DC Stovell",
              "runs": {
                "batter": 0,
                "extras": 0,
                "total": 0
              }
            },
            {
              "batter": "CRM Douglas",
              "bowler": "P Baskota",
              "non_striker": "DC Stovell",
              "runs": {
                "batter": 4,
                "extras": 0,
                "total": 4
              }
            },
            {
              "batter": "CRM Douglas",
              "bowler": "P Baskota",
              "non_striker": "DC Stovell",
              "runs": {
                "batter": 0,
                "extras": 0,
                "total": 0
              }
            },
            {
              "batter": "CRM Douglas",
              "bowler": "P Baskota",
              "non_striker": "DC Stovell",
              "runs": {
                "batter": 0,
                "extras": 0,
                "total": 0
              }
            },
            {
              "batter": "CRM Douglas",
              "bowler": "P Baskota",
              "non_striker": "DC Stovell",
              "runs": {
                "batter": 4,
                "extras": 0,
                "total": 4
              }
            }
          ]
        },
        {
          "over": 2,
          "deliveries": [
            {
              "batter": "DC Stovell",
              "bowler": "C Sawad",
              "non_striker": "CRM Douglas",
              "runs": {
                "batter": 0,
                "extras": 0,
                "total": 0
              }
            },
            {
              "batter": "DC Stovell",
              "bowler": "C Sawad",
              "extras": {
                "legbyes": 1
              },
              "non_striker": "CRM Douglas",
              "runs": {
                "batter": 0,
                "extras": 1,
                "total": 1
              }
            },
            {
              "batter": "CRM Douglas",
              "bowler": "C Sawad",
              "non_striker": "DC Stovell",
              "runs": {
                "batter": 0,
                "extras": 0,
                "total": 0
              },
              "wickets": [
                {
                  "kind": "caught",
                  "player_out": "CRM Douglas",
                  "fielders": [
                    {
                      "name": "SP Khakurel"
                    }
                  ]
                }
              ]
            },
            {
              "batter": "SD Outerbridge",
              "bowler": "C Sawad",
              "non_striker": "DC Stovell",
              "runs": {
                "batter": 0,
                "extras": 0,
                "total": 0
              }
            },
            {
              "batter": "SD Outerbridge",
              "bowler": "C Sawad",
              "non_striker": "DC Stovell",
              "runs": {
                "batter": 0,
                "extras": 0,
                "total": 0
              }
            },
            {
              "batter": "SD Outerbridge",
              "bowler": "C Sawad",
              "non_striker": "DC Stovell",
              "runs": {
                "batter": 1,
                "extras": 0,
                "total": 1
              }
            }
          ]
        },
        {
          "over": 3,
          "deliveries": [
            {
              "batter": "SD Outerbridge",
              "bowler": "P Baskota",
              "non_striker": "DC Stovell",
              "runs": {
                "batter": 0,
                "extras": 0,
                "total": 0
              }
            },
            {
              "batter": "SD Outerbridge",
              "bowler": "P Baskota",
              "non_striker": "DC Stovell",
              "runs": {
                "batter": 0,
                "extras": 0,
                "total": 0
              }
            },
            {
              "batter": "SD Outerbridge",
              "bowler": "P Baskota",
              "non_striker": "DC Stovell",
              "runs": {
                "batter": 0,
                "extras": 0,
                "total": 0
              }
            },
            {
              "batter": "SD Outerbridge",
              "bowler": "P Baskota",
              "non_striker": "DC Stovell",
              "runs": {
                "batter": 0,
                "extras": 0,
                "total": 0
              }
            },
            {
              "batter": "SD Outerbridge",
              "bowler": "P Baskota",
              "non_striker": "DC Stovell",
              "runs": {
                "batter": 0,
                "extras": 0,
                "total": 0
              }
            },
            {
              "batter": "SD Outerbridge",
              "bowler": "P Baskota",
              "non_striker": "DC Stovell",
              "runs": {
                "batter": 1,
                "extras": 0,
                "total": 1
              }
            }
          ]
        },
        {
          "over": 4,
          "deliveries": [
            {
              "batter": "SD Outerbridge",
              "bowler": "C Sawad",
              "non_striker": "DC Stovell",
              "runs": {
                "batter": 1,
                "extras": 0,
                "total": 1
              }
            },
            {
              "batter": "DC Stovell",
              "bowler": "C Sawad",
              "non_striker": "SD Outerbridge",
              "runs": {
                "batter": 0,
                "extras": 0,
                "total": 0
              }
            },
            {
              "batter": "DC Stovell",
              "bowler": "C Sawad",
              "non_striker": "SD Outerbridge",
              "runs": {
                "batter": 0,
                "extras": 0,
                "total": 0
              }
            },
            {
              "batter": "DC Stovell",
              "bowler": "C Sawad",
              "non_striker": "SD Outerbridge",
              "runs": {
                "batter": 0,
                "extras": 0,
                "total": 0
              }
            },
            {
              "batter": "DC Stovell",
              "bowler": "C Sawad",
              "non_striker": "SD Outerbridge",
              "runs": {
                "batter": 4,
                "extras": 0,
                "total": 4
              }
            },
            {
              "batter": "DC Stovell",
              "bowler": "C Sawad",
              "non_striker": "SD Outerbridge",
              "runs": {
                "batter": 1,
                "extras": 0,
                "total": 1
              }
            }
          ]
        },
        {
          "over": 5,
          "deliveries": [
            {
              "batter": "DC Stovell",
              "bowler": "P Khadka",
              "non_striker": "SD Outerbridge",
              "runs": {
                "batter": 1,
                "extras": 0,
                "total": 1
              }
            },
            {
              "batter": "SD Outerbridge",
              "bowler": "P Khadka",
              "non_striker": "DC Stovell",
              "runs": {
                "batter": 4,
                "extras": 0,
                "total": 4
              }
            },
            {
              "batter": "SD Outerbridge",
              "bowler": "P Khadka",
              "non_striker": "DC Stovell",
              "runs": {
                "batter": 0,
                "extras": 0,
                "total": 0
              }
            },
            {
              "batter": "SD Outerbridge",
              "bowler": "P Khadka",
              "non_striker": "DC Stovell",
              "runs": {
                "batter": 0,
                "extras": 0,
                "total": 0
              }
            },
            {
              "batter": "SD Outerbridge",
              "bowler": "P Khadka",
              "non_striker": "DC Stovell",
              "runs": {
                "batter": 0,
                "extras": 0,
                "total": 0
              }
            },
            {
              "batter": "SD Outerbridge",
              "bowler": "P Khadka",
              "non_striker": "DC Stovell",
              "runs": {
                "batter": 1,
                "extras": 0,
                "total": 1
              }
            }
          ]
        },
        {
          "over": 6,
          "deliveries": [
            {
              "batter": "SD Outerbridge",
              "bowler": "C Sawad",
              "non_striker": "DC Stovell",
              "runs": {
                "batter": 0,
                "extras": 0,
                "total": 0
              }
            },
            {
              "batter": "SD Outerbridge",
              "bowler": "C Sawad",
              "non_striker": "DC Stovell",
              "runs": {
                "batter": 0,
                "extras": 0,
                "total": 0
              }
            },
            {
              "batter": "SD Outerbridge",
              "bowler": "C Sawad",
              "non_striker": "DC Stovell",
              "runs": {
                "batter": 1,
                "extras": 0,
                "total": 1
              }
            },
            {
              "batter": "DC Stovell",
              "bowler": "C Sawad",
              "non_striker": "SD Outerbridge",
              "runs": {
                "batter": 0,
                "extras": 0,
                "total": 0
              }
            },
            {
              "batter": "DC Stovell",
              "bowler": "C Sawad",
              "non_striker": "SD Outerbridge",
              "runs": {
                "batter": 0,
                "extras": 0,
                "total": 0
              }
            },
            {
              "batter": "DC Stovell",
              "bowler": "C Sawad",
              "non_striker": "SD Outerbridge",
              "runs": {
                "batter": 4,
                "extras": 0,
                "total": 4
              }
            }
          ]
        },
        {
          "over": 7,
          "deliveries": [
            {
              "batter": "SD Outerbridge",
              "bowler": "S Regmi",
              "non_striker": "DC Stovell",
              "runs": {
                "batter": 0,
                "extras": 0,
                "total": 0
              }
            },
            {
              "batter": "SD Outerbridge",
              "bowler": "S Regmi",
              "non_striker": "DC Stovell",
              "runs": {
                "batter": 0,
                "extras": 0,
                "total": 0
              }
            },
            {
              "batter": "SD Outerbridge",
              "bowler": "S Regmi",
              "non_striker": "DC Stovell",
              "runs": {
                "batter": 0,
                "extras": 0,
                "total": 0
              }
            },
            {
              "batter": "SD Outerbridge",
              "bowler": "S Regmi",
              "non_striker": "DC Stovell",
              "runs": {
                "batter": 0,
                "extras": 0,
                "total": 0
              }
            },
            {
              "batter": "SD Outerbridge",
              "bowler": "S Regmi",
              "non_striker": "DC Stovell",
              "runs": {
                "batter": 0,
                "extras": 0,
                "total": 0
              }
            },
            {
              "batter": "SD Outerbridge",
              "bowler": "S Regmi",
              "non_striker": "DC Stovell",
              "runs": {
                "batter": 0,
                "extras": 0,
                "total": 0
              }
            }
          ]
        },
        {
          "over": 8,
          "deliveries": [
            {
              "batter": "DC Stovell",
              "bowler": "C Sawad",
              "non_striker": "SD Outerbridge",
              "runs": {
                "batter": 2,
                "extras": 0,
                "total": 2
              }
            },
            {
              "batter": "DC Stovell",
              "bowler": "C Sawad",
              "non_striker": "SD Outerbridge",
              "runs": {
                "batter": 0,
                "extras": 0,
                "total": 0
              }
            },
            {
              "batter": "DC Stovell",
              "bowler": "C Sawad",
              "non_striker": "SD Outerbridge",
              "runs": {
                "batter": 1,
                "extras": 0,
                "total": 1
              }
            },
            {
              "batter": "SD Outerbridge",
              "bowler": "C Sawad",
              "non_striker": "DC Stovell",
              "runs": {
                "batter": 0,
                "extras": 0,
                "total": 0
              }
            },
            {
              "batter": "SD Outerbridge",
              "bowler": "C Sawad",
              "non_striker": "DC Stovell",
              "runs": {
                "batter": 4,
                "extras": 0,
                "total": 4
              }
            },
            {
              "batter": "SD Outerbridge",
              "bowler": "C Sawad",
              "non_striker": "DC Stovell",
              "runs": {
                "batter": 0,
                "extras": 0,
                "total": 0
              }
            }
          ]
        },
        {
          "over": 9,
          "deliveries": [
            {
              "batter": "DC Stovell",
              "bowler": "S Regmi",
              "non_striker": "SD Outerbridge",
              "runs": {
                "batter": 0,
                "extras": 0,
                "total": 0
              }
            },
            {
              "batter": "DC Stovell",
              "bowler": "S Regmi",
              "extras": {
                "wides": 2
              },
              "non_striker": "SD Outerbridge",
              "runs": {
                "batter": 0,
                "extras": 2,
                "total": 2
              }
            },
            {
              "batter": "SD Outerbridge",
              "bowler": "S Regmi",
              "non_striker": "DC Stovell",
              "runs": {
                "batter": 0,
                "extras": 0,
                "total": 0
              }
            },
            {
              "batter": "SD Outerbridge",
              "bowler": "S Regmi",
              "non_striker": "DC Stovell",
              "runs": {
                "batter": 0,
                "extras": 0,
                "total": 0
              }
            },
            {
              "batter": "SD Outerbridge",
              "bowler": "S Regmi",
              "non_striker": "DC Stovell",
              "runs": {
                "batter": 0,
                "extras": 0,
                "total": 0
              }
            },
            {
              "batter": "SD Outerbridge",
              "bowler": "S Regmi",
              "non_striker": "DC Stovell",
              "runs": {
                "batter": 0,
                "extras": 0,
                "total": 0
              }
            },
            {
              "batter": "SD Outerbridge",
              "bowler": "S Regmi",
              "non_striker": "DC Stovell",
              "runs": {
                "batter": 0,
                "extras": 0,
                "total": 0
              }
            }
          ]
        },
        {
          "over": 10,
          "deliveries": [
            {
              "batter": "DC Stovell",
              "bowler": "B Regmi",
              "non_striker": "SD Outerbridge",
              "runs": {
                "batter": 0,
                "extras": 0,
                "total": 0
              }
            },
            {
              "batter": "DC Stovell",
              "bowler": "B Regmi",
              "non_striker": "SD Outerbridge",
              "runs": {
                "batter": 0,
                "extras": 0,
                "total": 0
              }
            },
            {
              "batter": "DC Stovell",
              "bowler": "B Regmi",
              "non_striker": "SD Outerbridge",
              "runs": {
                "batter": 0,
                "extras": 0,
                "total": 0
              }
            },
            {
              "batter": "DC Stovell",
              "bowler": "B Regmi",
              "non_striker": "SD Outerbridge",
              "runs": {
                "batter": 1,
                "extras": 0,
                "total": 1
              }
            },
            {
              "batter": "SD Outerbridge",
              "bowler": "B Regmi",
              "extras": {
                "wides": 1
              },
              "non_striker": "DC Stovell",
              "runs": {
                "batter": 0,
                "extras": 1,
                "total": 1
              }
            },
            {
              "batter": "SD Outerbridge",
              "bowler": "B Regmi",
              "non_striker": "DC Stovell",
              "runs": {
                "batter": 0,
                "extras": 0,
                "total": 0
              }
            },
            {
              "batter": "SD Outerbridge",
              "bowler": "B Regmi",
              "non_striker": "DC Stovell",
              "runs": {
                "batter": 0,
                "extras": 0,
                "total": 0
              }
            }
          ]
        },
        {
          "over": 11,
          "deliveries": [
            {
              "batter": "DC Stovell",
              "bowler": "S Regmi",
              "non_striker": "SD Outerbridge",
              "runs": {
                "batter": 0,
                "extras": 0,
                "total": 0
              },
              "wickets": [
                {
                  "kind": "stumped",
                  "player_out": "DC Stovell",
                  "fielders": [
                    {
                      "name": "SP Khakurel"
                    }
                  ]
                }
              ]
            },
            {
              "batter": "DL Hemp",
              "bowler": "S Regmi",
              "non_striker": "SD Outerbridge",
              "runs": {
                "batter": 0,
                "extras": 0,
                "total": 0
              }
            },
            {
              "batter": "DL Hemp",
              "bowler": "S Regmi",
              "non_striker": "SD Outerbridge",
              "runs": {
                "batter": 0,
                "extras": 0,
                "total": 0
              }
            },
            {
              "batter": "DL Hemp",
              "bowler": "S Regmi",
              "non_striker": "SD Outerbridge",
              "runs": {
                "batter": 0,
                "extras": 0,
                "total": 0
              }
            },
            {
              "batter": "DL Hemp",
              "bowler": "S Regmi",
              "non_striker": "SD Outerbridge",
              "runs": {
                "batter": 0,
                "extras": 0,
                "total": 0
              }
            },
            {
              "batter": "DL Hemp",
              "bowler": "S Regmi",
              "non_striker": "SD Outerbridge",
              "runs": {
                "batter": 1,
                "extras": 0,
                "total": 1
              }
            }
          ]
        },
        {
          "over": 12,
          "deliveries": [
            {
              "batter": "DL Hemp",
              "bowler": "P Baskota",
              "non_striker": "SD Outerbridge",
              "runs": {
                "batter": 0,
                "extras": 0,
                "total": 0
              }
            },
            {
              "batter": "DL Hemp",
              "bowler": "P Baskota",
              "non_striker": "SD Outerbridge",
              "runs": {
                "batter": 1,
                "extras": 0,
                "total": 1
              }
            },
            {
              "batter": "SD Outerbridge",
              "bowler": "P Baskota",
              "non_striker": "DL Hemp",
              "runs": {
                "batter": 0,
                "extras": 0,
                "total": 0
              }
            },
            {
              "batter": "SD Outerbridge",
              "bowler": "P Baskota",
              "non_striker": "DL Hemp",
              "runs": {
                "batter": 0,
                "extras": 0,
                "total": 0
              }
            },
            {
              "batter": "SD Outerbridge",
              "bowler": "P Baskota",
              "non_striker": "DL Hemp",
              "runs": {
                "batter": 0,
                "extras": 0,
                "total": 0
              }
            },
            {
              "batter": "SD Outerbridge",
              "bowler": "P Baskota",
              "non_striker": "DL Hemp",
              "runs": {
                "batter": 0,
                "extras": 0,
                "total": 0
              }
            }
          ]
        },
        {
          "over": 13,
          "deliveries": [
            {
              "batter": "DL Hemp",
              "bowler": "S Regmi",
              "non_striker": "SD Outerbridge",
              "runs": {
                "batter": 0,
                "extras": 0,
                "total": 0
              }
            },
            {
              "batter": "DL Hemp",
              "bowler": "S Regmi",
              "non_striker": "SD Outerbridge",
              "runs": {
                "batter": 0,
                "extras": 0,
                "total": 0
              }
            },
            {
              "batter": "DL Hemp",
              "bowler": "S Regmi",
              "non_striker": "SD Outerbridge",
              "runs": {
                "batter": 0,
                "extras": 0,
                "total": 0
              }
            },
            {
              "batter": "DL Hemp",
              "bowler": "S Regmi",
              "non_striker": "SD Outerbridge",
              "runs": {
                "batter": 2,
                "extras": 0,
                "total": 2
              }
            },
            {
              "batter": "DL Hemp",
              "bowler": "S Regmi",
              "non_striker": "SD Outerbridge",
              "runs": {
                "batter": 0,
                "extras": 0,
                "total": 0
              }
            },
            {
              "batter": "DL Hemp",
              "bowler": "S Regmi",
              "non_striker": "SD Outerbridge",
              "runs": {
                "batter": 0,
                "extras": 0,
                "total": 0
              }
            }
          ]
        },
        {
          "over": 14,
          "deliveries": [
            {
              "batter": "SD Outerbridge",
              "bowler": "P Baskota",
              "non_striker": "DL Hemp",
              "runs": {
                "batter": 1,
                "extras": 0,
                "total": 1
              }
            },
            {
              "batter": "DL Hemp",
              "bowler": "P Baskota",
              "non_striker": "SD Outerbridge",
              "runs": {
                "batter": 1,
                "extras": 0,
                "total": 1
              }
            },
            {
              "batter": "SD Outerbridge",
              "bowler": "P Baskota",
              "non_striker": "DL Hemp",
              "runs": {
                "batter": 1,
                "extras": 0,
                "total": 1
              }
            },
            {
              "batter": "DL Hemp",
              "bowler": "P Baskota",
              "non_striker": "SD Outerbridge",
              "runs": {
                "batter": 0,
                "extras": 0,
                "total": 0
              }
            },
            {
              "batter": "DL Hemp",
              "bowler": "P Baskota",
              "non_striker": "SD Outerbridge",
              "runs": {
                "batter": 0,
                "extras": 0,
                "total": 0
              }
            },
            {
              "batter": "DL Hemp",
              "bowler": "P Baskota",
              "non_striker": "SD Outerbridge",
              "runs": {
                "batter": 1,
                "extras": 0,
                "total": 1
              }
            }
          ]
        },
        {
          "over": 15,
          "deliveries": [
            {
              "batter": "DL Hemp",
              "bowler": "S Regmi",
              "non_striker": "SD Outerbridge",
              "runs": {
                "batter": 0,
                "extras": 0,
                "total": 0
              }
            },
            {
              "batter": "DL Hemp",
              "bowler": "S Regmi",
              "non_striker": "SD Outerbridge",
              "runs": {
                "batter": 0,
                "extras": 0,
                "total": 0
              }
            },
            {
              "batter": "DL Hemp",
              "bowler": "S Regmi",
              "non_striker": "SD Outerbridge",
              "runs": {
                "batter": 1,
                "extras": 0,
                "total": 1
              }
            },
            {
              "batter": "SD Outerbridge",
              "bowler": "S Regmi",
              "non_striker": "DL Hemp",
              "runs": {
                "batter": 1,
                "extras": 0,
                "total": 1
              }
            },
            {
              "batter": "DL Hemp",
              "bowler": "S Regmi",
              "non_striker": "SD Outerbridge",
              "runs": {
                "batter": 0,
                "extras": 0,
                "total": 0
              }
            },
            {
              "batter": "DL Hemp",
              "bowler": "S Regmi",
              "non_striker": "SD Outerbridge",
              "runs": {
                "batter": 0,
                "extras": 0,
                "total": 0
              }
            }
          ]
        },
        {
          "over": 16,
          "deliveries": [
            {
              "batter": "SD Outerbridge",
              "bowler": "P Khadka",
              "non_striker": "DL Hemp",
              "runs": {
                "batter": 0,
                "extras": 0,
                "total": 0
              }
            },
            {
              "batter": "SD Outerbridge",
              "bowler": "P Khadka",
              "non_striker": "DL Hemp",
              "runs": {
                "batter": 0,
                "extras": 0,
                "total": 0
              }
            },
            {
              "batter": "SD Outerbridge",
              "bowler": "P Khadka",
              "non_striker": "DL Hemp",
              "runs": {
                "batter": 0,
                "extras": 0,
                "total": 0
              }
            },
            {
              "batter": "SD Outerbridge",
              "bowler": "P Khadka",
              "non_striker": "DL Hemp",
              "runs": {
                "batter": 4,
                "extras": 0,
                "total": 4
              }
            },
            {
              "batter": "SD Outerbridge",
              "bowler": "P Khadka",
              "non_striker": "DL Hemp",
              "runs": {
                "batter": 0,
                "extras": 0,
                "total": 0
              }
            },
            {
              "batter": "SD Outerbridge",
              "bowler": "P Khadka",
              "non_striker": "DL Hemp",
              "runs": {
                "batter": 0,
                "extras": 0,
                "total": 0
              }
            }
          ]
        },
        {
          "over": 17,
          "deliveries": [
            {
              "batter": "DL Hemp",
              "bowler": "S Regmi",
              "non_striker": "SD Outerbridge",
              "runs": {
                "batter": 0,
                "extras": 0,
                "total": 0
              }
            },
            {
              "batter": "DL Hemp",
              "bowler": "S Regmi",
              "non_striker": "SD Outerbridge",
              "runs": {
                "batter": 1,
                "extras": 0,
                "total": 1
              }
            },
            {
              "batter": "SD Outerbridge",
              "bowler": "S Regmi",
              "non_striker": "DL Hemp",
              "runs": {
                "batter": 0,
                "extras": 0,
                "total": 0
              }
            },
            {
              "batter": "SD Outerbridge",
              "bowler": "S Regmi",
              "non_striker": "DL Hemp",
              "runs": {
                "batter": 0,
                "extras": 0,
                "total": 0
              }
            },
            {
              "batter": "SD Outerbridge",
              "bowler": "S Regmi",
              "non_striker": "DL Hemp",
              "runs": {
                "batter": 0,
                "extras": 0,
                "total": 0
              }
            },
            {
              "batter": "SD Outerbridge",
              "bowler": "S Regmi",
              "non_striker": "DL Hemp",
              "runs": {
                "batter": 2,
                "extras": 0,
                "total": 2
              }
            }
          ]
        },
        {
          "over": 18,
          "deliveries": [
            {
              "batter": "DL Hemp",
              "bowler": "P Khadka",
              "non_striker": "SD Outerbridge",
              "runs": {
                "batter": 0,
                "extras": 0,
                "total": 0
              }
            },
            {
              "batter": "DL Hemp",
              "bowler": "P Khadka",
              "non_striker": "SD Outerbridge",
              "runs": {
                "batter": 0,
                "extras": 0,
                "total": 0
              }
            },
            {
              "batter": "DL Hemp",
              "bowler": "P Khadka",
              "non_striker": "SD Outerbridge",
              "runs": {
                "batter": 0,
                "extras": 0,
                "total": 0
              }
            },
            {
              "batter": "DL Hemp",
              "bowler": "P Khadka",
              "non_striker": "SD Outerbridge",
              "runs": {
                "batter": 1,
                "extras": 0,
                "total": 1
              }
            },
            {
              "batter": "SD Outerbridge",
              "bowler": "P Khadka",
              "non_striker": "DL Hemp",
              "runs": {
                "batter": 0,
                "extras": 0,
                "total": 0
              }
            },
            {
              "batter": "SD Outerbridge",
              "bowler": "P Khadka",
              "non_striker": "DL Hemp",
              "runs": {
                "batter": 0,
                "extras": 0,
                "total": 0
              }
            }
          ]
        },
        {
          "over": 19,
          "deliveries": [
            {
              "batter": "DL Hemp",
              "bowler": "B Regmi",
              "non_striker": "SD Outerbridge",
              "runs": {
                "batter": 0,
                "extras": 0,
                "total": 0
              }
            },
            {
              "batter": "DL Hemp",
              "bowler": "B Regmi",
              "extras": {
                "wides": 1
              },
              "non_striker": "SD Outerbridge",
              "runs": {
                "batter": 0,
                "extras": 1,
                "total": 1
              }
            },
            {
              "batter": "DL Hemp",
              "bowler": "B Regmi",
              "non_striker": "SD Outerbridge",
              "runs": {
                "batter": 0,
                "extras": 0,
                "total": 0
              }
            },
            {
              "batter": "DL Hemp",
              "bowler": "B Regmi",
              "non_striker": "SD Outerbridge",
              "runs": {
                "batter": 1,
                "extras": 0,
                "total": 1
              }
            },
            {
              "batter": "SD Outerbridge",
              "bowler": "B Regmi",
              "non_striker": "DL Hemp",
              "runs": {
                "batter": 1,
                "extras": 0,
                "total": 1
              }
            },
            {
              "batter": "DL Hemp",
              "bowler": "B Regmi",
              "non_striker": "SD Outerbridge",
              "runs": {
                "batter": 0,
                "extras": 0,
                "total": 0
              }
            },
            {
              "batter": "DL Hemp",
              "bowler": "B Regmi",
              "non_striker": "SD Outerbridge",
              "runs": {
                "batter": 4,
                "extras": 0,
                "total": 4
              }
            }
          ]
        },
        {
          "over": 20,
          "deliveries": [
            {
              "batter": "SD Outerbridge",
              "bowler": "P Khadka",
              "non_striker": "DL Hemp",
              "runs": {
                "batter": 0,
                "extras": 0,
                "total": 0
              }
            },
            {
              "batter": "SD Outerbridge",
              "bowler": "P Khadka",
              "non_striker": "DL Hemp",
              "runs": {
                "batter": 1,
                "extras": 0,
                "total": 1
              }
            },
            {
              "batter": "DL Hemp",
              "bowler": "P Khadka",
              "non_striker": "SD Outerbridge",
              "runs": {
                "batter": 1,
                "extras": 0,
                "total": 1
              }
            },
            {
              "batter": "SD Outerbridge",
              "bowler": "P Khadka",
              "non_striker": "DL Hemp",
              "runs": {
                "batter": 1,
                "extras": 0,
                "total": 1
              }
            },
            {
              "batter": "DL Hemp",
              "bowler": "P Khadka",
              "non_striker": "SD Outerbridge",
              "runs": {
                "batter": 0,
                "extras": 0,
                "total": 0
              }
            },
            {
              "batter": "DL Hemp",
              "bowler": "P Khadka",
              "non_striker": "SD Outerbridge",
              "runs": {
                "batter": 1,
                "extras": 0,
                "total": 1
              }
            }
          ]
        },
        {
          "over": 21,
          "deliveries": [
            {
              "batter": "DL Hemp",
              "bowler": "B Regmi",
              "non_striker": "SD Outerbridge",
              "runs": {
                "batter": 0,
                "extras": 0,
                "total": 0
              }
            },
            {
              "batter": "DL Hemp",
              "bowler": "B Regmi",
              "non_striker": "SD Outerbridge",
              "runs": {
                "batter": 0,
                "extras": 0,
                "total": 0
              }
            },
            {
              "batter": "DL Hemp",
              "bowler": "B Regmi",
              "non_striker": "SD Outerbridge",
              "runs": {
                "batter": 0,
                "extras": 0,
                "total": 0
              }
            },
            {
              "batter": "DL Hemp",
              "bowler": "B Regmi",
              "non_striker": "SD Outerbridge",
              "runs": {
                "batter": 0,
                "extras": 0,
                "total": 0
              },
              "wickets": [
                {
                  "kind": "lbw",
                  "player_out": "DL Hemp"
                }
              ]
            },
            {
              "batter": "JJ Tucker",
              "bowler": "B Regmi",
              "non_striker": "SD Outerbridge",
              "runs": {
                "batter": 0,
                "extras": 0,
                "total": 0
              }
            },
            {
              "batter": "JJ Tucker",
              "bowler": "B Regmi",
              "non_striker": "SD Outerbridge",
              "runs": {
                "batter": 0,
                "extras": 0,
                "total": 0
              }
            }
          ]
        },
        {
          "over": 22,
          "deliveries": [
            {
              "batter": "SD Outerbridge",
              "bowler": "P Khadka",
              "non_striker": "JJ Tucker",
              "runs": {
                "batter": 1,
                "extras": 0,
                "total": 1
              }
            },
            {
              "batter": "JJ Tucker",
              "bowler": "P Khadka",
              "non_striker": "SD Outerbridge",
              "runs": {
                "batter": 2,
                "extras": 0,
                "total": 2
              }
            },
            {
              "batter": "JJ Tucker",
              "bowler": "P Khadka",
              "non_striker": "SD Outerbridge",
              "runs": {
                "batter": 0,
                "extras": 0,
                "total": 0
              }
            },
            {
              "batter": "JJ Tucker",
              "bowler": "P Khadka",
              "non_striker": "SD Outerbridge",
              "runs": {
                "batter": 0,
                "extras": 0,
                "total": 0
              },
              "wickets": [
                {
                  "kind": "caught",
                  "player_out": "JJ Tucker",
                  "fielders": [
                    {
                      "name": "B Regmi"
                    }
                  ]
                }
              ]
            },
            {
              "batter": "J Anderson",
              "bowler": "P Khadka",
              "non_striker": "SD Outerbridge",
              "runs": {
                "batter": 1,
                "extras": 0,
                "total": 1
              }
            },
            {
              "batter": "SD Outerbridge",
              "bowler": "P Khadka",
              "non_striker": "J Anderson",
              "runs": {
                "batter": 0,
                "extras": 0,
                "total": 0
              }
            }
          ]
        },
        {
          "over": 23,
          "deliveries": [
            {
              "batter": "J Anderson",
              "bowler": "B Regmi",
              "non_striker": "SD Outerbridge",
              "runs": {
                "batter": 0,
                "extras": 0,
                "total": 0
              }
            },
            {
              "batter": "J Anderson",
              "bowler": "B Regmi",
              "non_striker": "SD Outerbridge",
              "runs": {
                "batter": 0,
                "extras": 0,
                "total": 0
              }
            },
            {
              "batter": "J Anderson",
              "bowler": "B Regmi",
              "non_striker": "SD Outerbridge",
              "runs": {
                "batter": 0,
                "extras": 0,
                "total": 0
              }
            },
            {
              "batter": "J Anderson",
              "bowler": "B Regmi",
              "non_striker": "SD Outerbridge",
              "runs": {
                "batter": 0,
                "extras": 0,
                "total": 0
              }
            },
            {
              "batter": "J Anderson",
              "bowler": "B Regmi",
              "non_striker": "SD Outerbridge",
              "runs": {
                "batter": 4,
                "extras": 0,
                "total": 4
              }
            },
            {
              "batter": "J Anderson",
              "bowler": "B Regmi",
              "non_striker": "SD Outerbridge",
              "runs": {
                "batter": 2,
                "extras": 0,
                "total": 2
              }
            }
          ]
        },
        {
          "over": 24,
          "deliveries": [
            {
              "batter": "SD Outerbridge",
              "bowler": "P Khadka",
              "non_striker": "J Anderson",
              "runs": {
                "batter": 0,
                "extras": 0,
                "total": 0
              }
            },
            {
              "batter": "SD Outerbridge",
              "bowler": "P Khadka",
              "non_striker": "J Anderson",
              "runs": {
                "batter": 0,
                "extras": 0,
                "total": 0
              }
            },
            {
              "batter": "SD Outerbridge",
              "bowler": "P Khadka",
              "non_striker": "J Anderson",
              "runs": {
                "batter": 0,
                "extras": 0,
                "total": 0
              }
            },
            {
              "batter": "SD Outerbridge",
              "bowler": "P Khadka",
              "non_striker": "J Anderson",
              "runs": {
                "batter": 0,
                "extras": 0,
                "total": 0
              }
            },
            {
              "batter": "SD Outerbridge",
              "bowler": "P Khadka",
              "non_striker": "J Anderson",
              "runs": {
                "batter": 1,
                "extras": 0,
                "total": 1
              }
            },
            {
              "batter": "J Anderson",
              "bowler": "P Khadka",
              "non_striker": "SD Outerbridge",
              "runs": {
                "batter": 1,
                "extras": 0,
                "total": 1
              }
            }
          ]
        },
        {
          "over": 25,
          "deliveries": [
            {
              "batter": "J Anderson",
              "bowler": "B Regmi",
              "non_striker": "SD Outerbridge",
              "runs": {
                "batter": 0,
                "extras": 0,
                "total": 0
              }
            },
            {
              "batter": "J Anderson",
              "bowler": "B Regmi",
              "non_striker": "SD Outerbridge",
              "runs": {
                "batter": 0,
                "extras": 0,
                "total": 0
              }
            },
            {
              "batter": "J Anderson",
              "bowler": "B Regmi",
              "non_striker": "SD Outerbridge",
              "runs": {
                "batter": 1,
                "extras": 0,
                "total": 1
              }
            },
            {
              "batter": "SD Outerbridge",
              "bowler": "B Regmi",
              "non_striker": "J Anderson",
              "runs": {
                "batter": 0,
                "extras": 0,
                "total": 0
              }
            },
            {
              "batter": "SD Outerbridge",
              "bowler": "B Regmi",
              "non_striker": "J Anderson",
              "runs": {
                "batter": 0,
                "extras": 0,
                "total": 0
              }
            },
            {
              "batter": "SD Outerbridge",
              "bowler": "B Regmi",
              "non_striker": "J Anderson",
              "runs": {
                "batter": 0,
                "extras": 0,
                "total": 0
              }
            }
          ]
        },
        {
          "over": 26,
          "deliveries": [
            {
              "batter": "J Anderson",
              "bowler": "P Khadka",
              "non_striker": "SD Outerbridge",
              "runs": {
                "batter": 0,
                "extras": 0,
                "total": 0
              }
            },
            {
              "batter": "J Anderson",
              "bowler": "P Khadka",
              "non_striker": "SD Outerbridge",
              "runs": {
                "batter": 0,
                "extras": 0,
                "total": 0
              },
              "wickets": [
                {
                  "kind": "bowled",
                  "player_out": "J Anderson"
                }
              ]
            },
            {
              "batter": "LOB Cann",
              "bowler": "P Khadka",
              "non_striker": "SD Outerbridge",
              "runs": {
                "batter": 0,
                "extras": 0,
                "total": 0
              }
            },
            {
              "batter": "LOB Cann",
              "bowler": "P Khadka",
              "non_striker": "SD Outerbridge",
              "runs": {
                "batter": 0,
                "extras": 0,
                "total": 0
              }
            },
            {
              "batter": "LOB Cann",
              "bowler": "P Khadka",
              "non_striker": "SD Outerbridge",
              "runs": {
                "batter": 0,
                "extras": 0,
                "total": 0
              }
            },
            {
              "batter": "LOB Cann",
              "bowler": "P Khadka",
              "non_striker": "SD Outerbridge",
              "runs": {
                "batter": 0,
                "extras": 0,
                "total": 0
              },
              "wickets": [
                {
                  "kind": "caught",
                  "player_out": "LOB Cann",
                  "fielders": [
                    {
                      "name": "G Malla"
                    }
                  ]
                }
              ]
            }
          ]
        },
        {
          "over": 27,
          "deliveries": [
            {
              "batter": "SD Outerbridge",
              "bowler": "S Regmi",
              "non_striker": "T Gibbons",
              "runs": {
                "batter": 0,
                "extras": 0,
                "total": 0
              }
            },
            {
              "batter": "SD Outerbridge",
              "bowler": "S Regmi",
              "non_striker": "T Gibbons",
              "runs": {
                "batter": 0,
                "extras": 0,
                "total": 0
              }
            },
            {
              "batter": "SD Outerbridge",
              "bowler": "S Regmi",
              "non_striker": "T Gibbons",
              "runs": {
                "batter": 0,
                "extras": 0,
                "total": 0
              }
            },
            {
              "batter": "SD Outerbridge",
              "bowler": "S Regmi",
              "non_striker": "T Gibbons",
              "runs": {
                "batter": 1,
                "extras": 0,
                "total": 1
              }
            },
            {
              "batter": "T Gibbons",
              "bowler": "S Regmi",
              "non_striker": "SD Outerbridge",
              "runs": {
                "batter": 0,
                "extras": 0,
                "total": 0
              }
            },
            {
              "batter": "T Gibbons",
              "bowler": "S Regmi",
              "non_striker": "SD Outerbridge",
              "runs": {
                "batter": 0,
                "extras": 0,
                "total": 0
              }
            }
          ]
        },
        {
          "over": 28,
          "deliveries": [
            {
              "batter": "SD Outerbridge",
              "bowler": "P Khadka",
              "non_striker": "T Gibbons",
              "runs": {
                "batter": 1,
                "extras": 0,
                "total": 1
              }
            },
            {
              "batter": "T Gibbons",
              "bowler": "P Khadka",
              "non_striker": "SD Outerbridge",
              "runs": {
                "batter": 0,
                "extras": 0,
                "total": 0
              }
            },
            {
              "batter": "T Gibbons",
              "bowler": "P Khadka",
              "non_striker": "SD Outerbridge",
              "runs": {
                "batter": 1,
                "extras": 0,
                "total": 1
              }
            },
            {
              "batter": "SD Outerbridge",
              "bowler": "P Khadka",
              "non_striker": "T Gibbons",
              "runs": {
                "batter": 0,
                "extras": 0,
                "total": 0
              }
            },
            {
              "batter": "SD Outerbridge",
              "bowler": "P Khadka",
              "non_striker": "T Gibbons",
              "runs": {
                "batter": 0,
                "extras": 0,
                "total": 0
              }
            },
            {
              "batter": "SD Outerbridge",
              "bowler": "P Khadka",
              "non_striker": "T Gibbons",
              "runs": {
                "batter": 0,
                "extras": 0,
                "total": 0
              }
            }
          ]
        },
        {
          "over": 29,
          "deliveries": [
            {
              "batter": "T Gibbons",
              "bowler": "B Regmi",
              "non_striker": "SD Outerbridge",
              "runs": {
                "batter": 0,
                "extras": 0,
                "total": 0
              }
            },
            {
              "batter": "T Gibbons",
              "bowler": "B Regmi",
              "non_striker": "SD Outerbridge",
              "runs": {
                "batter": 0,
                "extras": 0,
                "total": 0
              }
            },
            {
              "batter": "T Gibbons",
              "bowler": "B Regmi",
              "non_striker": "SD Outerbridge",
              "runs": {
                "batter": 0,
                "extras": 0,
                "total": 0
              }
            },
            {
              "batter": "T Gibbons",
              "bowler": "B Regmi",
              "non_striker": "SD Outerbridge",
              "runs": {
                "batter": 0,
                "extras": 0,
                "total": 0
              }
            },
            {
              "batter": "T Gibbons",
              "bowler": "B Regmi",
              "non_striker": "SD Outerbridge",
              "runs": {
                "batter": 0,
                "extras": 0,
                "total": 0
              }
            },
            {
              "batter": "T Gibbons",
              "bowler": "B Regmi",
              "non_striker": "SD Outerbridge",
              "runs": {
                "batter": 0,
                "extras": 0,
                "total": 0
              },
              "wickets": [
                {
                  "kind": "bowled",
                  "player_out": "T Gibbons"
                }
              ]
            }
          ]
        },
        {
          "over": 30,
          "deliveries": [
            {
              "batter": "SD Outerbridge",
              "bowler": "P Khadka",
              "non_striker": "MO Jones",
              "runs": {
                "batter": 0,
                "extras": 0,
                "total": 0
              }
            },
            {
              "batter": "SD Outerbridge",
              "bowler": "P Khadka",
              "non_striker": "MO Jones",
              "runs": {
                "batter": 0,
                "extras": 0,
                "total": 0
              },
              "wickets": [
                {
                  "kind": "bowled",
                  "player_out": "SD Outerbridge"
                }
              ]
            },
            {
              "batter": "RJ Trott",
              "bowler": "P Khadka",
              "non_striker": "MO Jones",
              "runs": {
                "batter": 0,
                "extras": 0,
                "total": 0
              }
            },
            {
              "batter": "RJ Trott",
              "bowler": "P Khadka",
              "extras": {
                "wides": 1
              },
              "non_striker": "MO Jones",
              "runs": {
                "batter": 0,
                "extras": 1,
                "total": 1
              }
            },
            {
              "batter": "RJ Trott",
              "bowler": "P Khadka",
              "non_striker": "MO Jones",
              "runs": {
                "batter": 0,
                "extras": 0,
                "total": 0
              }
            },
            {
              "batter": "RJ Trott",
              "bowler": "P Khadka",
              "non_striker": "MO Jones",
              "runs": {
                "batter": 0,
                "extras": 0,
                "total": 0
              }
            },
            {
              "batter": "RJ Trott",
              "bowler": "P Khadka",
              "non_striker": "MO Jones",
              "runs": {
                "batter": 0,
                "extras": 0,
                "total": 0
              }
            }
          ]
        },
        {
          "over": 31,
          "deliveries": [
            {
              "batter": "MO Jones",
              "bowler": "B Regmi",
              "non_striker": "RJ Trott",
              "runs": {
                "batter": 0,
                "extras": 0,
                "total": 0
              }
            },
            {
              "batter": "MO Jones",
              "bowler": "B Regmi",
              "non_striker": "RJ Trott",
              "runs": {
                "batter": 0,
                "extras": 0,
                "total": 0
              }
            },
            {
              "batter": "MO Jones",
              "bowler": "B Regmi",
              "non_striker": "RJ Trott",
              "runs": {
                "batter": 0,
                "extras": 0,
                "total": 0
              }
            },
            {
              "batter": "MO Jones",
              "bowler": "B Regmi",
              "non_striker": "RJ Trott",
              "runs": {
                "batter": 0,
                "extras": 0,
                "total": 0
              }
            },
            {
              "batter": "MO Jones",
              "bowler": "B Regmi",
              "non_striker": "RJ Trott",
              "runs": {
                "batter": 0,
                "extras": 0,
                "total": 0
              }
            },
            {
              "batter": "MO Jones",
              "bowler": "B Regmi",
              "non_striker": "RJ Trott",
              "runs": {
                "batter": 1,
                "extras": 0,
                "total": 1
              }
            }
          ]
        },
        {
          "over": 32,
          "deliveries": [
            {
              "batter": "MO Jones",
              "bowler": "P Khadka",
              "non_striker": "RJ Trott",
              "runs": {
                "batter": 2,
                "extras": 0,
                "total": 2
              }
            },
            {
              "batter": "MO Jones",
              "bowler": "P Khadka",
              "non_striker": "RJ Trott",
              "runs": {
                "batter": 0,
                "extras": 0,
                "total": 0
              }
            },
            {
              "batter": "MO Jones",
              "bowler": "P Khadka",
              "non_striker": "RJ Trott",
              "runs": {
                "batter": 4,
                "extras": 0,
                "total": 4
              }
            },
            {
              "batter": "MO Jones",
              "bowler": "P Khadka",
              "non_striker": "RJ Trott",
              "runs": {
                "batter": 1,
                "extras": 0,
                "total": 1
              }
            },
            {
              "batter": "RJ Trott",
              "bowler": "P Khadka",
              "non_striker": "MO Jones",
              "runs": {
                "batter": 0,
                "extras": 0,
                "total": 0
              }
            },
            {
              "batter": "RJ Trott",
              "bowler": "P Khadka",
              "non_striker": "MO Jones",
              "runs": {
                "batter": 0,
                "extras": 0,
                "total": 0
              }
            }
          ]
        },
        {
          "over": 33,
          "deliveries": [
            {
              "batter": "MO Jones",
              "bowler": "B Regmi",
              "non_striker": "RJ Trott",
              "runs": {
                "batter": 1,
                "extras": 0,
                "total": 1
              }
            },
            {
              "batter": "RJ Trott",
              "bowler": "B Regmi",
              "non_striker": "MO Jones",
              "runs": {
                "batter": 0,
                "extras": 0,
                "total": 0
              }
            },
            {
              "batter": "RJ Trott",
              "bowler": "B Regmi",
              "non_striker": "MO Jones",
              "runs": {
                "batter": 0,
                "extras": 0,
                "total": 0
              }
            },
            {
              "batter": "RJ Trott",
              "bowler": "B Regmi",
              "non_striker": "MO Jones",
              "runs": {
                "batter": 1,
                "extras": 0,
                "total": 1
              }
            },
            {
              "batter": "MO Jones",
              "bowler": "B Regmi",
              "non_striker": "RJ Trott",
              "runs": {
                "batter": 0,
                "extras": 0,
                "total": 0
              }
            },
            {
              "batter": "MO Jones",
              "bowler": "B Regmi",
              "non_striker": "RJ Trott",
              "runs": {
                "batter": 0,
                "extras": 0,
                "total": 0
              }
            }
          ]
        },
        {
          "over": 34,
          "deliveries": [
            {
              "batter": "RJ Trott",
              "bowler": "SP Gauchan",
              "non_striker": "MO Jones",
              "runs": {
                "batter": 0,
                "extras": 0,
                "total": 0
              }
            },
            {
              "batter": "RJ Trott",
              "bowler": "SP Gauchan",
              "non_striker": "MO Jones",
              "runs": {
                "batter": 0,
                "extras": 0,
                "total": 0
              }
            },
            {
              "batter": "RJ Trott",
              "bowler": "SP Gauchan",
              "non_striker": "MO Jones",
              "runs": {
                "batter": 0,
                "extras": 0,
                "total": 0
              }
            },
            {
              "batter": "RJ Trott",
              "bowler": "SP Gauchan",
              "non_striker": "MO Jones",
              "runs": {
                "batter": 0,
                "extras": 0,
                "total": 0
              }
            },
            {
              "batter": "RJ Trott",
              "bowler": "SP Gauchan",
              "non_striker": "MO Jones",
              "runs": {
                "batter": 0,
                "extras": 0,
                "total": 0
              }
            },
            {
              "batter": "RJ Trott",
              "bowler": "SP Gauchan",
              "non_striker": "MO Jones",
              "runs": {
                "batter": 0,
                "extras": 0,
                "total": 0
              }
            }
          ]
        },
        {
          "over": 35,
          "deliveries": [
            {
              "batter": "MO Jones",
              "bowler": "B Regmi",
              "non_striker": "RJ Trott",
              "runs": {
                "batter": 1,
                "extras": 0,
                "total": 1
              }
            },
            {
              "batter": "RJ Trott",
              "bowler": "B Regmi",
              "non_striker": "MO Jones",
              "runs": {
                "batter": 0,
                "extras": 0,
                "total": 0
              }
            },
            {
              "batter": "RJ Trott",
              "bowler": "B Regmi",
              "non_striker": "MO Jones",
              "runs": {
                "batter": 0,
                "extras": 0,
                "total": 0
              }
            },
            {
              "batter": "RJ Trott",
              "bowler": "B Regmi",
              "non_striker": "MO Jones",
              "runs": {
                "batter": 0,
                "extras": 0,
                "total": 0
              }
            },
            {
              "batter": "RJ Trott",
              "bowler": "B Regmi",
              "non_striker": "MO Jones",
              "runs": {
                "batter": 0,
                "extras": 0,
                "total": 0
              }
            },
            {
              "batter": "RJ Trott",
              "bowler": "B Regmi",
              "non_striker": "MO Jones",
              "runs": {
                "batter": 0,
                "extras": 0,
                "total": 0
              },
              "wickets": [
                {
                  "kind": "lbw",
                  "player_out": "RJ Trott"
                }
              ]
            }
          ]
        },
        {
          "over": 36,
          "deliveries": [
            {
              "batter": "MO Jones",
              "bowler": "SP Gauchan",
              "non_striker": "RJ Robinson",
              "runs": {
                "batter": 0,
                "extras": 0,
                "total": 0
              }
            },
            {
              "batter": "MO Jones",
              "bowler": "SP Gauchan",
              "non_striker": "RJ Robinson",
              "runs": {
                "batter": 4,
                "extras": 0,
                "total": 4
              }
            },
            {
              "batter": "MO Jones",
              "bowler": "SP Gauchan",
              "non_striker": "RJ Robinson",
              "runs": {
                "batter": 0,
                "extras": 0,
                "total": 0
              }
            },
            {
              "batter": "MO Jones",
              "bowler": "SP Gauchan",
              "non_striker": "RJ Robinson",
              "runs": {
                "batter": 0,
                "extras": 0,
                "total": 0
              }
            },
            {
              "batter": "MO Jones",
              "bowler": "SP Gauchan",
              "non_striker": "RJ Robinson",
              "runs": {
                "batter": 1,
                "extras": 0,
                "total": 1
              }
            },
            {
              "batter": "RJ Robinson",
              "bowler": "SP Gauchan",
              "non_striker": "MO Jones",
              "runs": {
                "batter": 0,
                "extras": 0,
                "total": 0
              }
            }
          ]
        },
        {
          "over": 37,
          "deliveries": [
            {
              "batter": "MO Jones",
              "bowler": "B Regmi",
              "non_striker": "RJ Robinson",
              "runs": {
                "batter": 0,
                "extras": 0,
                "total": 0
              }
            },
            {
              "batter": "MO Jones",
              "bowler": "B Regmi",
              "non_striker": "RJ Robinson",
              "runs": {
                "batter": 0,
                "extras": 0,
                "total": 0
              }
            },
            {
              "batter": "MO Jones",
              "bowler": "B Regmi",
              "non_striker": "RJ Robinson",
              "runs": {
                "batter": 0,
                "extras": 0,
                "total": 0
              }
            },
            {
              "batter": "MO Jones",
              "bowler": "B Regmi",
              "non_striker": "RJ Robinson",
              "runs": {
                "batter": 0,
                "extras": 0,
                "total": 0
              }
            },
            {
              "batter": "MO Jones",
              "bowler": "B Regmi",
              "non_striker": "RJ Robinson",
              "runs": {
                "batter": 0,
                "extras": 0,
                "total": 0
              }
            },
            {
              "batter": "MO Jones",
              "bowler": "B Regmi",
              "non_striker": "RJ Robinson",
              "runs": {
                "batter": 0,
                "extras": 0,
                "total": 0
              }
            }
          ]
        },
        {
          "over": 38,
          "deliveries": [
            {
              "batter": "RJ Robinson",
              "bowler": "SP Gauchan",
              "non_striker": "MO Jones",
              "runs": {
                "batter": 0,
                "extras": 0,
                "total": 0
              }
            },
            {
              "batter": "RJ Robinson",
              "bowler": "SP Gauchan",
              "non_striker": "MO Jones",
              "runs": {
                "batter": 0,
                "extras": 0,
                "total": 0
              },
              "wickets": [
                {
                  "kind": "caught",
                  "player_out": "RJ Robinson",
                  "fielders": [
                    {
                      "name": "PS Airee",
                      "substitute": true
                    }
                  ]
                }
              ]
            }
          ]
        }
      ],
      "powerplays": [
        {
          "from": 0.1,
          "to": 9.7,
          "type": "mandatory"
        }
      ]
    },
    {
      "team": "Nepal",
      "overs": [
        {
          "over": 0,
          "deliveries": [
            {
              "batter": "SP Khakurel",
              "bowler": "MO Jones",
              "non_striker": "AK Mandal",
              "runs": {
                "batter": 4,
                "extras": 0,
                "total": 4
              }
            },
            {
              "batter": "SP Khakurel",
              "bowler": "MO Jones",
              "non_striker": "AK Mandal",
              "runs": {
                "batter": 1,
                "extras": 0,
                "total": 1
              }
            },
            {
              "batter": "AK Mandal",
              "bowler": "MO Jones",
              "non_striker": "SP Khakurel",
              "runs": {
                "batter": 0,
                "extras": 0,
                "total": 0
              }
            },
            {
              "batter": "AK Mandal",
              "bowler": "MO Jones",
              "non_striker": "SP Khakurel",
              "runs": {
                "batter": 2,
                "extras": 0,
                "total": 2
              }
            },
            {
              "batter": "AK Mandal",
              "bowler": "MO Jones",
              "non_striker": "SP Khakurel",
              "runs": {
                "batter": 0,
                "extras": 0,
                "total": 0
              }
            },
            {
              "batter": "AK Mandal",
              "bowler": "MO Jones",
              "non_striker": "SP Khakurel",
              "runs": {
                "batter": 0,
                "extras": 0,
                "total": 0
              }
            }
          ]
        },
        {
          "over": 1,
          "deliveries": [
            {
              "batter": "SP Khakurel",
              "bowler": "DC Stovell",
              "extras": {
                "wides": 5
              },
              "non_striker": "AK Mandal",
              "runs": {
                "batter": 0,
                "extras": 5,
                "total": 5
              }
            },
            {
              "batter": "SP Khakurel",
              "bowler": "DC Stovell",
              "non_striker": "AK Mandal",
              "runs": {
                "batter": 1,
                "extras": 0,
                "total": 1
              }
            },
            {
              "batter": "AK Mandal",
              "bowler": "DC Stovell",
              "non_striker": "SP Khakurel",
              "runs": {
                "batter": 0,
                "extras": 0,
                "total": 0
              }
            },
            {
              "batter": "AK Mandal",
              "bowler": "DC Stovell",
              "non_striker": "SP Khakurel",
              "runs": {
                "batter": 4,
                "extras": 0,
                "total": 4
              }
            },
            {
              "batter": "AK Mandal",
              "bowler": "DC Stovell",
              "non_striker": "SP Khakurel",
              "runs": {
                "batter": 4,
                "extras": 0,
                "total": 4
              }
            },
            {
              "batter": "AK Mandal",
              "bowler": "DC Stovell",
              "non_striker": "SP Khakurel",
              "runs": {
                "batter": 0,
                "extras": 0,
                "total": 0
              }
            },
            {
              "batter": "AK Mandal",
              "bowler": "DC Stovell",
              "non_striker": "SP Khakurel",
              "runs": {
                "batter": 2,
                "extras": 0,
                "total": 2
              }
            }
          ]
        },
        {
          "over": 2,
          "deliveries": [
            {
              "batter": "SP Khakurel",
              "bowler": "RJ Trott",
              "non_striker": "AK Mandal",
              "runs": {
                "batter": 0,
                "extras": 0,
                "total": 0
              },
              "wickets": [
                {
                  "kind": "caught",
                  "player_out": "SP Khakurel",
                  "fielders": [
                    {
                      "name": "CRM Douglas"
                    }
                  ]
                }
              ]
            },
            {
              "batter": "AK Mandal",
              "bowler": "RJ Trott",
              "non_striker": "G Malla",
              "runs": {
                "batter": 1,
                "extras": 0,
                "total": 1
              }
            },
            {
              "batter": "G Malla",
              "bowler": "RJ Trott",
              "non_striker": "AK Mandal",
              "runs": {
                "batter": 0,
                "extras": 0,
                "total": 0
              }
            },
            {
              "batter": "G Malla",
              "bowler": "RJ Trott",
              "non_striker": "AK Mandal",
              "runs": {
                "batter": 4,
                "extras": 0,
                "total": 4
              }
            },
            {
              "batter": "G Malla",
              "bowler": "RJ Trott",
              "non_striker": "AK Mandal",
              "runs": {
                "batter": 0,
                "extras": 0,
                "total": 0
              }
            },
            {
              "batter": "G Malla",
              "bowler": "RJ Trott",
              "non_striker": "AK Mandal",
              "runs": {
                "batter": 0,
                "extras": 0,
                "total": 0
              }
            }
          ]
        },
        {
          "over": 3,
          "deliveries": [
            {
              "batter": "AK Mandal",
              "bowler": "DC Stovell",
              "non_striker": "G Malla",
              "runs": {
                "batter": 0,
                "extras": 0,
                "total": 0
              }
            },
            {
              "batter": "AK Mandal",
              "bowler": "DC Stovell",
              "non_striker": "G Malla",
              "runs": {
                "batter": 0,
                "extras": 0,
                "total": 0
              }
            },
            {
              "batter": "AK Mandal",
              "bowler": "DC Stovell",
              "non_striker": "G Malla",
              "runs": {
                "batter": 0,
                "extras": 0,
                "total": 0
              }
            },
            {
              "batter": "AK Mandal",
              "bowler": "DC Stovell",
              "non_striker": "G Malla",
              "runs": {
                "batter": 0,
                "extras": 0,
                "total": 0
              }
            },
            {
              "batter": "AK Mandal",
              "bowler": "DC Stovell",
              "non_striker": "G Malla",
              "runs": {
                "batter": 1,
                "extras": 0,
                "total": 1
              }
            },
            {
              "batter": "G Malla",
              "bowler": "DC Stovell",
              "non_striker": "AK Mandal",
              "runs": {
                "batter": 4,
                "extras": 0,
                "total": 4
              }
            }
          ]
        },
        {
          "over": 4,
          "deliveries": [
            {
              "batter": "AK Mandal",
              "bowler": "RJ Trott",
              "non_striker": "G Malla",
              "runs": {
                "batter": 2,
                "extras": 0,
                "total": 2
              }
            },
            {
              "batter": "AK Mandal",
              "bowler": "RJ Trott",
              "non_striker": "G Malla",
              "runs": {
                "batter": 0,
                "extras": 0,
                "total": 0
              },
              "wickets": [
                {
                  "kind": "bowled",
                  "player_out": "AK Mandal"
                }
              ]
            },
            {
              "batter": "P Khadka",
              "bowler": "RJ Trott",
              "non_striker": "G Malla",
              "runs": {
                "batter": 6,
                "extras": 0,
                "total": 6
              }
            },
            {
              "batter": "P Khadka",
              "bowler": "RJ Trott",
              "non_striker": "G Malla",
              "runs": {
                "batter": 0,
                "extras": 0,
                "total": 0
              }
            },
            {
              "batter": "P Khadka",
              "bowler": "RJ Trott",
              "non_striker": "G Malla",
              "runs": {
                "batter": 0,
                "extras": 0,
                "total": 0
              }
            },
            {
              "batter": "P Khadka",
              "bowler": "RJ Trott",
              "non_striker": "G Malla",
              "runs": {
                "batter": 1,
                "extras": 0,
                "total": 1
              }
            }
          ]
        },
        {
          "over": 5,
          "deliveries": [
            {
              "batter": "P Khadka",
              "bowler": "RJ Robinson",
              "non_striker": "G Malla",
              "runs": {
                "batter": 4,
                "extras": 0,
                "total": 4
              }
            },
            {
              "batter": "P Khadka",
              "bowler": "RJ Robinson",
              "non_striker": "G Malla",
              "runs": {
                "batter": 0,
                "extras": 0,
                "total": 0
              }
            },
            {
              "batter": "P Khadka",
              "bowler": "RJ Robinson",
              "non_striker": "G Malla",
              "runs": {
                "batter": 0,
                "extras": 0,
                "total": 0
              }
            },
            {
              "batter": "P Khadka",
              "bowler": "RJ Robinson",
              "non_striker": "G Malla",
              "runs": {
                "batter": 2,
                "extras": 0,
                "total": 2
              }
            },
            {
              "batter": "P Khadka",
              "bowler": "RJ Robinson",
              "non_striker": "G Malla",
              "runs": {
                "batter": 0,
                "extras": 0,
                "total": 0
              }
            },
            {
              "batter": "P Khadka",
              "bowler": "RJ Robinson",
              "non_striker": "G Malla",
              "runs": {
                "batter": 3,
                "extras": 0,
                "total": 3
              }
            }
          ]
        },
        {
          "over": 6,
          "deliveries": [
            {
              "batter": "P Khadka",
              "bowler": "RJ Trott",
              "non_striker": "G Malla",
              "runs": {
                "batter": 0,
                "extras": 0,
                "total": 0
              }
            },
            {
              "batter": "P Khadka",
              "bowler": "RJ Trott",
              "non_striker": "G Malla",
              "runs": {
                "batter": 6,
                "extras": 0,
                "total": 6
              }
            },
            {
              "batter": "P Khadka",
              "bowler": "RJ Trott",
              "non_striker": "G Malla",
              "runs": {
                "batter": 0,
                "extras": 0,
                "total": 0
              }
            },
            {
              "batter": "P Khadka",
              "bowler": "RJ Trott",
              "non_striker": "G Malla",
              "runs": {
                "batter": 0,
                "extras": 0,
                "total": 0
              }
            },
            {
              "batter": "P Khadka",
              "bowler": "RJ Trott",
              "non_striker": "G Malla",
              "runs": {
                "batter": 4,
                "extras": 0,
                "total": 4
              }
            },
            {
              "batter": "P Khadka",
              "bowler": "RJ Trott",
              "non_striker": "G Malla",
              "runs": {
                "batter": 4,
                "extras": 0,
                "total": 4
              }
            }
          ]
        },
        {
          "over": 7,
          "deliveries": [
            {
              "batter": "G Malla",
              "bowler": "MO Jones",
              "non_striker": "P Khadka",
              "runs": {
                "batter": 0,
                "extras": 0,
                "total": 0
              }
            },
            {
              "batter": "G Malla",
              "bowler": "MO Jones",
              "non_striker": "P Khadka",
              "runs": {
                "batter": 0,
                "extras": 0,
                "total": 0
              }
            },
            {
              "batter": "G Malla",
              "bowler": "MO Jones",
              "non_striker": "P Khadka",
              "runs": {
                "batter": 1,
                "extras": 0,
                "total": 1
              }
            },
            {
              "batter": "P Khadka",
              "bowler": "MO Jones",
              "non_striker": "G Malla",
              "runs": {
                "batter": 0,
                "extras": 0,
                "total": 0
              }
            },
            {
              "batter": "P Khadka",
              "bowler": "MO Jones",
              "non_striker": "G Malla",
              "runs": {
                "batter": 1,
                "extras": 0,
                "total": 1
              }
            },
            {
              "batter": "G Malla",
              "bowler": "MO Jones",
              "non_striker": "P Khadka",
              "runs": {
                "batter": 0,
                "extras": 0,
                "total": 0
              }
            }
          ]
        },
        {
          "over": 8,
          "deliveries": [
            {
              "batter": "P Khadka",
              "bowler": "JJ Tucker",
              "non_striker": "G Malla",
              "runs": {
                "batter": 4,
                "extras": 0,
                "total": 4
              }
            },
            {
              "batter": "P Khadka",
              "bowler": "JJ Tucker",
              "non_striker": "G Malla",
              "runs": {
                "batter": 0,
                "extras": 0,
                "total": 0
              }
            },
            {
              "batter": "P Khadka",
              "bowler": "JJ Tucker",
              "non_striker": "G Malla",
              "runs": {
                "batter": 1,
                "extras": 0,
                "total": 1
              }
            },
            {
              "batter": "G Malla",
              "bowler": "JJ Tucker",
              "non_striker": "P Khadka",
              "runs": {
                "batter": 0,
                "extras": 0,
                "total": 0
              }
            },
            {
              "batter": "G Malla",
              "bowler": "JJ Tucker",
              "non_striker": "P Khadka",
              "runs": {
                "batter": 2,
                "extras": 0,
                "total": 2
              }
            },
            {
              "batter": "G Malla",
              "bowler": "JJ Tucker",
              "non_striker": "P Khadka",
              "runs": {
                "batter": 1,
                "extras": 0,
                "total": 1
              }
            }
          ]
        },
        {
          "over": 9,
          "deliveries": [
            {
              "batter": "G Malla",
              "bowler": "MO Jones",
              "non_striker": "P Khadka",
              "runs": {
                "batter": 4,
                "extras": 0,
                "total": 4
              }
            },
            {
              "batter": "G Malla",
              "bowler": "MO Jones",
              "non_striker": "P Khadka",
              "runs": {
                "batter": 2,
                "extras": 0,
                "total": 2
              }
            },
            {
              "batter": "G Malla",
              "bowler": "MO Jones",
              "non_striker": "P Khadka",
              "runs": {
                "batter": 0,
                "extras": 0,
                "total": 0
              }
            },
            {
              "batter": "G Malla",
              "bowler": "MO Jones",
              "non_striker": "P Khadka",
              "runs": {
                "batter": 1,
                "extras": 0,
                "total": 1
              }
            },
            {
              "batter": "P Khadka",
              "bowler": "MO Jones",
              "non_striker": "G Malla",
              "runs": {
                "batter": 0,
                "extras": 0,
                "total": 0
              }
            },
            {
              "batter": "P Khadka",
              "bowler": "MO Jones",
              "non_striker": "G Malla",
              "runs": {
                "batter": 1,
                "extras": 0,
                "total": 1
              }
            }
          ]
        },
        {
          "over": 10,
          "deliveries": [
            {
              "batter": "P Khadka",
              "bowler": "JJ Tucker",
              "non_striker": "G Malla",
              "runs": {
                "batter": 2,
                "extras": 0,
                "total": 2
              }
            },
            {
              "batter": "P Khadka",
              "bowler": "JJ Tucker",
              "non_striker": "G Malla",
              "runs": {
                "batter": 6,
                "extras": 0,
                "total": 6
              }
            },
            {
              "batter": "P Khadka",
              "bowler": "JJ Tucker",
              "non_striker": "G Malla",
              "runs": {
                "batter": 1,
                "extras": 0,
                "total": 1
              }
            },
            {
              "batter": "G Malla",
              "bowler": "JJ Tucker",
              "non_striker": "P Khadka",
              "runs": {
                "batter": 4,
                "extras": 0,
                "total": 4
              }
            },
            {
              "batter": "G Malla",
              "bowler": "JJ Tucker",
              "non_striker": "P Khadka",
              "runs": {
                "batter": 1,
                "extras": 0,
                "total": 1
              }
            },
            {
              "batter": "P Khadka",
              "bowler": "JJ Tucker",
              "non_striker": "G Malla",
              "runs": {
                "batter": 0,
                "extras": 0,
                "total": 0
              }
            }
          ]
        },
        {
          "over": 11,
          "deliveries": [
            {
              "batter": "G Malla",
              "bowler": "T Gibbons",
              "non_striker": "P Khadka",
              "runs": {
                "batter": 6,
                "extras": 0,
                "total": 6
              }
            },
            {
              "batter": "G Malla",
              "bowler": "T Gibbons",
              "non_striker": "P Khadka",
              "runs": {
                "batter": 4,
                "extras": 0,
                "total": 4
              }
            }
          ]
        }
      ],
      "powerplays": [
        {
          "from": 0.1,
          "to": 9.6,
          "type": "mandatory"
        }
      ],
      "target": {
        "overs": 50,
        "runs": 107
      }
    }
  ]
}