{
  "meta": {
    "data_version": "1.0.0",
    "created": "2014-10-23",
    "revision": 2
  },
  "info": {
    "balls_per_over": 6,
    "city": "Kuala Lumpur",
    "dates": [
      "2014-10-23"
    ],
    "event": {
      "name": "ICC World Cricket League Division Three"
    },
    "gender": "male",
    "match_type": "ODM",
    "missing": [
      {
        "powerplays": {
          "1": [
            "batting"
          ],
          "2": [
            "batting"
          ]
        }
      }
    ],
    "officials": {
      "match_referees": [
        "D Govindjee"
      ],
      "reserve_umpires": [
        "V Kalidas"
      ],
      "umpires": [
        "K Cross",
        "Sri Ganesh"
      ]
    },
    "outcome": {
      "by": {
        "wickets": 6
      },
      "winner": "United States of America"
    },
    "overs": 50,
    "player_of_match": [
      "Usman Shuja"
    ],
    "players": {
      "Bermuda": [
        "TS Fray",
        "C Burgess",
        "T Manders",
        "DC Stovell",
        "JJ Tucker",
        "LOB Cann",
        "AC Douglas",
        "MO Jones",
        "KS Leverock",
        "DMW Rawlins",
        "D Talbot"
      ],
      "United States of America": [
        "SR Taylor",
        "Fahad Babar",
        "SR Santhanam",
        "SJ Massiah",
        "A Thyagarajan",
        "TK Patel",
        "Muhammad Ghous",
        "K Ganesh",
        "JJC Lawson",
        "Usman Shuja",
        "Adil Bhatti"
      ]
    },
    "registry": {
      "people": {
        "A Thyagarajan": "50717bc4",
        "AC Douglas": "f86ce673",
        "Adil Bhatti": "fb4c5ea5",
        "C Burgess": "d8c6111c",
        "D Govindjee": "8b4c4069",
        "D Talbot": "f6f19302",
        "DC Stovell": "7f6c2dae",
        "DMW Rawlins": "f1eb3c73",
        "Fahad Babar": "5595b867",
        "JJ Tucker": "bceb1b07",
        "JJC Lawson": "1417ba2f",
        "K Cross": "d59c5855",
        "K Ganesh": "363fe2d5",
        "KS Leverock": "e1592949",
        "LOB Cann": "4487cc09",
        "MO Jones": "0e0afd8b",
        "Muhammad Ghous": "1676b2d6",
        "SJ Massiah": "59cc6b79",
        "SR Santhanam": "063870fc",
        "SR Taylor": "a9231c3f",
        "Sri Ganesh": "2d209948",
        "T Manders": "6d2b9724",
        "TK Patel": "95fcbfb7",
        "TS Fray": "c7537f8a",
        "Usman Shuja": "6d2dac56",
        "V Kalidas": "42d76418"
      }
    },
    "season": "2014/15",
    "team_type": "international",
    "teams": [
      "Bermuda",
      "United States of America"
    ],
    "toss": {
      "decision": "field",
      "winner": "United States of America"
    },
    "venue": "Bayuemas Oval"
  },
  "innings": [
    {
      "team": "Bermuda",
      "overs": [
        {
          "over": 0,
          "deliveries": [
            {
              "batter": "TS Fray",
              "bowler": "JJC Lawson",
              "non_striker": "C Burgess",
              "runs": {
                "batter": 0,
                "extras": 0,
                "total": 0
              },
              "wickets": [
                {
                  "kind": "caught",
                  "player_out": "TS Fray",
                  "fielders": [
                    {
                      "name": "SR Taylor"
                    }
                  ]
                }
              ]
            },
            {
              "batter": "T Manders",
              "bowler": "JJC Lawson",
              "extras": {
                "wides": 1
              },
              "non_striker": "C Burgess",
              "runs": {
                "batter": 0,
                "extras": 1,
                "total": 1
              }
            },
            {
              "batter": "T Manders",
              "bowler": "JJC Lawson",
              "non_striker": "C Burgess",
              "runs": {
                "batter": 0,
                "extras": 0,
                "total": 0
              }
            },
            {
              "batter": "T Manders",
              "bowler": "JJC Lawson",
              "non_striker": "C Burgess",
              "runs": {
                "batter": 0,
                "extras": 0,
                "total": 0
              }
            },
            {
              "batter": "T Manders",
              "bowler": "JJC Lawson",
              "non_striker": "C Burgess",
              "runs": {
                "batter": 0,
                "extras": 0,
                "total": 0
              }
            },
            {
              "batter": "T Manders",
              "bowler": "JJC Lawson",
              "non_striker": "C Burgess",
              "runs": {
                "batter": 1,
                "extras": 0,
                "total": 1
              }
            },
            {
              "batter": "C Burgess",
              "bowler": "JJC Lawson",
              "extras": {
                "noballs": 1
              },
              "non_striker": "T Manders",
              "runs": {
                "batter": 0,
                "extras": 1,
                "total": 1
              }
            },
            {
              "batter": "C Burgess",
              "bowler": "JJC Lawson",
              "non_striker": "T Manders",
              "runs": {
                "batter": 2,
                "extras": 0,
                "total": 2
              }
            }
          ]
        },
        {
          "over": 1,
          "deliveries": [
            {
              "batter": "T Manders",
              "bowler": "Usman Shuja",
              "non_striker": "C Burgess",
              "runs": {
                "batter": 0,
                "extras": 0,
                "total": 0
              }
            },
            {
              "batter": "T Manders",
              "bowler": "Usman Shuja",
              "non_striker": "C Burgess",
              "runs": {
                "batter": 1,
                "extras": 0,
                "total": 1
              }
            },
            {
              "batter": "C Burgess",
              "bowler": "Usman Shuja",
              "non_striker": "T Manders",
              "runs": {
                "batter": 0,
                "extras": 0,
                "total": 0
              }
            },
            {
              "batter": "C Burgess",
              "bowler": "Usman Shuja",
              "non_striker": "T Manders",
              "runs": {
                "batter": 0,
                "extras": 0,
                "total": 0
              }
            },
            {
              "batter": "C Burgess",
              "bowler": "Usman Shuja",
              "non_striker": "T Manders",
              "runs": {
                "batter": 0,
                "extras": 0,
                "total": 0
              }
            },
            {
              "batter": "C Burgess",
              "bowler": "Usman Shuja",
              "extras": {
                "legbyes": 1
              },
              "non_striker": "T Manders",
              "runs": {
                "batter": 0,
                "extras": 1,
                "total": 1
              }
            }
          ]
        },
        {
          "over": 2,
          "deliveries": [
            {
              "batter": "C Burgess",
              "bowler": "JJC Lawson",
              "non_striker": "T Manders",
              "runs": {
                "batter": 0,
                "extras": 0,
                "total": 0
              }
            },
            {
              "batter": "C Burgess",
              "bowler": "JJC Lawson",
              "non_striker": "T Manders",
              "runs": {
                "batter": 0,
                "extras": 0,
                "total": 0
              }
            },
            {
              "batter": "C Burgess",
              "bowler": "JJC Lawson",
              "non_striker": "T Manders",
              "runs": {
                "batter": 0,
                "extras": 0,
                "total": 0
              }
            },
            {
              "batter": "C Burgess",
              "bowler": "JJC Lawson",
              "non_striker": "T Manders",
              "runs": {
                "batter": 0,
                "extras": 0,
                "total": 0
              }
            },
            {
              "batter": "C Burgess",
              "bowler": "JJC Lawson",
              "non_striker": "T Manders",
              "runs": {
                "batter": 0,
                "extras": 0,
                "total": 0
              }
            },
            {
              "batter": "C Burgess",
              "bowler": "JJC Lawson",
              "non_striker": "T Manders",
              "runs": {
                "batter": 0,
                "extras": 0,
                "total": 0
              }
            }
          ]
        },
        {
          "over": 3,
          "deliveries": [
            {
              "batter": "T Manders",
              "bowler": "Usman Shuja",
              "non_striker": "C Burgess",
              "runs": {
                "batter": 4,
                "extras": 0,
                "total": 4
              }
            },
            {
              "batter": "T Manders",
              "bowler": "Usman Shuja",
              "non_striker": "C Burgess",
              "runs": {
                "batter": 0,
                "extras": 0,
                "total": 0
              }
            },
            {
              "batter": "T Manders",
              "bowler": "Usman Shuja",
              "non_striker": "C Burgess",
              "runs": {
                "batter": 0,
                "extras": 0,
                "total": 0
              }
            },
            {
              "batter": "T Manders",
              "bowler": "Usman Shuja",
              "non_striker": "C Burgess",
              "runs": {
                "batter": 0,
                "extras": 0,
                "total": 0
              }
            },
            {
              "batter": "T Manders",
              "bowler": "Usman Shuja",
              "non_striker": "C Burgess",
              "runs": {
                "batter": 0,
                "extras": 0,
                "total": 0
              }
            },
            {
              "batter": "T Manders",
              "bowler": "Usman Shuja",
              "non_striker": "C Burgess",
              "runs": {
                "batter": 0,
                "extras": 0,
                "total": 0
              }
            }
          ]
        },
        {
          "over": 4,
          "deliveries": [
            {
              "batter": "C Burgess",
              "bowler": "JJC Lawson",
              "non_striker": "T Manders",
              "runs": {
                "batter": 1,
                "extras": 0,
                "total": 1
              }
            },
            {
              "batter": "T Manders",
              "bowler": "JJC Lawson",
              "non_striker": "C Burgess",
              "runs": {
                "batter": 0,
                "extras": 0,
                "total": 0
              }
            },
            {
              "batter": "T Manders",
              "bowler": "JJC Lawson",
              "non_striker": "C Burgess",
              "runs": {
                "batter": 1,
                "extras": 0,
                "total": 1
              }
            },
            {
              "batter": "C Burgess",
              "bowler": "JJC Lawson",
              "non_striker": "T Manders",
              "runs": {
                "batter": 0,
                "extras": 0,
                "total": 0
              }
            },
            {
              "batter": "C Burgess",
              "bowler": "JJC Lawson",
              "non_striker": "T Manders",
              "runs": {
                "batter": 0,
                "extras": 0,
                "total": 0
              }
            },
            {
              "batter": "C Burgess",
              "bowler": "JJC Lawson",
              "non_striker": "T Manders",
              "runs": {
                "batter": 0,
                "extras": 0,
                "total": 0
              }
            }
          ]
        },
        {
          "over": 5,
          "deliveries": [
            {
              "batter": "T Manders",
              "bowler": "Usman Shuja",
              "non_striker": "C Burgess",
              "runs": {
                "batter": 0,
                "extras": 0,
                "total": 0
              }
            },
            {
              "batter": "T Manders",
              "bowler": "Usman Shuja",
              "non_striker": "C Burgess",
              "runs": {
                "batter": 0,
                "extras": 0,
                "total": 0
              }
            },
            {
              "batter": "T Manders",
              "bowler": "Usman Shuja",
              "non_striker": "C Burgess",
              "runs": {
                "batter": 0,
                "extras": 0,
                "total": 0
              },
              "wickets": [
                {
                  "kind": "caught",
                  "player_out": "T Manders",
                  "fielders": [
                    {
                      "name": "K Ganesh"
                    }
                  ]
                }
              ]
            },
            {
              "batter": "DC Stovell",
              "bowler": "Usman Shuja",
              "non_striker": "C Burgess",
              "runs": {
                "batter": 0,
                "extras": 0,
                "total": 0
              }
            },
            {
              "batter": "DC Stovell",
              "bowler": "Usman Shuja",
              "non_striker": "C Burgess",
              "runs": {
                "batter": 0,
                "extras": 0,
                "total": 0
              }
            },
            {
              "batter": "DC Stovell",
              "bowler": "Usman Shuja",
              "non_striker": "C Burgess",
              "runs": {
                "batter": 0,
                "extras": 0,
                "total": 0
              }
            }
          ]
        },
        {
          "over": 6,
          "deliveries": [
            {
              "batter": "C Burgess",
              "bowler": "JJC Lawson",
              "extras": {
                "wides": 1
              },
              "non_striker": "DC Stovell",
              "runs": {
                "batter": 0,
                "extras": 1,
                "total": 1
              }
            },
            {
              "batter": "C Burgess",
              "bowler": "JJC Lawson",
              "non_striker": "DC Stovell",
              "runs": {
                "batter": 0,
                "extras": 0,
                "total": 0
              }
            },
            {
              "batter": "C Burgess",
              "bowler": "JJC Lawson",
              "non_striker": "DC Stovell",
              "runs": {
                "batter": 1,
                "extras": 0,
                "total": 1
              }
            },
            {
              "batter": "DC Stovell",
              "bowler": "JJC Lawson",
              "non_striker": "C Burgess",
              "runs": {
                "batter": 0,
                "extras": 0,
                "total": 0
              }
            },
            {
              "batter": "DC Stovell",
              "bowler": "JJC Lawson",
              "non_striker": "C Burgess",
              "runs": {
                "batter": 4,
                "extras": 0,
                "total": 4
              }
            },
            {
              "batter": "DC Stovell",
              "bowler": "JJC Lawson",
              "non_striker": "C Burgess",
              "runs": {
                "batter": 1,
                "extras": 0,
                "total": 1
              }
            },
            {
              "batter": "C Burgess",
              "bowler": "JJC Lawson",
              "non_striker": "DC Stovell",
              "runs": {
                "batter": 0,
                "extras": 0,
                "total": 0
              }
            }
          ]
        },
        {
          "over": 7,
          "deliveries": [
            {
              "batter": "DC Stovell",
              "bowler": "Usman Shuja",
              "non_striker": "C Burgess",
              "runs": {
                "batter": 0,
                "extras": 0,
                "total": 0
              }
            },
            {
              "batter": "DC Stovell",
              "bowler": "Usman Shuja",
              "non_striker": "C Burgess",
              "runs": {
                "batter": 0,
                "extras": 0,
                "total": 0
              },
              "wickets": [
                {
                  "kind": "caught and bowled",
                  "player_out": "DC Stovell"
                }
              ]
            },
            {
              "batter": "JJ Tucker",
              "bowler": "Usman Shuja",
              "non_striker": "C Burgess",
              "runs": {
                "batter": 0,
                "extras": 0,
                "total": 0
              }
            },
            {
              "batter": "JJ Tucker",
              "bowler": "Usman Shuja",
              "non_striker": "C Burgess",
              "runs": {
                "batter": 0,
                "extras": 0,
                "total": 0
              }
            },
            {
              "batter": "JJ Tucker",
              "bowler": "Usman Shuja",
              "non_striker": "C Burgess",
              "runs": {
                "batter": 0,
                "extras": 0,
                "total": 0
              }
            },
            {
              "batter": "JJ Tucker",
              "bowler": "Usman Shuja",
              "non_striker": "C Burgess",
              "runs": {
                "batter": 0,
                "extras": 0,
                "total": 0
              }
            }
          ]
        },
        {
          "over": 8,
          "deliveries": [
            {
              "batter": "C Burgess",
              "bowler": "Muhammad Ghous",
              "non_striker": "JJ Tucker",
              "runs": {
                "batter": 4,
                "extras": 0,
                "total": 4
              }
            },
            {
              "batter": "C Burgess",
              "bowler": "Muhammad Ghous",
              "non_striker": "JJ Tucker",
              "runs": {
                "batter": 0,
                "extras": 0,
                "total": 0
              }
            },
            {
              "batter": "C Burgess",
              "bowler": "Muhammad Ghous",
              "non_striker": "JJ Tucker",
              "runs": {
                "batter": 0,
                "extras": 0,
                "total": 0
              }
            },
            {
              "batter": "C Burgess",
              "bowler": "Muhammad Ghous",
              "non_striker": "JJ Tucker",
              "runs": {
                "batter": 2,
                "extras": 0,
                "total": 2
              }
            },
            {
              "batter": "C Burgess",
              "bowler": "Muhammad Ghous",
              "non_striker": "JJ Tucker",
              "runs": {
                "batter": 0,
                "extras": 0,
                "total": 0
              }
            },
            {
              "batter": "C Burgess",
              "bowler": "Muhammad Ghous",
              "non_striker": "JJ Tucker",
              "runs": {
                "batter": 4,
                "extras": 0,
                "total": 4
              }
            }
          ]
        },
        {
          "over": 9,
          "deliveries": [
            {
              "batter": "JJ Tucker",
              "bowler": "Usman Shuja",
              "non_striker": "C Burgess",
              "runs": {
                "batter": 0,
                "extras": 0,
                "total": 0
              }
            },
            {
              "batter": "JJ Tucker",
              "bowler": "Usman Shuja",
              "non_striker": "C Burgess",
              "runs": {
                "batter": 0,
                "extras": 0,
                "total": 0
              },
              "wickets": [
                {
                  "kind": "lbw",
                  "player_out": "JJ Tucker"
                }
              ]
            },
            {
              "batter": "LOB Cann",
              "bowler": "Usman Shuja",
              "non_striker": "C Burgess",
              "runs": {
                "batter": 0,
                "extras": 0,
                "total": 0
              }
            },
            {
              "batter": "LOB Cann",
              "bowler": "Usman Shuja",
              "non_striker": "C Burgess",
              "runs": {
                "batter": 1,
                "extras": 0,
                "total": 1
              }
            },
            {
              "batter": "C Burgess",
              "bowler": "Usman Shuja",
              "non_striker": "LOB Cann",
              "runs": {
                "batter": 2,
                "extras": 0,
                "total": 2
              }
            },
            {
              "batter": "C Burgess",
              "bowler": "Usman Shuja",
              "non_striker": "LOB Cann",
              "runs": {
                "batter": 0,
                "extras": 0,
                "total": 0
              }
            }
          ]
        },
        {
          "over": 10,
          "deliveries": [
            {
              "batter": "LOB Cann",
              "bowler": "JJC Lawson",
              "extras": {
                "wides": 2
              },
              "non_striker": "C Burgess",
              "runs": {
                "batter": 0,
                "extras": 2,
                "total": 2
              }
            },
            {
              "batter": "C Burgess",
              "bowler": "JJC Lawson",
              "extras": {
                "noballs": 1
              },
              "non_striker": "LOB Cann",
              "runs": {
                "batter": 0,
                "extras": 1,
                "total": 1
              }
            },
            {
              "batter": "C Burgess",
              "bowler": "JJC Lawson",
              "extras": {
                "wides": 1
              },
              "non_striker": "LOB Cann",
              "runs": {
                "batter": 0,
                "extras": 1,
                "total": 1
              }
            },
            {
              "batter": "C Burgess",
              "bowler": "JJC Lawson",
              "non_striker": "LOB Cann",
              "runs": {
                "batter": 2,
                "extras": 0,
                "total": 2
              }
            },
            {
              "batter": "C Burgess",
              "bowler": "JJC Lawson",
              "non_striker": "LOB Cann",
              "runs": {
                "batter": 0,
                "extras": 0,
                "total": 0
              }
            },
            {
              "batter": "C Burgess",
              "bowler": "JJC Lawson",
              "non_striker": "LOB Cann",
              "runs": {
                "batter": 0,
                "extras": 0,
                "total": 0
              }
            },
            {
              "batter": "C Burgess",
              "bowler": "JJC Lawson",
              "non_striker": "LOB Cann",
              "runs": {
                "batter": 0,
                "extras": 0,
                "total": 0
              }
            },
            {
              "batter": "C Burgess",
              "bowler": "JJC Lawson",
              "non_striker": "LOB Cann",
              "runs": {
                "batter": 4,
                "extras": 0,
                "total": 4
              }
            },
            {
              "batter": "C Burgess",
              "bowler": "JJC Lawson",
              "non_striker": "LOB Cann",
              "runs": {
                "batter": 0,
                "extras": 0,
                "total": 0
              }
            }
          ]
        },
        {
          "over": 11,
          "deliveries": [
            {
              "batter": "LOB Cann",
              "bowler": "Usman Shuja",
              "non_striker": "C Burgess",
              "runs": {
                "batter": 0,
                "extras": 0,
                "total": 0
              }
            },
            {
              "batter": "LOB Cann",
              "bowler": "Usman Shuja",
              "non_striker": "C Burgess",
              "runs": {
                "batter": 0,
                "extras": 0,
                "total": 0
              }
            },
            {
              "batter": "LOB Cann",
              "bowler": "Usman Shuja",
              "non_striker": "C Burgess",
              "runs": {
                "batter": 0,
                "extras": 0,
                "total": 0
              }
            },
            {
              "batter": "LOB Cann",
              "bowler": "Usman Shuja",
              "non_striker": "C Burgess",
              "runs": {
                "batter": 0,
                "extras": 0,
                "total": 0
              }
            },
            {
              "batter": "LOB Cann",
              "bowler": "Usman Shuja",
              "non_striker": "C Burgess",
              "runs": {
                "batter": 0,
                "extras": 0,
                "total": 0
              }
            },
            {
              "batter": "LOB Cann",
              "bowler": "Usman Shuja",
              "non_striker": "C Burgess",
              "runs": {
                "batter": 4,
                "extras": 0,
                "total": 4
              }
            }
          ]
        },
        {
          "over": 12,
          "deliveries": [
            {
              "batter": "C Burgess",
              "bowler": "Muhammad Ghous",
              "non_striker": "LOB Cann",
              "runs": {
                "batter": 0,
                "extras": 0,
                "total": 0
              }
            },
            {
              "batter": "C Burgess",
              "bowler": "Muhammad Ghous",
              "non_striker": "LOB Cann",
              "runs": {
                "batter": 0,
                "extras": 0,
                "total": 0
              }
            },
            {
              "batter": "C Burgess",
              "bowler": "Muhammad Ghous",
              "non_striker": "LOB Cann",
              "runs": {
                "batter": 0,
                "extras": 0,
                "total": 0
              }
            },
            {
              "batter": "C Burgess",
              "bowler": "Muhammad Ghous",
              "non_striker": "LOB Cann",
              "runs": {
                "batter": 1,
                "extras": 0,
                "total": 1
              }
            },
            {
              "batter": "LOB Cann",
              "bowler": "Muhammad Ghous",
              "non_striker": "C Burgess",
              "runs": {
                "batter": 0,
                "extras": 0,
                "total": 0
              }
            },
            {
              "batter": "LOB Cann",
              "bowler": "Muhammad Ghous",
              "non_striker": "C Burgess",
              "runs": {
                "batter": 1,
                "extras": 0,
                "total": 1
              }
            }
          ]
        },
        {
          "over": 13,
          "deliveries": [
            {
              "batter": "LOB Cann",
              "bowler": "TK Patel",
              "non_striker": "C Burgess",
              "runs": {
                "batter": 4,
                "extras": 0,
                "total": 4
              }
            },
            {
              "batter": "LOB Cann",
              "bowler": "TK Patel",
              "non_striker": "C Burgess",
              "runs": {
                "batter": 0,
                "extras": 0,
                "total": 0
              }
            },
            {
              "batter": "LOB Cann",
              "bowler": "TK Patel",
              "non_striker": "C Burgess",
              "runs": {
                "batter": 0,
                "extras": 0,
                "total": 0
              }
            },
            {
              "batter": "LOB Cann",
              "bowler": "TK Patel",
              "non_striker": "C Burgess",
              "runs": {
                "batter": 0,
                "extras": 0,
                "total": 0
              }
            },
            {
              "batter": "LOB Cann",
              "bowler": "TK Patel",
              "non_striker": "C Burgess",
              "runs": {
                "batter": 1,
                "extras": 0,
                "total": 1
              }
            },
            {
              "batter": "C Burgess",
              "bowler": "TK Patel",
              "non_striker": "LOB Cann",
              "runs": {
                "batter": 1,
                "extras": 0,
                "total": 1
              }
            }
          ]
        },
        {
          "over": 14,
          "deliveries": [
            {
              "batter": "C Burgess",
              "bowler": "Muhammad Ghous",
              "non_striker": "LOB Cann",
              "runs": {
                "batter": 0,
                "extras": 0,
                "total": 0
              }
            },
            {
              "batter": "C Burgess",
              "bowler": "Muhammad Ghous",
              "non_striker": "LOB Cann",
              "runs": {
                "batter": 0,
                "extras": 0,
                "total": 0
              }
            },
            {
              "batter": "C Burgess",
              "bowler": "Muhammad Ghous",
              "non_striker": "LOB Cann",
              "runs": {
                "batter": 0,
                "extras": 0,
                "total": 0
              }
            },
            {
              "batter": "C Burgess",
              "bowler": "Muhammad Ghous",
              "non_striker": "LOB Cann",
              "runs": {
                "batter": 0,
                "extras": 0,
                "total": 0
              },
              "wickets": [
                {
                  "kind": "bowled",
                  "player_out": "C Burgess"
                }
              ]
            },
            {
              "batter": "AC Douglas",
              "bowler": "Muhammad Ghous",
              "non_striker": "LOB Cann",
              "runs": {
                "batter": 0,
                "extras": 0,
                "total": 0
              }
            },
            {
              "batter": "AC Douglas",
              "bowler": "Muhammad Ghous",
              "non_striker": "LOB Cann",
              "runs": {
                "batter": 0,
                "extras": 0,
                "total": 0
              }
            }
          ]
        },
        {
          "over": 15,
          "deliveries": [
            {
              "batter": "LOB Cann",
              "bowler": "TK Patel",
              "non_striker": "AC Douglas",
              "runs": {
                "batter": 2,
                "extras": 0,
                "total": 2
              }
            },
            {
              "batter": "LOB Cann",
              "bowler": "TK Patel",
              "non_striker": "AC Douglas",
              "runs": {
                "batter": 2,
                "extras": 0,
                "total": 2
              }
            },
            {
              "batter": "LOB Cann",
              "bowler": "TK Patel",
              "non_striker": "AC Douglas",
              "runs": {
                "batter": 1,
                "extras": 0,
                "total": 1
              }
            },
            {
              "batter": "AC Douglas",
              "bowler": "TK Patel",
              "non_striker": "LOB Cann",
              "runs": {
                "batter": 0,
                "extras": 0,
                "total": 0
              }
            },
            {
              "batter": "AC Douglas",
              "bowler": "TK Patel",
              "non_striker": "LOB Cann",
              "runs": {
                "batter": 0,
                "extras": 0,
                "total": 0
              }
            },
            {
              "batter": "AC Douglas",
              "bowler": "TK Patel",
              "non_striker": "LOB Cann",
              "runs": {
                "batter": 0,
                "extras": 0,
                "total": 0
              }
            }
          ]
        },
        {
          "over": 16,
          "deliveries": [
            {
              "batter": "LOB Cann",
              "bowler": "Muhammad Ghous",
              "non_striker": "AC Douglas",
              "runs": {
                "batter": 0,
                "extras": 0,
                "total": 0
              }
            },
            {
              "batter": "LOB Cann",
              "bowler": "Muhammad Ghous",
              "non_striker": "AC Douglas",
              "runs": {
                "batter": 0,
                "extras": 0,
                "total": 0
              }
            },
            {
              "batter": "LOB Cann",
              "bowler": "Muhammad Ghous",
              "non_striker": "AC Douglas",
              "runs": {
                "batter": 0,
                "extras": 0,
                "total": 0
              }
            },
            {
              "batter": "LOB Cann",
              "bowler": "Muhammad Ghous",
              "non_striker": "AC Douglas",
              "runs": {
                "batter": 0,
                "extras": 0,
                "total": 0
              }
            },
            {
              "batter": "LOB Cann",
              "bowler": "Muhammad Ghous",
              "non_striker": "AC Douglas",
              "runs": {
                "batter": 0,
                "extras": 0,
                "total": 0
              }
            },
            {
              "batter": "LOB Cann",
              "bowler": "Muhammad Ghous",
              "non_striker": "AC Douglas",
              "runs": {
                "batter": 0,
                "extras": 0,
                "total": 0
              }
            }
          ]
        },
        {
          "over": 17,
          "deliveries": [
            {
              "batter": "AC Douglas",
              "bowler": "TK Patel",
              "non_striker": "LOB Cann",
              "runs": {
                "batter": 0,
                "extras": 0,
                "total": 0
              }
            },
            {
              "batter": "AC Douglas",
              "bowler": "TK Patel",
              "non_striker": "LOB Cann",
              "runs": {
                "batter": 0,
                "extras": 0,
                "total": 0
              }
            },
            {
              "batter": "AC Douglas",
              "bowler": "TK Patel",
              "non_striker": "LOB Cann",
              "runs": {
                "batter": 1,
                "extras": 0,
                "total": 1
              }
            },
            {
              "batter": "LOB Cann",
              "bowler": "TK Patel",
              "non_striker": "AC Douglas",
              "runs": {
                "batter": 0,
                "extras": 0,
                "total": 0
              }
            },
            {
              "batter": "LOB Cann",
              "bowler": "TK Patel",
              "non_striker": "AC Douglas",
              "runs": {
                "batter": 0,
                "extras": 0,
                "total": 0
              },
              "wickets": [
                {
                  "kind": "caught",
                  "player_out": "LOB Cann",
                  "fielders": [
                    {
                      "name": "SR Taylor"
                    }
                  ]
                }
              ]
            },
            {
              "batter": "MO Jones",
              "bowler": "TK Patel",
              "non_striker": "AC Douglas",
              "runs": {
                "batter": 0,
                "extras": 0,
                "total": 0
              }
            }
          ]
        },
        {
          "over": 18,
          "deliveries": [
            {
              "batter": "AC Douglas",
              "bowler": "Muhammad Ghous",
              "non_striker": "MO Jones",
              "runs": {
                "batter": 0,
                "extras": 0,
                "total": 0
              }
            },
            {
              "batter": "AC Douglas",
              "bowler": "Muhammad Ghous",
              "non_striker": "MO Jones",
              "runs": {
                "batter": 2,
                "extras": 0,
                "total": 2
              }
            },
            {
              "batter": "AC Douglas",
              "bowler": "Muhammad Ghous",
              "non_striker": "MO Jones",
              "runs": {
                "batter": 0,
                "extras": 0,
                "total": 0
              }
            },
            {
              "batter": "AC Douglas",
              "bowler": "Muhammad Ghous",
              "non_striker": "MO Jones",
              "runs": {
                "batter": 0,
                "extras": 0,
                "total": 0
              }
            },
            {
              "batter": "AC Douglas",
              "bowler": "Muhammad Ghous",
              "non_striker": "MO Jones",
              "runs": {
                "batter": 6,
                "extras": 0,
                "total": 6
              }
            },
            {
              "batter": "AC Douglas",
              "bowler": "Muhammad Ghous",
              "non_striker": "MO Jones",
              "runs": {
                "batter": 6,
                "extras": 0,
                "total": 6
              }
            }
          ]
        },
        {
          "over": 19,
          "deliveries": [
            {
              "batter": "MO Jones",
              "bowler": "TK Patel",
              "non_striker": "AC Douglas",
              "runs": {
                "batter": 0,
                "extras": 0,
                "total": 0
              }
            },
            {
              "batter": "MO Jones",
              "bowler": "TK Patel",
              "non_striker": "AC Douglas",
              "runs": {
                "batter": 1,
                "extras": 0,
                "total": 1
              }
            },
            {
              "batter": "AC Douglas",
              "bowler": "TK Patel",
              "non_striker": "MO Jones",
              "runs": {
                "batter": 0,
                "extras": 0,
                "total": 0
              }
            },
            {
              "batter": "AC Douglas",
              "bowler": "TK Patel",
              "non_striker": "MO Jones",
              "runs": {
                "batter": 0,
                "extras": 0,
                "total": 0
              }
            },
            {
              "batter": "AC Douglas",
              "bowler": "TK Patel",
              "non_striker": "MO Jones",
              "runs": {
                "batter": 0,
                "extras": 0,
                "total": 0
              }
            },
            {
              "batter": "AC Douglas",
              "bowler": "TK Patel",
              "non_striker": "MO Jones",
              "runs": {
                "batter": 0,
                "extras": 0,
                "total": 0
              }
            }
          ]
        },
        {
          "over": 20,
          "deliveries": [
            {
              "batter": "MO Jones",
              "bowler": "K Ganesh",
              "non_striker": "AC Douglas",
              "runs": {
                "batter": 0,
                "extras": 0,
                "total": 0
              }
            },
            {
              "batter": "MO Jones",
              "bowler": "K Ganesh",
              "non_striker": "AC Douglas",
              "runs": {
                "batter": 0,
                "extras": 0,
                "total": 0
              },
              "wickets": [
                {
                  "kind": "bowled",
                  "player_out": "MO Jones"
                }
              ]
            },
            {
              "batter": "KS Leverock",
              "bowler": "K Ganesh",
              "non_striker": "AC Douglas",
              "runs": {
                "batter": 0,
                "extras": 0,
                "total": 0
              }
            },
            {
              "batter": "KS Leverock",
              "bowler": "K Ganesh",
              "non_striker": "AC Douglas",
              "runs": {
                "batter": 0,
                "extras": 0,
                "total": 0
              }
            },
            {
              "batter": "KS Leverock",
              "bowler": "K Ganesh",
              "non_striker": "AC Douglas",
              "runs": {
                "batter": 0,
                "extras": 0,
                "total": 0
              }
            },
            {
              "batter": "KS Leverock",
              "bowler": "K Ganesh",
              "non_striker": "AC Douglas",
              "runs": {
                "batter": 0,
                "extras": 0,
                "total": 0
              }
            }
          ]
        },
        {
          "over": 21,
          "deliveries": [
            {
              "batter": "AC Douglas",
              "bowler": "TK Patel",
              "non_striker": "KS Leverock",
              "runs": {
                "batter": 1,
                "extras": 0,
                "total": 1
              }
            },
            {
              "batter": "KS Leverock",
              "bowler": "TK Patel",
              "non_striker": "AC Douglas",
              "runs": {
                "batter": 0,
                "extras": 0,
                "total": 0
              }
            },
            {
              "batter": "KS Leverock",
              "bowler": "TK Patel",
              "extras": {
                "legbyes": 1
              },
              "non_striker": "AC Douglas",
              "runs": {
                "batter": 0,
                "extras": 1,
                "total": 1
              }
            },
            {
              "batter": "AC Douglas",
              "bowler": "TK Patel",
              "non_striker": "KS Leverock",
              "runs": {
                "batter": 0,
                "extras": 0,
                "total": 0
              }
            },
            {
              "batter": "AC Douglas",
              "bowler": "TK Patel",
              "non_striker": "KS Leverock",
              "runs": {
                "batter": 2,
                "extras": 0,
                "total": 2
              }
            },
            {
              "batter": "AC Douglas",
              "bowler": "TK Patel",
              "non_striker": "KS Leverock",
              "runs": {
                "batter": 0,
                "extras": 0,
                "total": 0
              }
            }
          ]
        },
        {
          "over": 22,
          "deliveries": [
            {
              "batter": "KS Leverock",
              "bowler": "K Ganesh",
              "non_striker": "AC Douglas",
              "runs": {
                "batter": 0,
                "extras": 0,
                "total": 0
              }
            },
            {
              "batter": "KS Leverock",
              "bowler": "K Ganesh",
              "non_striker": "AC Douglas",
              "runs": {
                "batter": 0,
                "extras": 0,
                "total": 0
              }
            },
            {
              "batter": "KS Leverock",
              "bowler": "K Ganesh",
              "non_striker": "AC Douglas",
              "runs": {
                "batter": 1,
                "extras": 0,
                "total": 1
              }
            },
            {
              "batter": "AC Douglas",
              "bowler": "K Ganesh",
              "non_striker": "KS Leverock",
              "runs": {
                "batter": 1,
                "extras": 0,
                "total": 1
              }
            },
            {
              "batter": "KS Leverock",
              "bowler": "K Ganesh",
              "non_striker": "AC Douglas",
              "runs": {
                "batter": 0,
                "extras": 0,
                "total": 0
              }
            },
            {
              "batter": "KS Leverock",
              "bowler": "K Ganesh",
              "non_striker": "AC Douglas",
              "runs": {
                "batter": 1,
                "extras": 0,
                "total": 1
              }
            }
          ]
        },
        {
          "over": 23,
          "deliveries": [
            {
              "batter": "KS Leverock",
              "bowler": "TK Patel",
              "non_striker": "AC Douglas",
              "runs": {
                "batter": 0,
                "extras": 0,
                "total": 0
              }
            },
            {
              "batter": "KS Leverock",
              "bowler": "TK Patel",
              "non_striker": "AC Douglas",
              "runs": {
                "batter": 1,
                "extras": 0,
                "total": 1
              }
            },
            {
              "batter": "AC Douglas",
              "bowler": "TK Patel",
              "non_striker": "KS Leverock",
              "runs": {
                "batter": 0,
                "extras": 0,
                "total": 0
              }
            },
            {
              "batter": "AC Douglas",
              "bowler": "TK Patel",
              "extras": {
                "legbyes": 1
              },
              "non_striker": "KS Leverock",
              "runs": {
                "batter": 0,
                "extras": 1,
                "total": 1
              }
            },
            {
              "batter": "KS Leverock",
              "bowler": "TK Patel",
              "non_striker": "AC Douglas",
              "runs": {
                "batter": 0,
                "extras": 0,
                "total": 0
              }
            },
            {
              "batter": "KS Leverock",
              "bowler": "TK Patel",
              "non_striker": "AC Douglas",
              "runs": {
                "batter": 0,
                "extras": 0,
                "total": 0
              }
            }
          ]
        },
        {
          "over": 24,
          "deliveries": [
            {
              "batter": "AC Douglas",
              "bowler": "K Ganesh",
              "non_striker": "KS Leverock",
              "runs": {
                "batter": 0,
                "extras": 0,
                "total": 0
              }
            },
            {
              "batter": "AC Douglas",
              "bowler": "K Ganesh",
              "extras": {
                "legbyes": 2
              },
              "non_striker": "KS Leverock",
              "runs": {
                "batter": 0,
                "extras": 2,
                "total": 2
              }
            },
            {
              "batter": "AC Douglas",
              "bowler": "K Ganesh",
              "non_striker": "KS Leverock",
              "runs": {
                "batter": 0,
                "extras": 0,
                "total": 0
              }
            },
            {
              "batter": "AC Douglas",
              "bowler": "K Ganesh",
              "non_striker": "KS Leverock",
              "runs": {
                "batter": 1,
                "extras": 0,
                "total": 1
              }
            },
            {
              "batter": "KS Leverock",
              "bowler": "K Ganesh",
              "non_striker": "AC Douglas",
              "runs": {
                "batter": 0,
                "extras": 0,
                "total": 0
              },
              "wickets": [
                {
                  "kind": "lbw",
                  "player_out": "KS Leverock"
                }
              ]
            },
            {
              "batter": "DMW Rawlins",
              "bowler": "K Ganesh",
              "non_striker": "AC Douglas",
              "runs": {
                "batter": 0,
                "extras": 0,
                "total": 0
              }
            }
          ]
        },
        {
          "over": 25,
          "deliveries": [
            {
              "batter": "AC Douglas",
              "bowler": "TK Patel",
              "non_striker": "DMW Rawlins",
              "runs": {
                "batter": 1,
                "extras": 0,
                "total": 1
              }
            },
            {
              "batter": "DMW Rawlins",
              "bowler": "TK Patel",
              "extras": {
                "wides": 2
              },
              "non_striker": "AC Douglas",
              "runs": {
                "batter": 0,
                "extras": 2,
                "total": 2
              }
            },
            {
              "batter": "AC Douglas",
              "bowler": "TK Patel",
              "non_striker": "DMW Rawlins",
              "runs": {
                "batter": 6,
                "extras": 0,
                "total": 6
              }
            },
            {
              "batter": "AC Douglas",
              "bowler": "TK Patel",
              "non_striker": "DMW Rawlins",
              "runs": {
                "batter": 3,
                "extras": 0,
                "total": 3
              }
            },
            {
              "batter": "DMW Rawlins",
              "bowler": "TK Patel",
              "non_striker": "AC Douglas",
              "runs": {
                "batter": 0,
                "extras": 0,
                "total": 0
              }
            },
            {
              "batter": "DMW Rawlins",
              "bowler": "TK Patel",
              "non_striker": "AC Douglas",
              "runs": {
                "batter": 0,
                "extras": 0,
                "total": 0
              }
            },
            {
              "batter": "DMW Rawlins",
              "bowler": "TK Patel",
              "non_striker": "AC Douglas",
              "runs": {
                "batter": 0,
                "extras": 0,
                "total": 0
              }
            }
          ]
        },
        {
          "over": 26,
          "deliveries": [
            {
              "batter": "AC Douglas",
              "bowler": "JJC Lawson",
              "non_striker": "DMW Rawlins",
              "runs": {
                "batter": 6,
                "extras": 0,
                "total": 6
              }
            },
            {
              "batter": "AC Douglas",
              "bowler": "JJC Lawson",
              "non_striker": "DMW Rawlins",
              "runs": {
                "batter": 0,
                "extras": 0,
                "total": 0
              }
            },
            {
              "batter": "AC Douglas",
              "bowler": "JJC Lawson",
              "non_striker": "DMW Rawlins",
              "runs": {
                "batter": 0,
                "extras": 0,
                "total": 0
              },
              "wickets": [
                {
                  "kind": "caught",
                  "player_out": "AC Douglas",
                  "fielders": [
                    {
                      "name": "TK Patel"
                    }
                  ]
                }
              ]
            },
            {
              "batter": "DMW Rawlins",
              "bowler": "JJC Lawson",
              "non_striker": "D Talbot",
              "runs": {
                "batter": 0,
                "extras": 0,
                "total": 0
              }
            },
            {
              "batter": "DMW Rawlins",
              "bowler": "JJC Lawson",
              "non_striker": "D Talbot",
              "runs": {
                "batter": 0,
                "extras": 0,
                "total": 0
              },
              "wickets": [
                {
                  "kind": "caught",
                  "player_out": "DMW Rawlins",
                  "fielders": [
                    {
                      "name": "Usman Shuja"
                    }
                  ]
                }
              ]
            }
          ]
        }
      ],
      "powerplays": [
        {
          "from": 0.1,
          "to": 9.6,
          "type": "mandatory"
        }
      ]
    },
    {
      "team": "United States of America",
      "overs": [
        {
          "over": 0,
          "deliveries": [
            {
              "batter": "SR Taylor",
              "bowler": "DC Stovell",
              "non_striker": "Fahad Babar",
              "runs": {
                "batter": 2,
                "extras": 0,
                "total": 2
              }
            },
            {
              "batter": "SR Taylor",
              "bowler": "DC Stovell",
              "non_striker": "Fahad Babar",
              "runs": {
                "batter": 0,
                "extras": 0,
                "total": 0
              }
            },
            {
              "batter": "SR Taylor",
              "bowler": "DC Stovell",
              "non_striker": "Fahad Babar",
              "runs": {
                "batter": 2,
                "extras": 0,
                "total": 2
              }
            },
            {
              "batter": "SR Taylor",
              "bowler": "DC Stovell",
              "non_striker": "Fahad Babar",
              "runs": {
                "batter": 4,
                "extras": 0,
                "total": 4
              }
            },
            {
              "batter": "SR Taylor",
              "bowler": "DC Stovell",
              "non_striker": "Fahad Babar",
              "runs": {
                "batter": 0,
                "extras": 0,
                "total": 0
              }
            },
            {
              "batter": "SR Taylor",
              "bowler": "DC Stovell",
              "non_striker": "Fahad Babar",
              "runs": {
                "batter": 6,
                "extras": 0,
                "total": 6
              }
            }
          ]
        },
        {
          "over": 1,
          "deliveries": [
            {
              "batter": "Fahad Babar",
              "bowler": "MO Jones",
              "non_striker": "SR Taylor",
              "runs": {
                "batter": 0,
                "extras": 0,
                "total": 0
              }
            },
            {
              "batter": "Fahad Babar",
              "bowler": "MO Jones",
              "non_striker": "SR Taylor",
              "runs": {
                "batter": 0,
                "extras": 0,
                "total": 0
              }
            },
            {
              "batter": "Fahad Babar",
              "bowler": "MO Jones",
              "non_striker": "SR Taylor",
              "runs": {
                "batter": 0,
                "extras": 0,
                "total": 0
              }
            },
            {
              "batter": "Fahad Babar",
              "bowler": "MO Jones",
              "non_striker": "SR Taylor",
              "runs": {
                "batter": 1,
                "extras": 0,
                "total": 1
              }
            },
            {
              "batter": "SR Taylor",
              "bowler": "MO Jones",
              "non_striker": "Fahad Babar",
              "runs": {
                "batter": 1,
                "extras": 0,
                "total": 1
              }
            },
            {
              "batter": "Fahad Babar",
              "bowler": "MO Jones",
              "non_striker": "SR Taylor",
              "runs": {
                "batter": 0,
                "extras": 0,
                "total": 0
              }
            }
          ]
        },
        {
          "over": 2,
          "deliveries": [
            {
              "batter": "SR Taylor",
              "bowler": "D Talbot",
              "non_striker": "Fahad Babar",
              "runs": {
                "batter": 0,
                "extras": 0,
                "total": 0
              }
            },
            {
              "batter": "SR Taylor",
              "bowler": "D Talbot",
              "non_striker": "Fahad Babar",
              "runs": {
                "batter": 0,
                "extras": 0,
                "total": 0
              }
            },
            {
              "batter": "SR Taylor",
              "bowler": "D Talbot",
              "non_striker": "Fahad Babar",
              "runs": {
                "batter": 0,
                "extras": 0,
                "total": 0
              }
            },
            {
              "batter": "SR Taylor",
              "bowler": "D Talbot",
              "non_striker": "Fahad Babar",
              "runs": {
                "batter": 1,
                "extras": 0,
                "total": 1
              }
            },
            {
              "batter": "Fahad Babar",
              "bowler": "D Talbot",
              "non_striker": "SR Taylor",
              "runs": {
                "batter": 1,
                "extras": 0,
                "total": 1
              }
            },
            {
              "batter": "SR Taylor",
              "bowler": "D Talbot",
              "non_striker": "Fahad Babar",
              "runs": {
                "batter": 0,
                "extras": 0,
                "total": 0
              }
            }
          ]
        },
        {
          "over": 3,
          "deliveries": [
            {
              "batter": "Fahad Babar",
              "bowler": "MO Jones",
              "non_striker": "SR Taylor",
              "runs": {
                "batter": 0,
                "extras": 0,
                "total": 0
              }
            },
            {
              "batter": "Fahad Babar",
              "bowler": "MO Jones",
              "non_striker": "SR Taylor",
              "runs": {
                "batter": 0,
                "extras": 0,
                "total": 0
              }
            },
            {
              "batter": "Fahad Babar",
              "bowler": "MO Jones",
              "non_striker": "SR Taylor",
              "runs": {
                "batter": 0,
                "extras": 0,
                "total": 0
              }
            },
            {
              "batter": "Fahad Babar",
              "bowler": "MO Jones",
              "non_striker": "SR Taylor",
              "runs": {
                "batter": 0,
                "extras": 0,
                "total": 0
              }
            },
            {
              "batter": "Fahad Babar",
              "bowler": "MO Jones",
              "non_striker": "SR Taylor",
              "runs": {
                "batter": 0,
                "extras": 0,
                "total": 0
              }
            },
            {
              "batter": "Fahad Babar",
              "bowler": "MO Jones",
              "non_striker": "SR Taylor",
              "runs": {
                "batter": 4,
                "extras": 0,
                "total": 4
              }
            }
          ]
        },
        {
          "over": 4,
          "deliveries": [
            {
              "batter": "SR Taylor",
              "bowler": "D Talbot",
              "non_striker": "Fahad Babar",
              "runs": {
                "batter": 1,
                "extras": 0,
                "total": 1
              }
            },
            {
              "batter": "Fahad Babar",
              "bowler": "D Talbot",
              "non_striker": "SR Taylor",
              "runs": {
                "batter": 0,
                "extras": 0,
                "total": 0
              }
            },
            {
              "batter": "Fahad Babar",
              "bowler": "D Talbot",
              "non_striker": "SR Taylor",
              "runs": {
                "batter": 0,
                "extras": 0,
                "total": 0
              }
            },
            {
              "batter": "Fahad Babar",
              "bowler": "D Talbot",
              "non_striker": "SR Taylor",
              "runs": {
                "batter": 0,
                "extras": 0,
                "total": 0
              }
            },
            {
              "batter": "Fahad Babar",
              "bowler": "D Talbot",
              "non_striker": "SR Taylor",
              "runs": {
                "batter": 0,
                "extras": 0,
                "total": 0
              }
            },
            {
              "batter": "Fahad Babar",
              "bowler": "D Talbot",
              "non_striker": "SR Taylor",
              "runs": {
                "batter": 0,
                "extras": 0,
                "total": 0
              }
            }
          ]
        },
        {
          "over": 5,
          "deliveries": [
            {
              "batter": "SR Taylor",
              "bowler": "MO Jones",
              "extras": {
                "wides": 1
              },
              "non_striker": "Fahad Babar",
              "runs": {
                "batter": 0,
                "extras": 1,
                "total": 1
              }
            },
            {
              "batter": "SR Taylor",
              "bowler": "MO Jones",
              "non_striker": "Fahad Babar",
              "runs": {
                "batter": 0,
                "extras": 0,
                "total": 0
              }
            },
            {
              "batter": "SR Taylor",
              "bowler": "MO Jones",
              "non_striker": "Fahad Babar",
              "runs": {
                "batter": 0,
                "extras": 0,
                "total": 0
              },
              "wickets": [
                {
                  "kind": "bowled",
                  "player_out": "SR Taylor"
                }
              ]
            },
            {
              "batter": "SR Santhanam",
              "bowler": "MO Jones",
              "non_striker": "Fahad Babar",
              "runs": {
                "batter": 0,
                "extras": 0,
                "total": 0
              }
            },
            {
              "batter": "SR Santhanam",
              "bowler": "MO Jones",
              "non_striker": "Fahad Babar",
              "runs": {
                "batter": 1,
                "extras": 0,
                "total": 1
              }
            },
            {
              "batter": "Fahad Babar",
              "bowler": "MO Jones",
              "non_striker": "SR Santhanam",
              "runs": {
                "batter": 1,
                "extras": 0,
                "total": 1
              }
            },
            {
              "batter": "SR Santhanam",
              "bowler": "MO Jones",
              "extras": {
                "wides": 1
              },
              "non_striker": "Fahad Babar",
              "runs": {
                "batter": 0,
                "extras": 1,
                "total": 1
              }
            },
            {
              "batter": "SR Santhanam",
              "bowler": "MO Jones",
              "non_striker": "Fahad Babar",
              "runs": {
                "batter": 0,
                "extras": 0,
                "total": 0
              }
            }
          ]
        },
        {
          "over": 6,
          "deliveries": [
            {
              "batter": "Fahad Babar",
              "bowler": "D Talbot",
              "non_striker": "SR Santhanam",
              "runs": {
                "batter": 0,
                "extras": 0,
                "total": 0
              }
            },
            {
              "batter": "Fahad Babar",
              "bowler": "D Talbot",
              "non_striker": "SR Santhanam",
              "runs": {
                "batter": 0,
                "extras": 0,
                "total": 0
              }
            },
            {
              "batter": "Fahad Babar",
              "bowler": "D Talbot",
              "non_striker": "SR Santhanam",
              "runs": {
                "batter": 0,
                "extras": 0,
                "total": 0
              }
            },
            {
              "batter": "Fahad Babar",
              "bowler": "D Talbot",
              "non_striker": "SR Santhanam",
              "runs": {
                "batter": 0,
                "extras": 0,
                "total": 0
              }
            },
            {
              "batter": "Fahad Babar",
              "bowler": "D Talbot",
              "non_striker": "SR Santhanam",
              "runs": {
                "batter": 4,
                "extras": 0,
                "total": 4
              }
            },
            {
              "batter": "Fahad Babar",
              "bowler": "D Talbot",
              "non_striker": "SR Santhanam",
              "runs": {
                "batter": 0,
                "extras": 0,
                "total": 0
              }
            }
          ]
        },
        {
          "over": 7,
          "deliveries": [
            {
              "batter": "SR Santhanam",
              "bowler": "DMW Rawlins",
              "non_striker": "Fahad Babar",
              "runs": {
                "batter": 0,
                "extras": 0,
                "total": 0
              }
            },
            {
              "batter": "SR Santhanam",
              "bowler": "DMW Rawlins",
              "non_striker": "Fahad Babar",
              "runs": {
                "batter": 0,
                "extras": 0,
                "total": 0
              }
            },
            {
              "batter": "SR Santhanam",
              "bowler": "DMW Rawlins",
              "non_striker": "Fahad Babar",
              "runs": {
                "batter": 0,
                "extras": 0,
                "total": 0
              }
            },
            {
              "batter": "SR Santhanam",
              "bowler": "DMW Rawlins",
              "non_striker": "Fahad Babar",
              "runs": {
                "batter": 0,
                "extras": 0,
                "total": 0
              }
            },
            {
              "batter": "SR Santhanam",
              "bowler": "DMW Rawlins",
              "non_striker": "Fahad Babar",
              "runs": {
                "batter": 0,
                "extras": 0,
                "total": 0
              }
            },
            {
              "batter": "SR Santhanam",
              "bowler": "DMW Rawlins",
              "non_striker": "Fahad Babar",
              "runs": {
                "batter": 4,
                "extras": 0,
                "total": 4
              }
            }
          ]
        },
        {
          "over": 8,
          "deliveries": [
            {
              "batter": "Fahad Babar",
              "bowler": "D Talbot",
              "non_striker": "SR Santhanam",
              "runs": {
                "batter": 2,
                "extras": 0,
                "total": 2
              }
            },
            {
              "batter": "Fahad Babar",
              "bowler": "D Talbot",
              "non_striker": "SR Santhanam",
              "runs": {
                "batter": 0,
                "extras": 0,
                "total": 0
              }
            },
            {
              "batter": "Fahad Babar",
              "bowler": "D Talbot",
              "non_striker": "SR Santhanam",
              "runs": {
                "batter": 4,
                "extras": 0,
                "total": 4
              }
            },
            {
              "batter": "Fahad Babar",
              "bowler": "D Talbot",
              "non_striker": "SR Santhanam",
              "runs": {
                "batter": 0,
                "extras": 0,
                "total": 0
              }
            },
            {
              "batter": "Fahad Babar",
              "bowler": "D Talbot",
              "non_striker": "SR Santhanam",
              "runs": {
                "batter": 0,
                "extras": 0,
                "total": 0
              }
            },
            {
              "batter": "Fahad Babar",
              "bowler": "D Talbot",
              "non_striker": "SR Santhanam",
              "runs": {
                "batter": 0,
                "extras": 0,
                "total": 0
              }
            }
          ]
        },
        {
          "over": 9,
          "deliveries": [
            {
              "batter": "SR Santhanam",
              "bowler": "DMW Rawlins",
              "non_striker": "Fahad Babar",
              "runs": {
                "batter": 4,
                "extras": 0,
                "total": 4
              }
            },
            {
              "batter": "SR Santhanam",
              "bowler": "DMW Rawlins",
              "non_striker": "Fahad Babar",
              "runs": {
                "batter": 0,
                "extras": 0,
                "total": 0
              }
            },
            {
              "batter": "SR Santhanam",
              "bowler": "DMW Rawlins",
              "non_striker": "Fahad Babar",
              "runs": {
                "batter": 0,
                "extras": 0,
                "total": 0
              }
            },
            {
              "batter": "SR Santhanam",
              "bowler": "DMW Rawlins",
              "non_striker": "Fahad Babar",
              "runs": {
                "batter": 0,
                "extras": 0,
                "total": 0
              },
              "wickets": [
                {
                  "kind": "caught",
                  "player_out": "SR Santhanam",
                  "fielders": [
                    {
                      "name": "C Burgess"
                    }
                  ]
                }
              ]
            },
            {
              "batter": "SJ Massiah",
              "bowler": "DMW Rawlins",
              "non_striker": "Fahad Babar",
              "runs": {
                "batter": 0,
                "extras": 0,
                "total": 0
              }
            },
            {
              "batter": "SJ Massiah",
              "bowler": "DMW Rawlins",
              "non_striker": "Fahad Babar",
              "runs": {
                "batter": 0,
                "extras": 0,
                "total": 0
              }
            }
          ]
        },
        {
          "over": 10,
          "deliveries": [
            {
              "batter": "Fahad Babar",
              "bowler": "D Talbot",
              "non_striker": "SJ Massiah",
              "runs": {
                "batter": 0,
                "extras": 0,
                "total": 0
              }
            },
            {
              "batter": "Fahad Babar",
              "bowler": "D Talbot",
              "non_striker": "SJ Massiah",
              "runs": {
                "batter": 0,
                "extras": 0,
                "total": 0
              }
            },
            {
              "batter": "Fahad Babar",
              "bowler": "D Talbot",
              "non_striker": "SJ Massiah",
              "runs": {
                "batter": 0,
                "extras": 0,
                "total": 0
              }
            },
            {
              "batter": "Fahad Babar",
              "bowler": "D Talbot",
              "non_striker": "SJ Massiah",
              "runs": {
                "batter": 0,
                "extras": 0,
                "total": 0
              }
            },
            {
              "batter": "Fahad Babar",
              "bowler": "D Talbot",
              "non_striker": "SJ Massiah",
              "runs": {
                "batter": 0,
                "extras": 0,
                "total": 0
              },
              "wickets": [
                {
                  "kind": "caught",
                  "player_out": "Fahad Babar",
                  "fielders": [
                    {
                      "name": "JJ Tucker"
                    }
                  ]
                }
              ]
            },
            {
              "batter": "A Thyagarajan",
              "bowler": "D Talbot",
              "non_striker": "SJ Massiah",
              "runs": {
                "batter": 0,
                "extras": 0,
                "total": 0
              }
            }
          ]
        },
        {
          "over": 11,
          "deliveries": [
            {
              "batter": "SJ Massiah",
              "bowler": "DMW Rawlins",
              "non_striker": "A Thyagarajan",
              "runs": {
                "batter": 0,
                "extras": 0,
                "total": 0
              }
            },
            {
              "batter": "SJ Massiah",
              "bowler": "DMW Rawlins",
              "non_striker": "A Thyagarajan",
              "runs": {
                "batter": 0,
                "extras": 0,
                "total": 0
              }
            },
            {
              "batter": "SJ Massiah",
              "bowler": "DMW Rawlins",
              "non_striker": "A Thyagarajan",
              "runs": {
                "batter": 1,
                "extras": 0,
                "total": 1
              }
            },
            {
              "batter": "A Thyagarajan",
              "bowler": "DMW Rawlins",
              "non_striker": "SJ Massiah",
              "runs": {
                "batter": 0,
                "extras": 0,
                "total": 0
              }
            },
            {
              "batter": "A Thyagarajan",
              "bowler": "DMW Rawlins",
              "non_striker": "SJ Massiah",
              "runs": {
                "batter": 4,
                "extras": 0,
                "total": 4
              }
            },
            {
              "batter": "A Thyagarajan",
              "bowler": "DMW Rawlins",
              "non_striker": "SJ Massiah",
              "runs": {
                "batter": 0,
                "extras": 0,
                "total": 0
              }
            }
          ]
        },
        {
          "over": 12,
          "deliveries": [
            {
              "batter": "SJ Massiah",
              "bowler": "D Talbot",
              "non_striker": "A Thyagarajan",
              "runs": {
                "batter": 0,
                "extras": 0,
                "total": 0
              }
            },
            {
              "batter": "SJ Massiah",
              "bowler": "D Talbot",
              "non_striker": "A Thyagarajan",
              "runs": {
                "batter": 0,
                "extras": 0,
                "total": 0
              }
            },
            {
              "batter": "SJ Massiah",
              "bowler": "D Talbot",
              "non_striker": "A Thyagarajan",
              "runs": {
                "batter": 4,
                "extras": 0,
                "total": 4
              }
            },
            {
              "batter": "SJ Massiah",
              "bowler": "D Talbot",
              "non_striker": "A Thyagarajan",
              "runs": {
                "batter": 4,
                "extras": 0,
                "total": 4
              }
            },
            {
              "batter": "SJ Massiah",
              "bowler": "D Talbot",
              "non_striker": "A Thyagarajan",
              "runs": {
                "batter": 0,
                "extras": 0,
                "total": 0
              }
            },
            {
              "batter": "SJ Massiah",
              "bowler": "D Talbot",
              "non_striker": "A Thyagarajan",
              "runs": {
                "batter": 0,
                "extras": 0,
                "total": 0
              }
            }
          ]
        },
        {
          "over": 13,
          "deliveries": [
            {
              "batter": "A Thyagarajan",
              "bowler": "DMW Rawlins",
              "non_striker": "SJ Massiah",
              "runs": {
                "batter": 0,
                "extras": 0,
                "total": 0
              }
            },
            {
              "batter": "A Thyagarajan",
              "bowler": "DMW Rawlins",
              "non_striker": "SJ Massiah",
              "runs": {
                "batter": 0,
                "extras": 0,
                "total": 0
              }
            },
            {
              "batter": "A Thyagarajan",
              "bowler": "DMW Rawlins",
              "non_striker": "SJ Massiah",
              "runs": {
                "batter": 0,
                "extras": 0,
                "total": 0
              }
            },
            {
              "batter": "A Thyagarajan",
              "bowler": "DMW Rawlins",
              "non_striker": "SJ Massiah",
              "runs": {
                "batter": 4,
                "extras": 0,
                "total": 4
              }
            },
            {
              "batter": "A Thyagarajan",
              "bowler": "DMW Rawlins",
              "non_striker": "SJ Massiah",
              "runs": {
                "batter": 0,
                "extras": 0,
                "total": 0
              }
            },
            {
              "batter": "A Thyagarajan",
              "bowler": "DMW Rawlins",
              "extras": {
                "wides": 1
              },
              "non_striker": "SJ Massiah",
              "runs": {
                "batter": 0,
                "extras": 1,
                "total": 1
              }
            },
            {
              "batter": "A Thyagarajan",
              "bowler": "DMW Rawlins",
              "non_striker": "SJ Massiah",
              "runs": {
                "batter": 0,
                "extras": 0,
                "total": 0
              }
            }
          ]
        },
        {
          "over": 14,
          "deliveries": [
            {
              "batter": "SJ Massiah",
              "bowler": "D Talbot",
              "non_striker": "A Thyagarajan",
              "runs": {
                "batter": 6,
                "extras": 0,
                "total": 6
              }
            },
            {
              "batter": "SJ Massiah",
              "bowler": "D Talbot",
              "non_striker": "A Thyagarajan",
              "runs": {
                "batter": 0,
                "extras": 0,
                "total": 0
              }
            },
            {
              "batter": "SJ Massiah",
              "bowler": "D Talbot",
              "non_striker": "A Thyagarajan",
              "runs": {
                "batter": 0,
                "extras": 0,
                "total": 0
              }
            },
            {
              "batter": "SJ Massiah",
              "bowler": "D Talbot",
              "non_striker": "A Thyagarajan",
              "runs": {
                "batter": 0,
                "extras": 0,
                "total": 0
              }
            },
            {
              "batter": "SJ Massiah",
              "bowler": "D Talbot",
              "non_striker": "A Thyagarajan",
              "runs": {
                "batter": 0,
                "extras": 0,
                "total": 0
              }
            },
            {
              "batter": "SJ Massiah",
              "bowler": "D Talbot",
              "non_striker": "A Thyagarajan",
              "runs": {
                "batter": 1,
                "extras": 0,
                "total": 1
              }
            }
          ]
        },
        {
          "over": 15,
          "deliveries": [
            {
              "batter": "SJ Massiah",
              "bowler": "DMW Rawlins",
              "non_striker": "A Thyagarajan",
              "runs": {
                "batter": 6,
                "extras": 0,
                "total": 6
              }
            },
            {
              "batter": "SJ Massiah",
              "bowler": "DMW Rawlins",
              "non_striker": "A Thyagarajan",
              "runs": {
                "batter": 1,
                "extras": 0,
                "total": 1
              }
            },
            {
              "batter": "A Thyagarajan",
              "bowler": "DMW Rawlins",
              "non_striker": "SJ Massiah",
              "runs": {
                "batter": 2,
                "extras": 0,
                "total": 2
              }
            },
            {
              "batter": "A Thyagarajan",
              "bowler": "DMW Rawlins",
              "non_striker": "SJ Massiah",
              "runs": {
                "batter": 0,
                "extras": 0,
                "total": 0
              }
            },
            {
              "batter": "A Thyagarajan",
              "bowler": "DMW Rawlins",
              "non_striker": "SJ Massiah",
              "runs": {
                "batter": 1,
                "extras": 0,
                "total": 1
              }
            },
            {
              "batter": "SJ Massiah",
              "bowler": "DMW Rawlins",
              "non_striker": "A Thyagarajan",
              "runs": {
                "batter": 0,
                "extras": 0,
                "total": 0
              }
            }
          ]
        },
        {
          "over": 16,
          "deliveries": [
            {
              "batter": "A Thyagarajan",
              "bowler": "DC Stovell",
              "non_striker": "SJ Massiah",
              "runs": {
                "batter": 1,
                "extras": 0,
                "total": 1
              }
            },
            {
              "batter": "SJ Massiah",
              "bowler": "DC Stovell",
              "non_striker": "A Thyagarajan",
              "runs": {
                "batter": 0,
                "extras": 0,
                "total": 0
              }
            },
            {
              "batter": "SJ Massiah",
              "bowler": "DC Stovell",
              "non_striker": "A Thyagarajan",
              "runs": {
                "batter": 1,
                "extras": 0,
                "total": 1
              }
            },
            {
              "batter": "A Thyagarajan",
              "bowler": "DC Stovell",
              "non_striker": "SJ Massiah",
              "runs": {
                "batter": 1,
                "extras": 0,
                "total": 1
              }
            },
            {
              "batter": "SJ Massiah",
              "bowler": "DC Stovell",
              "non_striker": "A Thyagarajan",
              "runs": {
                "batter": 0,
                "extras": 0,
                "total": 0
              }
            },
            {
              "batter": "SJ Massiah",
              "bowler": "DC Stovell",
              "non_striker": "A Thyagarajan",
              "runs": {
                "batter": 1,
                "extras": 0,
                "total": 1
              }
            }
          ]
        },
        {
          "over": 17,
          "deliveries": [
            {
              "batter": "SJ Massiah",
              "bowler": "DMW Rawlins",
              "non_striker": "A Thyagarajan",
              "runs": {
                "batter": 0,
                "extras": 0,
                "total": 0
              }
            },
            {
              "batter": "SJ Massiah",
              "bowler": "DMW Rawlins",
              "non_striker": "A Thyagarajan",
              "runs": {
                "batter": 6,
                "extras": 0,
                "total": 6
              }
            },
            {
              "batter": "SJ Massiah",
              "bowler": "DMW Rawlins",
              "non_striker": "A Thyagarajan",
              "runs": {
                "batter": 0,
                "extras": 0,
                "total": 0
              },
              "wickets": [
                {
                  "kind": "caught",
                  "player_out": "SJ Massiah",
                  "fielders": [
                    {
                      "name": "D Talbot"
                    }
                  ]
                }
              ]
            },
            {
              "batter": "TK Patel",
              "bowler": "DMW Rawlins",
              "non_striker": "A Thyagarajan",
              "runs": {
                "batter": 0,
                "extras": 0,
                "total": 0
              }
            },
            {
              "batter": "TK Patel",
              "bowler": "DMW Rawlins",
              "non_striker": "A Thyagarajan",
              "runs": {
                "batter": 0,
                "extras": 0,
                "total": 0
              }
            },
            {
              "batter": "TK Patel",
              "bowler": "DMW Rawlins",
              "extras": {
                "legbyes": 2
              },
              "non_striker": "A Thyagarajan",
              "runs": {
                "batter": 0,
                "extras": 2,
                "total": 2
              }
            }
          ]
        },
        {
          "over": 18,
          "deliveries": [
            {
              "batter": "A Thyagarajan",
              "bowler": "DC Stovell",
              "non_striker": "TK Patel",
              "runs": {
                "batter": 0,
                "extras": 0,
                "total": 0
              }
            },
            {
              "batter": "A Thyagarajan",
              "bowler": "DC Stovell",
              "non_striker": "TK Patel",
              "runs": {
                "batter": 1,
                "extras": 0,
                "total": 1
              }
            },
            {
              "batter": "TK Patel",
              "bowler": "DC Stovell",
              "non_striker": "A Thyagarajan",
              "runs": {
                "batter": 0,
                "extras": 0,
                "total": 0
              }
            },
            {
              "batter": "TK Patel",
              "bowler": "DC Stovell",
              "non_striker": "A Thyagarajan",
              "runs": {
                "batter": 0,
                "extras": 0,
                "total": 0
              }
            },
            {
              "batter": "TK Patel",
              "bowler": "DC Stovell",
              "non_striker": "A Thyagarajan",
              "runs": {
                "batter": 2,
                "extras": 0,
                "total": 2
              }
            },
            {
              "batter": "TK Patel",
              "bowler": "DC Stovell",
              "non_striker": "A Thyagarajan",
              "runs": {
                "batter": 0,
                "extras": 0,
                "total": 0
              }
            }
          ]
        },
        {
          "over": 19,
          "deliveries": [
            {
              "batter": "A Thyagarajan",
              "bowler": "DMW Rawlins",
              "non_striker": "TK Patel",
              "runs": {
                "batter": 0,
                "extras": 0,
                "total": 0
              }
            },
            {
              "batter": "A Thyagarajan",
              "bowler": "DMW Rawlins",
              "non_striker": "TK Patel",
              "runs": {
                "batter": 1,
                "extras": 0,
                "total": 1
              }
            },
            {
              "batter": "TK Patel",
              "bowler": "DMW Rawlins",
              "non_striker": "A Thyagarajan",
              "runs": {
                "batter": 0,
                "extras": 0,
                "total": 0
              }
            },
            {
              "batter": "TK Patel",
              "bowler": "DMW Rawlins",
              "non_striker": "A Thyagarajan",
              "runs": {
                "batter": 0,
                "extras": 0,
                "total": 0
              }
            },
            {
              "batter": "TK Patel",
              "bowler": "DMW Rawlins",
              "non_striker": "A Thyagarajan",
              "runs": {
                "batter": 1,
                "extras": 0,
                "total": 1
              }
            },
            {
              "batter": "A Thyagarajan",
              "bowler": "DMW Rawlins",
              "non_striker": "TK Patel",
              "runs": {
                "batter": 1,
                "extras": 0,
                "total": 1
              }
            }
          ]
        },
        {
          "over": 20,
          "deliveries": [
            {
              "batter": "A Thyagarajan",
              "bowler": "DC Stovell",
              "non_striker": "TK Patel",
              "runs": {
                "batter": 0,
                "extras": 0,
                "total": 0
              }
            },
            {
              "batter": "A Thyagarajan",
              "bowler": "DC Stovell",
              "non_striker": "TK Patel",
              "runs": {
                "batter": 0,
                "extras": 0,
                "total": 0
              }
            },
            {
              "batter": "A Thyagarajan",
              "bowler": "DC Stovell",
              "non_striker": "TK Patel",
              "runs": {
                "batter": 1,
                "extras": 0,
                "total": 1
              }
            },
            {
              "batter": "TK Patel",
              "bowler": "DC Stovell",
              "non_striker": "A Thyagarajan",
              "runs": {
                "batter": 4,
                "extras": 0,
                "total": 4
              }
            },
            {
              "batter": "TK Patel",
              "bowler": "DC Stovell",
              "non_striker": "A Thyagarajan",
              "runs": {
                "batter": 0,
                "extras": 0,
                "total": 0
              }
            },
            {
              "batter": "TK Patel",
              "bowler": "DC Stovell",
              "non_striker": "A Thyagarajan",
              "runs": {
                "batter": 1,
                "extras": 0,
                "total": 1
              }
            }
          ]
        },
        {
          "over": 21,
          "deliveries": [
            {
              "batter": "TK Patel",
              "bowler": "DMW Rawlins",
              "non_striker": "A Thyagarajan",
              "runs": {
                "batter": 0,
                "extras": 0,
                "total": 0
              }
            },
            {
              "batter": "TK Patel",
              "bowler": "DMW Rawlins",
              "non_striker": "A Thyagarajan",
              "runs": {
                "batter": 0,
                "extras": 0,
                "total": 0
              }
            },
            {
              "batter": "TK Patel",
              "bowler": "DMW Rawlins",
              "non_striker": "A Thyagarajan",
              "runs": {
                "batter": 1,
                "extras": 0,
                "total": 1
              }
            },
            {
              "batter": "A Thyagarajan",
              "bowler": "DMW Rawlins",
              "non_striker": "TK Patel",
              "runs": {
                "batter": 0,
                "extras": 0,
                "total": 0
              }
            },
            {
              "batter": "A Thyagarajan",
              "bowler": "DMW Rawlins",
              "extras": {
                "wides": 1
              },
              "non_striker": "TK Patel",
              "runs": {
                "batter": 0,
                "extras": 1,
                "total": 1
              }
            },
            {
              "batter": "A Thyagarajan",
              "bowler": "DMW Rawlins",
              "non_striker": "TK Patel",
              "runs": {
                "batter": 1,
                "extras": 0,
                "total": 1
              }
            }
          ]
        }
      ],
      "powerplays": [
        {
          "from": 0.1,
          "to": 9.6,
          "type": "mandatory"
        }
      ],
      "target": {
        "overs": 50,
        "runs": 107
      }
    }
  ]
}