{
  "meta": {
    "data_version": "1.0.0",
    "created": "2014-11-02",
    "revision": 3
  },
  "info": {
    "balls_per_over": 6,
    "city": "Kuala Lumpur",
    "dates": [
      "2014-10-30"
    ],
    "event": {
      "name": "ICC World Cricket League Division Three",
      "stage": "5th Place Play-Off"
    },
    "gender": "male",
    "match_type": "ODM",
    "missing": [
      {
        "powerplays": {
          "1": [
            "batting"
          ],
          "2": [
            "batting"
          ]
        }
      }
    ],
    "officials": {
      "match_referees": [
        "D Govindjee"
      ],
      "reserve_umpires": [
        "B Ramani"
      ],
      "umpires": [
        "R D'Mello",
        "Sri Ganesh"
      ]
    },
    "outcome": {
      "by": {
        "wickets": 10
      },
      "winner": "United States of America"
    },
    "overs": 50,
    "player_of_match": [
      "Adil Bhatti"
    ],
    "players": {
      "Bermuda": [
        "TS Fray",
        "AC Douglas",
        "KS Leverock",
        "C Burgess",
        "OGL Bascome",
        "DMW Rawlins",
        "T Manders",
        "JA DeSilva",
        "DC Stovell",
        "MO Jones",
        "KE Bashir"
      ],
      "United States of America": [
        "Adil Bhatti",
        "Fahad Babar",
        "SJ Massiah",
        "TK Patel",
        "SR Santhanam",
        "SR Taylor",
        "K Ganesh",
        "A Thyagarajan",
        "Muhammad Ghous",
        "Usman Shuja",
        "Danial Ahmed"
      ]
    },
    "registry": {
      "people": {
        "A Thyagarajan": "50717bc4",
        "AC Douglas": "f86ce673",
        "Adil Bhatti": "fb4c5ea5",
        "B Ramani": "92ad5353",
        "C Burgess": "d8c6111c",
        "D Govindjee": "8b4c4069",
        "DC Stovell": "7f6c2dae",
        "DMW Rawlins": "f1eb3c73",
        "Danial Ahmed": "cf9ae594",
        "Fahad Babar": "5595b867",
        "JA DeSilva": "01d5f279",
        "K Ganesh": "363fe2d5",
        "KE Bashir": "4cfc2dc0",
        "KS Leverock": "e1592949",
        "MO Jones": "0e0afd8b",
        "Muhammad Ghous": "1676b2d6",
        "OGL Bascome": "94a1827c",
        "R D'Mello": "f3c22863",
        "SJ Massiah": "59cc6b79",
        "SR Santhanam": "063870fc",
        "SR Taylor": "a9231c3f",
        "Sri Ganesh": "2d209948",
        "T Manders": "6d2b9724",
        "TK Patel": "95fcbfb7",
        "TS Fray": "c7537f8a",
        "Usman Shuja": "6d2dac56"
      }
    },
    "season": "2014/15",
    "team_type": "international",
    "teams": [
      "Bermuda",
      "United States of America"
    ],
    "toss": {
      "decision": "bat",
      "winner": "Bermuda"
    },
    "venue": "Selangor Turf Club"
  },
  "innings": [
    {
      "team": "Bermuda",
      "overs": [
        {
          "over": 0,
          "deliveries": [
            {
              "batter": "TS Fray",
              "bowler": "Usman Shuja",
              "non_striker": "AC Douglas",
              "runs": {
                "batter": 0,
                "extras": 0,
                "total": 0
              }
            },
            {
              "batter": "TS Fray",
              "bowler": "Usman Shuja",
              "non_striker": "AC Douglas",
              "runs": {
                "batter": 1,
                "extras": 0,
                "total": 1
              }
            },
            {
              "batter": "AC Douglas",
              "bowler": "Usman Shuja",
              "non_striker": "TS Fray",
              "runs": {
                "batter": 0,
                "extras": 0,
                "total": 0
              }
            },
            {
              "batter": "AC Douglas",
              "bowler": "Usman Shuja",
              "non_striker": "TS Fray",
              "runs": {
                "batter": 0,
                "extras": 0,
                "total": 0
              }
            },
            {
              "batter": "AC Douglas",
              "bowler": "Usman Shuja",
              "non_striker": "TS Fray",
              "runs": {
                "batter": 0,
                "extras": 0,
                "total": 0
              },
              "wickets": [
                {
                  "kind": "caught",
                  "player_out": "AC Douglas",
                  "fielders": [
                    {
                      "name": "SR Santhanam"
                    }
                  ]
                }
              ]
            },
            {
              "batter": "KS Leverock",
              "bowler": "Usman Shuja",
              "non_striker": "TS Fray",
              "runs": {
                "batter": 0,
                "extras": 0,
                "total": 0
              }
            }
          ]
        },
        {
          "over": 1,
          "deliveries": [
            {
              "batter": "TS Fray",
              "bowler": "Adil Bhatti",
              "non_striker": "KS Leverock",
              "runs": {
                "batter": 0,
                "extras": 0,
                "total": 0
              }
            },
            {
              "batter": "TS Fray",
              "bowler": "Adil Bhatti",
              "non_striker": "KS Leverock",
              "runs": {
                "batter": 0,
                "extras": 0,
                "total": 0
              }
            },
            {
              "batter": "TS Fray",
              "bowler": "Adil Bhatti",
              "non_striker": "KS Leverock",
              "runs": {
                "batter": 0,
                "extras": 0,
                "total": 0
              }
            },
            {
              "batter": "TS Fray",
              "bowler": "Adil Bhatti",
              "non_striker": "KS Leverock",
              "runs": {
                "batter": 0,
                "extras": 0,
                "total": 0
              },
              "wickets": [
                {
                  "kind": "bowled",
                  "player_out": "TS Fray"
                }
              ]
            },
            {
              "batter": "C Burgess",
              "bowler": "Adil Bhatti",
              "non_striker": "KS Leverock",
              "runs": {
                "batter": 0,
                "extras": 0,
                "total": 0
              }
            },
            {
              "batter": "C Burgess",
              "bowler": "Adil Bhatti",
              "non_striker": "KS Leverock",
              "runs": {
                "batter": 1,
                "extras": 0,
                "total": 1
              }
            }
          ]
        },
        {
          "over": 2,
          "deliveries": [
            {
              "batter": "C Burgess",
              "bowler": "Usman Shuja",
              "non_striker": "KS Leverock",
              "runs": {
                "batter": 0,
                "extras": 0,
                "total": 0
              }
            },
            {
              "batter": "C Burgess",
              "bowler": "Usman Shuja",
              "non_striker": "KS Leverock",
              "runs": {
                "batter": 0,
                "extras": 0,
                "total": 0
              }
            },
            {
              "batter": "C Burgess",
              "bowler": "Usman Shuja",
              "non_striker": "KS Leverock",
              "runs": {
                "batter": 2,
                "extras": 0,
                "total": 2
              }
            },
            {
              "batter": "C Burgess",
              "bowler": "Usman Shuja",
              "non_striker": "KS Leverock",
              "runs": {
                "batter": 0,
                "extras": 0,
                "total": 0
              }
            },
            {
              "batter": "C Burgess",
              "bowler": "Usman Shuja",
              "extras": {
                "wides": 1
              },
              "non_striker": "KS Leverock",
              "runs": {
                "batter": 0,
                "extras": 1,
                "total": 1
              }
            },
            {
              "batter": "C Burgess",
              "bowler": "Usman Shuja",
              "non_striker": "KS Leverock",
              "runs": {
                "batter": 0,
                "extras": 0,
                "total": 0
              }
            },
            {
              "batter": "C Burgess",
              "bowler": "Usman Shuja",
              "non_striker": "KS Leverock",
              "runs": {
                "batter": 0,
                "extras": 0,
                "total": 0
              }
            }
          ]
        },
        {
          "over": 3,
          "deliveries": [
            {
              "batter": "KS Leverock",
              "bowler": "Adil Bhatti",
              "non_striker": "C Burgess",
              "runs": {
                "batter": 4,
                "extras": 0,
                "total": 4
              }
            },
            {
              "batter": "KS Leverock",
              "bowler": "Adil Bhatti",
              "non_striker": "C Burgess",
              "runs": {
                "batter": 0,
                "extras": 0,
                "total": 0
              }
            },
            {
              "batter": "KS Leverock",
              "bowler": "Adil Bhatti",
              "extras": {
                "wides": 1
              },
              "non_striker": "C Burgess",
              "runs": {
                "batter": 0,
                "extras": 1,
                "total": 1
              }
            },
            {
              "batter": "KS Leverock",
              "bowler": "Adil Bhatti",
              "non_striker": "C Burgess",
              "runs": {
                "batter": 4,
                "extras": 0,
                "total": 4
              }
            },
            {
              "batter": "KS Leverock",
              "bowler": "Adil Bhatti",
              "non_striker": "C Burgess",
              "runs": {
                "batter": 1,
                "extras": 0,
                "total": 1
              }
            },
            {
              "batter": "KS Leverock",
              "bowler": "Adil Bhatti",
              "extras": {
                "wides": 2
              },
              "non_striker": "C Burgess",
              "runs": {
                "batter": 0,
                "extras": 2,
                "total": 2
              }
            },
            {
              "batter": "C Burgess",
              "bowler": "Adil Bhatti",
              "non_striker": "KS Leverock",
              "runs": {
                "batter": 0,
                "extras": 0,
                "total": 0
              }
            },
            {
              "batter": "C Burgess",
              "bowler": "Adil Bhatti",
              "non_striker": "KS Leverock",
              "runs": {
                "batter": 4,
                "extras": 0,
                "total": 4
              }
            }
          ]
        },
        {
          "over": 4,
          "deliveries": [
            {
              "batter": "KS Leverock",
              "bowler": "Usman Shuja",
              "non_striker": "C Burgess",
              "runs": {
                "batter": 1,
                "extras": 0,
                "total": 1
              }
            },
            {
              "batter": "C Burgess",
              "bowler": "Usman Shuja",
              "non_striker": "KS Leverock",
              "runs": {
                "batter": 0,
                "extras": 0,
                "total": 0
              }
            },
            {
              "batter": "C Burgess",
              "bowler": "Usman Shuja",
              "non_striker": "KS Leverock",
              "runs": {
                "batter": 6,
                "extras": 0,
                "total": 6
              }
            },
            {
              "batter": "C Burgess",
              "bowler": "Usman Shuja",
              "non_striker": "KS Leverock",
              "runs": {
                "batter": 0,
                "extras": 0,
                "total": 0
              }
            },
            {
              "batter": "C Burgess",
              "bowler": "Usman Shuja",
              "non_striker": "KS Leverock",
              "runs": {
                "batter": 4,
                "extras": 0,
                "total": 4
              }
            },
            {
              "batter": "C Burgess",
              "bowler": "Usman Shuja",
              "non_striker": "KS Leverock",
              "runs": {
                "batter": 4,
                "extras": 0,
                "total": 4
              }
            }
          ]
        },
        {
          "over": 5,
          "deliveries": [
            {
              "batter": "KS Leverock",
              "bowler": "Adil Bhatti",
              "non_striker": "C Burgess",
              "runs": {
                "batter": 0,
                "extras": 0,
                "total": 0
              }
            },
            {
              "batter": "KS Leverock",
              "bowler": "Adil Bhatti",
              "non_striker": "C Burgess",
              "runs": {
                "batter": 1,
                "extras": 0,
                "total": 1
              }
            },
            {
              "batter": "C Burgess",
              "bowler": "Adil Bhatti",
              "non_striker": "KS Leverock",
              "runs": {
                "batter": 0,
                "extras": 0,
                "total": 0
              }
            },
            {
              "batter": "C Burgess",
              "bowler": "Adil Bhatti",
              "non_striker": "KS Leverock",
              "runs": {
                "batter": 0,
                "extras": 0,
                "total": 0
              },
              "wickets": [
                {
                  "kind": "bowled",
                  "player_out": "C Burgess"
                }
              ]
            },
            {
              "batter": "OGL Bascome",
              "bowler": "Adil Bhatti",
              "non_striker": "KS Leverock",
              "runs": {
                "batter": 0,
                "extras": 0,
                "total": 0
              }
            },
            {
              "batter": "OGL Bascome",
              "bowler": "Adil Bhatti",
              "non_striker": "KS Leverock",
              "runs": {
                "batter": 1,
                "extras": 0,
                "total": 1
              }
            }
          ]
        },
        {
          "over": 6,
          "deliveries": [
            {
              "batter": "OGL Bascome",
              "bowler": "Usman Shuja",
              "non_striker": "KS Leverock",
              "runs": {
                "batter": 0,
                "extras": 0,
                "total": 0
              }
            },
            {
              "batter": "OGL Bascome",
              "bowler": "Usman Shuja",
              "non_striker": "KS Leverock",
              "runs": {
                "batter": 0,
                "extras": 0,
                "total": 0
              },
              "wickets": [
                {
                  "kind": "caught",
                  "player_out": "OGL Bascome",
                  "fielders": [
                    {
                      "name": "Fahad Babar"
                    }
                  ]
                }
              ]
            },
            {
              "batter": "DMW Rawlins",
              "bowler": "Usman Shuja",
              "non_striker": "KS Leverock",
              "runs": {
                "batter": 0,
                "extras": 0,
                "total": 0
              }
            },
            {
              "batter": "DMW Rawlins",
              "bowler": "Usman Shuja",
              "non_striker": "KS Leverock",
              "runs": {
                "batter": 0,
                "extras": 0,
                "total": 0
              }
            },
            {
              "batter": "DMW Rawlins",
              "bowler": "Usman Shuja",
              "non_striker": "KS Leverock",
              "runs": {
                "batter": 2,
                "extras": 0,
                "total": 2
              }
            },
            {
              "batter": "DMW Rawlins",
              "bowler": "Usman Shuja",
              "non_striker": "KS Leverock",
              "runs": {
                "batter": 0,
                "extras": 0,
                "total": 0
              }
            }
          ]
        },
        {
          "over": 7,
          "deliveries": [
            {
              "batter": "KS Leverock",
              "bowler": "Adil Bhatti",
              "extras": {
                "wides": 1
              },
              "non_striker": "DMW Rawlins",
              "runs": {
                "batter": 0,
                "extras": 1,
                "total": 1
              }
            },
            {
              "batter": "KS Leverock",
              "bowler": "Adil Bhatti",
              "non_striker": "DMW Rawlins",
              "runs": {
                "batter": 0,
                "extras": 0,
                "total": 0
              },
              "wickets": [
                {
                  "kind": "caught",
                  "player_out": "KS Leverock",
                  "fielders": [
                    {
                      "name": "Muhammad Ghous"
                    }
                  ]
                }
              ]
            },
            {
              "batter": "T Manders",
              "bowler": "Adil Bhatti",
              "non_striker": "DMW Rawlins",
              "runs": {
                "batter": 0,
                "extras": 0,
                "total": 0
              }
            },
            {
              "batter": "T Manders",
              "bowler": "Adil Bhatti",
              "non_striker": "DMW Rawlins",
              "runs": {
                "batter": 4,
                "extras": 0,
                "total": 4
              }
            },
            {
              "batter": "T Manders",
              "bowler": "Adil Bhatti",
              "non_striker": "DMW Rawlins",
              "runs": {
                "batter": 0,
                "extras": 0,
                "total": 0
              }
            },
            {
              "batter": "T Manders",
              "bowler": "Adil Bhatti",
              "non_striker": "DMW Rawlins",
              "runs": {
                "batter": 0,
                "extras": 0,
                "total": 0
              }
            },
            {
              "batter": "T Manders",
              "bowler": "Adil Bhatti",
              "non_striker": "DMW Rawlins",
              "runs": {
                "batter": 1,
                "extras": 0,
                "total": 1
              }
            }
          ]
        },
        {
          "over": 8,
          "deliveries": [
            {
              "batter": "T Manders",
              "bowler": "Usman Shuja",
              "non_striker": "DMW Rawlins",
              "runs": {
                "batter": 4,
                "extras": 0,
                "total": 4
              }
            },
            {
              "batter": "T Manders",
              "bowler": "Usman Shuja",
              "non_striker": "DMW Rawlins",
              "runs": {
                "batter": 0,
                "extras": 0,
                "total": 0
              }
            },
            {
              "batter": "T Manders",
              "bowler": "Usman Shuja",
              "non_striker": "DMW Rawlins",
              "runs": {
                "batter": 0,
                "extras": 0,
                "total": 0
              }
            },
            {
              "batter": "T Manders",
              "bowler": "Usman Shuja",
              "non_striker": "DMW Rawlins",
              "runs": {
                "batter": 0,
                "extras": 0,
                "total": 0
              },
              "wickets": [
                {
                  "kind": "lbw",
                  "player_out": "T Manders"
                }
              ]
            },
            {
              "batter": "JA DeSilva",
              "bowler": "Usman Shuja",
              "non_striker": "DMW Rawlins",
              "runs": {
                "batter": 1,
                "extras": 0,
                "total": 1
              }
            },
            {
              "batter": "DMW Rawlins",
              "bowler": "Usman Shuja",
              "non_striker": "JA DeSilva",
              "runs": {
                "batter": 4,
                "extras": 0,
                "total": 4
              }
            }
          ]
        },
        {
          "over": 9,
          "deliveries": [
            {
              "batter": "JA DeSilva",
              "bowler": "Adil Bhatti",
              "non_striker": "DMW Rawlins",
              "runs": {
                "batter": 0,
                "extras": 0,
                "total": 0
              }
            },
            {
              "batter": "JA DeSilva",
              "bowler": "Adil Bhatti",
              "non_striker": "DMW Rawlins",
              "runs": {
                "batter": 0,
                "extras": 0,
                "total": 0
              }
            },
            {
              "batter": "JA DeSilva",
              "bowler": "Adil Bhatti",
              "non_striker": "DMW Rawlins",
              "runs": {
                "batter": 0,
                "extras": 0,
                "total": 0
              }
            },
            {
              "batter": "JA DeSilva",
              "bowler": "Adil Bhatti",
              "non_striker": "DMW Rawlins",
              "runs": {
                "batter": 4,
                "extras": 0,
                "total": 4
              }
            },
            {
              "batter": "JA DeSilva",
              "bowler": "Adil Bhatti",
              "non_striker": "DMW Rawlins",
              "runs": {
                "batter": 0,
                "extras": 0,
                "total": 0
              }
            },
            {
              "batter": "JA DeSilva",
              "bowler": "Adil Bhatti",
              "non_striker": "DMW Rawlins",
              "runs": {
                "batter": 0,
                "extras": 0,
                "total": 0
              }
            }
          ]
        },
        {
          "over": 10,
          "deliveries": [
            {
              "batter": "DMW Rawlins",
              "bowler": "SJ Massiah",
              "non_striker": "JA DeSilva",
              "runs": {
                "batter": 0,
                "extras": 0,
                "total": 0
              }
            },
            {
              "batter": "DMW Rawlins",
              "bowler": "SJ Massiah",
              "extras": {
                "wides": 3
              },
              "non_striker": "JA DeSilva",
              "runs": {
                "batter": 0,
                "extras": 3,
                "total": 3
              }
            },
            {
              "batter": "DMW Rawlins",
              "bowler": "SJ Massiah",
              "non_striker": "JA DeSilva",
              "runs": {
                "batter": 0,
                "extras": 0,
                "total": 0
              }
            },
            {
              "batter": "DMW Rawlins",
              "bowler": "SJ Massiah",
              "non_striker": "JA DeSilva",
              "runs": {
                "batter": 1,
                "extras": 0,
                "total": 1
              }
            },
            {
              "batter": "JA DeSilva",
              "bowler": "SJ Massiah",
              "extras": {
                "wides": 1
              },
              "non_striker": "DMW Rawlins",
              "runs": {
                "batter": 0,
                "extras": 1,
                "total": 1
              }
            },
            {
              "batter": "JA DeSilva",
              "bowler": "SJ Massiah",
              "non_striker": "DMW Rawlins",
              "runs": {
                "batter": 0,
                "extras": 0,
                "total": 0
              }
            },
            {
              "batter": "JA DeSilva",
              "bowler": "SJ Massiah",
              "non_striker": "DMW Rawlins",
              "runs": {
                "batter": 4,
                "extras": 0,
                "total": 4
              }
            },
            {
              "batter": "JA DeSilva",
              "bowler": "SJ Massiah",
              "non_striker": "DMW Rawlins",
              "runs": {
                "batter": 0,
                "extras": 0,
                "total": 0
              }
            }
          ]
        },
        {
          "over": 11,
          "deliveries": [
            {
              "batter": "DMW Rawlins",
              "bowler": "SR Taylor",
              "non_striker": "JA DeSilva",
              "runs": {
                "batter": 1,
                "extras": 0,
                "total": 1
              }
            },
            {
              "batter": "JA DeSilva",
              "bowler": "SR Taylor",
              "non_striker": "DMW Rawlins",
              "runs": {
                "batter": 1,
                "extras": 0,
                "total": 1
              }
            },
            {
              "batter": "DMW Rawlins",
              "bowler": "SR Taylor",
              "non_striker": "JA DeSilva",
              "runs": {
                "batter": 1,
                "extras": 0,
                "total": 1
              }
            },
            {
              "batter": "JA DeSilva",
              "bowler": "SR Taylor",
              "non_striker": "DMW Rawlins",
              "runs": {
                "batter": 0,
                "extras": 0,
                "total": 0
              }
            },
            {
              "batter": "JA DeSilva",
              "bowler": "SR Taylor",
              "non_striker": "DMW Rawlins",
              "runs": {
                "batter": 0,
                "extras": 0,
                "total": 0
              }
            },
            {
              "batter": "JA DeSilva",
              "bowler": "SR Taylor",
              "non_striker": "DMW Rawlins",
              "runs": {
                "batter": 0,
                "extras": 0,
                "total": 0
              }
            }
          ]
        },
        {
          "over": 12,
          "deliveries": [
            {
              "batter": "DMW Rawlins",
              "bowler": "SJ Massiah",
              "extras": {
                "wides": 1
              },
              "non_striker": "JA DeSilva",
              "runs": {
                "batter": 0,
                "extras": 1,
                "total": 1
              }
            },
            {
              "batter": "DMW Rawlins",
              "bowler": "SJ Massiah",
              "non_striker": "JA DeSilva",
              "runs": {
                "batter": 0,
                "extras": 0,
                "total": 0
              }
            },
            {
              "batter": "DMW Rawlins",
              "bowler": "SJ Massiah",
              "non_striker": "JA DeSilva",
              "runs": {
                "batter": 1,
                "extras": 0,
                "total": 1
              }
            },
            {
              "batter": "JA DeSilva",
              "bowler": "SJ Massiah",
              "non_striker": "DMW Rawlins",
              "runs": {
                "batter": 0,
                "extras": 0,
                "total": 0
              }
            },
            {
              "batter": "JA DeSilva",
              "bowler": "SJ Massiah",
              "non_striker": "DMW Rawlins",
              "runs": {
                "batter": 2,
                "extras": 0,
                "total": 2
              }
            },
            {
              "batter": "JA DeSilva",
              "bowler": "SJ Massiah",
              "non_striker": "DMW Rawlins",
              "runs": {
                "batter": 0,
                "extras": 0,
                "total": 0
              }
            },
            {
              "batter": "JA DeSilva",
              "bowler": "SJ Massiah",
              "non_striker": "DMW Rawlins",
              "runs": {
                "batter": 0,
                "extras": 0,
                "total": 0
              }
            }
          ]
        },
        {
          "over": 13,
          "deliveries": [
            {
              "batter": "DMW Rawlins",
              "bowler": "SR Taylor",
              "non_striker": "JA DeSilva",
              "runs": {
                "batter": 1,
                "extras": 0,
                "total": 1
              }
            },
            {
              "batter": "JA DeSilva",
              "bowler": "SR Taylor",
              "non_striker": "DMW Rawlins",
              "runs": {
                "batter": 0,
                "extras": 0,
                "total": 0
              }
            },
            {
              "batter": "JA DeSilva",
              "bowler": "SR Taylor",
              "non_striker": "DMW Rawlins",
              "runs": {
                "batter": 4,
                "extras": 0,
                "total": 4
              }
            },
            {
              "batter": "JA DeSilva",
              "bowler": "SR Taylor",
              "non_striker": "DMW Rawlins",
              "runs": {
                "batter": 2,
                "extras": 0,
                "total": 2
              }
            },
            {
              "batter": "JA DeSilva",
              "bowler": "SR Taylor",
              "non_striker": "DMW Rawlins",
              "runs": {
                "batter": 0,
                "extras": 0,
                "total": 0
              }
            },
            {
              "batter": "JA DeSilva",
              "bowler": "SR Taylor",
              "non_striker": "DMW Rawlins",
              "runs": {
                "batter": 0,
                "extras": 0,
                "total": 0
              }
            }
          ]
        },
        {
          "over": 14,
          "deliveries": [
            {
              "batter": "DMW Rawlins",
              "bowler": "SJ Massiah",
              "non_striker": "JA DeSilva",
              "runs": {
                "batter": 1,
                "extras": 0,
                "total": 1
              }
            },
            {
              "batter": "JA DeSilva",
              "bowler": "SJ Massiah",
              "non_striker": "DMW Rawlins",
              "runs": {
                "batter": 0,
                "extras": 0,
                "total": 0
              }
            },
            {
              "batter": "JA DeSilva",
              "bowler": "SJ Massiah",
              "extras": {
                "wides": 1
              },
              "non_striker": "DMW Rawlins",
              "runs": {
                "batter": 0,
                "extras": 1,
                "total": 1
              }
            },
            {
              "batter": "JA DeSilva",
              "bowler": "SJ Massiah",
              "non_striker": "DMW Rawlins",
              "runs": {
                "batter": 1,
                "extras": 0,
                "total": 1
              }
            },
            {
              "batter": "DMW Rawlins",
              "bowler": "SJ Massiah",
              "non_striker": "JA DeSilva",
              "runs": {
                "batter": 0,
                "extras": 0,
                "total": 0
              }
            },
            {
              "batter": "DMW Rawlins",
              "bowler": "SJ Massiah",
              "non_striker": "JA DeSilva",
              "runs": {
                "batter": 0,
                "extras": 0,
                "total": 0
              },
              "wickets": [
                {
                  "kind": "caught",
                  "player_out": "DMW Rawlins",
                  "fielders": [
                    {
                      "name": "A Thyagarajan"
                    }
                  ]
                }
              ]
            },
            {
              "batter": "DC Stovell",
              "bowler": "SJ Massiah",
              "non_striker": "JA DeSilva",
              "runs": {
                "batter": 0,
                "extras": 0,
                "total": 0
              }
            }
          ]
        },
        {
          "over": 15,
          "deliveries": [
            {
              "batter": "JA DeSilva",
              "bowler": "SR Taylor",
              "non_striker": "DC Stovell",
              "runs": {
                "batter": 4,
                "extras": 0,
                "total": 4
              }
            },
            {
              "batter": "JA DeSilva",
              "bowler": "SR Taylor",
              "non_striker": "DC Stovell",
              "runs": {
                "batter": 0,
                "extras": 0,
                "total": 0
              }
            },
            {
              "batter": "JA DeSilva",
              "bowler": "SR Taylor",
              "non_striker": "DC Stovell",
              "runs": {
                "batter": 0,
                "extras": 0,
                "total": 0
              }
            },
            {
              "batter": "JA DeSilva",
              "bowler": "SR Taylor",
              "non_striker": "DC Stovell",
              "runs": {
                "batter": 4,
                "extras": 0,
                "total": 4
              }
            },
            {
              "batter": "JA DeSilva",
              "bowler": "SR Taylor",
              "non_striker": "DC Stovell",
              "runs": {
                "batter": 0,
                "extras": 0,
                "total": 0
              }
            },
            {
              "batter": "JA DeSilva",
              "bowler": "SR Taylor",
              "non_striker": "DC Stovell",
              "runs": {
                "batter": 3,
                "extras": 0,
                "total": 3
              }
            }
          ]
        },
        {
          "over": 16,
          "deliveries": [
            {
              "batter": "JA DeSilva",
              "bowler": "SJ Massiah",
              "non_striker": "DC Stovell",
              "runs": {
                "batter": 2,
                "extras": 0,
                "total": 2
              }
            },
            {
              "batter": "JA DeSilva",
              "bowler": "SJ Massiah",
              "non_striker": "DC Stovell",
              "runs": {
                "batter": 0,
                "extras": 0,
                "total": 0
              }
            },
            {
              "batter": "JA DeSilva",
              "bowler": "SJ Massiah",
              "non_striker": "DC Stovell",
              "runs": {
                "batter": 0,
                "extras": 0,
                "total": 0
              }
            },
            {
              "batter": "JA DeSilva",
              "bowler": "SJ Massiah",
              "non_striker": "DC Stovell",
              "runs": {
                "batter": 0,
                "extras": 0,
                "total": 0
              }
            },
            {
              "batter": "JA DeSilva",
              "bowler": "SJ Massiah",
              "non_striker": "DC Stovell",
              "runs": {
                "batter": 1,
                "extras": 0,
                "total": 1
              }
            },
            {
              "batter": "DC Stovell",
              "bowler": "SJ Massiah",
              "non_striker": "JA DeSilva",
              "runs": {
                "batter": 0,
                "extras": 0,
                "total": 0
              }
            }
          ]
        },
        {
          "over": 17,
          "deliveries": [
            {
              "batter": "JA DeSilva",
              "bowler": "Danial Ahmed",
              "non_striker": "DC Stovell",
              "runs": {
                "batter": 0,
                "extras": 0,
                "total": 0
              }
            },
            {
              "batter": "JA DeSilva",
              "bowler": "Danial Ahmed",
              "non_striker": "DC Stovell",
              "runs": {
                "batter": 0,
                "extras": 0,
                "total": 0
              }
            },
            {
              "batter": "JA DeSilva",
              "bowler": "Danial Ahmed",
              "non_striker": "DC Stovell",
              "runs": {
                "batter": 0,
                "extras": 0,
                "total": 0
              }
            },
            {
              "batter": "JA DeSilva",
              "bowler": "Danial Ahmed",
              "non_striker": "DC Stovell",
              "runs": {
                "batter": 6,
                "extras": 0,
                "total": 6
              }
            },
            {
              "batter": "JA DeSilva",
              "bowler": "Danial Ahmed",
              "non_striker": "DC Stovell",
              "runs": {
                "batter": 0,
                "extras": 0,
                "total": 0
              },
              "wickets": [
                {
                  "kind": "lbw",
                  "player_out": "JA DeSilva"
                }
              ]
            },
            {
              "batter": "MO Jones",
              "bowler": "Danial Ahmed",
              "non_striker": "DC Stovell",
              "runs": {
                "batter": 0,
                "extras": 0,
                "total": 0
              }
            }
          ]
        },
        {
          "over": 18,
          "deliveries": [
            {
              "batter": "DC Stovell",
              "bowler": "Muhammad Ghous",
              "extras": {
                "wides": 1
              },
              "non_striker": "MO Jones",
              "runs": {
                "batter": 0,
                "extras": 1,
                "total": 1
              }
            },
            {
              "batter": "DC Stovell",
              "bowler": "Muhammad Ghous",
              "non_striker": "MO Jones",
              "runs": {
                "batter": 1,
                "extras": 0,
                "total": 1
              }
            },
            {
              "batter": "MO Jones",
              "bowler": "Muhammad Ghous",
              "non_striker": "DC Stovell",
              "runs": {
                "batter": 6,
                "extras": 0,
                "total": 6
              }
            },
            {
              "batter": "MO Jones",
              "bowler": "Muhammad Ghous",
              "non_striker": "DC Stovell",
              "runs": {
                "batter": 0,
                "extras": 0,
                "total": 0
              }
            },
            {
              "batter": "MO Jones",
              "bowler": "Muhammad Ghous",
              "non_striker": "DC Stovell",
              "runs": {
                "batter": 0,
                "extras": 0,
                "total": 0
              }
            },
            {
              "batter": "MO Jones",
              "bowler": "Muhammad Ghous",
              "non_striker": "DC Stovell",
              "runs": {
                "batter": 0,
                "extras": 0,
                "total": 0
              },
              "wickets": [
                {
                  "kind": "caught and bowled",
                  "player_out": "MO Jones"
                }
              ]
            },
            {
              "batter": "KE Bashir",
              "bowler": "Muhammad Ghous",
              "non_striker": "DC Stovell",
              "runs": {
                "batter": 0,
                "extras": 0,
                "total": 0
              }
            }
          ]
        },
        {
          "over": 19,
          "deliveries": [
            {
              "batter": "DC Stovell",
              "bowler": "Danial Ahmed",
              "non_striker": "KE Bashir",
              "runs": {
                "batter": 0,
                "extras": 0,
                "total": 0
              }
            },
            {
              "batter": "DC Stovell",
              "bowler": "Danial Ahmed",
              "non_striker": "KE Bashir",
              "runs": {
                "batter": 0,
                "extras": 0,
                "total": 0
              }
            },
            {
              "batter": "DC Stovell",
              "bowler": "Danial Ahmed",
              "non_striker": "KE Bashir",
              "runs": {
                "batter": 0,
                "extras": 0,
                "total": 0
              },
              "wickets": [
                {
                  "kind": "caught",
                  "player_out": "DC Stovell",
                  "fielders": [
                    {
                      "name": "Adil Bhatti"
                    }
                  ]
                }
              ]
            }
          ]
        }
      ],
      "powerplays": [
        {
          "from": 0.1,
          "to": 9.6,
          "type": "mandatory"
        }
      ]
    },
    {
      "team": "United States of America",
      "overs": [
        {
          "over": 0,
          "deliveries": [
            {
              "batter": "Adil Bhatti",
              "bowler": "OGL Bascome",
              "non_striker": "Fahad Babar",
              "runs": {
                "batter": 0,
                "extras": 0,
                "total": 0
              }
            },
            {
              "batter": "Adil Bhatti",
              "bowler": "OGL Bascome",
              "non_striker": "Fahad Babar",
              "runs": {
                "batter": 1,
                "extras": 0,
                "total": 1
              }
            },
            {
              "batter": "Fahad Babar",
              "bowler": "OGL Bascome",
              "non_striker": "Adil Bhatti",
              "runs": {
                "batter": 1,
                "extras": 0,
                "total": 1
              }
            },
            {
              "batter": "Adil Bhatti",
              "bowler": "OGL Bascome",
              "non_striker": "Fahad Babar",
              "runs": {
                "batter": 6,
                "extras": 0,
                "total": 6
              }
            },
            {
              "batter": "Adil Bhatti",
              "bowler": "OGL Bascome",
              "non_striker": "Fahad Babar",
              "runs": {
                "batter": 0,
                "extras": 0,
                "total": 0
              }
            },
            {
              "batter": "Adil Bhatti",
              "bowler": "OGL Bascome",
              "non_striker": "Fahad Babar",
              "runs": {
                "batter": 0,
                "extras": 0,
                "total": 0
              }
            }
          ]
        },
        {
          "over": 1,
          "deliveries": [
            {
              "batter": "Fahad Babar",
              "bowler": "T Manders",
              "non_striker": "Adil Bhatti",
              "runs": {
                "batter": 0,
                "extras": 0,
                "total": 0
              }
            },
            {
              "batter": "Fahad Babar",
              "bowler": "T Manders",
              "non_striker": "Adil Bhatti",
              "runs": {
                "batter": 0,
                "extras": 0,
                "total": 0
              }
            },
            {
              "batter": "Fahad Babar",
              "bowler": "T Manders",
              "non_striker": "Adil Bhatti",
              "runs": {
                "batter": 1,
                "extras": 0,
                "total": 1
              }
            },
            {
              "batter": "Adil Bhatti",
              "bowler": "T Manders",
              "non_striker": "Fahad Babar",
              "runs": {
                "batter": 0,
                "extras": 0,
                "total": 0
              }
            },
            {
              "batter": "Adil Bhatti",
              "bowler": "T Manders",
              "non_striker": "Fahad Babar",
              "runs": {
                "batter": 0,
                "extras": 0,
                "total": 0
              }
            },
            {
              "batter": "Adil Bhatti",
              "bowler": "T Manders",
              "non_striker": "Fahad Babar",
              "runs": {
                "batter": 0,
                "extras": 0,
                "total": 0
              }
            }
          ]
        },
        {
          "over": 2,
          "deliveries": [
            {
              "batter": "Fahad Babar",
              "bowler": "OGL Bascome",
              "non_striker": "Adil Bhatti",
              "runs": {
                "batter": 4,
                "extras": 0,
                "total": 4
              }
            },
            {
              "batter": "Fahad Babar",
              "bowler": "OGL Bascome",
              "non_striker": "Adil Bhatti",
              "runs": {
                "batter": 0,
                "extras": 0,
                "total": 0
              }
            },
            {
              "batter": "Fahad Babar",
              "bowler": "OGL Bascome",
              "non_striker": "Adil Bhatti",
              "runs": {
                "batter": 0,
                "extras": 0,
                "total": 0
              }
            },
            {
              "batter": "Fahad Babar",
              "bowler": "OGL Bascome",
              "non_striker": "Adil Bhatti",
              "runs": {
                "batter": 0,
                "extras": 0,
                "total": 0
              }
            },
            {
              "batter": "Fahad Babar",
              "bowler": "OGL Bascome",
              "non_striker": "Adil Bhatti",
              "runs": {
                "batter": 0,
                "extras": 0,
                "total": 0
              }
            },
            {
              "batter": "Fahad Babar",
              "bowler": "OGL Bascome",
              "non_striker": "Adil Bhatti",
              "runs": {
                "batter": 4,
                "extras": 0,
                "total": 4
              }
            }
          ]
        },
        {
          "over": 3,
          "deliveries": [
            {
              "batter": "Adil Bhatti",
              "bowler": "T Manders",
              "non_striker": "Fahad Babar",
              "runs": {
                "batter": 4,
                "extras": 0,
                "total": 4
              }
            },
            {
              "batter": "Adil Bhatti",
              "bowler": "T Manders",
              "non_striker": "Fahad Babar",
              "runs": {
                "batter": 0,
                "extras": 0,
                "total": 0
              }
            },
            {
              "batter": "Adil Bhatti",
              "bowler": "T Manders",
              "non_striker": "Fahad Babar",
              "runs": {
                "batter": 1,
                "extras": 0,
                "total": 1
              }
            },
            {
              "batter": "Fahad Babar",
              "bowler": "T Manders",
              "non_striker": "Adil Bhatti",
              "runs": {
                "batter": 0,
                "extras": 0,
                "total": 0
              }
            },
            {
              "batter": "Fahad Babar",
              "bowler": "T Manders",
              "non_striker": "Adil Bhatti",
              "runs": {
                "batter": 0,
                "extras": 0,
                "total": 0
              }
            },
            {
              "batter": "Fahad Babar",
              "bowler": "T Manders",
              "non_striker": "Adil Bhatti",
              "runs": {
                "batter": 0,
                "extras": 0,
                "total": 0
              }
            }
          ]
        },
        {
          "over": 4,
          "deliveries": [
            {
              "batter": "Adil Bhatti",
              "bowler": "OGL Bascome",
              "non_striker": "Fahad Babar",
              "runs": {
                "batter": 0,
                "extras": 0,
                "total": 0
              }
            },
            {
              "batter": "Adil Bhatti",
              "bowler": "OGL Bascome",
              "non_striker": "Fahad Babar",
              "runs": {
                "batter": 4,
                "extras": 0,
                "total": 4
              }
            },
            {
              "batter": "Adil Bhatti",
              "bowler": "OGL Bascome",
              "non_striker": "Fahad Babar",
              "runs": {
                "batter": 0,
                "extras": 0,
                "total": 0
              }
            },
            {
              "batter": "Adil Bhatti",
              "bowler": "OGL Bascome",
              "non_striker": "Fahad Babar",
              "runs": {
                "batter": 2,
                "extras": 0,
                "total": 2
              }
            },
            {
              "batter": "Adil Bhatti",
              "bowler": "OGL Bascome",
              "extras": {
                "byes": 1
              },
              "non_striker": "Fahad Babar",
              "runs": {
                "batter": 0,
                "extras": 1,
                "total": 1
              }
            },
            {
              "batter": "Fahad Babar",
              "bowler": "OGL Bascome",
              "non_striker": "Adil Bhatti",
              "runs": {
                "batter": 4,
                "extras": 0,
                "total": 4
              }
            }
          ]
        },
        {
          "over": 5,
          "deliveries": [
            {
              "batter": "Adil Bhatti",
              "bowler": "T Manders",
              "non_striker": "Fahad Babar",
              "runs": {
                "batter": 0,
                "extras": 0,
                "total": 0
              }
            },
            {
              "batter": "Adil Bhatti",
              "bowler": "T Manders",
              "non_striker": "Fahad Babar",
              "runs": {
                "batter": 0,
                "extras": 0,
                "total": 0
              }
            },
            {
              "batter": "Adil Bhatti",
              "bowler": "T Manders",
              "non_striker": "Fahad Babar",
              "runs": {
                "batter": 1,
                "extras": 0,
                "total": 1
              }
            },
            {
              "batter": "Fahad Babar",
              "bowler": "T Manders",
              "non_striker": "Adil Bhatti",
              "runs": {
                "batter": 0,
                "extras": 0,
                "total": 0
              }
            },
            {
              "batter": "Fahad Babar",
              "bowler": "T Manders",
              "non_striker": "Adil Bhatti",
              "runs": {
                "batter": 4,
                "extras": 0,
                "total": 4
              }
            },
            {
              "batter": "Fahad Babar",
              "bowler": "T Manders",
              "non_striker": "Adil Bhatti",
              "runs": {
                "batter": 0,
                "extras": 0,
                "total": 0
              }
            }
          ]
        },
        {
          "over": 6,
          "deliveries": [
            {
              "batter": "Adil Bhatti",
              "bowler": "DMW Rawlins",
              "non_striker": "Fahad Babar",
              "runs": {
                "batter": 1,
                "extras": 0,
                "total": 1
              }
            },
            {
              "batter": "Fahad Babar",
              "bowler": "DMW Rawlins",
              "non_striker": "Adil Bhatti",
              "runs": {
                "batter": 0,
                "extras": 0,
                "total": 0
              }
            },
            {
              "batter": "Fahad Babar",
              "bowler": "DMW Rawlins",
              "non_striker": "Adil Bhatti",
              "runs": {
                "batter": 0,
                "extras": 0,
                "total": 0
              }
            },
            {
              "batter": "Fahad Babar",
              "bowler": "DMW Rawlins",
              "non_striker": "Adil Bhatti",
              "runs": {
                "batter": 0,
                "extras": 0,
                "total": 0
              }
            },
            {
              "batter": "Fahad Babar",
              "bowler": "DMW Rawlins",
              "non_striker": "Adil Bhatti",
              "runs": {
                "batter": 0,
                "extras": 0,
                "total": 0
              }
            },
            {
              "batter": "Fahad Babar",
              "bowler": "DMW Rawlins",
              "non_striker": "Adil Bhatti",
              "runs": {
                "batter": 0,
                "extras": 0,
                "total": 0
              }
            }
          ]
        },
        {
          "over": 7,
          "deliveries": [
            {
              "batter": "Adil Bhatti",
              "bowler": "T Manders",
              "non_striker": "Fahad Babar",
              "runs": {
                "batter": 0,
                "extras": 0,
                "total": 0
              }
            },
            {
              "batter": "Adil Bhatti",
              "bowler": "T Manders",
              "non_striker": "Fahad Babar",
              "runs": {
                "batter": 4,
                "extras": 0,
                "total": 4
              }
            },
            {
              "batter": "Adil Bhatti",
              "bowler": "T Manders",
              "non_striker": "Fahad Babar",
              "runs": {
                "batter": 1,
                "extras": 0,
                "total": 1
              }
            },
            {
              "batter": "Fahad Babar",
              "bowler": "T Manders",
              "non_striker": "Adil Bhatti",
              "runs": {
                "batter": 2,
                "extras": 0,
                "total": 2
              }
            },
            {
              "batter": "Fahad Babar",
              "bowler": "T Manders",
              "non_striker": "Adil Bhatti",
              "runs": {
                "batter": 2,
                "extras": 0,
                "total": 2
              }
            },
            {
              "batter": "Fahad Babar",
              "bowler": "T Manders",
              "non_striker": "Adil Bhatti",
              "runs": {
                "batter": 0,
                "extras": 0,
                "total": 0
              }
            }
          ]
        },
        {
          "over": 8,
          "deliveries": [
            {
              "batter": "Adil Bhatti",
              "bowler": "DMW Rawlins",
              "non_striker": "Fahad Babar",
              "runs": {
                "batter": 0,
                "extras": 0,
                "total": 0
              }
            },
            {
              "batter": "Adil Bhatti",
              "bowler": "DMW Rawlins",
              "non_striker": "Fahad Babar",
              "runs": {
                "batter": 0,
                "extras": 0,
                "total": 0
              }
            },
            {
              "batter": "Adil Bhatti",
              "bowler": "DMW Rawlins",
              "non_striker": "Fahad Babar",
              "runs": {
                "batter": 0,
                "extras": 0,
                "total": 0
              }
            },
            {
              "batter": "Adil Bhatti",
              "bowler": "DMW Rawlins",
              "non_striker": "Fahad Babar",
              "runs": {
                "batter": 4,
                "extras": 0,
                "total": 4
              }
            },
            {
              "batter": "Adil Bhatti",
              "bowler": "DMW Rawlins",
              "non_striker": "Fahad Babar",
              "runs": {
                "batter": 0,
                "extras": 0,
                "total": 0
              }
            },
            {
              "batter": "Adil Bhatti",
              "bowler": "DMW Rawlins",
              "non_striker": "Fahad Babar",
              "runs": {
                "batter": 0,
                "extras": 0,
                "total": 0
              }
            }
          ]
        },
        {
          "over": 9,
          "deliveries": [
            {
              "batter": "Fahad Babar",
              "bowler": "T Manders",
              "non_striker": "Adil Bhatti",
              "runs": {
                "batter": 4,
                "extras": 0,
                "total": 4
              }
            },
            {
              "batter": "Fahad Babar",
              "bowler": "T Manders",
              "non_striker": "Adil Bhatti",
              "runs": {
                "batter": 4,
                "extras": 0,
                "total": 4
              }
            },
            {
              "batter": "Fahad Babar",
              "bowler": "T Manders",
              "non_striker": "Adil Bhatti",
              "runs": {
                "batter": 0,
                "extras": 0,
                "total": 0
              }
            },
            {
              "batter": "Fahad Babar",
              "bowler": "T Manders",
              "non_striker": "Adil Bhatti",
              "runs": {
                "batter": 6,
                "extras": 0,
                "total": 6
              }
            },
            {
              "batter": "Fahad Babar",
              "bowler": "T Manders",
              "non_striker": "Adil Bhatti",
              "runs": {
                "batter": 1,
                "extras": 0,
                "total": 1
              }
            },
            {
              "batter": "Adil Bhatti",
              "bowler": "T Manders",
              "non_striker": "Fahad Babar",
              "runs": {
                "batter": 0,
                "extras": 0,
                "total": 0
              }
            }
          ]
        },
        {
          "over": 10,
          "deliveries": [
            {
              "batter": "Fahad Babar",
              "bowler": "DMW Rawlins",
              "non_striker": "Adil Bhatti",
              "runs": {
                "batter": 0,
                "extras": 0,
                "total": 0
              }
            },
            {
              "batter": "Fahad Babar",
              "bowler": "DMW Rawlins",
              "non_striker": "Adil Bhatti",
              "runs": {
                "batter": 4,
                "extras": 0,
                "total": 4
              }
            },
            {
              "batter": "Fahad Babar",
              "bowler": "DMW Rawlins",
              "non_striker": "Adil Bhatti",
              "runs": {
                "batter": 0,
                "extras": 0,
                "total": 0
              }
            },
            {
              "batter": "Fahad Babar",
              "bowler": "DMW Rawlins",
              "non_striker": "Adil Bhatti",
              "runs": {
                "batter": 0,
                "extras": 0,
                "total": 0
              }
            },
            {
              "batter": "Fahad Babar",
              "bowler": "DMW Rawlins",
              "non_striker": "Adil Bhatti",
              "runs": {
                "batter": 0,
                "extras": 0,
                "total": 0
              }
            },
            {
              "batter": "Fahad Babar",
              "bowler": "DMW Rawlins",
              "non_striker": "Adil Bhatti",
              "runs": {
                "batter": 0,
                "extras": 0,
                "total": 0
              }
            }
          ]
        },
        {
          "over": 11,
          "deliveries": [
            {
              "batter": "Adil Bhatti",
              "bowler": "T Manders",
              "non_striker": "Fahad Babar",
              "runs": {
                "batter": 4,
                "extras": 0,
                "total": 4
              }
            },
            {
              "batter": "Adil Bhatti",
              "bowler": "T Manders",
              "non_striker": "Fahad Babar",
              "runs": {
                "batter": 6,
                "extras": 0,
                "total": 6
              }
            },
            {
              "batter": "Adil Bhatti",
              "bowler": "T Manders",
              "non_striker": "Fahad Babar",
              "runs": {
                "batter": 0,
                "extras": 0,
                "total": 0
              }
            },
            {
              "batter": "Adil Bhatti",
              "bowler": "T Manders",
              "extras": {
                "wides": 1
              },
              "non_striker": "Fahad Babar",
              "runs": {
                "batter": 0,
                "extras": 1,
                "total": 1
              }
            },
            {
              "batter": "Adil Bhatti",
              "bowler": "T Manders",
              "non_striker": "Fahad Babar",
              "runs": {
                "batter": 1,
                "extras": 0,
                "total": 1
              }
            },
            {
              "batter": "Fahad Babar",
              "bowler": "T Manders",
              "non_striker": "Adil Bhatti",
              "runs": {
                "batter": 4,
                "extras": 0,
                "total": 4
              }
            },
            {
              "batter": "Fahad Babar",
              "bowler": "T Manders",
              "non_striker": "Adil Bhatti",
              "runs": {
                "batter": 0,
                "extras": 0,
                "total": 0
              }
            }
          ]
        },
        {
          "over": 12,
          "deliveries": [
            {
              "batter": "Adil Bhatti",
              "bowler": "DMW Rawlins",
              "non_striker": "Fahad Babar",
              "runs": {
                "batter": 2,
                "extras": 0,
                "total": 2
              }
            },
            {
              "batter": "Adil Bhatti",
              "bowler": "DMW Rawlins",
              "non_striker": "Fahad Babar",
              "runs": {
                "batter": 0,
                "extras": 0,
                "total": 0
              }
            },
            {
              "batter": "Adil Bhatti",
              "bowler": "DMW Rawlins",
              "non_striker": "Fahad Babar",
              "runs": {
                "batter": 1,
                "extras": 0,
                "total": 1
              }
            },
            {
              "batter": "Fahad Babar",
              "bowler": "DMW Rawlins",
              "non_striker": "Adil Bhatti",
              "runs": {
                "batter": 0,
                "extras": 0,
                "total": 0
              }
            },
            {
              "batter": "Fahad Babar",
              "bowler": "DMW Rawlins",
              "non_striker": "Adil Bhatti",
              "runs": {
                "batter": 0,
                "extras": 0,
                "total": 0
              }
            },
            {
              "batter": "Fahad Babar",
              "bowler": "DMW Rawlins",
              "non_striker": "Adil Bhatti",
              "runs": {
                "batter": 0,
                "extras": 0,
                "total": 0
              }
            }
          ]
        },
        {
          "over": 13,
          "deliveries": [
            {
              "batter": "Adil Bhatti",
              "bowler": "T Manders",
              "non_striker": "Fahad Babar",
              "runs": {
                "batter": 6,
                "extras": 0,
                "total": 6
              }
            },
            {
              "batter": "Adil Bhatti",
              "bowler": "T Manders",
              "non_striker": "Fahad Babar",
              "runs": {
                "batter": 1,
                "extras": 0,
                "total": 1
              }
            },
            {
              "batter": "Fahad Babar",
              "bowler": "T Manders",
              "non_striker": "Adil Bhatti",
              "runs": {
                "batter": 4,
                "extras": 0,
                "total": 4
              }
            },
            {
              "batter": "Fahad Babar",
              "bowler": "T Manders",
              "non_striker": "Adil Bhatti",
              "runs": {
                "batter": 0,
                "extras": 0,
                "total": 0
              }
            },
            {
              "batter": "Fahad Babar",
              "bowler": "T Manders",
              "non_striker": "Adil Bhatti",
              "runs": {
                "batter": 1,
                "extras": 0,
                "total": 1
              }
            },
            {
              "batter": "Adil Bhatti",
              "bowler": "T Manders",
              "non_striker": "Fahad Babar",
              "runs": {
                "batter": 1,
                "extras": 0,
                "total": 1
              }
            }
          ]
        },
        {
          "over": 14,
          "deliveries": [
            {
              "batter": "Adil Bhatti",
              "bowler": "C Burgess",
              "non_striker": "Fahad Babar",
              "runs": {
                "batter": 0,
                "extras": 0,
                "total": 0
              }
            },
            {
              "batter": "Adil Bhatti",
              "bowler": "C Burgess",
              "non_striker": "Fahad Babar",
              "runs": {
                "batter": 1,
                "extras": 0,
                "total": 1
              }
            },
            {
              "batter": "Fahad Babar",
              "bowler": "C Burgess",
              "non_striker": "Adil Bhatti",
              "runs": {
                "batter": 0,
                "extras": 0,
                "total": 0
              }
            },
            {
              "batter": "Fahad Babar",
              "bowler": "C Burgess",
              "non_striker": "Adil Bhatti",
              "runs": {
                "batter": 0,
                "extras": 0,
                "total": 0
              }
            },
            {
              "batter": "Fahad Babar",
              "bowler": "C Burgess",
              "non_striker": "Adil Bhatti",
              "runs": {
                "batter": 3,
                "extras": 0,
                "total": 3
              }
            },
            {
              "batter": "Adil Bhatti",
              "bowler": "C Burgess",
              "non_striker": "Fahad Babar",
              "runs": {
                "batter": 0,
                "extras": 0,
                "total": 0
              }
            }
          ]
        },
        {
          "over": 15,
          "deliveries": [
            {
              "batter": "Fahad Babar",
              "bowler": "AC Douglas",
              "non_striker": "Adil Bhatti",
              "runs": {
                "batter": 4,
                "extras": 0,
                "total": 4
              }
            },
            {
              "batter": "Fahad Babar",
              "bowler": "AC Douglas",
              "extras": {
                "wides": 1
              },
              "non_striker": "Adil Bhatti",
              "runs": {
                "batter": 0,
                "extras": 1,
                "total": 1
              }
            },
            {
              "batter": "Fahad Babar",
              "bowler": "AC Douglas",
              "non_striker": "Adil Bhatti",
              "runs": {
                "batter": 6,
                "extras": 0,
                "total": 6
              }
            }
          ]
        }
      ],
      "powerplays": [
        {
          "from": 0.1,
          "to": 9.6,
          "type": "mandatory"
        }
      ],
      "target": {
        "overs": 50,
        "runs": 114
      }
    }
  ]
}