{
  "meta": {
    "data_version": "1.0.0",
    "created": "2014-10-24",
    "revision": 1
  },
  "info": {
    "balls_per_over": 6,
    "city": "Kuala Lumpur",
    "dates": [
      "2014-10-24"
    ],
    "event": {
      "name": "ICC World Cricket League Division Three"
    },
    "gender": "male",
    "match_type": "ODM",
    "missing": [
      {
        "powerplays": {
          "1": [
            "batting"
          ],
          "2": [
            "batting"
          ]
        }
      }
    ],
    "officials": {
      "match_referees": [
        "D Govindjee"
      ],
      "reserve_umpires": [
        "V Kalidas"
      ],
      "umpires": [
        "AW Louw",
        "Sri Ganesh"
      ]
    },
    "outcome": {
      "by": {
        "wickets": 8
      },
      "winner": "Nepal"
    },
    "overs": 50,
    "player_of_match": [
      "B Bhandari"
    ],
    "players": {
      "Bermuda": [
        "TS Fray",
        "JJ Tucker",
        "C Burgess",
        "T Manders",
        "DC Stovell",
        "LOB Cann",
        "AC Douglas",
        "MO Jones",
        "KS Leverock",
        "DMW Rawlins",
        "D Talbot"
      ],
      "Nepal": [
        "SP Khakurel",
        "NB Budayair",
        "B Bhandari",
        "P Khadka",
        "G Malla",
        "Sagar Pun",
        "B Regmi",
        "SP Gauchan",
        "Sompal Kami",
        "A Bhattarai",
        "Aarif Sheikh"
      ]
    },
    "registry": {
      "people": {
        "A Bhattarai": "2c2013a9",
        "AC Douglas": "f86ce673",
        "AW Louw": "55053e4b",
        "Aarif Sheikh": "cd4d7695",
        "B Bhandari": "82342b13",
        "B Regmi": "98d05440",
        "C Burgess": "d8c6111c",
        "D Govindjee": "8b4c4069",
        "D Talbot": "f6f19302",
        "DC Stovell": "7f6c2dae",
        "DMW Rawlins": "f1eb3c73",
        "G Malla": "b2e1d224",
        "JJ Tucker": "bceb1b07",
        "KS Leverock": "e1592949",
        "LOB Cann": "4487cc09",
        "MO Jones": "0e0afd8b",
        "NB Budayair": "9d280648",
        "P Khadka": "12c3ba4d",
        "SP Gauchan": "2d8aae2f",
        "SP Khakurel": "9a6b71d1",
        "Sagar Pun": "3c4007d3",
        "Sompal Kami": "1adb8ee8",
        "Sri Ganesh": "2d209948",
        "T Manders": "6d2b9724",
        "TS Fray": "c7537f8a",
        "V Kalidas": "42d76418"
      }
    },
    "season": "2014/15",
    "team_type": "international",
    "teams": [
      "Bermuda",
      "Nepal"
    ],
    "toss": {
      "decision": "field",
      "winner": "Nepal"
    },
    "venue": "Selangor Turf Club"
  },
  "innings": [
    {
      "team": "Bermuda",
      "overs": [
        {
          "over": 0,
          "deliveries": [
            {
              "batter": "TS Fray",
              "bowler": "Sompal Kami",
              "non_striker": "JJ Tucker",
              "runs": {
                "batter": 1,
                "extras": 0,
                "total": 1
              }
            },
            {
              "batter": "JJ Tucker",
              "bowler": "Sompal Kami",
              "non_striker": "TS Fray",
              "runs": {
                "batter": 0,
                "extras": 0,
                "total": 0
              }
            },
            {
              "batter": "JJ Tucker",
              "bowler": "Sompal Kami",
              "non_striker": "TS Fray",
              "runs": {
                "batter": 1,
                "extras": 0,
                "total": 1
              }
            },
            {
              "batter": "TS Fray",
              "bowler": "Sompal Kami",
              "non_striker": "JJ Tucker",
              "runs": {
                "batter": 0,
                "extras": 0,
                "total": 0
              }
            },
            {
              "batter": "TS Fray",
              "bowler": "Sompal Kami",
              "non_striker": "JJ Tucker",
              "runs": {
                "batter": 0,
                "extras": 0,
                "total": 0
              }
            },
            {
              "batter": "TS Fray",
              "bowler": "Sompal Kami",
              "non_striker": "JJ Tucker",
              "runs": {
                "batter": 0,
                "extras": 0,
                "total": 0
              }
            }
          ]
        },
        {
          "over": 1,
          "deliveries": [
            {
              "batter": "JJ Tucker",
              "bowler": "A Bhattarai",
              "non_striker": "TS Fray",
              "runs": {
                "batter": 0,
                "extras": 0,
                "total": 0
              }
            },
            {
              "batter": "JJ Tucker",
              "bowler": "A Bhattarai",
              "non_striker": "TS Fray",
              "runs": {
                "batter": 0,
                "extras": 0,
                "total": 0
              }
            },
            {
              "batter": "JJ Tucker",
              "bowler": "A Bhattarai",
              "non_striker": "TS Fray",
              "runs": {
                "batter": 4,
                "extras": 0,
                "total": 4
              }
            },
            {
              "batter": "JJ Tucker",
              "bowler": "A Bhattarai",
              "non_striker": "TS Fray",
              "runs": {
                "batter": 4,
                "extras": 0,
                "total": 4
              }
            },
            {
              "batter": "JJ Tucker",
              "bowler": "A Bhattarai",
              "non_striker": "TS Fray",
              "runs": {
                "batter": 0,
                "extras": 0,
                "total": 0
              }
            },
            {
              "batter": "JJ Tucker",
              "bowler": "A Bhattarai",
              "non_striker": "TS Fray",
              "runs": {
                "batter": 1,
                "extras": 0,
                "total": 1
              }
            }
          ]
        },
        {
          "over": 2,
          "deliveries": [
            {
              "batter": "JJ Tucker",
              "bowler": "Sompal Kami",
              "non_striker": "TS Fray",
              "runs": {
                "batter": 0,
                "extras": 0,
                "total": 0
              }
            },
            {
              "batter": "JJ Tucker",
              "bowler": "Sompal Kami",
              "non_striker": "TS Fray",
              "runs": {
                "batter": 0,
                "extras": 0,
                "total": 0
              }
            },
            {
              "batter": "JJ Tucker",
              "bowler": "Sompal Kami",
              "non_striker": "TS Fray",
              "runs": {
                "batter": 0,
                "extras": 0,
                "total": 0
              }
            },
            {
              "batter": "JJ Tucker",
              "bowler": "Sompal Kami",
              "non_striker": "TS Fray",
              "runs": {
                "batter": 0,
                "extras": 0,
                "total": 0
              }
            },
            {
              "batter": "JJ Tucker",
              "bowler": "Sompal Kami",
              "non_striker": "TS Fray",
              "runs": {
                "batter": 0,
                "extras": 0,
                "total": 0
              }
            },
            {
              "batter": "JJ Tucker",
              "bowler": "Sompal Kami",
              "non_striker": "TS Fray",
              "runs": {
                "batter": 1,
                "extras": 0,
                "total": 1
              }
            }
          ]
        },
        {
          "over": 3,
          "deliveries": [
            {
              "batter": "JJ Tucker",
              "bowler": "A Bhattarai",
              "non_striker": "TS Fray",
              "runs": {
                "batter": 0,
                "extras": 0,
                "total": 0
              }
            },
            {
              "batter": "JJ Tucker",
              "bowler": "A Bhattarai",
              "non_striker": "TS Fray",
              "runs": {
                "batter": 0,
                "extras": 0,
                "total": 0
              }
            },
            {
              "batter": "JJ Tucker",
              "bowler": "A Bhattarai",
              "non_striker": "TS Fray",
              "runs": {
                "batter": 0,
                "extras": 0,
                "total": 0
              }
            },
            {
              "batter": "JJ Tucker",
              "bowler": "A Bhattarai",
              "non_striker": "TS Fray",
              "runs": {
                "batter": 6,
                "extras": 0,
                "total": 6
              }
            },
            {
              "batter": "JJ Tucker",
              "bowler": "A Bhattarai",
              "non_striker": "TS Fray",
              "runs": {
                "batter": 0,
                "extras": 0,
                "total": 0
              }
            },
            {
              "batter": "JJ Tucker",
              "bowler": "A Bhattarai",
              "non_striker": "TS Fray",
              "runs": {
                "batter": 0,
                "extras": 0,
                "total": 0
              },
              "wickets": [
                {
                  "kind": "caught",
                  "player_out": "JJ Tucker",
                  "fielders": [
                    {
                      "name": "SP Khakurel"
                    }
                  ]
                }
              ]
            }
          ]
        },
        {
          "over": 4,
          "deliveries": [
            {
              "batter": "TS Fray",
              "bowler": "Sompal Kami",
              "non_striker": "C Burgess",
              "runs": {
                "batter": 0,
                "extras": 0,
                "total": 0
              }
            },
            {
              "batter": "TS Fray",
              "bowler": "Sompal Kami",
              "non_striker": "C Burgess",
              "runs": {
                "batter": 2,
                "extras": 0,
                "total": 2
              }
            },
            {
              "batter": "TS Fray",
              "bowler": "Sompal Kami",
              "extras": {
                "legbyes": 1
              },
              "non_striker": "C Burgess",
              "runs": {
                "batter": 0,
                "extras": 1,
                "total": 1
              }
            },
            {
              "batter": "C Burgess",
              "bowler": "Sompal Kami",
              "extras": {
                "legbyes": 1
              },
              "non_striker": "TS Fray",
              "runs": {
                "batter": 0,
                "extras": 1,
                "total": 1
              }
            },
            {
              "batter": "TS Fray",
              "bowler": "Sompal Kami",
              "non_striker": "C Burgess",
              "runs": {
                "batter": 0,
                "extras": 0,
                "total": 0
              }
            },
            {
              "batter": "TS Fray",
              "bowler": "Sompal Kami",
              "non_striker": "C Burgess",
              "runs": {
                "batter": 0,
                "extras": 0,
                "total": 0
              }
            }
          ]
        },
        {
          "over": 5,
          "deliveries": [
            {
              "batter": "C Burgess",
              "bowler": "A Bhattarai",
              "non_striker": "TS Fray",
              "runs": {
                "batter": 0,
                "extras": 0,
                "total": 0
              }
            },
            {
              "batter": "C Burgess",
              "bowler": "A Bhattarai",
              "non_striker": "TS Fray",
              "runs": {
                "batter": 0,
                "extras": 0,
                "total": 0
              }
            },
            {
              "batter": "C Burgess",
              "bowler": "A Bhattarai",
              "non_striker": "TS Fray",
              "runs": {
                "batter": 0,
                "extras": 0,
                "total": 0
              }
            },
            {
              "batter": "C Burgess",
              "bowler": "A Bhattarai",
              "non_striker": "TS Fray",
              "runs": {
                "batter": 0,
                "extras": 0,
                "total": 0
              }
            },
            {
              "batter": "C Burgess",
              "bowler": "A Bhattarai",
              "non_striker": "TS Fray",
              "runs": {
                "batter": 0,
                "extras": 0,
                "total": 0
              }
            },
            {
              "batter": "C Burgess",
              "bowler": "A Bhattarai",
              "non_striker": "TS Fray",
              "runs": {
                "batter": 0,
                "extras": 0,
                "total": 0
              }
            }
          ]
        },
        {
          "over": 6,
          "deliveries": [
            {
              "batter": "TS Fray",
              "bowler": "Sompal Kami",
              "non_striker": "C Burgess",
              "runs": {
                "batter": 0,
                "extras": 0,
                "total": 0
              }
            },
            {
              "batter": "TS Fray",
              "bowler": "Sompal Kami",
              "non_striker": "C Burgess",
              "runs": {
                "batter": 1,
                "extras": 0,
                "total": 1
              }
            },
            {
              "batter": "C Burgess",
              "bowler": "Sompal Kami",
              "non_striker": "TS Fray",
              "runs": {
                "batter": 0,
                "extras": 0,
                "total": 0
              }
            },
            {
              "batter": "C Burgess",
              "bowler": "Sompal Kami",
              "non_striker": "TS Fray",
              "runs": {
                "batter": 0,
                "extras": 0,
                "total": 0
              }
            },
            {
              "batter": "C Burgess",
              "bowler": "Sompal Kami",
              "non_striker": "TS Fray",
              "runs": {
                "batter": 0,
                "extras": 0,
                "total": 0
              }
            },
            {
              "batter": "C Burgess",
              "bowler": "Sompal Kami",
              "non_striker": "TS Fray",
              "runs": {
                "batter": 0,
                "extras": 0,
                "total": 0
              }
            }
          ]
        },
        {
          "over": 7,
          "deliveries": [
            {
              "batter": "TS Fray",
              "bowler": "A Bhattarai",
              "non_striker": "C Burgess",
              "runs": {
                "batter": 0,
                "extras": 0,
                "total": 0
              }
            },
            {
              "batter": "TS Fray",
              "bowler": "A Bhattarai",
              "non_striker": "C Burgess",
              "runs": {
                "batter": 0,
                "extras": 0,
                "total": 0
              }
            },
            {
              "batter": "TS Fray",
              "bowler": "A Bhattarai",
              "non_striker": "C Burgess",
              "runs": {
                "batter": 0,
                "extras": 0,
                "total": 0
              }
            },
            {
              "batter": "TS Fray",
              "bowler": "A Bhattarai",
              "non_striker": "C Burgess",
              "runs": {
                "batter": 0,
                "extras": 0,
                "total": 0
              }
            },
            {
              "batter": "TS Fray",
              "bowler": "A Bhattarai",
              "non_striker": "C Burgess",
              "runs": {
                "batter": 0,
                "extras": 0,
                "total": 0
              }
            },
            {
              "batter": "TS Fray",
              "bowler": "A Bhattarai",
              "non_striker": "C Burgess",
              "runs": {
                "batter": 1,
                "extras": 0,
                "total": 1
              }
            }
          ]
        },
        {
          "over": 8,
          "deliveries": [
            {
              "batter": "TS Fray",
              "bowler": "P Khadka",
              "non_striker": "C Burgess",
              "runs": {
                "batter": 0,
                "extras": 0,
                "total": 0
              }
            },
            {
              "batter": "TS Fray",
              "bowler": "P Khadka",
              "non_striker": "C Burgess",
              "runs": {
                "batter": 0,
                "extras": 0,
                "total": 0
              }
            },
            {
              "batter": "TS Fray",
              "bowler": "P Khadka",
              "non_striker": "C Burgess",
              "runs": {
                "batter": 4,
                "extras": 0,
                "total": 4
              }
            },
            {
              "batter": "TS Fray",
              "bowler": "P Khadka",
              "non_striker": "C Burgess",
              "runs": {
                "batter": 0,
                "extras": 0,
                "total": 0
              }
            },
            {
              "batter": "TS Fray",
              "bowler": "P Khadka",
              "non_striker": "C Burgess",
              "runs": {
                "batter": 1,
                "extras": 0,
                "total": 1
              }
            },
            {
              "batter": "C Burgess",
              "bowler": "P Khadka",
              "non_striker": "TS Fray",
              "runs": {
                "batter": 0,
                "extras": 0,
                "total": 0
              }
            }
          ]
        },
        {
          "over": 9,
          "deliveries": [
            {
              "batter": "TS Fray",
              "bowler": "A Bhattarai",
              "non_striker": "C Burgess",
              "runs": {
                "batter": 0,
                "extras": 0,
                "total": 0
              }
            },
            {
              "batter": "TS Fray",
              "bowler": "A Bhattarai",
              "non_striker": "C Burgess",
              "runs": {
                "batter": 0,
                "extras": 0,
                "total": 0
              },
              "wickets": [
                {
                  "kind": "caught and bowled",
                  "player_out": "TS Fray"
                }
              ]
            },
            {
              "batter": "T Manders",
              "bowler": "A Bhattarai",
              "non_striker": "C Burgess",
              "runs": {
                "batter": 0,
                "extras": 0,
                "total": 0
              }
            },
            {
              "batter": "T Manders",
              "bowler": "A Bhattarai",
              "non_striker": "C Burgess",
              "runs": {
                "batter": 0,
                "extras": 0,
                "total": 0
              }
            },
            {
              "batter": "T Manders",
              "bowler": "A Bhattarai",
              "non_striker": "C Burgess",
              "runs": {
                "batter": 0,
                "extras": 0,
                "total": 0
              }
            },
            {
              "batter": "T Manders",
              "bowler": "A Bhattarai",
              "non_striker": "C Burgess",
              "runs": {
                "batter": 0,
                "extras": 0,
                "total": 0
              }
            }
          ]
        },
        {
          "over": 10,
          "deliveries": [
            {
              "batter": "C Burgess",
              "bowler": "P Khadka",
              "extras": {
                "legbyes": 1
              },
              "non_striker": "T Manders",
              "runs": {
                "batter": 0,
                "extras": 1,
                "total": 1
              }
            },
            {
              "batter": "T Manders",
              "bowler": "P Khadka",
              "non_striker": "C Burgess",
              "runs": {
                "batter": 0,
                "extras": 0,
                "total": 0
              }
            },
            {
              "batter": "T Manders",
              "bowler": "P Khadka",
              "non_striker": "C Burgess",
              "runs": {
                "batter": 0,
                "extras": 0,
                "total": 0
              }
            },
            {
              "batter": "T Manders",
              "bowler": "P Khadka",
              "non_striker": "C Burgess",
              "runs": {
                "batter": 1,
                "extras": 0,
                "total": 1
              }
            },
            {
              "batter": "C Burgess",
              "bowler": "P Khadka",
              "non_striker": "T Manders",
              "runs": {
                "batter": 0,
                "extras": 0,
                "total": 0
              }
            },
            {
              "batter": "C Burgess",
              "bowler": "P Khadka",
              "non_striker": "T Manders",
              "runs": {
                "batter": 0,
                "extras": 0,
                "total": 0
              }
            }
          ]
        },
        {
          "over": 11,
          "deliveries": [
            {
              "batter": "T Manders",
              "bowler": "A Bhattarai",
              "non_striker": "C Burgess",
              "runs": {
                "batter": 0,
                "extras": 0,
                "total": 0
              }
            },
            {
              "batter": "T Manders",
              "bowler": "A Bhattarai",
              "non_striker": "C Burgess",
              "runs": {
                "batter": 0,
                "extras": 0,
                "total": 0
              }
            },
            {
              "batter": "T Manders",
              "bowler": "A Bhattarai",
              "non_striker": "C Burgess",
              "runs": {
                "batter": 0,
                "extras": 0,
                "total": 0
              }
            },
            {
              "batter": "T Manders",
              "bowler": "A Bhattarai",
              "non_striker": "C Burgess",
              "runs": {
                "batter": 2,
                "extras": 0,
                "total": 2
              }
            },
            {
              "batter": "T Manders",
              "bowler": "A Bhattarai",
              "non_striker": "C Burgess",
              "runs": {
                "batter": 0,
                "extras": 0,
                "total": 0
              }
            },
            {
              "batter": "T Manders",
              "bowler": "A Bhattarai",
              "non_striker": "C Burgess",
              "runs": {
                "batter": 0,
                "extras": 0,
                "total": 0
              }
            }
          ]
        },
        {
          "over": 12,
          "deliveries": [
            {
              "batter": "C Burgess",
              "bowler": "P Khadka",
              "non_striker": "T Manders",
              "runs": {
                "batter": 0,
                "extras": 0,
                "total": 0
              }
            },
            {
              "batter": "C Burgess",
              "bowler": "P Khadka",
              "non_striker": "T Manders",
              "runs": {
                "batter": 0,
                "extras": 0,
                "total": 0
              }
            },
            {
              "batter": "C Burgess",
              "bowler": "P Khadka",
              "non_striker": "T Manders",
              "runs": {
                "batter": 1,
                "extras": 0,
                "total": 1
              }
            },
            {
              "batter": "T Manders",
              "bowler": "P Khadka",
              "non_striker": "C Burgess",
              "runs": {
                "batter": 0,
                "extras": 0,
                "total": 0
              }
            },
            {
              "batter": "T Manders",
              "bowler": "P Khadka",
              "non_striker": "C Burgess",
              "runs": {
                "batter": 0,
                "extras": 0,
                "total": 0
              }
            },
            {
              "batter": "T Manders",
              "bowler": "P Khadka",
              "non_striker": "C Burgess",
              "runs": {
                "batter": 0,
                "extras": 0,
                "total": 0
              }
            }
          ]
        },
        {
          "over": 13,
          "deliveries": [
            {
              "batter": "C Burgess",
              "bowler": "Sompal Kami",
              "non_striker": "T Manders",
              "runs": {
                "batter": 4,
                "extras": 0,
                "total": 4
              }
            },
            {
              "batter": "C Burgess",
              "bowler": "Sompal Kami",
              "non_striker": "T Manders",
              "runs": {
                "batter": 1,
                "extras": 0,
                "total": 1
              }
            },
            {
              "batter": "T Manders",
              "bowler": "Sompal Kami",
              "non_striker": "C Burgess",
              "runs": {
                "batter": 0,
                "extras": 0,
                "total": 0
              }
            },
            {
              "batter": "T Manders",
              "bowler": "Sompal Kami",
              "non_striker": "C Burgess",
              "runs": {
                "batter": 0,
                "extras": 0,
                "total": 0
              }
            },
            {
              "batter": "T Manders",
              "bowler": "Sompal Kami",
              "non_striker": "C Burgess",
              "runs": {
                "batter": 0,
                "extras": 0,
                "total": 0
              }
            },
            {
              "batter": "T Manders",
              "bowler": "Sompal Kami",
              "non_striker": "C Burgess",
              "runs": {
                "batter": 4,
                "extras": 0,
                "total": 4
              }
            }
          ]
        },
        {
          "over": 14,
          "deliveries": [
            {
              "batter": "C Burgess",
              "bowler": "P Khadka",
              "non_striker": "T Manders",
              "runs": {
                "batter": 4,
                "extras": 0,
                "total": 4
              }
            },
            {
              "batter": "C Burgess",
              "bowler": "P Khadka",
              "non_striker": "T Manders",
              "runs": {
                "batter": 0,
                "extras": 0,
                "total": 0
              }
            },
            {
              "batter": "C Burgess",
              "bowler": "P Khadka",
              "non_striker": "T Manders",
              "runs": {
                "batter": 0,
                "extras": 0,
                "total": 0
              }
            },
            {
              "batter": "C Burgess",
              "bowler": "P Khadka",
              "non_striker": "T Manders",
              "runs": {
                "batter": 1,
                "extras": 0,
                "total": 1
              }
            },
            {
              "batter": "T Manders",
              "bowler": "P Khadka",
              "non_striker": "C Burgess",
              "runs": {
                "batter": 0,
                "extras": 0,
                "total": 0
              }
            },
            {
              "batter": "T Manders",
              "bowler": "P Khadka",
              "non_striker": "C Burgess",
              "runs": {
                "batter": 4,
                "extras": 0,
                "total": 4
              }
            }
          ]
        },
        {
          "over": 15,
          "deliveries": [
            {
              "batter": "C Burgess",
              "bowler": "B Regmi",
              "non_striker": "T Manders",
              "runs": {
                "batter": 0,
                "extras": 0,
                "total": 0
              }
            },
            {
              "batter": "C Burgess",
              "bowler": "B Regmi",
              "non_striker": "T Manders",
              "runs": {
                "batter": 0,
                "extras": 0,
                "total": 0
              }
            },
            {
              "batter": "C Burgess",
              "bowler": "B Regmi",
              "non_striker": "T Manders",
              "runs": {
                "batter": 0,
                "extras": 0,
                "total": 0
              }
            },
            {
              "batter": "C Burgess",
              "bowler": "B Regmi",
              "non_striker": "T Manders",
              "runs": {
                "batter": 1,
                "extras": 0,
                "total": 1
              }
            },
            {
              "batter": "T Manders",
              "bowler": "B Regmi",
              "non_striker": "C Burgess",
              "runs": {
                "batter": 0,
                "extras": 0,
                "total": 0
              }
            },
            {
              "batter": "T Manders",
              "bowler": "B Regmi",
              "non_striker": "C Burgess",
              "runs": {
                "batter": 6,
                "extras": 0,
                "total": 6
              }
            }
          ]
        },
        {
          "over": 16,
          "deliveries": [
            {
              "batter": "C Burgess",
              "bowler": "Sagar Pun",
              "non_striker": "T Manders",
              "runs": {
                "batter": 2,
                "extras": 0,
                "total": 2
              }
            },
            {
              "batter": "C Burgess",
              "bowler": "Sagar Pun",
              "non_striker": "T Manders",
              "runs": {
                "batter": 1,
                "extras": 0,
                "total": 1
              }
            },
            {
              "batter": "T Manders",
              "bowler": "Sagar Pun",
              "non_striker": "C Burgess",
              "runs": {
                "batter": 0,
                "extras": 0,
                "total": 0
              }
            },
            {
              "batter": "T Manders",
              "bowler": "Sagar Pun",
              "non_striker": "C Burgess",
              "runs": {
                "batter": 0,
                "extras": 0,
                "total": 0
              }
            },
            {
              "batter": "T Manders",
              "bowler": "Sagar Pun",
              "non_striker": "C Burgess",
              "runs": {
                "batter": 0,
                "extras": 0,
                "total": 0
              }
            },
            {
              "batter": "T Manders",
              "bowler": "Sagar Pun",
              "non_striker": "C Burgess",
              "runs": {
                "batter": 0,
                "extras": 0,
                "total": 0
              }
            }
          ]
        },
        {
          "over": 17,
          "deliveries": [
            {
              "batter": "C Burgess",
              "bowler": "B Regmi",
              "non_striker": "T Manders",
              "runs": {
                "batter": 0,
                "extras": 0,
                "total": 0
              }
            },
            {
              "batter": "C Burgess",
              "bowler": "B Regmi",
              "non_striker": "T Manders",
              "runs": {
                "batter": 1,
                "extras": 0,
                "total": 1
              }
            },
            {
              "batter": "T Manders",
              "bowler": "B Regmi",
              "non_striker": "C Burgess",
              "runs": {
                "batter": 0,
                "extras": 0,
                "total": 0
              }
            },
            {
              "batter": "T Manders",
              "bowler": "B Regmi",
              "non_striker": "C Burgess",
              "runs": {
                "batter": 1,
                "extras": 0,
                "total": 1
              }
            },
            {
              "batter": "C Burgess",
              "bowler": "B Regmi",
              "non_striker": "T Manders",
              "runs": {
                "batter": 0,
                "extras": 0,
                "total": 0
              }
            },
            {
              "batter": "C Burgess",
              "bowler": "B Regmi",
              "non_striker": "T Manders",
              "runs": {
                "batter": 1,
                "extras": 0,
                "total": 1
              }
            }
          ]
        },
        {
          "over": 18,
          "deliveries": [
            {
              "batter": "C Burgess",
              "bowler": "Sagar Pun",
              "non_striker": "T Manders",
              "runs": {
                "batter": 4,
                "extras": 0,
                "total": 4
              }
            },
            {
              "batter": "C Burgess",
              "bowler": "Sagar Pun",
              "non_striker": "T Manders",
              "runs": {
                "batter": 1,
                "extras": 0,
                "total": 1
              }
            },
            {
              "batter": "T Manders",
              "bowler": "Sagar Pun",
              "non_striker": "C Burgess",
              "runs": {
                "batter": 0,
                "extras": 0,
                "total": 0
              }
            },
            {
              "batter": "T Manders",
              "bowler": "Sagar Pun",
              "non_striker": "C Burgess",
              "runs": {
                "batter": 1,
                "extras": 0,
                "total": 1
              }
            },
            {
              "batter": "C Burgess",
              "bowler": "Sagar Pun",
              "non_striker": "T Manders",
              "runs": {
                "batter": 1,
                "extras": 0,
                "total": 1
              }
            },
            {
              "batter": "T Manders",
              "bowler": "Sagar Pun",
              "non_striker": "C Burgess",
              "runs": {
                "batter": 0,
                "extras": 0,
                "total": 0
              }
            }
          ]
        },
        {
          "over": 19,
          "deliveries": [
            {
              "batter": "C Burgess",
              "bowler": "B Regmi",
              "non_striker": "T Manders",
              "runs": {
                "batter": 0,
                "extras": 0,
                "total": 0
              }
            },
            {
              "batter": "C Burgess",
              "bowler": "B Regmi",
              "non_striker": "T Manders",
              "runs": {
                "batter": 4,
                "extras": 0,
                "total": 4
              }
            },
            {
              "batter": "C Burgess",
              "bowler": "B Regmi",
              "non_striker": "T Manders",
              "runs": {
                "batter": 1,
                "extras": 0,
                "total": 1
              }
            },
            {
              "batter": "T Manders",
              "bowler": "B Regmi",
              "non_striker": "C Burgess",
              "runs": {
                "batter": 0,
                "extras": 0,
                "total": 0
              },
              "wickets": [
                {
                  "kind": "run out",
                  "player_out": "C Burgess",
                  "fielders": [
                    {
                      "name": "NB Budayair"
                    },
                    {
                      "name": "SP Khakurel"
                    }
                  ]
                }
              ]
            },
            {
              "batter": "DC Stovell",
              "bowler": "B Regmi",
              "non_striker": "T Manders",
              "runs": {
                "batter": 0,
                "extras": 0,
                "total": 0
              }
            },
            {
              "batter": "DC Stovell",
              "bowler": "B Regmi",
              "non_striker": "T Manders",
              "runs": {
                "batter": 1,
                "extras": 0,
                "total": 1
              }
            }
          ]
        },
        {
          "over": 20,
          "deliveries": [
            {
              "batter": "DC Stovell",
              "bowler": "SP Gauchan",
              "non_striker": "T Manders",
              "runs": {
                "batter": 0,
                "extras": 0,
                "total": 0
              }
            },
            {
              "batter": "DC Stovell",
              "bowler": "SP Gauchan",
              "non_striker": "T Manders",
              "runs": {
                "batter": 0,
                "extras": 0,
                "total": 0
              }
            },
            {
              "batter": "DC Stovell",
              "bowler": "SP Gauchan",
              "non_striker": "T Manders",
              "runs": {
                "batter": 0,
                "extras": 0,
                "total": 0
              }
            },
            {
              "batter": "DC Stovell",
              "bowler": "SP Gauchan",
              "non_striker": "T Manders",
              "runs": {
                "batter": 0,
                "extras": 0,
                "total": 0
              }
            },
            {
              "batter": "DC Stovell",
              "bowler": "SP Gauchan",
              "non_striker": "T Manders",
              "runs": {
                "batter": 0,
                "extras": 0,
                "total": 0
              }
            },
            {
              "batter": "DC Stovell",
              "bowler": "SP Gauchan",
              "non_striker": "T Manders",
              "runs": {
                "batter": 2,
                "extras": 0,
                "total": 2
              }
            }
          ]
        },
        {
          "over": 21,
          "deliveries": [
            {
              "batter": "T Manders",
              "bowler": "B Regmi",
              "non_striker": "DC Stovell",
              "runs": {
                "batter": 0,
                "extras": 0,
                "total": 0
              }
            },
            {
              "batter": "T Manders",
              "bowler": "B Regmi",
              "non_striker": "DC Stovell",
              "runs": {
                "batter": 0,
                "extras": 0,
                "total": 0
              }
            },
            {
              "batter": "T Manders",
              "bowler": "B Regmi",
              "non_striker": "DC Stovell",
              "runs": {
                "batter": 0,
                "extras": 0,
                "total": 0
              }
            },
            {
              "batter": "T Manders",
              "bowler": "B Regmi",
              "non_striker": "DC Stovell",
              "runs": {
                "batter": 0,
                "extras": 0,
                "total": 0
              }
            },
            {
              "batter": "T Manders",
              "bowler": "B Regmi",
              "non_striker": "DC Stovell",
              "runs": {
                "batter": 1,
                "extras": 0,
                "total": 1
              }
            },
            {
              "batter": "DC Stovell",
              "bowler": "B Regmi",
              "non_striker": "T Manders",
              "runs": {
                "batter": 0,
                "extras": 0,
                "total": 0
              }
            }
          ]
        },
        {
          "over": 22,
          "deliveries": [
            {
              "batter": "T Manders",
              "bowler": "SP Gauchan",
              "non_striker": "DC Stovell",
              "runs": {
                "batter": 0,
                "extras": 0,
                "total": 0
              }
            },
            {
              "batter": "T Manders",
              "bowler": "SP Gauchan",
              "non_striker": "DC Stovell",
              "runs": {
                "batter": 0,
                "extras": 0,
                "total": 0
              }
            },
            {
              "batter": "T Manders",
              "bowler": "SP Gauchan",
              "non_striker": "DC Stovell",
              "runs": {
                "batter": 0,
                "extras": 0,
                "total": 0
              }
            },
            {
              "batter": "T Manders",
              "bowler": "SP Gauchan",
              "non_striker": "DC Stovell",
              "runs": {
                "batter": 0,
                "extras": 0,
                "total": 0
              }
            },
            {
              "batter": "T Manders",
              "bowler": "SP Gauchan",
              "non_striker": "DC Stovell",
              "runs": {
                "batter": 1,
                "extras": 0,
                "total": 1
              }
            },
            {
              "batter": "DC Stovell",
              "bowler": "SP Gauchan",
              "non_striker": "T Manders",
              "runs": {
                "batter": 0,
                "extras": 0,
                "total": 0
              }
            }
          ]
        },
        {
          "over": 23,
          "deliveries": [
            {
              "batter": "T Manders",
              "bowler": "B Regmi",
              "non_striker": "DC Stovell",
              "runs": {
                "batter": 0,
                "extras": 0,
                "total": 0
              },
              "wickets": [
                {
                  "kind": "caught",
                  "player_out": "T Manders",
                  "fielders": [
                    {
                      "name": "P Khadka"
                    }
                  ]
                }
              ]
            },
            {
              "batter": "LOB Cann",
              "bowler": "B Regmi",
              "non_striker": "DC Stovell",
              "runs": {
                "batter": 0,
                "extras": 0,
                "total": 0
              }
            },
            {
              "batter": "LOB Cann",
              "bowler": "B Regmi",
              "non_striker": "DC Stovell",
              "runs": {
                "batter": 0,
                "extras": 0,
                "total": 0
              }
            },
            {
              "batter": "LOB Cann",
              "bowler": "B Regmi",
              "non_striker": "DC Stovell",
              "runs": {
                "batter": 0,
                "extras": 0,
                "total": 0
              }
            },
            {
              "batter": "LOB Cann",
              "bowler": "B Regmi",
              "non_striker": "DC Stovell",
              "runs": {
                "batter": 0,
                "extras": 0,
                "total": 0
              }
            },
            {
              "batter": "LOB Cann",
              "bowler": "B Regmi",
              "non_striker": "DC Stovell",
              "runs": {
                "batter": 2,
                "extras": 0,
                "total": 2
              }
            }
          ]
        },
        {
          "over": 24,
          "deliveries": [
            {
              "batter": "DC Stovell",
              "bowler": "SP Gauchan",
              "non_striker": "LOB Cann",
              "runs": {
                "batter": 0,
                "extras": 0,
                "total": 0
              }
            },
            {
              "batter": "DC Stovell",
              "bowler": "SP Gauchan",
              "non_striker": "LOB Cann",
              "runs": {
                "batter": 0,
                "extras": 0,
                "total": 0
              }
            },
            {
              "batter": "DC Stovell",
              "bowler": "SP Gauchan",
              "non_striker": "LOB Cann",
              "runs": {
                "batter": 2,
                "extras": 0,
                "total": 2
              }
            },
            {
              "batter": "DC Stovell",
              "bowler": "SP Gauchan",
              "non_striker": "LOB Cann",
              "runs": {
                "batter": 0,
                "extras": 0,
                "total": 0
              },
              "wickets": [
                {
                  "kind": "run out",
                  "player_out": "LOB Cann",
                  "fielders": [
                    {
                      "name": "G Malla"
                    },
                    {
                      "name": "SP Khakurel"
                    }
                  ]
                }
              ]
            },
            {
              "batter": "AC Douglas",
              "bowler": "SP Gauchan",
              "non_striker": "DC Stovell",
              "runs": {
                "batter": 0,
                "extras": 0,
                "total": 0
              }
            },
            {
              "batter": "AC Douglas",
              "bowler": "SP Gauchan",
              "non_striker": "DC Stovell",
              "runs": {
                "batter": 0,
                "extras": 0,
                "total": 0
              }
            }
          ]
        },
        {
          "over": 25,
          "deliveries": [
            {
              "batter": "DC Stovell",
              "bowler": "B Regmi",
              "non_striker": "AC Douglas",
              "runs": {
                "batter": 0,
                "extras": 0,
                "total": 0
              }
            },
            {
              "batter": "DC Stovell",
              "bowler": "B Regmi",
              "non_striker": "AC Douglas",
              "runs": {
                "batter": 0,
                "extras": 0,
                "total": 0
              }
            },
            {
              "batter": "DC Stovell",
              "bowler": "B Regmi",
              "non_striker": "AC Douglas",
              "runs": {
                "batter": 0,
                "extras": 0,
                "total": 0
              }
            },
            {
              "batter": "DC Stovell",
              "bowler": "B Regmi",
              "non_striker": "AC Douglas",
              "runs": {
                "batter": 0,
                "extras": 0,
                "total": 0
              },
              "wickets": [
                {
                  "kind": "caught",
                  "player_out": "DC Stovell",
                  "fielders": [
                    {
                      "name": "P Khadka"
                    }
                  ]
                }
              ]
            },
            {
              "batter": "MO Jones",
              "bowler": "B Regmi",
              "non_striker": "AC Douglas",
              "runs": {
                "batter": 2,
                "extras": 0,
                "total": 2
              }
            },
            {
              "batter": "MO Jones",
              "bowler": "B Regmi",
              "non_striker": "AC Douglas",
              "runs": {
                "batter": 0,
                "extras": 0,
                "total": 0
              }
            }
          ]
        },
        {
          "over": 26,
          "deliveries": [
            {
              "batter": "AC Douglas",
              "bowler": "SP Gauchan",
              "non_striker": "MO Jones",
              "runs": {
                "batter": 0,
                "extras": 0,
                "total": 0
              }
            },
            {
              "batter": "AC Douglas",
              "bowler": "SP Gauchan",
              "non_striker": "MO Jones",
              "runs": {
                "batter": 1,
                "extras": 0,
                "total": 1
              }
            },
            {
              "batter": "MO Jones",
              "bowler": "SP Gauchan",
              "non_striker": "AC Douglas",
              "runs": {
                "batter": 0,
                "extras": 0,
                "total": 0
              }
            },
            {
              "batter": "MO Jones",
              "bowler": "SP Gauchan",
              "non_striker": "AC Douglas",
              "runs": {
                "batter": 0,
                "extras": 0,
                "total": 0
              },
              "wickets": [
                {
                  "kind": "bowled",
                  "player_out": "MO Jones"
                }
              ]
            },
            {
              "batter": "KS Leverock",
              "bowler": "SP Gauchan",
              "non_striker": "AC Douglas",
              "runs": {
                "batter": 0,
                "extras": 0,
                "total": 0
              }
            },
            {
              "batter": "KS Leverock",
              "bowler": "SP Gauchan",
              "non_striker": "AC Douglas",
              "runs": {
                "batter": 0,
                "extras": 0,
                "total": 0
              }
            }
          ]
        },
        {
          "over": 27,
          "deliveries": [
            {
              "batter": "AC Douglas",
              "bowler": "B Regmi",
              "non_striker": "KS Leverock",
              "runs": {
                "batter": 0,
                "extras": 0,
                "total": 0
              }
            },
            {
              "batter": "AC Douglas",
              "bowler": "B Regmi",
              "non_striker": "KS Leverock",
              "runs": {
                "batter": 0,
                "extras": 0,
                "total": 0
              }
            },
            {
              "batter": "AC Douglas",
              "bowler": "B Regmi",
              "non_striker": "KS Leverock",
              "runs": {
                "batter": 0,
                "extras": 0,
                "total": 0
              }
            },
            {
              "batter": "AC Douglas",
              "bowler": "B Regmi",
              "non_striker": "KS Leverock",
              "runs": {
                "batter": 0,
                "extras": 0,
                "total": 0
              }
            },
            {
              "batter": "AC Douglas",
              "bowler": "B Regmi",
              "non_striker": "KS Leverock",
              "runs": {
                "batter": 0,
                "extras": 0,
                "total": 0
              }
            },
            {
              "batter": "AC Douglas",
              "bowler": "B Regmi",
              "non_striker": "KS Leverock",
              "runs": {
                "batter": 1,
                "extras": 0,
                "total": 1
              }
            }
          ]
        },
        {
          "over": 28,
          "deliveries": [
            {
              "batter": "AC Douglas",
              "bowler": "SP Gauchan",
              "non_striker": "KS Leverock",
              "runs": {
                "batter": 0,
                "extras": 0,
                "total": 0
              }
            },
            {
              "batter": "AC Douglas",
              "bowler": "SP Gauchan",
              "non_striker": "KS Leverock",
              "runs": {
                "batter": 0,
                "extras": 0,
                "total": 0
              }
            },
            {
              "batter": "AC Douglas",
              "bowler": "SP Gauchan",
              "non_striker": "KS Leverock",
              "runs": {
                "batter": 0,
                "extras": 0,
                "total": 0
              }
            },
            {
              "batter": "AC Douglas",
              "bowler": "SP Gauchan",
              "non_striker": "KS Leverock",
              "runs": {
                "batter": 0,
                "extras": 0,
                "total": 0
              }
            },
            {
              "batter": "AC Douglas",
              "bowler": "SP Gauchan",
              "non_striker": "KS Leverock",
              "runs": {
                "batter": 0,
                "extras": 0,
                "total": 0
              },
              "wickets": [
                {
                  "kind": "caught",
                  "player_out": "AC Douglas",
                  "fielders": [
                    {
                      "name": "A Bhattarai"
                    }
                  ]
                }
              ]
            },
            {
              "batter": "DMW Rawlins",
              "bowler": "SP Gauchan",
              "non_striker": "KS Leverock",
              "runs": {
                "batter": 0,
                "extras": 0,
                "total": 0
              }
            }
          ]
        },
        {
          "over": 29,
          "deliveries": [
            {
              "batter": "KS Leverock",
              "bowler": "B Regmi",
              "non_striker": "DMW Rawlins",
              "runs": {
                "batter": 0,
                "extras": 0,
                "total": 0
              }
            },
            {
              "batter": "KS Leverock",
              "bowler": "B Regmi",
              "non_striker": "DMW Rawlins",
              "runs": {
                "batter": 1,
                "extras": 0,
                "total": 1
              }
            },
            {
              "batter": "DMW Rawlins",
              "bowler": "B Regmi",
              "non_striker": "KS Leverock",
              "runs": {
                "batter": 0,
                "extras": 0,
                "total": 0
              }
            },
            {
              "batter": "DMW Rawlins",
              "bowler": "B Regmi",
              "non_striker": "KS Leverock",
              "runs": {
                "batter": 0,
                "extras": 0,
                "total": 0
              }
            },
            {
              "batter": "DMW Rawlins",
              "bowler": "B Regmi",
              "non_striker": "KS Leverock",
              "runs": {
                "batter": 0,
                "extras": 0,
                "total": 0
              }
            },
            {
              "batter": "DMW Rawlins",
              "bowler": "B Regmi",
              "non_striker": "KS Leverock",
              "runs": {
                "batter": 0,
                "extras": 0,
                "total": 0
              }
            }
          ]
        },
        {
          "over": 30,
          "deliveries": [
            {
              "batter": "KS Leverock",
              "bowler": "SP Gauchan",
              "non_striker": "DMW Rawlins",
              "runs": {
                "batter": 0,
                "extras": 0,
                "total": 0
              }
            },
            {
              "batter": "KS Leverock",
              "bowler": "SP Gauchan",
              "non_striker": "DMW Rawlins",
              "runs": {
                "batter": 0,
                "extras": 0,
                "total": 0
              }
            },
            {
              "batter": "KS Leverock",
              "bowler": "SP Gauchan",
              "non_striker": "DMW Rawlins",
              "runs": {
                "batter": 0,
                "extras": 0,
                "total": 0
              }
            },
            {
              "batter": "KS Leverock",
              "bowler": "SP Gauchan",
              "non_striker": "DMW Rawlins",
              "runs": {
                "batter": 0,
                "extras": 0,
                "total": 0
              }
            },
            {
              "batter": "KS Leverock",
              "bowler": "SP Gauchan",
              "non_striker": "DMW Rawlins",
              "runs": {
                "batter": 0,
                "extras": 0,
                "total": 0
              }
            },
            {
              "batter": "KS Leverock",
              "bowler": "SP Gauchan",
              "non_striker": "DMW Rawlins",
              "runs": {
                "batter": 0,
                "extras": 0,
                "total": 0
              }
            }
          ]
        },
        {
          "over": 31,
          "deliveries": [
            {
              "batter": "DMW Rawlins",
              "bowler": "B Regmi",
              "non_striker": "KS Leverock",
              "runs": {
                "batter": 0,
                "extras": 0,
                "total": 0
              }
            },
            {
              "batter": "DMW Rawlins",
              "bowler": "B Regmi",
              "non_striker": "KS Leverock",
              "runs": {
                "batter": 0,
                "extras": 0,
                "total": 0
              }
            },
            {
              "batter": "DMW Rawlins",
              "bowler": "B Regmi",
              "non_striker": "KS Leverock",
              "runs": {
                "batter": 0,
                "extras": 0,
                "total": 0
              }
            },
            {
              "batter": "DMW Rawlins",
              "bowler": "B Regmi",
              "non_striker": "KS Leverock",
              "runs": {
                "batter": 0,
                "extras": 0,
                "total": 0
              }
            },
            {
              "batter": "DMW Rawlins",
              "bowler": "B Regmi",
              "non_striker": "KS Leverock",
              "runs": {
                "batter": 0,
                "extras": 0,
                "total": 0
              }
            },
            {
              "batter": "DMW Rawlins",
              "bowler": "B Regmi",
              "non_striker": "KS Leverock",
              "runs": {
                "batter": 0,
                "extras": 0,
                "total": 0
              }
            }
          ]
        },
        {
          "over": 32,
          "deliveries": [
            {
              "batter": "KS Leverock",
              "bowler": "SP Gauchan",
              "non_striker": "DMW Rawlins",
              "runs": {
                "batter": 1,
                "extras": 0,
                "total": 1
              }
            },
            {
              "batter": "DMW Rawlins",
              "bowler": "SP Gauchan",
              "non_striker": "KS Leverock",
              "runs": {
                "batter": 0,
                "extras": 0,
                "total": 0
              }
            },
            {
              "batter": "DMW Rawlins",
              "bowler": "SP Gauchan",
              "non_striker": "KS Leverock",
              "runs": {
                "batter": 0,
                "extras": 0,
                "total": 0
              }
            },
            {
              "batter": "DMW Rawlins",
              "bowler": "SP Gauchan",
              "non_striker": "KS Leverock",
              "runs": {
                "batter": 0,
                "extras": 0,
                "total": 0
              }
            },
            {
              "batter": "DMW Rawlins",
              "bowler": "SP Gauchan",
              "non_striker": "KS Leverock",
              "runs": {
                "batter": 0,
                "extras": 0,
                "total": 0
              }
            },
            {
              "batter": "DMW Rawlins",
              "bowler": "SP Gauchan",
              "non_striker": "KS Leverock",
              "runs": {
                "batter": 0,
                "extras": 0,
                "total": 0
              }
            }
          ]
        },
        {
          "over": 33,
          "deliveries": [
            {
              "batter": "KS Leverock",
              "bowler": "Sagar Pun",
              "non_striker": "DMW Rawlins",
              "runs": {
                "batter": 0,
                "extras": 0,
                "total": 0
              }
            },
            {
              "batter": "KS Leverock",
              "bowler": "Sagar Pun",
              "non_striker": "DMW Rawlins",
              "runs": {
                "batter": 0,
                "extras": 0,
                "total": 0
              }
            },
            {
              "batter": "KS Leverock",
              "bowler": "Sagar Pun",
              "non_striker": "DMW Rawlins",
              "runs": {
                "batter": 1,
                "extras": 0,
                "total": 1
              }
            },
            {
              "batter": "DMW Rawlins",
              "bowler": "Sagar Pun",
              "non_striker": "KS Leverock",
              "runs": {
                "batter": 0,
                "extras": 0,
                "total": 0
              }
            },
            {
              "batter": "DMW Rawlins",
              "bowler": "Sagar Pun",
              "non_striker": "KS Leverock",
              "runs": {
                "batter": 0,
                "extras": 0,
                "total": 0
              }
            },
            {
              "batter": "DMW Rawlins",
              "bowler": "Sagar Pun",
              "non_striker": "KS Leverock",
              "runs": {
                "batter": 0,
                "extras": 0,
                "total": 0
              }
            }
          ]
        },
        {
          "over": 34,
          "deliveries": [
            {
              "batter": "KS Leverock",
              "bowler": "A Bhattarai",
              "non_striker": "DMW Rawlins",
              "runs": {
                "batter": 0,
                "extras": 0,
                "total": 0
              }
            },
            {
              "batter": "KS Leverock",
              "bowler": "A Bhattarai",
              "non_striker": "DMW Rawlins",
              "runs": {
                "batter": 1,
                "extras": 0,
                "total": 1
              }
            },
            {
              "batter": "DMW Rawlins",
              "bowler": "A Bhattarai",
              "non_striker": "KS Leverock",
              "runs": {
                "batter": 0,
                "extras": 0,
                "total": 0
              }
            },
            {
              "batter": "DMW Rawlins",
              "bowler": "A Bhattarai",
              "non_striker": "KS Leverock",
              "runs": {
                "batter": 0,
                "extras": 0,
                "total": 0
              }
            },
            {
              "batter": "DMW Rawlins",
              "bowler": "A Bhattarai",
              "non_striker": "KS Leverock",
              "runs": {
                "batter": 1,
                "extras": 0,
                "total": 1
              }
            },
            {
              "batter": "KS Leverock",
              "bowler": "A Bhattarai",
              "non_striker": "DMW Rawlins",
              "runs": {
                "batter": 0,
                "extras": 0,
                "total": 0
              }
            }
          ]
        },
        {
          "over": 35,
          "deliveries": [
            {
              "batter": "DMW Rawlins",
              "bowler": "Sagar Pun",
              "non_striker": "KS Leverock",
              "runs": {
                "batter": 0,
                "extras": 0,
                "total": 0
              }
            },
            {
              "batter": "DMW Rawlins",
              "bowler": "Sagar Pun",
              "non_striker": "KS Leverock",
              "runs": {
                "batter": 0,
                "extras": 0,
                "total": 0
              }
            },
            {
              "batter": "DMW Rawlins",
              "bowler": "Sagar Pun",
              "non_striker": "KS Leverock",
              "runs": {
                "batter": 0,
                "extras": 0,
                "total": 0
              }
            },
            {
              "batter": "DMW Rawlins",
              "bowler": "Sagar Pun",
              "non_striker": "KS Leverock",
              "runs": {
                "batter": 0,
                "extras": 0,
                "total": 0
              }
            },
            {
              "batter": "DMW Rawlins",
              "bowler": "Sagar Pun",
              "non_striker": "KS Leverock",
              "runs": {
                "batter": 0,
                "extras": 0,
                "total": 0
              }
            },
            {
              "batter": "DMW Rawlins",
              "bowler": "Sagar Pun",
              "non_striker": "KS Leverock",
              "runs": {
                "batter": 0,
                "extras": 0,
                "total": 0
              }
            }
          ]
        },
        {
          "over": 36,
          "deliveries": [
            {
              "batter": "KS Leverock",
              "bowler": "A Bhattarai",
              "non_striker": "DMW Rawlins",
              "runs": {
                "batter": 0,
                "extras": 0,
                "total": 0
              }
            },
            {
              "batter": "KS Leverock",
              "bowler": "A Bhattarai",
              "non_striker": "DMW Rawlins",
              "runs": {
                "batter": 0,
                "extras": 0,
                "total": 0
              }
            },
            {
              "batter": "KS Leverock",
              "bowler": "A Bhattarai",
              "non_striker": "DMW Rawlins",
              "runs": {
                "batter": 0,
                "extras": 0,
                "total": 0
              }
            },
            {
              "batter": "KS Leverock",
              "bowler": "A Bhattarai",
              "non_striker": "DMW Rawlins",
              "runs": {
                "batter": 0,
                "extras": 0,
                "total": 0
              }
            },
            {
              "batter": "KS Leverock",
              "bowler": "A Bhattarai",
              "non_striker": "DMW Rawlins",
              "runs": {
                "batter": 0,
                "extras": 0,
                "total": 0
              }
            },
            {
              "batter": "KS Leverock",
              "bowler": "A Bhattarai",
              "non_striker": "DMW Rawlins",
              "runs": {
                "batter": 0,
                "extras": 0,
                "total": 0
              }
            }
          ]
        },
        {
          "over": 37,
          "deliveries": [
            {
              "batter": "DMW Rawlins",
              "bowler": "Sagar Pun",
              "non_striker": "KS Leverock",
              "runs": {
                "batter": 0,
                "extras": 0,
                "total": 0
              }
            },
            {
              "batter": "DMW Rawlins",
              "bowler": "Sagar Pun",
              "non_striker": "KS Leverock",
              "runs": {
                "batter": 0,
                "extras": 0,
                "total": 0
              }
            },
            {
              "batter": "DMW Rawlins",
              "bowler": "Sagar Pun",
              "non_striker": "KS Leverock",
              "runs": {
                "batter": 0,
                "extras": 0,
                "total": 0
              }
            },
            {
              "batter": "DMW Rawlins",
              "bowler": "Sagar Pun",
              "non_striker": "KS Leverock",
              "runs": {
                "batter": 0,
                "extras": 0,
                "total": 0
              }
            },
            {
              "batter": "DMW Rawlins",
              "bowler": "Sagar Pun",
              "non_striker": "KS Leverock",
              "runs": {
                "batter": 0,
                "extras": 0,
                "total": 0
              }
            },
            {
              "batter": "DMW Rawlins",
              "bowler": "Sagar Pun",
              "non_striker": "KS Leverock",
              "runs": {
                "batter": 0,
                "extras": 0,
                "total": 0
              }
            }
          ]
        },
        {
          "over": 38,
          "deliveries": [
            {
              "batter": "KS Leverock",
              "bowler": "P Khadka",
              "non_striker": "DMW Rawlins",
              "runs": {
                "batter": 0,
                "extras": 0,
                "total": 0
              }
            },
            {
              "batter": "KS Leverock",
              "bowler": "P Khadka",
              "non_striker": "DMW Rawlins",
              "runs": {
                "batter": 0,
                "extras": 0,
                "total": 0
              }
            },
            {
              "batter": "KS Leverock",
              "bowler": "P Khadka",
              "non_striker": "DMW Rawlins",
              "runs": {
                "batter": 0,
                "extras": 0,
                "total": 0
              }
            },
            {
              "batter": "KS Leverock",
              "bowler": "P Khadka",
              "non_striker": "DMW Rawlins",
              "runs": {
                "batter": 4,
                "extras": 0,
                "total": 4
              }
            },
            {
              "batter": "KS Leverock",
              "bowler": "P Khadka",
              "non_striker": "DMW Rawlins",
              "runs": {
                "batter": 0,
                "extras": 0,
                "total": 0
              }
            },
            {
              "batter": "KS Leverock",
              "bowler": "P Khadka",
              "non_striker": "DMW Rawlins",
              "runs": {
                "batter": 0,
                "extras": 0,
                "total": 0
              }
            }
          ]
        },
        {
          "over": 39,
          "deliveries": [
            {
              "batter": "DMW Rawlins",
              "bowler": "Sagar Pun",
              "non_striker": "KS Leverock",
              "runs": {
                "batter": 0,
                "extras": 0,
                "total": 0
              }
            },
            {
              "batter": "DMW Rawlins",
              "bowler": "Sagar Pun",
              "non_striker": "KS Leverock",
              "runs": {
                "batter": 0,
                "extras": 0,
                "total": 0
              }
            },
            {
              "batter": "DMW Rawlins",
              "bowler": "Sagar Pun",
              "non_striker": "KS Leverock",
              "runs": {
                "batter": 0,
                "extras": 0,
                "total": 0
              },
              "wickets": [
                {
                  "kind": "caught",
                  "player_out": "DMW Rawlins",
                  "fielders": [
                    {
                      "name": "P Khadka"
                    }
                  ]
                }
              ]
            },
            {
              "batter": "D Talbot",
              "bowler": "Sagar Pun",
              "non_striker": "KS Leverock",
              "runs": {
                "batter": 0,
                "extras": 0,
                "total": 0
              }
            },
            {
              "batter": "D Talbot",
              "bowler": "Sagar Pun",
              "non_striker": "KS Leverock",
              "runs": {
                "batter": 0,
                "extras": 0,
                "total": 0
              }
            },
            {
              "batter": "D Talbot",
              "bowler": "Sagar Pun",
              "non_striker": "KS Leverock",
              "runs": {
                "batter": 0,
                "extras": 0,
                "total": 0
              }
            }
          ]
        },
        {
          "over": 40,
          "deliveries": [
            {
              "batter": "KS Leverock",
              "bowler": "Sompal Kami",
              "extras": {
                "wides": 1
              },
              "non_striker": "D Talbot",
              "runs": {
                "batter": 0,
                "extras": 1,
                "total": 1
              }
            },
            {
              "batter": "KS Leverock",
              "bowler": "Sompal Kami",
              "non_striker": "D Talbot",
              "runs": {
                "batter": 0,
                "extras": 0,
                "total": 0
              },
              "wickets": [
                {
                  "kind": "caught",
                  "player_out": "KS Leverock",
                  "fielders": [
                    {
                      "name": "SP Gauchan"
                    }
                  ]
                }
              ]
            }
          ]
        }
      ],
      "powerplays": [
        {
          "from": 0.1,
          "to": 9.6,
          "type": "mandatory"
        }
      ]
    },
    {
      "team": "Nepal",
      "overs": [
        {
          "over": 0,
          "deliveries": [
            {
              "batter": "SP Khakurel",
              "bowler": "JJ Tucker",
              "non_striker": "NB Budayair",
              "runs": {
                "batter": 1,
                "extras": 0,
                "total": 1
              }
            },
            {
              "batter": "NB Budayair",
              "bowler": "JJ Tucker",
              "non_striker": "SP Khakurel",
              "runs": {
                "batter": 0,
                "extras": 0,
                "total": 0
              }
            },
            {
              "batter": "NB Budayair",
              "bowler": "JJ Tucker",
              "non_striker": "SP Khakurel",
              "runs": {
                "batter": 0,
                "extras": 0,
                "total": 0
              }
            },
            {
              "batter": "NB Budayair",
              "bowler": "JJ Tucker",
              "non_striker": "SP Khakurel",
              "runs": {
                "batter": 0,
                "extras": 0,
                "total": 0
              }
            },
            {
              "batter": "NB Budayair",
              "bowler": "JJ Tucker",
              "non_striker": "SP Khakurel",
              "runs": {
                "batter": 0,
                "extras": 0,
                "total": 0
              }
            },
            {
              "batter": "NB Budayair",
              "bowler": "JJ Tucker",
              "non_striker": "SP Khakurel",
              "runs": {
                "batter": 0,
                "extras": 0,
                "total": 0
              }
            }
          ]
        },
        {
          "over": 1,
          "deliveries": [
            {
              "batter": "SP Khakurel",
              "bowler": "D Talbot",
              "non_striker": "NB Budayair",
              "runs": {
                "batter": 4,
                "extras": 0,
                "total": 4
              }
            },
            {
              "batter": "SP Khakurel",
              "bowler": "D Talbot",
              "non_striker": "NB Budayair",
              "runs": {
                "batter": 4,
                "extras": 0,
                "total": 4
              }
            },
            {
              "batter": "SP Khakurel",
              "bowler": "D Talbot",
              "non_striker": "NB Budayair",
              "runs": {
                "batter": 0,
                "extras": 0,
                "total": 0
              }
            },
            {
              "batter": "SP Khakurel",
              "bowler": "D Talbot",
              "non_striker": "NB Budayair",
              "runs": {
                "batter": 6,
                "extras": 0,
                "total": 6
              }
            },
            {
              "batter": "SP Khakurel",
              "bowler": "D Talbot",
              "non_striker": "NB Budayair",
              "runs": {
                "batter": 0,
                "extras": 0,
                "total": 0
              }
            },
            {
              "batter": "SP Khakurel",
              "bowler": "D Talbot",
              "non_striker": "NB Budayair",
              "runs": {
                "batter": 0,
                "extras": 0,
                "total": 0
              }
            }
          ]
        },
        {
          "over": 2,
          "deliveries": [
            {
              "batter": "NB Budayair",
              "bowler": "JJ Tucker",
              "non_striker": "SP Khakurel",
              "runs": {
                "batter": 6,
                "extras": 0,
                "total": 6
              }
            },
            {
              "batter": "NB Budayair",
              "bowler": "JJ Tucker",
              "non_striker": "SP Khakurel",
              "runs": {
                "batter": 0,
                "extras": 0,
                "total": 0
              },
              "wickets": [
                {
                  "kind": "lbw",
                  "player_out": "NB Budayair"
                }
              ]
            },
            {
              "batter": "B Bhandari",
              "bowler": "JJ Tucker",
              "non_striker": "SP Khakurel",
              "runs": {
                "batter": 0,
                "extras": 0,
                "total": 0
              }
            },
            {
              "batter": "B Bhandari",
              "bowler": "JJ Tucker",
              "non_striker": "SP Khakurel",
              "runs": {
                "batter": 4,
                "extras": 0,
                "total": 4
              }
            },
            {
              "batter": "B Bhandari",
              "bowler": "JJ Tucker",
              "non_striker": "SP Khakurel",
              "runs": {
                "batter": 0,
                "extras": 0,
                "total": 0
              }
            },
            {
              "batter": "B Bhandari",
              "bowler": "JJ Tucker",
              "non_striker": "SP Khakurel",
              "runs": {
                "batter": 0,
                "extras": 0,
                "total": 0
              }
            }
          ]
        },
        {
          "over": 3,
          "deliveries": [
            {
              "batter": "SP Khakurel",
              "bowler": "KS Leverock",
              "non_striker": "B Bhandari",
              "runs": {
                "batter": 1,
                "extras": 0,
                "total": 1
              }
            },
            {
              "batter": "B Bhandari",
              "bowler": "KS Leverock",
              "non_striker": "SP Khakurel",
              "runs": {
                "batter": 0,
                "extras": 0,
                "total": 0
              }
            },
            {
              "batter": "B Bhandari",
              "bowler": "KS Leverock",
              "non_striker": "SP Khakurel",
              "runs": {
                "batter": 0,
                "extras": 0,
                "total": 0
              }
            },
            {
              "batter": "B Bhandari",
              "bowler": "KS Leverock",
              "extras": {
                "legbyes": 1
              },
              "non_striker": "SP Khakurel",
              "runs": {
                "batter": 0,
                "extras": 1,
                "total": 1
              }
            },
            {
              "batter": "SP Khakurel",
              "bowler": "KS Leverock",
              "non_striker": "B Bhandari",
              "runs": {
                "batter": 0,
                "extras": 0,
                "total": 0
              }
            },
            {
              "batter": "SP Khakurel",
              "bowler": "KS Leverock",
              "non_striker": "B Bhandari",
              "runs": {
                "batter": 0,
                "extras": 0,
                "total": 0
              }
            }
          ]
        },
        {
          "over": 4,
          "deliveries": [
            {
              "batter": "B Bhandari",
              "bowler": "DMW Rawlins",
              "non_striker": "SP Khakurel",
              "runs": {
                "batter": 0,
                "extras": 0,
                "total": 0
              }
            },
            {
              "batter": "B Bhandari",
              "bowler": "DMW Rawlins",
              "non_striker": "SP Khakurel",
              "runs": {
                "batter": 0,
                "extras": 0,
                "total": 0
              }
            },
            {
              "batter": "B Bhandari",
              "bowler": "DMW Rawlins",
              "non_striker": "SP Khakurel",
              "runs": {
                "batter": 0,
                "extras": 0,
                "total": 0
              }
            },
            {
              "batter": "B Bhandari",
              "bowler": "DMW Rawlins",
              "non_striker": "SP Khakurel",
              "runs": {
                "batter": 0,
                "extras": 0,
                "total": 0
              }
            },
            {
              "batter": "B Bhandari",
              "bowler": "DMW Rawlins",
              "non_striker": "SP Khakurel",
              "runs": {
                "batter": 4,
                "extras": 0,
                "total": 4
              }
            },
            {
              "batter": "B Bhandari",
              "bowler": "DMW Rawlins",
              "non_striker": "SP Khakurel",
              "runs": {
                "batter": 1,
                "extras": 0,
                "total": 1
              }
            }
          ]
        },
        {
          "over": 5,
          "deliveries": [
            {
              "batter": "B Bhandari",
              "bowler": "KS Leverock",
              "non_striker": "SP Khakurel",
              "runs": {
                "batter": 0,
                "extras": 0,
                "total": 0
              }
            },
            {
              "batter": "B Bhandari",
              "bowler": "KS Leverock",
              "non_striker": "SP Khakurel",
              "runs": {
                "batter": 0,
                "extras": 0,
                "total": 0
              }
            },
            {
              "batter": "B Bhandari",
              "bowler": "KS Leverock",
              "non_striker": "SP Khakurel",
              "runs": {
                "batter": 0,
                "extras": 0,
                "total": 0
              }
            },
            {
              "batter": "B Bhandari",
              "bowler": "KS Leverock",
              "non_striker": "SP Khakurel",
              "runs": {
                "batter": 0,
                "extras": 0,
                "total": 0
              }
            },
            {
              "batter": "B Bhandari",
              "bowler": "KS Leverock",
              "non_striker": "SP Khakurel",
              "runs": {
                "batter": 0,
                "extras": 0,
                "total": 0
              }
            },
            {
              "batter": "B Bhandari",
              "bowler": "KS Leverock",
              "non_striker": "SP Khakurel",
              "runs": {
                "batter": 4,
                "extras": 0,
                "total": 4
              }
            }
          ]
        },
        {
          "over": 6,
          "deliveries": [
            {
              "batter": "SP Khakurel",
              "bowler": "DMW Rawlins",
              "non_striker": "B Bhandari",
              "runs": {
                "batter": 1,
                "extras": 0,
                "total": 1
              }
            },
            {
              "batter": "B Bhandari",
              "bowler": "DMW Rawlins",
              "non_striker": "SP Khakurel",
              "runs": {
                "batter": 4,
                "extras": 0,
                "total": 4
              }
            },
            {
              "batter": "B Bhandari",
              "bowler": "DMW Rawlins",
              "non_striker": "SP Khakurel",
              "runs": {
                "batter": 6,
                "extras": 0,
                "total": 6
              }
            },
            {
              "batter": "B Bhandari",
              "bowler": "DMW Rawlins",
              "non_striker": "SP Khakurel",
              "runs": {
                "batter": 0,
                "extras": 0,
                "total": 0
              }
            },
            {
              "batter": "B Bhandari",
              "bowler": "DMW Rawlins",
              "non_striker": "SP Khakurel",
              "runs": {
                "batter": 0,
                "extras": 0,
                "total": 0
              }
            },
            {
              "batter": "B Bhandari",
              "bowler": "DMW Rawlins",
              "non_striker": "SP Khakurel",
              "runs": {
                "batter": 0,
                "extras": 0,
                "total": 0
              }
            }
          ]
        },
        {
          "over": 7,
          "deliveries": [
            {
              "batter": "SP Khakurel",
              "bowler": "KS Leverock",
              "non_striker": "B Bhandari",
              "runs": {
                "batter": 0,
                "extras": 0,
                "total": 0
              }
            },
            {
              "batter": "SP Khakurel",
              "bowler": "KS Leverock",
              "extras": {
                "wides": 1
              },
              "non_striker": "B Bhandari",
              "runs": {
                "batter": 0,
                "extras": 1,
                "total": 1
              }
            },
            {
              "batter": "SP Khakurel",
              "bowler": "KS Leverock",
              "non_striker": "B Bhandari",
              "runs": {
                "batter": 4,
                "extras": 0,
                "total": 4
              }
            },
            {
              "batter": "SP Khakurel",
              "bowler": "KS Leverock",
              "non_striker": "B Bhandari",
              "runs": {
                "batter": 0,
                "extras": 0,
                "total": 0
              }
            },
            {
              "batter": "SP Khakurel",
              "bowler": "KS Leverock",
              "non_striker": "B Bhandari",
              "runs": {
                "batter": 0,
                "extras": 0,
                "total": 0
              }
            },
            {
              "batter": "SP Khakurel",
              "bowler": "KS Leverock",
              "non_striker": "B Bhandari",
              "runs": {
                "batter": 4,
                "extras": 0,
                "total": 4
              }
            },
            {
              "batter": "SP Khakurel",
              "bowler": "KS Leverock",
              "non_striker": "B Bhandari",
              "runs": {
                "batter": 0,
                "extras": 0,
                "total": 0
              }
            }
          ]
        },
        {
          "over": 8,
          "deliveries": [
            {
              "batter": "B Bhandari",
              "bowler": "AC Douglas",
              "extras": {
                "wides": 1
              },
              "non_striker": "SP Khakurel",
              "runs": {
                "batter": 0,
                "extras": 1,
                "total": 1
              }
            },
            {
              "batter": "B Bhandari",
              "bowler": "AC Douglas",
              "non_striker": "SP Khakurel",
              "runs": {
                "batter": 4,
                "extras": 0,
                "total": 4
              }
            },
            {
              "batter": "B Bhandari",
              "bowler": "AC Douglas",
              "non_striker": "SP Khakurel",
              "runs": {
                "batter": 4,
                "extras": 0,
                "total": 4
              }
            },
            {
              "batter": "B Bhandari",
              "bowler": "AC Douglas",
              "non_striker": "SP Khakurel",
              "runs": {
                "batter": 1,
                "extras": 0,
                "total": 1
              }
            },
            {
              "batter": "SP Khakurel",
              "bowler": "AC Douglas",
              "non_striker": "B Bhandari",
              "runs": {
                "batter": 2,
                "extras": 0,
                "total": 2
              }
            },
            {
              "batter": "SP Khakurel",
              "bowler": "AC Douglas",
              "non_striker": "B Bhandari",
              "runs": {
                "batter": 1,
                "extras": 0,
                "total": 1
              }
            },
            {
              "batter": "B Bhandari",
              "bowler": "AC Douglas",
              "non_striker": "SP Khakurel",
              "runs": {
                "batter": 4,
                "extras": 0,
                "total": 4
              }
            }
          ]
        },
        {
          "over": 9,
          "deliveries": [
            {
              "batter": "SP Khakurel",
              "bowler": "KS Leverock",
              "extras": {
                "wides": 1
              },
              "non_striker": "B Bhandari",
              "runs": {
                "batter": 0,
                "extras": 1,
                "total": 1
              }
            },
            {
              "batter": "SP Khakurel",
              "bowler": "KS Leverock",
              "non_striker": "B Bhandari",
              "runs": {
                "batter": 2,
                "extras": 0,
                "total": 2
              }
            },
            {
              "batter": "SP Khakurel",
              "bowler": "KS Leverock",
              "non_striker": "B Bhandari",
              "runs": {
                "batter": 0,
                "extras": 0,
                "total": 0
              }
            },
            {
              "batter": "SP Khakurel",
              "bowler": "KS Leverock",
              "non_striker": "B Bhandari",
              "runs": {
                "batter": 0,
                "extras": 0,
                "total": 0
              },
              "wickets": [
                {
                  "kind": "caught",
                  "player_out": "SP Khakurel",
                  "fielders": [
                    {
                      "name": "C Burgess"
                    }
                  ]
                }
              ]
            },
            {
              "batter": "P Khadka",
              "bowler": "KS Leverock",
              "non_striker": "B Bhandari",
              "runs": {
                "batter": 0,
                "extras": 0,
                "total": 0
              }
            },
            {
              "batter": "P Khadka",
              "bowler": "KS Leverock",
              "non_striker": "B Bhandari",
              "runs": {
                "batter": 1,
                "extras": 0,
                "total": 1
              }
            },
            {
              "batter": "B Bhandari",
              "bowler": "KS Leverock",
              "non_striker": "P Khadka",
              "runs": {
                "batter": 4,
                "extras": 0,
                "total": 4
              }
            }
          ]
        },
        {
          "over": 10,
          "deliveries": [
            {
              "batter": "P Khadka",
              "bowler": "DC Stovell",
              "extras": {
                "wides": 2
              },
              "non_striker": "B Bhandari",
              "runs": {
                "batter": 0,
                "extras": 2,
                "total": 2
              }
            },
            {
              "batter": "B Bhandari",
              "bowler": "DC Stovell",
              "non_striker": "P Khadka",
              "runs": {
                "batter": 2,
                "extras": 0,
                "total": 2
              }
            },
            {
              "batter": "B Bhandari",
              "bowler": "DC Stovell",
              "extras": {
                "wides": 1
              },
              "non_striker": "P Khadka",
              "runs": {
                "batter": 0,
                "extras": 1,
                "total": 1
              }
            },
            {
              "batter": "B Bhandari",
              "bowler": "DC Stovell",
              "non_striker": "P Khadka",
              "runs": {
                "batter": 1,
                "extras": 0,
                "total": 1
              }
            },
            {
              "batter": "P Khadka",
              "bowler": "DC Stovell",
              "non_striker": "B Bhandari",
              "runs": {
                "batter": 2,
                "extras": 0,
                "total": 2
              }
            },
            {
              "batter": "P Khadka",
              "bowler": "DC Stovell",
              "non_striker": "B Bhandari",
              "runs": {
                "batter": 4,
                "extras": 0,
                "total": 4
              }
            },
            {
              "batter": "P Khadka",
              "bowler": "DC Stovell",
              "extras": {
                "wides": 1
              },
              "non_striker": "B Bhandari",
              "runs": {
                "batter": 0,
                "extras": 1,
                "total": 1
              }
            },
            {
              "batter": "P Khadka",
              "bowler": "DC Stovell",
              "non_striker": "B Bhandari",
              "runs": {
                "batter": 2,
                "extras": 0,
                "total": 2
              }
            },
            {
              "batter": "P Khadka",
              "bowler": "DC Stovell",
              "non_striker": "B Bhandari",
              "runs": {
                "batter": 1,
                "extras": 0,
                "total": 1
              }
            }
          ]
        },
        {
          "over": 11,
          "deliveries": [
            {
              "batter": "P Khadka",
              "bowler": "KS Leverock",
              "non_striker": "B Bhandari",
              "runs": {
                "batter": 4,
                "extras": 0,
                "total": 4
              }
            }
          ]
        }
      ],
      "powerplays": [
        {
          "from": 0.1,
          "to": 9.7,
          "type": "mandatory"
        }
      ],
      "target": {
        "overs": 50,
        "runs": 101
      }
    }
  ]
}