{
  "meta": {
    "data_version": "1.0.0",
    "created": "2014-11-02",
    "revision": 1
  },
  "info": {
    "balls_per_over": 6,
    "city": "Kuala Lumpur",
    "dates": [
      "2014-10-27"
    ],
    "event": {
      "name": "ICC World Cricket League Division Three"
    },
    "gender": "male",
    "match_type": "ODM",
    "missing": [
      {
        "powerplays": {
          "1": [
            "batting"
          ]
        }
      }
    ],
    "officials": {
      "match_referees": [
        "D Govindjee"
      ],
      "reserve_umpires": [
        "AW Louw"
      ],
      "umpires": [
        "JD Cloete",
        "K Cross"
      ]
    },
    "outcome": {
      "result": "no result"
    },
    "overs": 50,
    "players": {
      "Bermuda": [
        "TS Fray",
        "DC Stovell",
        "C Burgess",
        "T Manders",
        "JJ Tucker",
        "LOB Cann",
        "AC Douglas",
        "KS Leverock",
        "MO Jones",
        "DMW Rawlins",
        "JA DeSilva"
      ],
      "Singapore": [
        "A Mutreja",
        "R Gaznavi",
        "KB Shinde",
        "AE Paraam",
        "CR Suryawanshi",
        "Saad Janjua",
        "C Janik",
        "Amjad Mahboob",
        "Abhiraj Singh",
        "M Dharmichand",
        "S Vijayakumar"
      ]
    },
    "registry": {
      "people": {
        "A Mutreja": "a2ec22d2",
        "AC Douglas": "f86ce673",
        "AE Paraam": "b56f5b6f",
        "AW Louw": "55053e4b",
        "Abhiraj Singh": "edf3773b",
        "Amjad Mahboob": "48f25627",
        "C Burgess": "d8c6111c",
        "C Janik": "488f6d91",
        "CR Suryawanshi": "8a3756a0",
        "D Govindjee": "8b4c4069",
        "DC Stovell": "7f6c2dae",
        "DMW Rawlins": "f1eb3c73",
        "JA DeSilva": "01d5f279",
        "JD Cloete": "b0419f8c",
        "JJ Tucker": "bceb1b07",
        "K Cross": "d59c5855",
        "KB Shinde": "bd3c0b79",
        "KS Leverock": "e1592949",
        "LOB Cann": "4487cc09",
        "M Dharmichand": "1f3e6df4",
        "MO Jones": "0e0afd8b",
        "R Gaznavi": "0079f139",
        "S Vijayakumar": "44c69e2b",
        "Saad Janjua": "3cd10113",
        "T Manders": "6d2b9724",
        "TS Fray": "c7537f8a"
      }
    },
    "season": "2014/15",
    "team_type": "international",
    "teams": [
      "Bermuda",
      "Singapore"
    ],
    "toss": {
      "decision": "bat",
      "winner": "Singapore"
    },
    "venue": "Selangor Turf Club"
  },
  "innings": [
    {
      "team": "Singapore",
      "overs": [
        {
          "over": 0,
          "deliveries": [
            {
              "batter": "A Mutreja",
              "bowler": "MO Jones",
              "non_striker": "R Gaznavi",
              "runs": {
                "batter": 0,
                "extras": 0,
                "total": 0
              }
            },
            {
              "batter": "A Mutreja",
              "bowler": "MO Jones",
              "non_striker": "R Gaznavi",
              "runs": {
                "batter": 0,
                "extras": 0,
                "total": 0
              }
            },
            {
              "batter": "A Mutreja",
              "bowler": "MO Jones",
              "non_striker": "R Gaznavi",
              "runs": {
                "batter": 0,
                "extras": 0,
                "total": 0
              }
            },
            {
              "batter": "A Mutreja",
              "bowler": "MO Jones",
              "non_striker": "R Gaznavi",
              "runs": {
                "batter": 0,
                "extras": 0,
                "total": 0
              }
            },
            {
              "batter": "A Mutreja",
              "bowler": "MO Jones",
              "non_striker": "R Gaznavi",
              "runs": {
                "batter": 4,
                "extras": 0,
                "total": 4
              }
            },
            {
              "batter": "A Mutreja",
              "bowler": "MO Jones",
              "non_striker": "R Gaznavi",
              "runs": {
                "batter": 2,
                "extras": 0,
                "total": 2
              }
            }
          ]
        },
        {
          "over": 1,
          "deliveries": [
            {
              "batter": "R Gaznavi",
              "bowler": "JA DeSilva",
              "non_striker": "A Mutreja",
              "runs": {
                "batter": 0,
                "extras": 0,
                "total": 0
              }
            },
            {
              "batter": "R Gaznavi",
              "bowler": "JA DeSilva",
              "non_striker": "A Mutreja",
              "runs": {
                "batter": 0,
                "extras": 0,
                "total": 0
              }
            },
            {
              "batter": "R Gaznavi",
              "bowler": "JA DeSilva",
              "extras": {
                "wides": 1
              },
              "non_striker": "A Mutreja",
              "runs": {
                "batter": 0,
                "extras": 1,
                "total": 1
              }
            },
            {
              "batter": "R Gaznavi",
              "bowler": "JA DeSilva",
              "non_striker": "A Mutreja",
              "runs": {
                "batter": 0,
                "extras": 0,
                "total": 0
              }
            },
            {
              "batter": "R Gaznavi",
              "bowler": "JA DeSilva",
              "non_striker": "A Mutreja",
              "runs": {
                "batter": 0,
                "extras": 0,
                "total": 0
              },
              "wickets": [
                {
                  "kind": "caught",
                  "player_out": "R Gaznavi",
                  "fielders": [
                    {
                      "name": "C Burgess"
                    }
                  ]
                }
              ]
            },
            {
              "batter": "KB Shinde",
              "bowler": "JA DeSilva",
              "extras": {
                "legbyes": 1
              },
              "non_striker": "A Mutreja",
              "runs": {
                "batter": 0,
                "extras": 1,
                "total": 1
              }
            },
            {
              "batter": "A Mutreja",
              "bowler": "JA DeSilva",
              "non_striker": "KB Shinde",
              "runs": {
                "batter": 0,
                "extras": 0,
                "total": 0
              }
            }
          ]
        },
        {
          "over": 2,
          "deliveries": [
            {
              "batter": "KB Shinde",
              "bowler": "MO Jones",
              "non_striker": "A Mutreja",
              "runs": {
                "batter": 0,
                "extras": 0,
                "total": 0
              }
            },
            {
              "batter": "KB Shinde",
              "bowler": "MO Jones",
              "non_striker": "A Mutreja",
              "runs": {
                "batter": 0,
                "extras": 0,
                "total": 0
              }
            },
            {
              "batter": "KB Shinde",
              "bowler": "MO Jones",
              "non_striker": "A Mutreja",
              "runs": {
                "batter": 0,
                "extras": 0,
                "total": 0
              }
            },
            {
              "batter": "KB Shinde",
              "bowler": "MO Jones",
              "non_striker": "A Mutreja",
              "runs": {
                "batter": 0,
                "extras": 0,
                "total": 0
              }
            },
            {
              "batter": "KB Shinde",
              "bowler": "MO Jones",
              "non_striker": "A Mutreja",
              "runs": {
                "batter": 1,
                "extras": 0,
                "total": 1
              }
            },
            {
              "batter": "A Mutreja",
              "bowler": "MO Jones",
              "non_striker": "KB Shinde",
              "runs": {
                "batter": 0,
                "extras": 0,
                "total": 0
              }
            }
          ]
        },
        {
          "over": 3,
          "deliveries": [
            {
              "batter": "KB Shinde",
              "bowler": "JA DeSilva",
              "non_striker": "A Mutreja",
              "runs": {
                "batter": 0,
                "extras": 0,
                "total": 0
              }
            },
            {
              "batter": "KB Shinde",
              "bowler": "JA DeSilva",
              "extras": {
                "wides": 1
              },
              "non_striker": "A Mutreja",
              "runs": {
                "batter": 0,
                "extras": 1,
                "total": 1
              }
            },
            {
              "batter": "KB Shinde",
              "bowler": "JA DeSilva",
              "non_striker": "A Mutreja",
              "runs": {
                "batter": 0,
                "extras": 0,
                "total": 0
              }
            },
            {
              "batter": "KB Shinde",
              "bowler": "JA DeSilva",
              "non_striker": "A Mutreja",
              "runs": {
                "batter": 1,
                "extras": 0,
                "total": 1
              }
            },
            {
              "batter": "A Mutreja",
              "bowler": "JA DeSilva",
              "non_striker": "KB Shinde",
              "runs": {
                "batter": 1,
                "extras": 0,
                "total": 1
              }
            },
            {
              "batter": "KB Shinde",
              "bowler": "JA DeSilva",
              "non_striker": "A Mutreja",
              "runs": {
                "batter": 0,
                "extras": 0,
                "total": 0
              }
            },
            {
              "batter": "KB Shinde",
              "bowler": "JA DeSilva",
              "non_striker": "A Mutreja",
              "runs": {
                "batter": 0,
                "extras": 0,
                "total": 0
              }
            }
          ]
        },
        {
          "over": 4,
          "deliveries": [
            {
              "batter": "A Mutreja",
              "bowler": "MO Jones",
              "non_striker": "KB Shinde",
              "runs": {
                "batter": 4,
                "extras": 0,
                "total": 4
              }
            },
            {
              "batter": "A Mutreja",
              "bowler": "MO Jones",
              "non_striker": "KB Shinde",
              "runs": {
                "batter": 0,
                "extras": 0,
                "total": 0
              }
            },
            {
              "batter": "A Mutreja",
              "bowler": "MO Jones",
              "non_striker": "KB Shinde",
              "runs": {
                "batter": 4,
                "extras": 0,
                "total": 4
              }
            },
            {
              "batter": "A Mutreja",
              "bowler": "MO Jones",
              "non_striker": "KB Shinde",
              "runs": {
                "batter": 0,
                "extras": 0,
                "total": 0
              }
            },
            {
              "batter": "A Mutreja",
              "bowler": "MO Jones",
              "non_striker": "KB Shinde",
              "runs": {
                "batter": 0,
                "extras": 0,
                "total": 0
              }
            },
            {
              "batter": "A Mutreja",
              "bowler": "MO Jones",
              "non_striker": "KB Shinde",
              "runs": {
                "batter": 0,
                "extras": 0,
                "total": 0
              }
            }
          ]
        },
        {
          "over": 5,
          "deliveries": [
            {
              "batter": "KB Shinde",
              "bowler": "JA DeSilva",
              "non_striker": "A Mutreja",
              "runs": {
                "batter": 0,
                "extras": 0,
                "total": 0
              }
            },
            {
              "batter": "KB Shinde",
              "bowler": "JA DeSilva",
              "non_striker": "A Mutreja",
              "runs": {
                "batter": 0,
                "extras": 0,
                "total": 0
              }
            },
            {
              "batter": "KB Shinde",
              "bowler": "JA DeSilva",
              "non_striker": "A Mutreja",
              "runs": {
                "batter": 0,
                "extras": 0,
                "total": 0
              }
            },
            {
              "batter": "KB Shinde",
              "bowler": "JA DeSilva",
              "non_striker": "A Mutreja",
              "runs": {
                "batter": 4,
                "extras": 0,
                "total": 4
              }
            },
            {
              "batter": "KB Shinde",
              "bowler": "JA DeSilva",
              "non_striker": "A Mutreja",
              "runs": {
                "batter": 1,
                "extras": 0,
                "total": 1
              }
            },
            {
              "batter": "A Mutreja",
              "bowler": "JA DeSilva",
              "non_striker": "KB Shinde",
              "runs": {
                "batter": 0,
                "extras": 0,
                "total": 0
              }
            }
          ]
        },
        {
          "over": 6,
          "deliveries": [
            {
              "batter": "KB Shinde",
              "bowler": "MO Jones",
              "non_striker": "A Mutreja",
              "runs": {
                "batter": 0,
                "extras": 0,
                "total": 0
              }
            },
            {
              "batter": "KB Shinde",
              "bowler": "MO Jones",
              "non_striker": "A Mutreja",
              "runs": {
                "batter": 0,
                "extras": 0,
                "total": 0
              }
            },
            {
              "batter": "KB Shinde",
              "bowler": "MO Jones",
              "non_striker": "A Mutreja",
              "runs": {
                "batter": 0,
                "extras": 0,
                "total": 0
              }
            },
            {
              "batter": "KB Shinde",
              "bowler": "MO Jones",
              "non_striker": "A Mutreja",
              "runs": {
                "batter": 0,
                "extras": 0,
                "total": 0
              }
            },
            {
              "batter": "KB Shinde",
              "bowler": "MO Jones",
              "non_striker": "A Mutreja",
              "runs": {
                "batter": 1,
                "extras": 0,
                "total": 1
              }
            },
            {
              "batter": "A Mutreja",
              "bowler": "MO Jones",
              "non_striker": "KB Shinde",
              "runs": {
                "batter": 0,
                "extras": 0,
                "total": 0
              }
            }
          ]
        },
        {
          "over": 7,
          "deliveries": [
            {
              "batter": "KB Shinde",
              "bowler": "JA DeSilva",
              "extras": {
                "wides": 1
              },
              "non_striker": "A Mutreja",
              "runs": {
                "batter": 0,
                "extras": 1,
                "total": 1
              }
            },
            {
              "batter": "KB Shinde",
              "bowler": "JA DeSilva",
              "non_striker": "A Mutreja",
              "runs": {
                "batter": 0,
                "extras": 0,
                "total": 0
              }
            },
            {
              "batter": "KB Shinde",
              "bowler": "JA DeSilva",
              "non_striker": "A Mutreja",
              "runs": {
                "batter": 0,
                "extras": 0,
                "total": 0
              }
            },
            {
              "batter": "KB Shinde",
              "bowler": "JA DeSilva",
              "non_striker": "A Mutreja",
              "runs": {
                "batter": 4,
                "extras": 0,
                "total": 4
              }
            },
            {
              "batter": "KB Shinde",
              "bowler": "JA DeSilva",
              "non_striker": "A Mutreja",
              "runs": {
                "batter": 0,
                "extras": 0,
                "total": 0
              }
            },
            {
              "batter": "KB Shinde",
              "bowler": "JA DeSilva",
              "non_striker": "A Mutreja",
              "runs": {
                "batter": 0,
                "extras": 0,
                "total": 0
              }
            },
            {
              "batter": "KB Shinde",
              "bowler": "JA DeSilva",
              "non_striker": "A Mutreja",
              "runs": {
                "batter": 0,
                "extras": 0,
                "total": 0
              },
              "wickets": [
                {
                  "kind": "bowled",
                  "player_out": "KB Shinde"
                }
              ]
            }
          ]
        },
        {
          "over": 8,
          "deliveries": [
            {
              "batter": "A Mutreja",
              "bowler": "DMW Rawlins",
              "non_striker": "AE Paraam",
              "runs": {
                "batter": 0,
                "extras": 0,
                "total": 0
              }
            },
            {
              "batter": "A Mutreja",
              "bowler": "DMW Rawlins",
              "non_striker": "AE Paraam",
              "runs": {
                "batter": 1,
                "extras": 0,
                "total": 1
              }
            },
            {
              "batter": "AE Paraam",
              "bowler": "DMW Rawlins",
              "non_striker": "A Mutreja",
              "runs": {
                "batter": 0,
                "extras": 0,
                "total": 0
              }
            },
            {
              "batter": "AE Paraam",
              "bowler": "DMW Rawlins",
              "non_striker": "A Mutreja",
              "runs": {
                "batter": 0,
                "extras": 0,
                "total": 0
              }
            },
            {
              "batter": "AE Paraam",
              "bowler": "DMW Rawlins",
              "non_striker": "A Mutreja",
              "runs": {
                "batter": 2,
                "extras": 0,
                "total": 2
              }
            },
            {
              "batter": "AE Paraam",
              "bowler": "DMW Rawlins",
              "non_striker": "A Mutreja",
              "runs": {
                "batter": 0,
                "extras": 0,
                "total": 0
              }
            }
          ]
        },
        {
          "over": 9,
          "deliveries": [
            {
              "batter": "A Mutreja",
              "bowler": "JA DeSilva",
              "non_striker": "AE Paraam",
              "runs": {
                "batter": 0,
                "extras": 0,
                "total": 0
              }
            },
            {
              "batter": "A Mutreja",
              "bowler": "JA DeSilva",
              "non_striker": "AE Paraam",
              "runs": {
                "batter": 0,
                "extras": 0,
                "total": 0
              }
            },
            {
              "batter": "A Mutreja",
              "bowler": "JA DeSilva",
              "non_striker": "AE Paraam",
              "runs": {
                "batter": 0,
                "extras": 0,
                "total": 0
              }
            },
            {
              "batter": "A Mutreja",
              "bowler": "JA DeSilva",
              "non_striker": "AE Paraam",
              "runs": {
                "batter": 4,
                "extras": 0,
                "total": 4
              }
            },
            {
              "batter": "A Mutreja",
              "bowler": "JA DeSilva",
              "non_striker": "AE Paraam",
              "runs": {
                "batter": 0,
                "extras": 0,
                "total": 0
              }
            },
            {
              "batter": "A Mutreja",
              "bowler": "JA DeSilva",
              "non_striker": "AE Paraam",
              "runs": {
                "batter": 1,
                "extras": 0,
                "total": 1
              }
            }
          ]
        },
        {
          "over": 10,
          "deliveries": [
            {
              "batter": "A Mutreja",
              "bowler": "DMW Rawlins",
              "non_striker": "AE Paraam",
              "runs": {
                "batter": 0,
                "extras": 0,
                "total": 0
              }
            },
            {
              "batter": "A Mutreja",
              "bowler": "DMW Rawlins",
              "extras": {
                "byes": 1
              },
              "non_striker": "AE Paraam",
              "runs": {
                "batter": 0,
                "extras": 1,
                "total": 1
              }
            },
            {
              "batter": "AE Paraam",
              "bowler": "DMW Rawlins",
              "non_striker": "A Mutreja",
              "runs": {
                "batter": 0,
                "extras": 0,
                "total": 0
              }
            },
            {
              "batter": "AE Paraam",
              "bowler": "DMW Rawlins",
              "non_striker": "A Mutreja",
              "runs": {
                "batter": 0,
                "extras": 0,
                "total": 0
              }
            },
            {
              "batter": "AE Paraam",
              "bowler": "DMW Rawlins",
              "non_striker": "A Mutreja",
              "runs": {
                "batter": 0,
                "extras": 0,
                "total": 0
              }
            },
            {
              "batter": "AE Paraam",
              "bowler": "DMW Rawlins",
              "non_striker": "A Mutreja",
              "runs": {
                "batter": 0,
                "extras": 0,
                "total": 0
              }
            }
          ]
        },
        {
          "over": 11,
          "deliveries": [
            {
              "batter": "A Mutreja",
              "bowler": "JA DeSilva",
              "non_striker": "AE Paraam",
              "runs": {
                "batter": 0,
                "extras": 0,
                "total": 0
              }
            },
            {
              "batter": "A Mutreja",
              "bowler": "JA DeSilva",
              "non_striker": "AE Paraam",
              "runs": {
                "batter": 0,
                "extras": 0,
                "total": 0
              }
            },
            {
              "batter": "A Mutreja",
              "bowler": "JA DeSilva",
              "non_striker": "AE Paraam",
              "runs": {
                "batter": 0,
                "extras": 0,
                "total": 0
              }
            },
            {
              "batter": "A Mutreja",
              "bowler": "JA DeSilva",
              "non_striker": "AE Paraam",
              "runs": {
                "batter": 0,
                "extras": 0,
                "total": 0
              }
            },
            {
              "batter": "A Mutreja",
              "bowler": "JA DeSilva",
              "non_striker": "AE Paraam",
              "runs": {
                "batter": 1,
                "extras": 0,
                "total": 1
              }
            },
            {
              "batter": "AE Paraam",
              "bowler": "JA DeSilva",
              "non_striker": "A Mutreja",
              "runs": {
                "batter": 0,
                "extras": 0,
                "total": 0
              }
            }
          ]
        },
        {
          "over": 12,
          "deliveries": [
            {
              "batter": "A Mutreja",
              "bowler": "DMW Rawlins",
              "non_striker": "AE Paraam",
              "runs": {
                "batter": 0,
                "extras": 0,
                "total": 0
              }
            },
            {
              "batter": "A Mutreja",
              "bowler": "DMW Rawlins",
              "extras": {
                "wides": 1
              },
              "non_striker": "AE Paraam",
              "runs": {
                "batter": 0,
                "extras": 1,
                "total": 1
              }
            },
            {
              "batter": "A Mutreja",
              "bowler": "DMW Rawlins",
              "non_striker": "AE Paraam",
              "runs": {
                "batter": 0,
                "extras": 0,
                "total": 0
              }
            },
            {
              "batter": "A Mutreja",
              "bowler": "DMW Rawlins",
              "non_striker": "AE Paraam",
              "runs": {
                "batter": 0,
                "extras": 0,
                "total": 0
              }
            },
            {
              "batter": "A Mutreja",
              "bowler": "DMW Rawlins",
              "non_striker": "AE Paraam",
              "runs": {
                "batter": 1,
                "extras": 0,
                "total": 1
              }
            },
            {
              "batter": "AE Paraam",
              "bowler": "DMW Rawlins",
              "non_striker": "A Mutreja",
              "runs": {
                "batter": 0,
                "extras": 0,
                "total": 0
              }
            },
            {
              "batter": "AE Paraam",
              "bowler": "DMW Rawlins",
              "non_striker": "A Mutreja",
              "runs": {
                "batter": 0,
                "extras": 0,
                "total": 0
              }
            }
          ]
        },
        {
          "over": 13,
          "deliveries": [
            {
              "batter": "A Mutreja",
              "bowler": "JJ Tucker",
              "non_striker": "AE Paraam",
              "runs": {
                "batter": 0,
                "extras": 0,
                "total": 0
              }
            },
            {
              "batter": "A Mutreja",
              "bowler": "JJ Tucker",
              "non_striker": "AE Paraam",
              "runs": {
                "batter": 2,
                "extras": 0,
                "total": 2
              }
            },
            {
              "batter": "A Mutreja",
              "bowler": "JJ Tucker",
              "extras": {
                "wides": 1
              },
              "non_striker": "AE Paraam",
              "runs": {
                "batter": 0,
                "extras": 1,
                "total": 1
              }
            },
            {
              "batter": "A Mutreja",
              "bowler": "JJ Tucker",
              "non_striker": "AE Paraam",
              "runs": {
                "batter": 1,
                "extras": 0,
                "total": 1
              }
            },
            {
              "batter": "AE Paraam",
              "bowler": "JJ Tucker",
              "non_striker": "A Mutreja",
              "runs": {
                "batter": 0,
                "extras": 0,
                "total": 0
              }
            },
            {
              "batter": "AE Paraam",
              "bowler": "JJ Tucker",
              "non_striker": "A Mutreja",
              "runs": {
                "batter": 0,
                "extras": 0,
                "total": 0
              }
            },
            {
              "batter": "AE Paraam",
              "bowler": "JJ Tucker",
              "non_striker": "A Mutreja",
              "runs": {
                "batter": 0,
                "extras": 0,
                "total": 0
              }
            }
          ]
        },
        {
          "over": 14,
          "deliveries": [
            {
              "batter": "A Mutreja",
              "bowler": "DMW Rawlins",
              "non_striker": "AE Paraam",
              "runs": {
                "batter": 0,
                "extras": 0,
                "total": 0
              }
            },
            {
              "batter": "A Mutreja",
              "bowler": "DMW Rawlins",
              "non_striker": "AE Paraam",
              "runs": {
                "batter": 0,
                "extras": 0,
                "total": 0
              }
            },
            {
              "batter": "A Mutreja",
              "bowler": "DMW Rawlins",
              "non_striker": "AE Paraam",
              "runs": {
                "batter": 0,
                "extras": 0,
                "total": 0
              }
            },
            {
              "batter": "A Mutreja",
              "bowler": "DMW Rawlins",
              "non_striker": "AE Paraam",
              "runs": {
                "batter": 0,
                "extras": 0,
                "total": 0
              }
            },
            {
              "batter": "A Mutreja",
              "bowler": "DMW Rawlins",
              "non_striker": "AE Paraam",
              "runs": {
                "batter": 0,
                "extras": 0,
                "total": 0
              }
            },
            {
              "batter": "A Mutreja",
              "bowler": "DMW Rawlins",
              "non_striker": "AE Paraam",
              "runs": {
                "batter": 0,
                "extras": 0,
                "total": 0
              }
            }
          ]
        },
        {
          "over": 15,
          "deliveries": [
            {
              "batter": "AE Paraam",
              "bowler": "JJ Tucker",
              "non_striker": "A Mutreja",
              "runs": {
                "batter": 0,
                "extras": 0,
                "total": 0
              }
            },
            {
              "batter": "AE Paraam",
              "bowler": "JJ Tucker",
              "non_striker": "A Mutreja",
              "runs": {
                "batter": 0,
                "extras": 0,
                "total": 0
              }
            },
            {
              "batter": "AE Paraam",
              "bowler": "JJ Tucker",
              "non_striker": "A Mutreja",
              "runs": {
                "batter": 1,
                "extras": 0,
                "total": 1
              }
            },
            {
              "batter": "A Mutreja",
              "bowler": "JJ Tucker",
              "non_striker": "AE Paraam",
              "runs": {
                "batter": 0,
                "extras": 0,
                "total": 0
              }
            },
            {
              "batter": "A Mutreja",
              "bowler": "JJ Tucker",
              "non_striker": "AE Paraam",
              "runs": {
                "batter": 1,
                "extras": 0,
                "total": 1
              }
            },
            {
              "batter": "AE Paraam",
              "bowler": "JJ Tucker",
              "non_striker": "A Mutreja",
              "runs": {
                "batter": 1,
                "extras": 0,
                "total": 1
              }
            }
          ]
        },
        {
          "over": 16,
          "deliveries": [
            {
              "batter": "AE Paraam",
              "bowler": "DMW Rawlins",
              "non_striker": "A Mutreja",
              "runs": {
                "batter": 0,
                "extras": 0,
                "total": 0
              }
            },
            {
              "batter": "AE Paraam",
              "bowler": "DMW Rawlins",
              "non_striker": "A Mutreja",
              "runs": {
                "batter": 0,
                "extras": 0,
                "total": 0
              }
            },
            {
              "batter": "AE Paraam",
              "bowler": "DMW Rawlins",
              "non_striker": "A Mutreja",
              "runs": {
                "batter": 1,
                "extras": 0,
                "total": 1
              }
            },
            {
              "batter": "A Mutreja",
              "bowler": "DMW Rawlins",
              "non_striker": "AE Paraam",
              "runs": {
                "batter": 0,
                "extras": 0,
                "total": 0
              }
            },
            {
              "batter": "A Mutreja",
              "bowler": "DMW Rawlins",
              "non_striker": "AE Paraam",
              "runs": {
                "batter": 1,
                "extras": 0,
                "total": 1
              }
            },
            {
              "batter": "AE Paraam",
              "bowler": "DMW Rawlins",
              "non_striker": "A Mutreja",
              "runs": {
                "batter": 0,
                "extras": 0,
                "total": 0
              }
            }
          ]
        },
        {
          "over": 17,
          "deliveries": [
            {
              "batter": "A Mutreja",
              "bowler": "JJ Tucker",
              "non_striker": "AE Paraam",
              "runs": {
                "batter": 0,
                "extras": 0,
                "total": 0
              }
            },
            {
              "batter": "A Mutreja",
              "bowler": "JJ Tucker",
              "non_striker": "AE Paraam",
              "runs": {
                "batter": 0,
                "extras": 0,
                "total": 0
              }
            },
            {
              "batter": "A Mutreja",
              "bowler": "JJ Tucker",
              "non_striker": "AE Paraam",
              "runs": {
                "batter": 4,
                "extras": 0,
                "total": 4
              }
            },
            {
              "batter": "A Mutreja",
              "bowler": "JJ Tucker",
              "non_striker": "AE Paraam",
              "runs": {
                "batter": 2,
                "extras": 0,
                "total": 2
              }
            },
            {
              "batter": "A Mutreja",
              "bowler": "JJ Tucker",
              "non_striker": "AE Paraam",
              "runs": {
                "batter": 0,
                "extras": 0,
                "total": 0
              }
            },
            {
              "batter": "A Mutreja",
              "bowler": "JJ Tucker",
              "non_striker": "AE Paraam",
              "runs": {
                "batter": 0,
                "extras": 0,
                "total": 0
              }
            }
          ]
        },
        {
          "over": 18,
          "deliveries": [
            {
              "batter": "AE Paraam",
              "bowler": "DMW Rawlins",
              "non_striker": "A Mutreja",
              "runs": {
                "batter": 0,
                "extras": 0,
                "total": 0
              }
            },
            {
              "batter": "AE Paraam",
              "bowler": "DMW Rawlins",
              "non_striker": "A Mutreja",
              "runs": {
                "batter": 0,
                "extras": 0,
                "total": 0
              }
            },
            {
              "batter": "AE Paraam",
              "bowler": "DMW Rawlins",
              "non_striker": "A Mutreja",
              "runs": {
                "batter": 1,
                "extras": 0,
                "total": 1
              }
            },
            {
              "batter": "A Mutreja",
              "bowler": "DMW Rawlins",
              "non_striker": "AE Paraam",
              "runs": {
                "batter": 0,
                "extras": 0,
                "total": 0
              }
            },
            {
              "batter": "A Mutreja",
              "bowler": "DMW Rawlins",
              "non_striker": "AE Paraam",
              "runs": {
                "batter": 0,
                "extras": 0,
                "total": 0
              }
            },
            {
              "batter": "A Mutreja",
              "bowler": "DMW Rawlins",
              "non_striker": "AE Paraam",
              "runs": {
                "batter": 1,
                "extras": 0,
                "total": 1
              }
            }
          ]
        },
        {
          "over": 19,
          "deliveries": [
            {
              "batter": "A Mutreja",
              "bowler": "JJ Tucker",
              "non_striker": "AE Paraam",
              "runs": {
                "batter": 0,
                "extras": 0,
                "total": 0
              }
            },
            {
              "batter": "A Mutreja",
              "bowler": "JJ Tucker",
              "non_striker": "AE Paraam",
              "runs": {
                "batter": 0,
                "extras": 0,
                "total": 0
              }
            },
            {
              "batter": "A Mutreja",
              "bowler": "JJ Tucker",
              "non_striker": "AE Paraam",
              "runs": {
                "batter": 0,
                "extras": 0,
                "total": 0
              }
            },
            {
              "batter": "A Mutreja",
              "bowler": "JJ Tucker",
              "non_striker": "AE Paraam",
              "runs": {
                "batter": 2,
                "extras": 0,
                "total": 2
              }
            },
            {
              "batter": "A Mutreja",
              "bowler": "JJ Tucker",
              "non_striker": "AE Paraam",
              "runs": {
                "batter": 4,
                "extras": 0,
                "total": 4
              }
            },
            {
              "batter": "A Mutreja",
              "bowler": "JJ Tucker",
              "non_striker": "AE Paraam",
              "runs": {
                "batter": 0,
                "extras": 0,
                "total": 0
              }
            }
          ]
        },
        {
          "over": 20,
          "deliveries": [
            {
              "batter": "AE Paraam",
              "bowler": "DMW Rawlins",
              "non_striker": "A Mutreja",
              "runs": {
                "batter": 0,
                "extras": 0,
                "total": 0
              }
            },
            {
              "batter": "AE Paraam",
              "bowler": "DMW Rawlins",
              "non_striker": "A Mutreja",
              "runs": {
                "batter": 1,
                "extras": 0,
                "total": 1
              }
            },
            {
              "batter": "A Mutreja",
              "bowler": "DMW Rawlins",
              "non_striker": "AE Paraam",
              "runs": {
                "batter": 1,
                "extras": 0,
                "total": 1
              }
            },
            {
              "batter": "AE Paraam",
              "bowler": "DMW Rawlins",
              "non_striker": "A Mutreja",
              "runs": {
                "batter": 1,
                "extras": 0,
                "total": 1
              }
            },
            {
              "batter": "A Mutreja",
              "bowler": "DMW Rawlins",
              "non_striker": "AE Paraam",
              "runs": {
                "batter": 0,
                "extras": 0,
                "total": 0
              }
            },
            {
              "batter": "A Mutreja",
              "bowler": "DMW Rawlins",
              "non_striker": "AE Paraam",
              "runs": {
                "batter": 0,
                "extras": 0,
                "total": 0
              }
            }
          ]
        },
        {
          "over": 21,
          "deliveries": [
            {
              "batter": "AE Paraam",
              "bowler": "JJ Tucker",
              "non_striker": "A Mutreja",
              "runs": {
                "batter": 1,
                "extras": 0,
                "total": 1
              }
            },
            {
              "batter": "A Mutreja",
              "bowler": "JJ Tucker",
              "non_striker": "AE Paraam",
              "runs": {
                "batter": 0,
                "extras": 0,
                "total": 0
              }
            },
            {
              "batter": "A Mutreja",
              "bowler": "JJ Tucker",
              "non_striker": "AE Paraam",
              "runs": {
                "batter": 1,
                "extras": 0,
                "total": 1
              }
            },
            {
              "batter": "AE Paraam",
              "bowler": "JJ Tucker",
              "non_striker": "A Mutreja",
              "runs": {
                "batter": 1,
                "extras": 0,
                "total": 1
              }
            },
            {
              "batter": "A Mutreja",
              "bowler": "JJ Tucker",
              "non_striker": "AE Paraam",
              "runs": {
                "batter": 4,
                "extras": 0,
                "total": 4
              }
            },
            {
              "batter": "A Mutreja",
              "bowler": "JJ Tucker",
              "non_striker": "AE Paraam",
              "runs": {
                "batter": 0,
                "extras": 0,
                "total": 0
              }
            }
          ]
        },
        {
          "over": 22,
          "deliveries": [
            {
              "batter": "AE Paraam",
              "bowler": "DMW Rawlins",
              "non_striker": "A Mutreja",
              "runs": {
                "batter": 0,
                "extras": 0,
                "total": 0
              }
            },
            {
              "batter": "AE Paraam",
              "bowler": "DMW Rawlins",
              "non_striker": "A Mutreja",
              "runs": {
                "batter": 0,
                "extras": 0,
                "total": 0
              }
            },
            {
              "batter": "AE Paraam",
              "bowler": "DMW Rawlins",
              "non_striker": "A Mutreja",
              "runs": {
                "batter": 0,
                "extras": 0,
                "total": 0
              }
            },
            {
              "batter": "AE Paraam",
              "bowler": "DMW Rawlins",
              "non_striker": "A Mutreja",
              "runs": {
                "batter": 0,
                "extras": 0,
                "total": 0
              }
            },
            {
              "batter": "AE Paraam",
              "bowler": "DMW Rawlins",
              "non_striker": "A Mutreja",
              "runs": {
                "batter": 0,
                "extras": 0,
                "total": 0
              }
            },
            {
              "batter": "AE Paraam",
              "bowler": "DMW Rawlins",
              "non_striker": "A Mutreja",
              "runs": {
                "batter": 0,
                "extras": 0,
                "total": 0
              }
            }
          ]
        },
        {
          "over": 23,
          "deliveries": [
            {
              "batter": "A Mutreja",
              "bowler": "DC Stovell",
              "non_striker": "AE Paraam",
              "runs": {
                "batter": 0,
                "extras": 0,
                "total": 0
              }
            },
            {
              "batter": "A Mutreja",
              "bowler": "DC Stovell",
              "non_striker": "AE Paraam",
              "runs": {
                "batter": 1,
                "extras": 0,
                "total": 1
              }
            },
            {
              "batter": "AE Paraam",
              "bowler": "DC Stovell",
              "non_striker": "A Mutreja",
              "runs": {
                "batter": 0,
                "extras": 0,
                "total": 0
              }
            },
            {
              "batter": "AE Paraam",
              "bowler": "DC Stovell",
              "non_striker": "A Mutreja",
              "runs": {
                "batter": 0,
                "extras": 0,
                "total": 0
              }
            },
            {
              "batter": "AE Paraam",
              "bowler": "DC Stovell",
              "non_striker": "A Mutreja",
              "runs": {
                "batter": 0,
                "extras": 0,
                "total": 0
              }
            },
            {
              "batter": "AE Paraam",
              "bowler": "DC Stovell",
              "non_striker": "A Mutreja",
              "runs": {
                "batter": 0,
                "extras": 0,
                "total": 0
              }
            }
          ]
        },
        {
          "over": 24,
          "deliveries": [
            {
              "batter": "A Mutreja",
              "bowler": "DMW Rawlins",
              "non_striker": "AE Paraam",
              "runs": {
                "batter": 1,
                "extras": 0,
                "total": 1
              }
            },
            {
              "batter": "AE Paraam",
              "bowler": "DMW Rawlins",
              "non_striker": "A Mutreja",
              "runs": {
                "batter": 1,
                "extras": 0,
                "total": 1
              }
            },
            {
              "batter": "A Mutreja",
              "bowler": "DMW Rawlins",
              "non_striker": "AE Paraam",
              "runs": {
                "batter": 0,
                "extras": 0,
                "total": 0
              }
            },
            {
              "batter": "A Mutreja",
              "bowler": "DMW Rawlins",
              "non_striker": "AE Paraam",
              "runs": {
                "batter": 0,
                "extras": 0,
                "total": 0
              }
            },
            {
              "batter": "A Mutreja",
              "bowler": "DMW Rawlins",
              "non_striker": "AE Paraam",
              "runs": {
                "batter": 0,
                "extras": 0,
                "total": 0
              }
            },
            {
              "batter": "A Mutreja",
              "bowler": "DMW Rawlins",
              "non_striker": "AE Paraam",
              "runs": {
                "batter": 0,
                "extras": 0,
                "total": 0
              }
            }
          ]
        },
        {
          "over": 25,
          "deliveries": [
            {
              "batter": "AE Paraam",
              "bowler": "DC Stovell",
              "non_striker": "A Mutreja",
              "runs": {
                "batter": 0,
                "extras": 0,
                "total": 0
              }
            },
            {
              "batter": "AE Paraam",
              "bowler": "DC Stovell",
              "extras": {
                "legbyes": 4
              },
              "non_striker": "A Mutreja",
              "runs": {
                "batter": 0,
                "extras": 4,
                "total": 4
              }
            },
            {
              "batter": "AE Paraam",
              "bowler": "DC Stovell",
              "non_striker": "A Mutreja",
              "runs": {
                "batter": 1,
                "extras": 0,
                "total": 1
              }
            },
            {
              "batter": "A Mutreja",
              "bowler": "DC Stovell",
              "non_striker": "AE Paraam",
              "runs": {
                "batter": 1,
                "extras": 0,
                "total": 1
              }
            },
            {
              "batter": "AE Paraam",
              "bowler": "DC Stovell",
              "non_striker": "A Mutreja",
              "runs": {
                "batter": 0,
                "extras": 0,
                "total": 0
              }
            },
            {
              "batter": "AE Paraam",
              "bowler": "DC Stovell",
              "non_striker": "A Mutreja",
              "runs": {
                "batter": 1,
                "extras": 0,
                "total": 1
              }
            }
          ]
        },
        {
          "over": 26,
          "deliveries": [
            {
              "batter": "AE Paraam",
              "bowler": "DMW Rawlins",
              "non_striker": "A Mutreja",
              "runs": {
                "batter": 1,
                "extras": 0,
                "total": 1
              }
            },
            {
              "batter": "A Mutreja",
              "bowler": "DMW Rawlins",
              "non_striker": "AE Paraam",
              "runs": {
                "batter": 0,
                "extras": 0,
                "total": 0
              }
            },
            {
              "batter": "A Mutreja",
              "bowler": "DMW Rawlins",
              "non_striker": "AE Paraam",
              "runs": {
                "batter": 0,
                "extras": 0,
                "total": 0
              }
            },
            {
              "batter": "A Mutreja",
              "bowler": "DMW Rawlins",
              "non_striker": "AE Paraam",
              "runs": {
                "batter": 0,
                "extras": 0,
                "total": 0
              }
            },
            {
              "batter": "A Mutreja",
              "bowler": "DMW Rawlins",
              "non_striker": "AE Paraam",
              "runs": {
                "batter": 1,
                "extras": 0,
                "total": 1
              }
            },
            {
              "batter": "AE Paraam",
              "bowler": "DMW Rawlins",
              "non_striker": "A Mutreja",
              "runs": {
                "batter": 0,
                "extras": 0,
                "total": 0
              }
            }
          ]
        },
        {
          "over": 27,
          "deliveries": [
            {
              "batter": "A Mutreja",
              "bowler": "AC Douglas",
              "extras": {
                "wides": 2
              },
              "non_striker": "AE Paraam",
              "runs": {
                "batter": 0,
                "extras": 2,
                "total": 2
              }
            },
            {
              "batter": "AE Paraam",
              "bowler": "AC Douglas",
              "non_striker": "A Mutreja",
              "runs": {
                "batter": 1,
                "extras": 0,
                "total": 1
              }
            },
            {
              "batter": "A Mutreja",
              "bowler": "AC Douglas",
              "extras": {
                "wides": 1
              },
              "non_striker": "AE Paraam",
              "runs": {
                "batter": 0,
                "extras": 1,
                "total": 1
              }
            },
            {
              "batter": "A Mutreja",
              "bowler": "AC Douglas",
              "non_striker": "AE Paraam",
              "runs": {
                "batter": 1,
                "extras": 0,
                "total": 1
              }
            },
            {
              "batter": "AE Paraam",
              "bowler": "AC Douglas",
              "extras": {
                "wides": 5
              },
              "non_striker": "A Mutreja",
              "runs": {
                "batter": 0,
                "extras": 5,
                "total": 5
              }
            },
            {
              "batter": "AE Paraam",
              "bowler": "AC Douglas",
              "non_striker": "A Mutreja",
              "runs": {
                "batter": 2,
                "extras": 0,
                "total": 2
              }
            },
            {
              "batter": "AE Paraam",
              "bowler": "AC Douglas",
              "non_striker": "A Mutreja",
              "runs": {
                "batter": 1,
                "extras": 0,
                "total": 1
              }
            },
            {
              "batter": "A Mutreja",
              "bowler": "AC Douglas",
              "non_striker": "AE Paraam",
              "runs": {
                "batter": 0,
                "extras": 0,
                "total": 0
              }
            },
            {
              "batter": "A Mutreja",
              "bowler": "AC Douglas",
              "non_striker": "AE Paraam",
              "runs": {
                "batter": 0,
                "extras": 0,
                "total": 0
              }
            }
          ]
        },
        {
          "over": 28,
          "deliveries": [
            {
              "batter": "AE Paraam",
              "bowler": "DC Stovell",
              "non_striker": "A Mutreja",
              "runs": {
                "batter": 1,
                "extras": 0,
                "total": 1
              }
            },
            {
              "batter": "A Mutreja",
              "bowler": "DC Stovell",
              "non_striker": "AE Paraam",
              "runs": {
                "batter": 0,
                "extras": 0,
                "total": 0
              }
            },
            {
              "batter": "A Mutreja",
              "bowler": "DC Stovell",
              "non_striker": "AE Paraam",
              "runs": {
                "batter": 0,
                "extras": 0,
                "total": 0
              }
            },
            {
              "batter": "A Mutreja",
              "bowler": "DC Stovell",
              "non_striker": "AE Paraam",
              "runs": {
                "batter": 2,
                "extras": 0,
                "total": 2
              }
            },
            {
              "batter": "A Mutreja",
              "bowler": "DC Stovell",
              "extras": {
                "byes": 1
              },
              "non_striker": "AE Paraam",
              "runs": {
                "batter": 0,
                "extras": 1,
                "total": 1
              }
            },
            {
              "batter": "AE Paraam",
              "bowler": "DC Stovell",
              "non_striker": "A Mutreja",
              "runs": {
                "batter": 0,
                "extras": 0,
                "total": 0
              }
            }
          ]
        },
        {
          "over": 29,
          "deliveries": [
            {
              "batter": "A Mutreja",
              "bowler": "AC Douglas",
              "non_striker": "AE Paraam",
              "runs": {
                "batter": 1,
                "extras": 0,
                "total": 1
              }
            },
            {
              "batter": "AE Paraam",
              "bowler": "AC Douglas",
              "non_striker": "A Mutreja",
              "runs": {
                "batter": 1,
                "extras": 0,
                "total": 1
              }
            },
            {
              "batter": "A Mutreja",
              "bowler": "AC Douglas",
              "non_striker": "AE Paraam",
              "runs": {
                "batter": 1,
                "extras": 0,
                "total": 1
              }
            },
            {
              "batter": "AE Paraam",
              "bowler": "AC Douglas",
              "non_striker": "A Mutreja",
              "runs": {
                "batter": 0,
                "extras": 0,
                "total": 0
              }
            },
            {
              "batter": "AE Paraam",
              "bowler": "AC Douglas",
              "non_striker": "A Mutreja",
              "runs": {
                "batter": 1,
                "extras": 0,
                "total": 1
              }
            },
            {
              "batter": "A Mutreja",
              "bowler": "AC Douglas",
              "non_striker": "AE Paraam",
              "runs": {
                "batter": 1,
                "extras": 0,
                "total": 1
              }
            }
          ]
        },
        {
          "over": 30,
          "deliveries": [
            {
              "batter": "A Mutreja",
              "bowler": "DC Stovell",
              "non_striker": "AE Paraam",
              "runs": {
                "batter": 1,
                "extras": 0,
                "total": 1
              }
            },
            {
              "batter": "AE Paraam",
              "bowler": "DC Stovell",
              "non_striker": "A Mutreja",
              "runs": {
                "batter": 1,
                "extras": 0,
                "total": 1
              }
            },
            {
              "batter": "A Mutreja",
              "bowler": "DC Stovell",
              "non_striker": "AE Paraam",
              "runs": {
                "batter": 0,
                "extras": 0,
                "total": 0
              }
            },
            {
              "batter": "A Mutreja",
              "bowler": "DC Stovell",
              "non_striker": "AE Paraam",
              "runs": {
                "batter": 0,
                "extras": 0,
                "total": 0
              }
            },
            {
              "batter": "A Mutreja",
              "bowler": "DC Stovell",
              "non_striker": "AE Paraam",
              "runs": {
                "batter": 0,
                "extras": 0,
                "total": 0
              }
            },
            {
              "batter": "A Mutreja",
              "bowler": "DC Stovell",
              "non_striker": "AE Paraam",
              "runs": {
                "batter": 0,
                "extras": 0,
                "total": 0
              }
            }
          ]
        },
        {
          "over": 31,
          "deliveries": [
            {
              "batter": "AE Paraam",
              "bowler": "AC Douglas",
              "non_striker": "A Mutreja",
              "runs": {
                "batter": 0,
                "extras": 0,
                "total": 0
              }
            },
            {
              "batter": "AE Paraam",
              "bowler": "AC Douglas",
              "non_striker": "A Mutreja",
              "runs": {
                "batter": 0,
                "extras": 0,
                "total": 0
              }
            },
            {
              "batter": "AE Paraam",
              "bowler": "AC Douglas",
              "non_striker": "A Mutreja",
              "runs": {
                "batter": 0,
                "extras": 0,
                "total": 0
              }
            },
            {
              "batter": "AE Paraam",
              "bowler": "AC Douglas",
              "non_striker": "A Mutreja",
              "runs": {
                "batter": 1,
                "extras": 0,
                "total": 1
              }
            },
            {
              "batter": "A Mutreja",
              "bowler": "AC Douglas",
              "extras": {
                "wides": 1
              },
              "non_striker": "AE Paraam",
              "runs": {
                "batter": 0,
                "extras": 1,
                "total": 1
              }
            },
            {
              "batter": "A Mutreja",
              "bowler": "AC Douglas",
              "non_striker": "AE Paraam",
              "runs": {
                "batter": 1,
                "extras": 0,
                "total": 1
              }
            },
            {
              "batter": "AE Paraam",
              "bowler": "AC Douglas",
              "non_striker": "A Mutreja",
              "runs": {
                "batter": 1,
                "extras": 0,
                "total": 1
              }
            }
          ]
        },
        {
          "over": 32,
          "deliveries": [
            {
              "batter": "AE Paraam",
              "bowler": "DC Stovell",
              "non_striker": "A Mutreja",
              "runs": {
                "batter": 4,
                "extras": 0,
                "total": 4
              }
            },
            {
              "batter": "AE Paraam",
              "bowler": "DC Stovell",
              "non_striker": "A Mutreja",
              "runs": {
                "batter": 4,
                "extras": 0,
                "total": 4
              }
            },
            {
              "batter": "AE Paraam",
              "bowler": "DC Stovell",
              "non_striker": "A Mutreja",
              "runs": {
                "batter": 0,
                "extras": 0,
                "total": 0
              }
            },
            {
              "batter": "AE Paraam",
              "bowler": "DC Stovell",
              "non_striker": "A Mutreja",
              "runs": {
                "batter": 1,
                "extras": 0,
                "total": 1
              }
            },
            {
              "batter": "A Mutreja",
              "bowler": "DC Stovell",
              "non_striker": "AE Paraam",
              "runs": {
                "batter": 0,
                "extras": 0,
                "total": 0
              }
            },
            {
              "batter": "A Mutreja",
              "bowler": "DC Stovell",
              "non_striker": "AE Paraam",
              "runs": {
                "batter": 0,
                "extras": 0,
                "total": 0
              }
            }
          ]
        },
        {
          "over": 33,
          "deliveries": [
            {
              "batter": "AE Paraam",
              "bowler": "AC Douglas",
              "non_striker": "A Mutreja",
              "runs": {
                "batter": 4,
                "extras": 0,
                "total": 4
              }
            },
            {
              "batter": "AE Paraam",
              "bowler": "AC Douglas",
              "non_striker": "A Mutreja",
              "runs": {
                "batter": 0,
                "extras": 0,
                "total": 0
              }
            },
            {
              "batter": "AE Paraam",
              "bowler": "AC Douglas",
              "non_striker": "A Mutreja",
              "runs": {
                "batter": 0,
                "extras": 0,
                "total": 0
              }
            },
            {
              "batter": "AE Paraam",
              "bowler": "AC Douglas",
              "non_striker": "A Mutreja",
              "runs": {
                "batter": 1,
                "extras": 0,
                "total": 1
              }
            },
            {
              "batter": "A Mutreja",
              "bowler": "AC Douglas",
              "non_striker": "AE Paraam",
              "runs": {
                "batter": 2,
                "extras": 0,
                "total": 2
              }
            },
            {
              "batter": "A Mutreja",
              "bowler": "AC Douglas",
              "non_striker": "AE Paraam",
              "runs": {
                "batter": 1,
                "extras": 0,
                "total": 1
              }
            }
          ]
        },
        {
          "over": 34,
          "deliveries": [
            {
              "batter": "A Mutreja",
              "bowler": "MO Jones",
              "non_striker": "AE Paraam",
              "runs": {
                "batter": 1,
                "extras": 0,
                "total": 1
              }
            },
            {
              "batter": "AE Paraam",
              "bowler": "MO Jones",
              "non_striker": "A Mutreja",
              "runs": {
                "batter": 0,
                "extras": 0,
                "total": 0
              }
            },
            {
              "batter": "AE Paraam",
              "bowler": "MO Jones",
              "non_striker": "A Mutreja",
              "runs": {
                "batter": 1,
                "extras": 0,
                "total": 1
              }
            },
            {
              "batter": "A Mutreja",
              "bowler": "MO Jones",
              "non_striker": "AE Paraam",
              "runs": {
                "batter": 1,
                "extras": 0,
                "total": 1
              }
            },
            {
              "batter": "AE Paraam",
              "bowler": "MO Jones",
              "non_striker": "A Mutreja",
              "runs": {
                "batter": 1,
                "extras": 0,
                "total": 1
              }
            },
            {
              "batter": "A Mutreja",
              "bowler": "MO Jones",
              "non_striker": "AE Paraam",
              "runs": {
                "batter": 4,
                "extras": 0,
                "total": 4
              }
            }
          ]
        },
        {
          "over": 35,
          "deliveries": [
            {
              "batter": "AE Paraam",
              "bowler": "JJ Tucker",
              "non_striker": "A Mutreja",
              "runs": {
                "batter": 4,
                "extras": 0,
                "total": 4
              }
            },
            {
              "batter": "AE Paraam",
              "bowler": "JJ Tucker",
              "non_striker": "A Mutreja",
              "runs": {
                "batter": 1,
                "extras": 0,
                "total": 1
              }
            },
            {
              "batter": "A Mutreja",
              "bowler": "JJ Tucker",
              "non_striker": "AE Paraam",
              "runs": {
                "batter": 4,
                "extras": 0,
                "total": 4
              }
            },
            {
              "batter": "A Mutreja",
              "bowler": "JJ Tucker",
              "non_striker": "AE Paraam",
              "runs": {
                "batter": 1,
                "extras": 0,
                "total": 1
              }
            },
            {
              "batter": "AE Paraam",
              "bowler": "JJ Tucker",
              "non_striker": "A Mutreja",
              "runs": {
                "batter": 0,
                "extras": 0,
                "total": 0
              }
            },
            {
              "batter": "AE Paraam",
              "bowler": "JJ Tucker",
              "non_striker": "A Mutreja",
              "runs": {
                "batter": 0,
                "extras": 0,
                "total": 0
              }
            }
          ]
        },
        {
          "over": 36,
          "deliveries": [
            {
              "batter": "A Mutreja",
              "bowler": "MO Jones",
              "non_striker": "AE Paraam",
              "runs": {
                "batter": 0,
                "extras": 0,
                "total": 0
              }
            },
            {
              "batter": "A Mutreja",
              "bowler": "MO Jones",
              "non_striker": "AE Paraam",
              "runs": {
                "batter": 2,
                "extras": 0,
                "total": 2
              }
            },
            {
              "batter": "A Mutreja",
              "bowler": "MO Jones",
              "non_striker": "AE Paraam",
              "runs": {
                "batter": 1,
                "extras": 0,
                "total": 1
              }
            },
            {
              "batter": "AE Paraam",
              "bowler": "MO Jones",
              "non_striker": "A Mutreja",
              "runs": {
                "batter": 1,
                "extras": 0,
                "total": 1
              }
            },
            {
              "batter": "A Mutreja",
              "bowler": "MO Jones",
              "non_striker": "AE Paraam",
              "runs": {
                "batter": 0,
                "extras": 0,
                "total": 0
              }
            },
            {
              "batter": "A Mutreja",
              "bowler": "MO Jones",
              "non_striker": "AE Paraam",
              "runs": {
                "batter": 0,
                "extras": 0,
                "total": 0
              }
            }
          ]
        },
        {
          "over": 37,
          "deliveries": [
            {
              "batter": "AE Paraam",
              "bowler": "JJ Tucker",
              "non_striker": "A Mutreja",
              "runs": {
                "batter": 0,
                "extras": 0,
                "total": 0
              }
            },
            {
              "batter": "AE Paraam",
              "bowler": "JJ Tucker",
              "non_striker": "A Mutreja",
              "runs": {
                "batter": 1,
                "extras": 0,
                "total": 1
              }
            },
            {
              "batter": "A Mutreja",
              "bowler": "JJ Tucker",
              "non_striker": "AE Paraam",
              "runs": {
                "batter": 1,
                "extras": 0,
                "total": 1
              }
            },
            {
              "batter": "AE Paraam",
              "bowler": "JJ Tucker",
              "extras": {
                "wides": 1
              },
              "non_striker": "A Mutreja",
              "runs": {
                "batter": 0,
                "extras": 1,
                "total": 1
              }
            },
            {
              "batter": "AE Paraam",
              "bowler": "JJ Tucker",
              "non_striker": "A Mutreja",
              "runs": {
                "batter": 0,
                "extras": 0,
                "total": 0
              }
            },
            {
              "batter": "AE Paraam",
              "bowler": "JJ Tucker",
              "non_striker": "A Mutreja",
              "runs": {
                "batter": 1,
                "extras": 0,
                "total": 1
              }
            },
            {
              "batter": "A Mutreja",
              "bowler": "JJ Tucker",
              "non_striker": "AE Paraam",
              "runs": {
                "batter": 0,
                "extras": 0,
                "total": 0
              }
            }
          ]
        },
        {
          "over": 38,
          "deliveries": [
            {
              "batter": "AE Paraam",
              "bowler": "MO Jones",
              "non_striker": "A Mutreja",
              "runs": {
                "batter": 2,
                "extras": 0,
                "total": 2
              }
            },
            {
              "batter": "AE Paraam",
              "bowler": "MO Jones",
              "non_striker": "A Mutreja",
              "runs": {
                "batter": 2,
                "extras": 0,
                "total": 2
              }
            },
            {
              "batter": "AE Paraam",
              "bowler": "MO Jones",
              "non_striker": "A Mutreja",
              "runs": {
                "batter": 0,
                "extras": 0,
                "total": 0
              }
            },
            {
              "batter": "AE Paraam",
              "bowler": "MO Jones",
              "non_striker": "A Mutreja",
              "runs": {
                "batter": 1,
                "extras": 0,
                "total": 1
              }
            },
            {
              "batter": "A Mutreja",
              "bowler": "MO Jones",
              "non_striker": "AE Paraam",
              "runs": {
                "batter": 0,
                "extras": 0,
                "total": 0
              }
            },
            {
              "batter": "A Mutreja",
              "bowler": "MO Jones",
              "non_striker": "AE Paraam",
              "runs": {
                "batter": 0,
                "extras": 0,
                "total": 0
              }
            }
          ]
        },
        {
          "over": 39,
          "deliveries": [
            {
              "batter": "AE Paraam",
              "bowler": "JJ Tucker",
              "non_striker": "A Mutreja",
              "runs": {
                "batter": 0,
                "extras": 0,
                "total": 0
              }
            },
            {
              "batter": "AE Paraam",
              "bowler": "JJ Tucker",
              "non_striker": "A Mutreja",
              "runs": {
                "batter": 0,
                "extras": 0,
                "total": 0
              }
            },
            {
              "batter": "AE Paraam",
              "bowler": "JJ Tucker",
              "non_striker": "A Mutreja",
              "runs": {
                "batter": 0,
                "extras": 0,
                "total": 0
              }
            },
            {
              "batter": "AE Paraam",
              "bowler": "JJ Tucker",
              "non_striker": "A Mutreja",
              "runs": {
                "batter": 1,
                "extras": 0,
                "total": 1
              }
            },
            {
              "batter": "A Mutreja",
              "bowler": "JJ Tucker",
              "non_striker": "AE Paraam",
              "runs": {
                "batter": 4,
                "extras": 0,
                "total": 4
              }
            },
            {
              "batter": "A Mutreja",
              "bowler": "JJ Tucker",
              "non_striker": "AE Paraam",
              "runs": {
                "batter": 1,
                "extras": 0,
                "total": 1
              }
            }
          ]
        },
        {
          "over": 40,
          "deliveries": [
            {
              "batter": "A Mutreja",
              "bowler": "MO Jones",
              "non_striker": "AE Paraam",
              "runs": {
                "batter": 1,
                "extras": 0,
                "total": 1
              }
            },
            {
              "batter": "AE Paraam",
              "bowler": "MO Jones",
              "non_striker": "A Mutreja",
              "runs": {
                "batter": 0,
                "extras": 0,
                "total": 0
              }
            },
            {
              "batter": "AE Paraam",
              "bowler": "MO Jones",
              "non_striker": "A Mutreja",
              "runs": {
                "batter": 0,
                "extras": 0,
                "total": 0
              }
            },
            {
              "batter": "AE Paraam",
              "bowler": "MO Jones",
              "non_striker": "A Mutreja",
              "runs": {
                "batter": 0,
                "extras": 0,
                "total": 0
              }
            },
            {
              "batter": "AE Paraam",
              "bowler": "MO Jones",
              "non_striker": "A Mutreja",
              "runs": {
                "batter": 0,
                "extras": 0,
                "total": 0
              }
            },
            {
              "batter": "AE Paraam",
              "bowler": "MO Jones",
              "non_striker": "A Mutreja",
              "runs": {
                "batter": 1,
                "extras": 0,
                "total": 1
              }
            }
          ]
        },
        {
          "over": 41,
          "deliveries": [
            {
              "batter": "AE Paraam",
              "bowler": "DC Stovell",
              "non_striker": "A Mutreja",
              "runs": {
                "batter": 6,
                "extras": 0,
                "total": 6
              }
            },
            {
              "batter": "AE Paraam",
              "bowler": "DC Stovell",
              "non_striker": "A Mutreja",
              "runs": {
                "batter": 1,
                "extras": 0,
                "total": 1
              }
            },
            {
              "batter": "A Mutreja",
              "bowler": "DC Stovell",
              "non_striker": "AE Paraam",
              "runs": {
                "batter": 4,
                "extras": 0,
                "total": 4
              }
            },
            {
              "batter": "A Mutreja",
              "bowler": "DC Stovell",
              "non_striker": "AE Paraam",
              "runs": {
                "batter": 2,
                "extras": 0,
                "total": 2
              }
            },
            {
              "batter": "A Mutreja",
              "bowler": "DC Stovell",
              "non_striker": "AE Paraam",
              "runs": {
                "batter": 0,
                "extras": 0,
                "total": 0
              }
            },
            {
              "batter": "A Mutreja",
              "bowler": "DC Stovell",
              "non_striker": "AE Paraam",
              "runs": {
                "batter": 0,
                "extras": 0,
                "total": 0
              }
            }
          ]
        },
        {
          "over": 42,
          "deliveries": [
            {
              "batter": "AE Paraam",
              "bowler": "MO Jones",
              "non_striker": "A Mutreja",
              "runs": {
                "batter": 0,
                "extras": 0,
                "total": 0
              }
            },
            {
              "batter": "AE Paraam",
              "bowler": "MO Jones",
              "non_striker": "A Mutreja",
              "runs": {
                "batter": 0,
                "extras": 0,
                "total": 0
              }
            },
            {
              "batter": "AE Paraam",
              "bowler": "MO Jones",
              "non_striker": "A Mutreja",
              "runs": {
                "batter": 4,
                "extras": 0,
                "total": 4
              }
            },
            {
              "batter": "AE Paraam",
              "bowler": "MO Jones",
              "non_striker": "A Mutreja",
              "runs": {
                "batter": 0,
                "extras": 0,
                "total": 0
              }
            },
            {
              "batter": "AE Paraam",
              "bowler": "MO Jones",
              "non_striker": "A Mutreja",
              "runs": {
                "batter": 0,
                "extras": 0,
                "total": 0
              }
            },
            {
              "batter": "AE Paraam",
              "bowler": "MO Jones",
              "non_striker": "A Mutreja",
              "runs": {
                "batter": 0,
                "extras": 0,
                "total": 0
              }
            }
          ]
        },
        {
          "over": 43,
          "deliveries": [
            {
              "batter": "A Mutreja",
              "bowler": "DC Stovell",
              "non_striker": "AE Paraam",
              "runs": {
                "batter": 4,
                "extras": 0,
                "total": 4
              }
            },
            {
              "batter": "A Mutreja",
              "bowler": "DC Stovell",
              "non_striker": "AE Paraam",
              "runs": {
                "batter": 1,
                "extras": 0,
                "total": 1
              }
            },
            {
              "batter": "AE Paraam",
              "bowler": "DC Stovell",
              "non_striker": "A Mutreja",
              "runs": {
                "batter": 1,
                "extras": 0,
                "total": 1
              }
            },
            {
              "batter": "A Mutreja",
              "bowler": "DC Stovell",
              "extras": {
                "legbyes": 1
              },
              "non_striker": "AE Paraam",
              "runs": {
                "batter": 0,
                "extras": 1,
                "total": 1
              }
            },
            {
              "batter": "AE Paraam",
              "bowler": "DC Stovell",
              "non_striker": "A Mutreja",
              "runs": {
                "batter": 1,
                "extras": 0,
                "total": 1
              }
            },
            {
              "batter": "A Mutreja",
              "bowler": "DC Stovell",
              "non_striker": "AE Paraam",
              "runs": {
                "batter": 2,
                "extras": 0,
                "total": 2
              }
            }
          ]
        },
        {
          "over": 44,
          "deliveries": [
            {
              "batter": "AE Paraam",
              "bowler": "MO Jones",
              "non_striker": "A Mutreja",
              "runs": {
                "batter": 1,
                "extras": 0,
                "total": 1
              }
            },
            {
              "batter": "A Mutreja",
              "bowler": "MO Jones",
              "non_striker": "AE Paraam",
              "runs": {
                "batter": 2,
                "extras": 0,
                "total": 2
              }
            },
            {
              "batter": "A Mutreja",
              "bowler": "MO Jones",
              "non_striker": "AE Paraam",
              "runs": {
                "batter": 1,
                "extras": 0,
                "total": 1
              }
            },
            {
              "batter": "AE Paraam",
              "bowler": "MO Jones",
              "non_striker": "A Mutreja",
              "runs": {
                "batter": 3,
                "extras": 0,
                "total": 3
              }
            },
            {
              "batter": "A Mutreja",
              "bowler": "MO Jones",
              "non_striker": "AE Paraam",
              "runs": {
                "batter": 1,
                "extras": 0,
                "total": 1
              }
            },
            {
              "batter": "AE Paraam",
              "bowler": "MO Jones",
              "non_striker": "A Mutreja",
              "runs": {
                "batter": 1,
                "extras": 0,
                "total": 1
              }
            }
          ]
        },
        {
          "over": 45,
          "deliveries": [
            {
              "batter": "AE Paraam",
              "bowler": "JA DeSilva",
              "non_striker": "A Mutreja",
              "runs": {
                "batter": 6,
                "extras": 0,
                "total": 6
              }
            },
            {
              "batter": "AE Paraam",
              "bowler": "JA DeSilva",
              "extras": {
                "wides": 1
              },
              "non_striker": "A Mutreja",
              "runs": {
                "batter": 0,
                "extras": 1,
                "total": 1
              }
            },
            {
              "batter": "AE Paraam",
              "bowler": "JA DeSilva",
              "non_striker": "A Mutreja",
              "runs": {
                "batter": 1,
                "extras": 0,
                "total": 1
              }
            },
            {
              "batter": "A Mutreja",
              "bowler": "JA DeSilva",
              "non_striker": "AE Paraam",
              "runs": {
                "batter": 2,
                "extras": 0,
                "total": 2
              }
            },
            {
              "batter": "A Mutreja",
              "bowler": "JA DeSilva",
              "non_striker": "AE Paraam",
              "runs": {
                "batter": 1,
                "extras": 0,
                "total": 1
              }
            },
            {
              "batter": "AE Paraam",
              "bowler": "JA DeSilva",
              "non_striker": "A Mutreja",
              "runs": {
                "batter": 3,
                "extras": 0,
                "total": 3
              }
            },
            {
              "batter": "A Mutreja",
              "bowler": "JA DeSilva",
              "non_striker": "AE Paraam",
              "runs": {
                "batter": 4,
                "extras": 0,
                "total": 4
              }
            }
          ]
        },
        {
          "over": 46,
          "deliveries": [
            {
              "batter": "AE Paraam",
              "bowler": "JJ Tucker",
              "non_striker": "A Mutreja",
              "runs": {
                "batter": 6,
                "extras": 0,
                "total": 6
              }
            },
            {
              "batter": "AE Paraam",
              "bowler": "JJ Tucker",
              "non_striker": "A Mutreja",
              "runs": {
                "batter": 1,
                "extras": 0,
                "total": 1
              }
            },
            {
              "batter": "A Mutreja",
              "bowler": "JJ Tucker",
              "non_striker": "AE Paraam",
              "runs": {
                "batter": 0,
                "extras": 0,
                "total": 0
              }
            },
            {
              "batter": "A Mutreja",
              "bowler": "JJ Tucker",
              "non_striker": "AE Paraam",
              "runs": {
                "batter": 1,
                "extras": 0,
                "total": 1
              }
            },
            {
              "batter": "AE Paraam",
              "bowler": "JJ Tucker",
              "non_striker": "A Mutreja",
              "runs": {
                "batter": 4,
                "extras": 0,
                "total": 4
              }
            },
            {
              "batter": "AE Paraam",
              "bowler": "JJ Tucker",
              "non_striker": "A Mutreja",
              "runs": {
                "batter": 1,
                "extras": 0,
                "total": 1
              }
            }
          ]
        },
        {
          "over": 47,
          "deliveries": [
            {
              "batter": "AE Paraam",
              "bowler": "DC Stovell",
              "extras": {
                "legbyes": 1
              },
              "non_striker": "A Mutreja",
              "runs": {
                "batter": 0,
                "extras": 1,
                "total": 1
              }
            },
            {
              "batter": "A Mutreja",
              "bowler": "DC Stovell",
              "non_striker": "AE Paraam",
              "runs": {
                "batter": 0,
                "extras": 0,
                "total": 0
              },
              "wickets": [
                {
                  "kind": "caught",
                  "player_out": "A Mutreja",
                  "fielders": [
                    {
                      "name": "T Manders"
                    }
                  ]
                }
              ]
            },
            {
              "batter": "AE Paraam",
              "bowler": "DC Stovell",
              "non_striker": "CR Suryawanshi",
              "runs": {
                "batter": 0,
                "extras": 0,
                "total": 0
              }
            },
            {
              "batter": "AE Paraam",
              "bowler": "DC Stovell",
              "non_striker": "CR Suryawanshi",
              "runs": {
                "batter": 0,
                "extras": 0,
                "total": 0
              },
              "wickets": [
                {
                  "kind": "caught",
                  "player_out": "AE Paraam",
                  "fielders": [
                    {
                      "name": "KS Leverock"
                    }
                  ]
                }
              ]
            },
            {
              "batter": "CR Suryawanshi",
              "bowler": "DC Stovell",
              "non_striker": "Saad Janjua",
              "runs": {
                "batter": 2,
                "extras": 0,
                "total": 2
              }
            },
            {
              "batter": "CR Suryawanshi",
              "bowler": "DC Stovell",
              "non_striker": "Saad Janjua",
              "runs": {
                "batter": 6,
                "extras": 0,
                "total": 6
              }
            }
          ]
        },
        {
          "over": 48,
          "deliveries": [
            {
              "batter": "Saad Janjua",
              "bowler": "JJ Tucker",
              "non_striker": "CR Suryawanshi",
              "runs": {
                "batter": 6,
                "extras": 0,
                "total": 6
              }
            },
            {
              "batter": "Saad Janjua",
              "bowler": "JJ Tucker",
              "non_striker": "CR Suryawanshi",
              "runs": {
                "batter": 1,
                "extras": 0,
                "total": 1
              }
            },
            {
              "batter": "CR Suryawanshi",
              "bowler": "JJ Tucker",
              "non_striker": "Saad Janjua",
              "runs": {
                "batter": 0,
                "extras": 0,
                "total": 0
              },
              "wickets": [
                {
                  "kind": "caught",
                  "player_out": "CR Suryawanshi",
                  "fielders": [
                    {
                      "name": "DC Stovell"
                    }
                  ]
                }
              ]
            },
            {
              "batter": "Saad Janjua",
              "bowler": "JJ Tucker",
              "non_striker": "C Janik",
              "runs": {
                "batter": 1,
                "extras": 0,
                "total": 1
              }
            },
            {
              "batter": "C Janik",
              "bowler": "JJ Tucker",
              "non_striker": "Saad Janjua",
              "runs": {
                "batter": 1,
                "extras": 0,
                "total": 1
              }
            },
            {
              "batter": "Saad Janjua",
              "bowler": "JJ Tucker",
              "non_striker": "C Janik",
              "runs": {
                "batter": 4,
                "extras": 0,
                "total": 4
              }
            }
          ]
        },
        {
          "over": 49,
          "deliveries": [
            {
              "batter": "C Janik",
              "bowler": "DC Stovell",
              "non_striker": "Saad Janjua",
              "runs": {
                "batter": 0,
                "extras": 0,
                "total": 0
              },
              "wickets": [
                {
                  "kind": "caught",
                  "player_out": "C Janik",
                  "fielders": [
                    {
                      "name": "KS Leverock"
                    }
                  ]
                }
              ]
            },
            {
              "batter": "Amjad Mahboob",
              "bowler": "DC Stovell",
              "non_striker": "Saad Janjua",
              "runs": {
                "batter": 2,
                "extras": 0,
                "total": 2
              }
            },
            {
              "batter": "Amjad Mahboob",
              "bowler": "DC Stovell",
              "non_striker": "Saad Janjua",
              "runs": {
                "batter": 1,
                "extras": 0,
                "total": 1
              }
            },
            {
              "batter": "Saad Janjua",
              "bowler": "DC Stovell",
              "non_striker": "Amjad Mahboob",
              "runs": {
                "batter": 1,
                "extras": 0,
                "total": 1
              }
            },
            {
              "batter": "Amjad Mahboob",
              "bowler": "DC Stovell",
              "non_striker": "Saad Janjua",
              "runs": {
                "batter": 1,
                "extras": 0,
                "total": 1
              },
              "wickets": [
                {
                  "kind": "run out",
                  "player_out": "Amjad Mahboob",
                  "fielders": [
                    {
                      "name": "KS Leverock"
                    },
                    {
                      "name": "DC Stovell"
                    }
                  ]
                }
              ]
            },
            {
              "batter": "Saad Janjua",
              "bowler": "DC Stovell",
              "non_striker": "Abhiraj Singh",
              "runs": {
                "batter": 0,
                "extras": 0,
                "total": 0
              },
              "wickets": [
                {
                  "kind": "caught",
                  "player_out": "Saad Janjua",
                  "fielders": [
                    {
                      "name": "KS Leverock"
                    }
                  ]
                }
              ]
            }
          ]
        }
      ],
      "powerplays": [
        {
          "from": 0.1,
          "to": 9.6,
          "type": "mandatory"
        }
      ]
    }
  ]
}