{
  "meta": {
    "data_version": "1.0.0",
    "created": "2015-02-01",
    "revision": 2
  },
  "info": {
    "balls_per_over": 6,
    "city": "Windhoek",
    "dates": [
      "2015-01-23"
    ],
    "event": {
      "name": "ICC World Cricket League Division Two"
    },
    "gender": "male",
    "match_type": "ODM",
    "missing": [
      {
        "powerplays": {
          "1": [
            "batting"
          ]
        }
      }
    ],
    "officials": {
      "match_referees": [
        "D Govindjee"
      ],
      "reserve_umpires": [
        "RT Robinson"
      ],
      "umpires": [
        "D Odhiambo",
        "IN Ramage"
      ]
    },
    "outcome": {
      "by": {
        "wickets": 7
      },
      "winner": "Netherlands"
    },
    "overs": 50,
    "player_of_match": [
      "Ahsan Malik"
    ],
    "players": {
      "Netherlands": [
        "SJ Myburgh",
        "PW Borren",
        "W Barresi",
        "BN Cooper",
        "Mudassar Bukhari",
        "RI Ahmed",
        "MJG Rippon",
        "PA van Meekeren",
        "MB van Schelven",
        "Ahsan Malik",
        "VJ Kingma"
      ],
      "Uganda": [
        "RG Mukasa",
        "AL Ndhlovu",
        "J Sebanja",
        "PM Selowa",
        "B Masaba",
        "AS Kyobe",
        "P Ochan",
        "D Ruyange",
        "DK Arinaitwe",
        "F Nsubuga",
        "H Ssenyondo"
      ]
    },
    "registry": {
      "people": {
        "AL Ndhlovu": "83ea85f6",
        "AS Kyobe": "fcfffcd5",
        "Ahsan Malik": "96503059",
        "B Masaba": "f33cfd25",
        "BN Cooper": "634a7b21",
        "D Govindjee": "8b4c4069",
        "D Odhiambo": "45994517",
        "D Ruyange": "cf6aae64",
        "DK Arinaitwe": "e77e96de",
        "F Nsubuga": "87e33d07",
        "H Ssenyondo": "2b7609f1",
        "IN Ramage": "33cb7803",
        "J Sebanja": "1e78c51c",
        "MB van Schelven": "aef2982e",
        "MJG Rippon": "b03db6fa",
        "Mudassar Bukhari": "37312a74",
        "P Ochan": "a8942d26",
        "PA van Meekeren": "4557dc54",
        "PM Selowa": "1f36276b",
        "PW Borren": "91052c96",
        "RG Mukasa": "011f6b42",
        "RI Ahmed": "fa859d3c",
        "RT Robinson": "b143c87d",
        "SJ Myburgh": "18261c22",
        "VJ Kingma": "3a7ea906",
        "W Barresi": "0d677597"
      }
    },
    "season": "2014/15",
    "team_type": "international",
    "teams": [
      "Netherlands",
      "Uganda"
    ],
    "toss": {
      "decision": "field",
      "winner": "Netherlands"
    },
    "venue": "Wanderers Cricket Ground"
  },
  "innings": [
    {
      "team": "Uganda",
      "overs": [
        {
          "over": 0,
          "deliveries": [
            {
              "batter": "RG Mukasa",
              "bowler": "Mudassar Bukhari",
              "extras": {
                "wides": 1
              },
              "non_striker": "AL Ndhlovu",
              "runs": {
                "batter": 0,
                "extras": 1,
                "total": 1
              }
            },
            {
              "batter": "RG Mukasa",
              "bowler": "Mudassar Bukhari",
              "non_striker": "AL Ndhlovu",
              "runs": {
                "batter": 0,
                "extras": 0,
                "total": 0
              }
            },
            {
              "batter": "RG Mukasa",
              "bowler": "Mudassar Bukhari",
              "non_striker": "AL Ndhlovu",
              "runs": {
                "batter": 0,
                "extras": 0,
                "total": 0
              }
            },
            {
              "batter": "RG Mukasa",
              "bowler": "Mudassar Bukhari",
              "non_striker": "AL Ndhlovu",
              "runs": {
                "batter": 4,
                "extras": 0,
                "total": 4
              }
            },
            {
              "batter": "RG Mukasa",
              "bowler": "Mudassar Bukhari",
              "non_striker": "AL Ndhlovu",
              "runs": {
                "batter": 0,
                "extras": 0,
                "total": 0
              },
              "wickets": [
                {
                  "kind": "bowled",
                  "player_out": "RG Mukasa"
                }
              ]
            },
            {
              "batter": "J Sebanja",
              "bowler": "Mudassar Bukhari",
              "non_striker": "AL Ndhlovu",
              "runs": {
                "batter": 0,
                "extras": 0,
                "total": 0
              }
            },
            {
              "batter": "J Sebanja",
              "bowler": "Mudassar Bukhari",
              "extras": {
                "wides": 1
              },
              "non_striker": "AL Ndhlovu",
              "runs": {
                "batter": 0,
                "extras": 1,
                "total": 1
              }
            },
            {
              "batter": "J Sebanja",
              "bowler": "Mudassar Bukhari",
              "non_striker": "AL Ndhlovu",
              "runs": {
                "batter": 0,
                "extras": 0,
                "total": 0
              }
            }
          ]
        },
        {
          "over": 1,
          "deliveries": [
            {
              "batter": "AL Ndhlovu",
              "bowler": "VJ Kingma",
              "extras": {
                "wides": 1
              },
              "non_striker": "J Sebanja",
              "runs": {
                "batter": 0,
                "extras": 1,
                "total": 1
              }
            },
            {
              "batter": "AL Ndhlovu",
              "bowler": "VJ Kingma",
              "non_striker": "J Sebanja",
              "runs": {
                "batter": 0,
                "extras": 0,
                "total": 0
              },
              "wickets": [
                {
                  "kind": "caught",
                  "player_out": "AL Ndhlovu",
                  "fielders": [
                    {
                      "name": "W Barresi"
                    }
                  ]
                }
              ]
            },
            {
              "batter": "PM Selowa",
              "bowler": "VJ Kingma",
              "non_striker": "J Sebanja",
              "runs": {
                "batter": 0,
                "extras": 0,
                "total": 0
              }
            },
            {
              "batter": "PM Selowa",
              "bowler": "VJ Kingma",
              "non_striker": "J Sebanja",
              "runs": {
                "batter": 0,
                "extras": 0,
                "total": 0
              }
            },
            {
              "batter": "PM Selowa",
              "bowler": "VJ Kingma",
              "extras": {
                "wides": 1
              },
              "non_striker": "J Sebanja",
              "runs": {
                "batter": 0,
                "extras": 1,
                "total": 1
              }
            },
            {
              "batter": "PM Selowa",
              "bowler": "VJ Kingma",
              "non_striker": "J Sebanja",
              "runs": {
                "batter": 0,
                "extras": 0,
                "total": 0
              }
            },
            {
              "batter": "PM Selowa",
              "bowler": "VJ Kingma",
              "non_striker": "J Sebanja",
              "runs": {
                "batter": 0,
                "extras": 0,
                "total": 0
              }
            },
            {
              "batter": "PM Selowa",
              "bowler": "VJ Kingma",
              "non_striker": "J Sebanja",
              "runs": {
                "batter": 0,
                "extras": 0,
                "total": 0
              },
              "wickets": [
                {
                  "kind": "lbw",
                  "player_out": "PM Selowa"
                }
              ]
            }
          ]
        },
        {
          "over": 2,
          "deliveries": [
            {
              "batter": "J Sebanja",
              "bowler": "Mudassar Bukhari",
              "non_striker": "B Masaba",
              "runs": {
                "batter": 0,
                "extras": 0,
                "total": 0
              }
            },
            {
              "batter": "J Sebanja",
              "bowler": "Mudassar Bukhari",
              "non_striker": "B Masaba",
              "runs": {
                "batter": 0,
                "extras": 0,
                "total": 0
              }
            },
            {
              "batter": "J Sebanja",
              "bowler": "Mudassar Bukhari",
              "non_striker": "B Masaba",
              "runs": {
                "batter": 0,
                "extras": 0,
                "total": 0
              }
            },
            {
              "batter": "J Sebanja",
              "bowler": "Mudassar Bukhari",
              "extras": {
                "wides": 5
              },
              "non_striker": "B Masaba",
              "runs": {
                "batter": 0,
                "extras": 5,
                "total": 5
              }
            },
            {
              "batter": "J Sebanja",
              "bowler": "Mudassar Bukhari",
              "non_striker": "B Masaba",
              "runs": {
                "batter": 0,
                "extras": 0,
                "total": 0
              }
            },
            {
              "batter": "J Sebanja",
              "bowler": "Mudassar Bukhari",
              "non_striker": "B Masaba",
              "runs": {
                "batter": 0,
                "extras": 0,
                "total": 0
              }
            },
            {
              "batter": "J Sebanja",
              "bowler": "Mudassar Bukhari",
              "non_striker": "B Masaba",
              "runs": {
                "batter": 0,
                "extras": 0,
                "total": 0
              }
            }
          ]
        },
        {
          "over": 3,
          "deliveries": [
            {
              "batter": "B Masaba",
              "bowler": "VJ Kingma",
              "non_striker": "J Sebanja",
              "runs": {
                "batter": 0,
                "extras": 0,
                "total": 0
              }
            },
            {
              "batter": "B Masaba",
              "bowler": "VJ Kingma",
              "extras": {
                "wides": 1
              },
              "non_striker": "J Sebanja",
              "runs": {
                "batter": 0,
                "extras": 1,
                "total": 1
              }
            },
            {
              "batter": "B Masaba",
              "bowler": "VJ Kingma",
              "extras": {
                "wides": 1
              },
              "non_striker": "J Sebanja",
              "runs": {
                "batter": 0,
                "extras": 1,
                "total": 1
              }
            },
            {
              "batter": "B Masaba",
              "bowler": "VJ Kingma",
              "non_striker": "J Sebanja",
              "runs": {
                "batter": 0,
                "extras": 0,
                "total": 0
              }
            },
            {
              "batter": "B Masaba",
              "bowler": "VJ Kingma",
              "non_striker": "J Sebanja",
              "runs": {
                "batter": 0,
                "extras": 0,
                "total": 0
              }
            },
            {
              "batter": "B Masaba",
              "bowler": "VJ Kingma",
              "non_striker": "J Sebanja",
              "runs": {
                "batter": 0,
                "extras": 0,
                "total": 0
              }
            },
            {
              "batter": "B Masaba",
              "bowler": "VJ Kingma",
              "non_striker": "J Sebanja",
              "runs": {
                "batter": 0,
                "extras": 0,
                "total": 0
              }
            },
            {
              "batter": "B Masaba",
              "bowler": "VJ Kingma",
              "non_striker": "J Sebanja",
              "runs": {
                "batter": 0,
                "extras": 0,
                "total": 0
              }
            }
          ]
        },
        {
          "over": 4,
          "deliveries": [
            {
              "batter": "J Sebanja",
              "bowler": "Mudassar Bukhari",
              "non_striker": "B Masaba",
              "runs": {
                "batter": 0,
                "extras": 0,
                "total": 0
              }
            },
            {
              "batter": "J Sebanja",
              "bowler": "Mudassar Bukhari",
              "non_striker": "B Masaba",
              "runs": {
                "batter": 0,
                "extras": 0,
                "total": 0
              }
            },
            {
              "batter": "J Sebanja",
              "bowler": "Mudassar Bukhari",
              "extras": {
                "wides": 1
              },
              "non_striker": "B Masaba",
              "runs": {
                "batter": 0,
                "extras": 1,
                "total": 1
              }
            },
            {
              "batter": "J Sebanja",
              "bowler": "Mudassar Bukhari",
              "non_striker": "B Masaba",
              "runs": {
                "batter": 0,
                "extras": 0,
                "total": 0
              }
            },
            {
              "batter": "J Sebanja",
              "bowler": "Mudassar Bukhari",
              "non_striker": "B Masaba",
              "runs": {
                "batter": 0,
                "extras": 0,
                "total": 0
              }
            },
            {
              "batter": "J Sebanja",
              "bowler": "Mudassar Bukhari",
              "non_striker": "B Masaba",
              "runs": {
                "batter": 0,
                "extras": 0,
                "total": 0
              }
            },
            {
              "batter": "J Sebanja",
              "bowler": "Mudassar Bukhari",
              "non_striker": "B Masaba",
              "runs": {
                "batter": 0,
                "extras": 0,
                "total": 0
              },
              "wickets": [
                {
                  "kind": "caught",
                  "player_out": "J Sebanja",
                  "fielders": [
                    {
                      "name": "PW Borren"
                    }
                  ]
                }
              ]
            }
          ]
        },
        {
          "over": 5,
          "deliveries": [
            {
              "batter": "B Masaba",
              "bowler": "VJ Kingma",
              "non_striker": "AS Kyobe",
              "runs": {
                "batter": 0,
                "extras": 0,
                "total": 0
              }
            },
            {
              "batter": "B Masaba",
              "bowler": "VJ Kingma",
              "extras": {
                "wides": 1
              },
              "non_striker": "AS Kyobe",
              "runs": {
                "batter": 0,
                "extras": 1,
                "total": 1
              }
            },
            {
              "batter": "B Masaba",
              "bowler": "VJ Kingma",
              "non_striker": "AS Kyobe",
              "runs": {
                "batter": 0,
                "extras": 0,
                "total": 0
              }
            },
            {
              "batter": "B Masaba",
              "bowler": "VJ Kingma",
              "extras": {
                "wides": 1
              },
              "non_striker": "AS Kyobe",
              "runs": {
                "batter": 0,
                "extras": 1,
                "total": 1
              }
            },
            {
              "batter": "B Masaba",
              "bowler": "VJ Kingma",
              "non_striker": "AS Kyobe",
              "runs": {
                "batter": 1,
                "extras": 0,
                "total": 1
              }
            },
            {
              "batter": "AS Kyobe",
              "bowler": "VJ Kingma",
              "non_striker": "B Masaba",
              "runs": {
                "batter": 0,
                "extras": 0,
                "total": 0
              }
            },
            {
              "batter": "AS Kyobe",
              "bowler": "VJ Kingma",
              "non_striker": "B Masaba",
              "runs": {
                "batter": 0,
                "extras": 0,
                "total": 0
              }
            },
            {
              "batter": "AS Kyobe",
              "bowler": "VJ Kingma",
              "extras": {
                "wides": 1
              },
              "non_striker": "B Masaba",
              "runs": {
                "batter": 0,
                "extras": 1,
                "total": 1
              }
            },
            {
              "batter": "AS Kyobe",
              "bowler": "VJ Kingma",
              "non_striker": "B Masaba",
              "runs": {
                "batter": 1,
                "extras": 0,
                "total": 1
              }
            }
          ]
        },
        {
          "over": 6,
          "deliveries": [
            {
              "batter": "AS Kyobe",
              "bowler": "Mudassar Bukhari",
              "non_striker": "B Masaba",
              "runs": {
                "batter": 2,
                "extras": 0,
                "total": 2
              }
            },
            {
              "batter": "AS Kyobe",
              "bowler": "Mudassar Bukhari",
              "non_striker": "B Masaba",
              "runs": {
                "batter": 0,
                "extras": 0,
                "total": 0
              }
            },
            {
              "batter": "AS Kyobe",
              "bowler": "Mudassar Bukhari",
              "non_striker": "B Masaba",
              "runs": {
                "batter": 0,
                "extras": 0,
                "total": 0
              }
            },
            {
              "batter": "AS Kyobe",
              "bowler": "Mudassar Bukhari",
              "non_striker": "B Masaba",
              "runs": {
                "batter": 4,
                "extras": 0,
                "total": 4
              }
            },
            {
              "batter": "AS Kyobe",
              "bowler": "Mudassar Bukhari",
              "non_striker": "B Masaba",
              "runs": {
                "batter": 0,
                "extras": 0,
                "total": 0
              }
            },
            {
              "batter": "AS Kyobe",
              "bowler": "Mudassar Bukhari",
              "non_striker": "B Masaba",
              "runs": {
                "batter": 0,
                "extras": 0,
                "total": 0
              }
            }
          ]
        },
        {
          "over": 7,
          "deliveries": [
            {
              "batter": "B Masaba",
              "bowler": "VJ Kingma",
              "non_striker": "AS Kyobe",
              "runs": {
                "batter": 0,
                "extras": 0,
                "total": 0
              }
            },
            {
              "batter": "B Masaba",
              "bowler": "VJ Kingma",
              "non_striker": "AS Kyobe",
              "runs": {
                "batter": 2,
                "extras": 0,
                "total": 2
              }
            },
            {
              "batter": "B Masaba",
              "bowler": "VJ Kingma",
              "extras": {
                "wides": 1
              },
              "non_striker": "AS Kyobe",
              "runs": {
                "batter": 0,
                "extras": 1,
                "total": 1
              }
            },
            {
              "batter": "B Masaba",
              "bowler": "VJ Kingma",
              "non_striker": "AS Kyobe",
              "runs": {
                "batter": 0,
                "extras": 0,
                "total": 0
              }
            },
            {
              "batter": "B Masaba",
              "bowler": "VJ Kingma",
              "non_striker": "AS Kyobe",
              "runs": {
                "batter": 0,
                "extras": 0,
                "total": 0
              }
            },
            {
              "batter": "B Masaba",
              "bowler": "VJ Kingma",
              "non_striker": "AS Kyobe",
              "runs": {
                "batter": 3,
                "extras": 0,
                "total": 3
              }
            },
            {
              "batter": "AS Kyobe",
              "bowler": "VJ Kingma",
              "non_striker": "B Masaba",
              "runs": {
                "batter": 0,
                "extras": 0,
                "total": 0
              }
            }
          ]
        },
        {
          "over": 8,
          "deliveries": [
            {
              "batter": "B Masaba",
              "bowler": "Mudassar Bukhari",
              "non_striker": "AS Kyobe",
              "runs": {
                "batter": 0,
                "extras": 0,
                "total": 0
              }
            },
            {
              "batter": "B Masaba",
              "bowler": "Mudassar Bukhari",
              "non_striker": "AS Kyobe",
              "runs": {
                "batter": 4,
                "extras": 0,
                "total": 4
              }
            },
            {
              "batter": "B Masaba",
              "bowler": "Mudassar Bukhari",
              "non_striker": "AS Kyobe",
              "runs": {
                "batter": 0,
                "extras": 0,
                "total": 0
              }
            },
            {
              "batter": "B Masaba",
              "bowler": "Mudassar Bukhari",
              "extras": {
                "noballs": 1
              },
              "non_striker": "AS Kyobe",
              "runs": {
                "batter": 0,
                "extras": 1,
                "total": 1
              }
            },
            {
              "batter": "B Masaba",
              "bowler": "Mudassar Bukhari",
              "non_striker": "AS Kyobe",
              "runs": {
                "batter": 1,
                "extras": 0,
                "total": 1
              }
            },
            {
              "batter": "AS Kyobe",
              "bowler": "Mudassar Bukhari",
              "non_striker": "B Masaba",
              "runs": {
                "batter": 1,
                "extras": 0,
                "total": 1
              }
            },
            {
              "batter": "B Masaba",
              "bowler": "Mudassar Bukhari",
              "non_striker": "AS Kyobe",
              "runs": {
                "batter": 0,
                "extras": 0,
                "total": 0
              }
            }
          ]
        },
        {
          "over": 9,
          "deliveries": [
            {
              "batter": "AS Kyobe",
              "bowler": "VJ Kingma",
              "non_striker": "B Masaba",
              "runs": {
                "batter": 1,
                "extras": 0,
                "total": 1
              }
            },
            {
              "batter": "B Masaba",
              "bowler": "VJ Kingma",
              "non_striker": "AS Kyobe",
              "runs": {
                "batter": 4,
                "extras": 0,
                "total": 4
              }
            },
            {
              "batter": "B Masaba",
              "bowler": "VJ Kingma",
              "non_striker": "AS Kyobe",
              "runs": {
                "batter": 1,
                "extras": 0,
                "total": 1
              }
            },
            {
              "batter": "AS Kyobe",
              "bowler": "VJ Kingma",
              "non_striker": "B Masaba",
              "runs": {
                "batter": 0,
                "extras": 0,
                "total": 0
              }
            },
            {
              "batter": "AS Kyobe",
              "bowler": "VJ Kingma",
              "non_striker": "B Masaba",
              "runs": {
                "batter": 0,
                "extras": 0,
                "total": 0
              }
            },
            {
              "batter": "AS Kyobe",
              "bowler": "VJ Kingma",
              "non_striker": "B Masaba",
              "runs": {
                "batter": 0,
                "extras": 0,
                "total": 0
              }
            }
          ]
        },
        {
          "over": 10,
          "deliveries": [
            {
              "batter": "B Masaba",
              "bowler": "PA van Meekeren",
              "non_striker": "AS Kyobe",
              "runs": {
                "batter": 0,
                "extras": 0,
                "total": 0
              }
            },
            {
              "batter": "B Masaba",
              "bowler": "PA van Meekeren",
              "non_striker": "AS Kyobe",
              "runs": {
                "batter": 0,
                "extras": 0,
                "total": 0
              }
            },
            {
              "batter": "B Masaba",
              "bowler": "PA van Meekeren",
              "non_striker": "AS Kyobe",
              "runs": {
                "batter": 1,
                "extras": 0,
                "total": 1
              }
            },
            {
              "batter": "AS Kyobe",
              "bowler": "PA van Meekeren",
              "non_striker": "B Masaba",
              "runs": {
                "batter": 0,
                "extras": 0,
                "total": 0
              }
            },
            {
              "batter": "AS Kyobe",
              "bowler": "PA van Meekeren",
              "non_striker": "B Masaba",
              "runs": {
                "batter": 0,
                "extras": 0,
                "total": 0
              }
            },
            {
              "batter": "AS Kyobe",
              "bowler": "PA van Meekeren",
              "extras": {
                "noballs": 1
              },
              "non_striker": "B Masaba",
              "runs": {
                "batter": 6,
                "extras": 1,
                "total": 7
              }
            },
            {
              "batter": "AS Kyobe",
              "bowler": "PA van Meekeren",
              "non_striker": "B Masaba",
              "runs": {
                "batter": 0,
                "extras": 0,
                "total": 0
              }
            }
          ]
        },
        {
          "over": 11,
          "deliveries": [
            {
              "batter": "B Masaba",
              "bowler": "Ahsan Malik",
              "non_striker": "AS Kyobe",
              "runs": {
                "batter": 0,
                "extras": 0,
                "total": 0
              }
            },
            {
              "batter": "B Masaba",
              "bowler": "Ahsan Malik",
              "non_striker": "AS Kyobe",
              "runs": {
                "batter": 0,
                "extras": 0,
                "total": 0
              },
              "wickets": [
                {
                  "kind": "caught",
                  "player_out": "B Masaba",
                  "fielders": [
                    {
                      "name": "MJG Rippon"
                    }
                  ]
                }
              ]
            },
            {
              "batter": "AS Kyobe",
              "bowler": "Ahsan Malik",
              "non_striker": "P Ochan",
              "runs": {
                "batter": 0,
                "extras": 0,
                "total": 0
              },
              "wickets": [
                {
                  "kind": "caught",
                  "player_out": "AS Kyobe",
                  "fielders": [
                    {
                      "name": "MB van Schelven"
                    }
                  ]
                }
              ]
            },
            {
              "batter": "D Ruyange",
              "bowler": "Ahsan Malik",
              "non_striker": "P Ochan",
              "runs": {
                "batter": 0,
                "extras": 0,
                "total": 0
              }
            },
            {
              "batter": "D Ruyange",
              "bowler": "Ahsan Malik",
              "non_striker": "P Ochan",
              "runs": {
                "batter": 0,
                "extras": 0,
                "total": 0
              }
            },
            {
              "batter": "D Ruyange",
              "bowler": "Ahsan Malik",
              "non_striker": "P Ochan",
              "runs": {
                "batter": 0,
                "extras": 0,
                "total": 0
              }
            }
          ]
        },
        {
          "over": 12,
          "deliveries": [
            {
              "batter": "P Ochan",
              "bowler": "MJG Rippon",
              "non_striker": "D Ruyange",
              "runs": {
                "batter": 0,
                "extras": 0,
                "total": 0
              }
            },
            {
              "batter": "P Ochan",
              "bowler": "MJG Rippon",
              "non_striker": "D Ruyange",
              "runs": {
                "batter": 1,
                "extras": 0,
                "total": 1
              }
            },
            {
              "batter": "D Ruyange",
              "bowler": "MJG Rippon",
              "non_striker": "P Ochan",
              "runs": {
                "batter": 1,
                "extras": 0,
                "total": 1
              }
            },
            {
              "batter": "P Ochan",
              "bowler": "MJG Rippon",
              "non_striker": "D Ruyange",
              "runs": {
                "batter": 1,
                "extras": 0,
                "total": 1
              }
            },
            {
              "batter": "D Ruyange",
              "bowler": "MJG Rippon",
              "non_striker": "P Ochan",
              "runs": {
                "batter": 0,
                "extras": 0,
                "total": 0
              }
            },
            {
              "batter": "D Ruyange",
              "bowler": "MJG Rippon",
              "non_striker": "P Ochan",
              "runs": {
                "batter": 1,
                "extras": 0,
                "total": 1
              }
            }
          ]
        },
        {
          "over": 13,
          "deliveries": [
            {
              "batter": "D Ruyange",
              "bowler": "Ahsan Malik",
              "non_striker": "P Ochan",
              "runs": {
                "batter": 0,
                "extras": 0,
                "total": 0
              },
              "wickets": [
                {
                  "kind": "bowled",
                  "player_out": "D Ruyange"
                }
              ]
            },
            {
              "batter": "DK Arinaitwe",
              "bowler": "Ahsan Malik",
              "non_striker": "P Ochan",
              "runs": {
                "batter": 0,
                "extras": 0,
                "total": 0
              }
            },
            {
              "batter": "DK Arinaitwe",
              "bowler": "Ahsan Malik",
              "non_striker": "P Ochan",
              "runs": {
                "batter": 0,
                "extras": 0,
                "total": 0
              }
            },
            {
              "batter": "DK Arinaitwe",
              "bowler": "Ahsan Malik",
              "non_striker": "P Ochan",
              "runs": {
                "batter": 1,
                "extras": 0,
                "total": 1
              }
            },
            {
              "batter": "P Ochan",
              "bowler": "Ahsan Malik",
              "non_striker": "DK Arinaitwe",
              "runs": {
                "batter": 0,
                "extras": 0,
                "total": 0
              }
            },
            {
              "batter": "P Ochan",
              "bowler": "Ahsan Malik",
              "non_striker": "DK Arinaitwe",
              "runs": {
                "batter": 0,
                "extras": 0,
                "total": 0
              }
            }
          ]
        },
        {
          "over": 14,
          "deliveries": [
            {
              "batter": "DK Arinaitwe",
              "bowler": "MJG Rippon",
              "non_striker": "P Ochan",
              "runs": {
                "batter": 0,
                "extras": 0,
                "total": 0
              }
            },
            {
              "batter": "DK Arinaitwe",
              "bowler": "MJG Rippon",
              "non_striker": "P Ochan",
              "runs": {
                "batter": 2,
                "extras": 0,
                "total": 2
              }
            },
            {
              "batter": "DK Arinaitwe",
              "bowler": "MJG Rippon",
              "non_striker": "P Ochan",
              "runs": {
                "batter": 1,
                "extras": 0,
                "total": 1
              }
            },
            {
              "batter": "P Ochan",
              "bowler": "MJG Rippon",
              "non_striker": "DK Arinaitwe",
              "runs": {
                "batter": 1,
                "extras": 0,
                "total": 1
              }
            },
            {
              "batter": "DK Arinaitwe",
              "bowler": "MJG Rippon",
              "non_striker": "P Ochan",
              "runs": {
                "batter": 1,
                "extras": 0,
                "total": 1
              }
            },
            {
              "batter": "P Ochan",
              "bowler": "MJG Rippon",
              "non_striker": "DK Arinaitwe",
              "runs": {
                "batter": 0,
                "extras": 0,
                "total": 0
              }
            }
          ]
        },
        {
          "over": 15,
          "deliveries": [
            {
              "batter": "DK Arinaitwe",
              "bowler": "Ahsan Malik",
              "non_striker": "P Ochan",
              "runs": {
                "batter": 0,
                "extras": 0,
                "total": 0
              }
            },
            {
              "batter": "DK Arinaitwe",
              "bowler": "Ahsan Malik",
              "extras": {
                "legbyes": 1
              },
              "non_striker": "P Ochan",
              "runs": {
                "batter": 0,
                "extras": 1,
                "total": 1
              }
            },
            {
              "batter": "P Ochan",
              "bowler": "Ahsan Malik",
              "non_striker": "DK Arinaitwe",
              "runs": {
                "batter": 0,
                "extras": 0,
                "total": 0
              }
            },
            {
              "batter": "P Ochan",
              "bowler": "Ahsan Malik",
              "extras": {
                "legbyes": 1
              },
              "non_striker": "DK Arinaitwe",
              "runs": {
                "batter": 0,
                "extras": 1,
                "total": 1
              }
            },
            {
              "batter": "DK Arinaitwe",
              "bowler": "Ahsan Malik",
              "non_striker": "P Ochan",
              "runs": {
                "batter": 0,
                "extras": 0,
                "total": 0
              }
            },
            {
              "batter": "DK Arinaitwe",
              "bowler": "Ahsan Malik",
              "non_striker": "P Ochan",
              "runs": {
                "batter": 0,
                "extras": 0,
                "total": 0
              },
              "wickets": [
                {
                  "kind": "bowled",
                  "player_out": "DK Arinaitwe"
                }
              ]
            }
          ]
        },
        {
          "over": 16,
          "deliveries": [
            {
              "batter": "P Ochan",
              "bowler": "MJG Rippon",
              "non_striker": "F Nsubuga",
              "runs": {
                "batter": 1,
                "extras": 0,
                "total": 1
              }
            },
            {
              "batter": "F Nsubuga",
              "bowler": "MJG Rippon",
              "non_striker": "P Ochan",
              "runs": {
                "batter": 1,
                "extras": 0,
                "total": 1
              }
            },
            {
              "batter": "P Ochan",
              "bowler": "MJG Rippon",
              "non_striker": "F Nsubuga",
              "runs": {
                "batter": 0,
                "extras": 0,
                "total": 0
              }
            },
            {
              "batter": "P Ochan",
              "bowler": "MJG Rippon",
              "non_striker": "F Nsubuga",
              "runs": {
                "batter": 0,
                "extras": 0,
                "total": 0
              },
              "wickets": [
                {
                  "kind": "caught",
                  "player_out": "P Ochan",
                  "fielders": [
                    {
                      "name": "W Barresi"
                    }
                  ]
                }
              ]
            },
            {
              "batter": "H Ssenyondo",
              "bowler": "MJG Rippon",
              "non_striker": "F Nsubuga",
              "runs": {
                "batter": 0,
                "extras": 0,
                "total": 0
              }
            },
            {
              "batter": "H Ssenyondo",
              "bowler": "MJG Rippon",
              "non_striker": "F Nsubuga",
              "runs": {
                "batter": 0,
                "extras": 0,
                "total": 0
              }
            }
          ]
        },
        {
          "over": 17,
          "deliveries": [
            {
              "batter": "F Nsubuga",
              "bowler": "Ahsan Malik",
              "non_striker": "H Ssenyondo",
              "runs": {
                "batter": 0,
                "extras": 0,
                "total": 0
              }
            },
            {
              "batter": "F Nsubuga",
              "bowler": "Ahsan Malik",
              "non_striker": "H Ssenyondo",
              "runs": {
                "batter": 0,
                "extras": 0,
                "total": 0
              }
            },
            {
              "batter": "F Nsubuga",
              "bowler": "Ahsan Malik",
              "non_striker": "H Ssenyondo",
              "runs": {
                "batter": 0,
                "extras": 0,
                "total": 0
              }
            },
            {
              "batter": "F Nsubuga",
              "bowler": "Ahsan Malik",
              "non_striker": "H Ssenyondo",
              "runs": {
                "batter": 0,
                "extras": 0,
                "total": 0
              }
            },
            {
              "batter": "F Nsubuga",
              "bowler": "Ahsan Malik",
              "non_striker": "H Ssenyondo",
              "runs": {
                "batter": 1,
                "extras": 0,
                "total": 1
              }
            },
            {
              "batter": "H Ssenyondo",
              "bowler": "Ahsan Malik",
              "non_striker": "F Nsubuga",
              "runs": {
                "batter": 0,
                "extras": 0,
                "total": 0
              }
            }
          ]
        },
        {
          "over": 18,
          "deliveries": [
            {
              "batter": "F Nsubuga",
              "bowler": "MJG Rippon",
              "non_striker": "H Ssenyondo",
              "runs": {
                "batter": 0,
                "extras": 0,
                "total": 0
              }
            },
            {
              "batter": "F Nsubuga",
              "bowler": "MJG Rippon",
              "non_striker": "H Ssenyondo",
              "runs": {
                "batter": 0,
                "extras": 0,
                "total": 0
              }
            },
            {
              "batter": "F Nsubuga",
              "bowler": "MJG Rippon",
              "extras": {
                "legbyes": 1
              },
              "non_striker": "H Ssenyondo",
              "runs": {
                "batter": 0,
                "extras": 1,
                "total": 1
              }
            },
            {
              "batter": "H Ssenyondo",
              "bowler": "MJG Rippon",
              "non_striker": "F Nsubuga",
              "runs": {
                "batter": 0,
                "extras": 0,
                "total": 0
              }
            },
            {
              "batter": "H Ssenyondo",
              "bowler": "MJG Rippon",
              "non_striker": "F Nsubuga",
              "runs": {
                "batter": 0,
                "extras": 0,
                "total": 0
              }
            },
            {
              "batter": "H Ssenyondo",
              "bowler": "MJG Rippon",
              "non_striker": "F Nsubuga",
              "runs": {
                "batter": 0,
                "extras": 0,
                "total": 0
              }
            }
          ]
        },
        {
          "over": 19,
          "deliveries": [
            {
              "batter": "F Nsubuga",
              "bowler": "Ahsan Malik",
              "non_striker": "H Ssenyondo",
              "runs": {
                "batter": 4,
                "extras": 0,
                "total": 4
              }
            },
            {
              "batter": "F Nsubuga",
              "bowler": "Ahsan Malik",
              "non_striker": "H Ssenyondo",
              "runs": {
                "batter": 0,
                "extras": 0,
                "total": 0
              }
            },
            {
              "batter": "F Nsubuga",
              "bowler": "Ahsan Malik",
              "non_striker": "H Ssenyondo",
              "runs": {
                "batter": 0,
                "extras": 0,
                "total": 0
              }
            },
            {
              "batter": "F Nsubuga",
              "bowler": "Ahsan Malik",
              "extras": {
                "noballs": 1
              },
              "non_striker": "H Ssenyondo",
              "runs": {
                "batter": 0,
                "extras": 1,
                "total": 1
              }
            },
            {
              "batter": "F Nsubuga",
              "bowler": "Ahsan Malik",
              "non_striker": "H Ssenyondo",
              "runs": {
                "batter": 0,
                "extras": 0,
                "total": 0
              }
            },
            {
              "batter": "F Nsubuga",
              "bowler": "Ahsan Malik",
              "non_striker": "H Ssenyondo",
              "runs": {
                "batter": 0,
                "extras": 0,
                "total": 0
              }
            },
            {
              "batter": "F Nsubuga",
              "bowler": "Ahsan Malik",
              "non_striker": "H Ssenyondo",
              "runs": {
                "batter": 0,
                "extras": 0,
                "total": 0
              }
            }
          ]
        },
        {
          "over": 20,
          "deliveries": [
            {
              "batter": "H Ssenyondo",
              "bowler": "MB van Schelven",
              "non_striker": "F Nsubuga",
              "runs": {
                "batter": 0,
                "extras": 0,
                "total": 0
              }
            },
            {
              "batter": "H Ssenyondo",
              "bowler": "MB van Schelven",
              "non_striker": "F Nsubuga",
              "runs": {
                "batter": 0,
                "extras": 0,
                "total": 0
              }
            },
            {
              "batter": "H Ssenyondo",
              "bowler": "MB van Schelven",
              "non_striker": "F Nsubuga",
              "runs": {
                "batter": 0,
                "extras": 0,
                "total": 0
              }
            },
            {
              "batter": "H Ssenyondo",
              "bowler": "MB van Schelven",
              "non_striker": "F Nsubuga",
              "runs": {
                "batter": 0,
                "extras": 0,
                "total": 0
              }
            },
            {
              "batter": "H Ssenyondo",
              "bowler": "MB van Schelven",
              "non_striker": "F Nsubuga",
              "runs": {
                "batter": 1,
                "extras": 0,
                "total": 1
              }
            },
            {
              "batter": "F Nsubuga",
              "bowler": "MB van Schelven",
              "non_striker": "H Ssenyondo",
              "runs": {
                "batter": 0,
                "extras": 0,
                "total": 0
              }
            }
          ]
        },
        {
          "over": 21,
          "deliveries": [
            {
              "batter": "H Ssenyondo",
              "bowler": "Ahsan Malik",
              "non_striker": "F Nsubuga",
              "runs": {
                "batter": 0,
                "extras": 0,
                "total": 0
              }
            },
            {
              "batter": "H Ssenyondo",
              "bowler": "Ahsan Malik",
              "non_striker": "F Nsubuga",
              "runs": {
                "batter": 0,
                "extras": 0,
                "total": 0
              }
            },
            {
              "batter": "H Ssenyondo",
              "bowler": "Ahsan Malik",
              "non_striker": "F Nsubuga",
              "runs": {
                "batter": 0,
                "extras": 0,
                "total": 0
              }
            },
            {
              "batter": "H Ssenyondo",
              "bowler": "Ahsan Malik",
              "non_striker": "F Nsubuga",
              "runs": {
                "batter": 0,
                "extras": 0,
                "total": 0
              }
            },
            {
              "batter": "H Ssenyondo",
              "bowler": "Ahsan Malik",
              "non_striker": "F Nsubuga",
              "runs": {
                "batter": 0,
                "extras": 0,
                "total": 0
              }
            },
            {
              "batter": "H Ssenyondo",
              "bowler": "Ahsan Malik",
              "non_striker": "F Nsubuga",
              "runs": {
                "batter": 0,
                "extras": 0,
                "total": 0
              }
            }
          ]
        },
        {
          "over": 22,
          "deliveries": [
            {
              "batter": "F Nsubuga",
              "bowler": "MB van Schelven",
              "non_striker": "H Ssenyondo",
              "runs": {
                "batter": 0,
                "extras": 0,
                "total": 0
              }
            },
            {
              "batter": "F Nsubuga",
              "bowler": "MB van Schelven",
              "non_striker": "H Ssenyondo",
              "runs": {
                "batter": 0,
                "extras": 0,
                "total": 0
              }
            },
            {
              "batter": "F Nsubuga",
              "bowler": "MB van Schelven",
              "non_striker": "H Ssenyondo",
              "runs": {
                "batter": 2,
                "extras": 0,
                "total": 2
              }
            },
            {
              "batter": "F Nsubuga",
              "bowler": "MB van Schelven",
              "non_striker": "H Ssenyondo",
              "runs": {
                "batter": 1,
                "extras": 0,
                "total": 1
              }
            },
            {
              "batter": "H Ssenyondo",
              "bowler": "MB van Schelven",
              "non_striker": "F Nsubuga",
              "runs": {
                "batter": 0,
                "extras": 0,
                "total": 0
              }
            },
            {
              "batter": "H Ssenyondo",
              "bowler": "MB van Schelven",
              "non_striker": "F Nsubuga",
              "runs": {
                "batter": 0,
                "extras": 0,
                "total": 0
              }
            }
          ]
        },
        {
          "over": 23,
          "deliveries": [
            {
              "batter": "F Nsubuga",
              "bowler": "Ahsan Malik",
              "non_striker": "H Ssenyondo",
              "runs": {
                "batter": 0,
                "extras": 0,
                "total": 0
              }
            },
            {
              "batter": "F Nsubuga",
              "bowler": "Ahsan Malik",
              "non_striker": "H Ssenyondo",
              "runs": {
                "batter": 0,
                "extras": 0,
                "total": 0
              }
            },
            {
              "batter": "F Nsubuga",
              "bowler": "Ahsan Malik",
              "non_striker": "H Ssenyondo",
              "runs": {
                "batter": 0,
                "extras": 0,
                "total": 0
              }
            },
            {
              "batter": "F Nsubuga",
              "bowler": "Ahsan Malik",
              "non_striker": "H Ssenyondo",
              "runs": {
                "batter": 0,
                "extras": 0,
                "total": 0
              },
              "wickets": [
                {
                  "kind": "bowled",
                  "player_out": "F Nsubuga"
                }
              ]
            }
          ]
        }
      ],
      "powerplays": [
        {
          "from": 0.1,
          "to": 9.6,
          "type": "mandatory"
        }
      ]
    },
    {
      "team": "Netherlands",
      "overs": [
        {
          "over": 0,
          "deliveries": [
            {
              "batter": "SJ Myburgh",
              "bowler": "P Ochan",
              "non_striker": "PW Borren",
              "runs": {
                "batter": 0,
                "extras": 0,
                "total": 0
              }
            },
            {
              "batter": "SJ Myburgh",
              "bowler": "P Ochan",
              "non_striker": "PW Borren",
              "runs": {
                "batter": 2,
                "extras": 0,
                "total": 2
              }
            },
            {
              "batter": "SJ Myburgh",
              "bowler": "P Ochan",
              "non_striker": "PW Borren",
              "runs": {
                "batter": 0,
                "extras": 0,
                "total": 0
              }
            },
            {
              "batter": "SJ Myburgh",
              "bowler": "P Ochan",
              "non_striker": "PW Borren",
              "runs": {
                "batter": 1,
                "extras": 0,
                "total": 1
              }
            },
            {
              "batter": "PW Borren",
              "bowler": "P Ochan",
              "non_striker": "SJ Myburgh",
              "runs": {
                "batter": 1,
                "extras": 0,
                "total": 1
              }
            },
            {
              "batter": "SJ Myburgh",
              "bowler": "P Ochan",
              "non_striker": "PW Borren",
              "runs": {
                "batter": 6,
                "extras": 0,
                "total": 6
              }
            }
          ]
        },
        {
          "over": 1,
          "deliveries": [
            {
              "batter": "PW Borren",
              "bowler": "J Sebanja",
              "non_striker": "SJ Myburgh",
              "runs": {
                "batter": 2,
                "extras": 0,
                "total": 2
              }
            },
            {
              "batter": "PW Borren",
              "bowler": "J Sebanja",
              "non_striker": "SJ Myburgh",
              "runs": {
                "batter": 6,
                "extras": 0,
                "total": 6
              }
            },
            {
              "batter": "PW Borren",
              "bowler": "J Sebanja",
              "non_striker": "SJ Myburgh",
              "runs": {
                "batter": 6,
                "extras": 0,
                "total": 6
              }
            },
            {
              "batter": "PW Borren",
              "bowler": "J Sebanja",
              "non_striker": "SJ Myburgh",
              "runs": {
                "batter": 0,
                "extras": 0,
                "total": 0
              }
            },
            {
              "batter": "PW Borren",
              "bowler": "J Sebanja",
              "non_striker": "SJ Myburgh",
              "runs": {
                "batter": 0,
                "extras": 0,
                "total": 0
              }
            },
            {
              "batter": "PW Borren",
              "bowler": "J Sebanja",
              "non_striker": "SJ Myburgh",
              "runs": {
                "batter": 0,
                "extras": 0,
                "total": 0
              }
            }
          ]
        },
        {
          "over": 2,
          "deliveries": [
            {
              "batter": "SJ Myburgh",
              "bowler": "P Ochan",
              "non_striker": "PW Borren",
              "runs": {
                "batter": 1,
                "extras": 0,
                "total": 1
              }
            },
            {
              "batter": "PW Borren",
              "bowler": "P Ochan",
              "non_striker": "SJ Myburgh",
              "runs": {
                "batter": 2,
                "extras": 0,
                "total": 2
              }
            },
            {
              "batter": "PW Borren",
              "bowler": "P Ochan",
              "non_striker": "SJ Myburgh",
              "runs": {
                "batter": 0,
                "extras": 0,
                "total": 0
              }
            },
            {
              "batter": "PW Borren",
              "bowler": "P Ochan",
              "non_striker": "SJ Myburgh",
              "runs": {
                "batter": 0,
                "extras": 0,
                "total": 0
              }
            },
            {
              "batter": "PW Borren",
              "bowler": "P Ochan",
              "extras": {
                "wides": 1
              },
              "non_striker": "SJ Myburgh",
              "runs": {
                "batter": 0,
                "extras": 1,
                "total": 1
              }
            },
            {
              "batter": "PW Borren",
              "bowler": "P Ochan",
              "non_striker": "SJ Myburgh",
              "runs": {
                "batter": 6,
                "extras": 0,
                "total": 6
              }
            },
            {
              "batter": "PW Borren",
              "bowler": "P Ochan",
              "non_striker": "SJ Myburgh",
              "runs": {
                "batter": 0,
                "extras": 0,
                "total": 0
              }
            }
          ]
        },
        {
          "over": 3,
          "deliveries": [
            {
              "batter": "SJ Myburgh",
              "bowler": "J Sebanja",
              "non_striker": "PW Borren",
              "runs": {
                "batter": 4,
                "extras": 0,
                "total": 4
              }
            },
            {
              "batter": "SJ Myburgh",
              "bowler": "J Sebanja",
              "non_striker": "PW Borren",
              "runs": {
                "batter": 0,
                "extras": 0,
                "total": 0
              },
              "wickets": [
                {
                  "kind": "bowled",
                  "player_out": "SJ Myburgh"
                }
              ]
            },
            {
              "batter": "W Barresi",
              "bowler": "J Sebanja",
              "non_striker": "PW Borren",
              "runs": {
                "batter": 0,
                "extras": 0,
                "total": 0
              }
            },
            {
              "batter": "W Barresi",
              "bowler": "J Sebanja",
              "non_striker": "PW Borren",
              "runs": {
                "batter": 4,
                "extras": 0,
                "total": 4
              }
            },
            {
              "batter": "W Barresi",
              "bowler": "J Sebanja",
              "non_striker": "PW Borren",
              "runs": {
                "batter": 4,
                "extras": 0,
                "total": 4
              }
            },
            {
              "batter": "W Barresi",
              "bowler": "J Sebanja",
              "non_striker": "PW Borren",
              "runs": {
                "batter": 4,
                "extras": 0,
                "total": 4
              }
            }
          ]
        },
        {
          "over": 4,
          "deliveries": [
            {
              "batter": "PW Borren",
              "bowler": "P Ochan",
              "non_striker": "W Barresi",
              "runs": {
                "batter": 0,
                "extras": 0,
                "total": 0
              }
            },
            {
              "batter": "PW Borren",
              "bowler": "P Ochan",
              "non_striker": "W Barresi",
              "runs": {
                "batter": 6,
                "extras": 0,
                "total": 6
              }
            },
            {
              "batter": "PW Borren",
              "bowler": "P Ochan",
              "extras": {
                "legbyes": 1
              },
              "non_striker": "W Barresi",
              "runs": {
                "batter": 0,
                "extras": 1,
                "total": 1
              }
            },
            {
              "batter": "W Barresi",
              "bowler": "P Ochan",
              "non_striker": "PW Borren",
              "runs": {
                "batter": 6,
                "extras": 0,
                "total": 6
              }
            },
            {
              "batter": "W Barresi",
              "bowler": "P Ochan",
              "extras": {
                "wides": 1
              },
              "non_striker": "PW Borren",
              "runs": {
                "batter": 0,
                "extras": 1,
                "total": 1
              }
            },
            {
              "batter": "W Barresi",
              "bowler": "P Ochan",
              "non_striker": "PW Borren",
              "runs": {
                "batter": 2,
                "extras": 0,
                "total": 2
              }
            },
            {
              "batter": "W Barresi",
              "bowler": "P Ochan",
              "non_striker": "PW Borren",
              "runs": {
                "batter": 0,
                "extras": 0,
                "total": 0
              },
              "wickets": [
                {
                  "kind": "bowled",
                  "player_out": "W Barresi"
                }
              ]
            }
          ]
        },
        {
          "over": 5,
          "deliveries": [
            {
              "batter": "PW Borren",
              "bowler": "J Sebanja",
              "non_striker": "BN Cooper",
              "runs": {
                "batter": 0,
                "extras": 0,
                "total": 0
              },
              "wickets": [
                {
                  "kind": "caught",
                  "player_out": "PW Borren",
                  "fielders": [
                    {
                      "name": "AS Kyobe"
                    }
                  ]
                }
              ]
            },
            {
              "batter": "BN Cooper",
              "bowler": "J Sebanja",
              "non_striker": "Mudassar Bukhari",
              "runs": {
                "batter": 1,
                "extras": 0,
                "total": 1
              }
            },
            {
              "batter": "Mudassar Bukhari",
              "bowler": "J Sebanja",
              "non_striker": "BN Cooper",
              "runs": {
                "batter": 6,
                "extras": 0,
                "total": 6
              }
            },
            {
              "batter": "Mudassar Bukhari",
              "bowler": "J Sebanja",
              "non_striker": "BN Cooper",
              "runs": {
                "batter": 4,
                "extras": 0,
                "total": 4
              }
            },
            {
              "batter": "Mudassar Bukhari",
              "bowler": "J Sebanja",
              "non_striker": "BN Cooper",
              "runs": {
                "batter": 0,
                "extras": 0,
                "total": 0
              }
            },
            {
              "batter": "Mudassar Bukhari",
              "bowler": "J Sebanja",
              "non_striker": "BN Cooper",
              "runs": {
                "batter": 1,
                "extras": 0,
                "total": 1
              }
            }
          ]
        },
        {
          "over": 6,
          "deliveries": [
            {
              "batter": "Mudassar Bukhari",
              "bowler": "P Ochan",
              "non_striker": "BN Cooper",
              "runs": {
                "batter": 1,
                "extras": 0,
                "total": 1
              }
            },
            {
              "batter": "BN Cooper",
              "bowler": "P Ochan",
              "non_striker": "Mudassar Bukhari",
              "runs": {
                "batter": 0,
                "extras": 0,
                "total": 0
              }
            },
            {
              "batter": "BN Cooper",
              "bowler": "P Ochan",
              "non_striker": "Mudassar Bukhari",
              "runs": {
                "batter": 0,
                "extras": 0,
                "total": 0
              }
            },
            {
              "batter": "BN Cooper",
              "bowler": "P Ochan",
              "extras": {
                "wides": 1
              },
              "non_striker": "Mudassar Bukhari",
              "runs": {
                "batter": 0,
                "extras": 1,
                "total": 1
              }
            }
          ]
        }
      ],
      "powerplays": [
        {
          "from": 0.1,
          "to": 6.4,
          "type": "mandatory"
        }
      ],
      "target": {
        "overs": 50,
        "runs": 80
      }
    }
  ]
}