{
  "meta": {
    "data_version": "1.0.0",
    "created": "2015-09-17",
    "revision": 1
  },
  "info": {
    "balls_per_over": 6,
    "city": "Amstelveen",
    "dates": [
      "2015-09-14",
      "2015-09-15"
    ],
    "event": {
      "match_number": 9,
      "name": "ICC World Cricket League Championship"
    },
    "gender": "male",
    "match_type": "ODM",
    "officials": {
      "match_referees": [
        "DT Jukes"
      ],
      "reserve_umpires": [
        "MA Din"
      ],
      "umpires": [
        "PJ Nero",
        "C Shamshuddin"
      ]
    },
    "outcome": {
      "result": "no result"
    },
    "overs": 50,
    "players": {
      "Netherlands": [
        "SJ Myburgh",
        "MJG Rippon",
        "BN Cooper",
        "PW Borren",
        "W Barresi",
        "RE van der Merwe",
        "PM Seelaar",
        "VJ Kingma",
        "MP O'Dowd",
        "Mudassar Bukhari",
        "PA van Meekeren"
      ],
      "Scotland": [
        "HG Munsey",
        "KJ Coetzer",
        "CS MacLeod",
        "MH Cross",
        "PL Mommsen",
        "JH Davey",
        "RD Berrington",
        "CD de Lange",
        "MA Leask",
        "SM Sharif",
        "AC Evans"
      ]
    },
    "registry": {
      "people": {
        "AC Evans": "e9a870ed",
        "BN Cooper": "634a7b21",
        "C Shamshuddin": "0f9d921b",
        "CD de Lange": "e6d298e8",
        "CS MacLeod": "9c376401",
        "DT Jukes": "7c215d14",
        "HG Munsey": "ff014c34",
        "JH Davey": "d3868bd0",
        "KJ Coetzer": "85d8110a",
        "MA Din": "3e285c0a",
        "MA Leask": "28131839",
        "MH Cross": "8b261d84",
        "MJG Rippon": "b03db6fa",
        "MP O'Dowd": "b699df47",
        "Mudassar Bukhari": "37312a74",
        "PA van Meekeren": "4557dc54",
        "PJ Nero": "925d2e93",
        "PL Mommsen": "a56f4b65",
        "PM Seelaar": "abbdca1a",
        "PW Borren": "91052c96",
        "RD Berrington": "e21bc7f3",
        "RE van der Merwe": "05c2ca46",
        "SJ Myburgh": "18261c22",
        "SM Sharif": "f43dd8c2",
        "VJ Kingma": "3a7ea906",
        "W Barresi": "0d677597"
      }
    },
    "season": 2015,
    "team_type": "international",
    "teams": [
      "Netherlands",
      "Scotland"
    ],
    "toss": {
      "decision": "field",
      "winner": "Scotland"
    },
    "venue": "VRA Ground"
  },
  "innings": [
    {
      "team": "Netherlands",
      "overs": [
        {
          "over": 0,
          "deliveries": [
            {
              "batter": "SJ Myburgh",
              "bowler": "JH Davey",
              "non_striker": "MJG Rippon",
              "runs": {
                "batter": 0,
                "extras": 0,
                "total": 0
              }
            },
            {
              "batter": "SJ Myburgh",
              "bowler": "JH Davey",
              "non_striker": "MJG Rippon",
              "runs": {
                "batter": 0,
                "extras": 0,
                "total": 0
              }
            },
            {
              "batter": "SJ Myburgh",
              "bowler": "JH Davey",
              "non_striker": "MJG Rippon",
              "runs": {
                "batter": 4,
                "extras": 0,
                "total": 4
              }
            },
            {
              "batter": "SJ Myburgh",
              "bowler": "JH Davey",
              "non_striker": "MJG Rippon",
              "runs": {
                "batter": 0,
                "extras": 0,
                "total": 0
              },
              "wickets": [
                {
                  "kind": "bowled",
                  "player_out": "SJ Myburgh"
                }
              ]
            },
            {
              "batter": "BN Cooper",
              "bowler": "JH Davey",
              "non_striker": "MJG Rippon",
              "runs": {
                "batter": 0,
                "extras": 0,
                "total": 0
              }
            },
            {
              "batter": "BN Cooper",
              "bowler": "JH Davey",
              "non_striker": "MJG Rippon",
              "runs": {
                "batter": 0,
                "extras": 0,
                "total": 0
              }
            }
          ]
        },
        {
          "over": 1,
          "deliveries": [
            {
              "batter": "MJG Rippon",
              "bowler": "SM Sharif",
              "non_striker": "BN Cooper",
              "runs": {
                "batter": 1,
                "extras": 0,
                "total": 1
              }
            },
            {
              "batter": "BN Cooper",
              "bowler": "SM Sharif",
              "extras": {
                "legbyes": 1
              },
              "non_striker": "MJG Rippon",
              "runs": {
                "batter": 0,
                "extras": 1,
                "total": 1
              }
            },
            {
              "batter": "MJG Rippon",
              "bowler": "SM Sharif",
              "non_striker": "BN Cooper",
              "runs": {
                "batter": 0,
                "extras": 0,
                "total": 0
              }
            },
            {
              "batter": "MJG Rippon",
              "bowler": "SM Sharif",
              "non_striker": "BN Cooper",
              "runs": {
                "batter": 0,
                "extras": 0,
                "total": 0
              }
            },
            {
              "batter": "MJG Rippon",
              "bowler": "SM Sharif",
              "non_striker": "BN Cooper",
              "runs": {
                "batter": 0,
                "extras": 0,
                "total": 0
              }
            },
            {
              "batter": "MJG Rippon",
              "bowler": "SM Sharif",
              "non_striker": "BN Cooper",
              "runs": {
                "batter": 0,
                "extras": 0,
                "total": 0
              }
            }
          ]
        },
        {
          "over": 2,
          "deliveries": [
            {
              "batter": "BN Cooper",
              "bowler": "JH Davey",
              "non_striker": "MJG Rippon",
              "runs": {
                "batter": 0,
                "extras": 0,
                "total": 0
              }
            },
            {
              "batter": "BN Cooper",
              "bowler": "JH Davey",
              "non_striker": "MJG Rippon",
              "runs": {
                "batter": 4,
                "extras": 0,
                "total": 4
              }
            },
            {
              "batter": "BN Cooper",
              "bowler": "JH Davey",
              "non_striker": "MJG Rippon",
              "runs": {
                "batter": 0,
                "extras": 0,
                "total": 0
              }
            },
            {
              "batter": "BN Cooper",
              "bowler": "JH Davey",
              "non_striker": "MJG Rippon",
              "runs": {
                "batter": 0,
                "extras": 0,
                "total": 0
              }
            },
            {
              "batter": "BN Cooper",
              "bowler": "JH Davey",
              "non_striker": "MJG Rippon",
              "runs": {
                "batter": 0,
                "extras": 0,
                "total": 0
              }
            },
            {
              "batter": "BN Cooper",
              "bowler": "JH Davey",
              "non_striker": "MJG Rippon",
              "runs": {
                "batter": 0,
                "extras": 0,
                "total": 0
              },
              "wickets": [
                {
                  "kind": "caught",
                  "player_out": "BN Cooper",
                  "fielders": [
                    {
                      "name": "MH Cross"
                    }
                  ]
                }
              ]
            }
          ]
        },
        {
          "over": 3,
          "deliveries": [
            {
              "batter": "MJG Rippon",
              "bowler": "SM Sharif",
              "non_striker": "PW Borren",
              "runs": {
                "batter": 0,
                "extras": 0,
                "total": 0
              }
            },
            {
              "batter": "MJG Rippon",
              "bowler": "SM Sharif",
              "non_striker": "PW Borren",
              "runs": {
                "batter": 0,
                "extras": 0,
                "total": 0
              }
            },
            {
              "batter": "MJG Rippon",
              "bowler": "SM Sharif",
              "non_striker": "PW Borren",
              "runs": {
                "batter": 0,
                "extras": 0,
                "total": 0
              }
            },
            {
              "batter": "MJG Rippon",
              "bowler": "SM Sharif",
              "non_striker": "PW Borren",
              "runs": {
                "batter": 0,
                "extras": 0,
                "total": 0
              }
            },
            {
              "batter": "MJG Rippon",
              "bowler": "SM Sharif",
              "non_striker": "PW Borren",
              "runs": {
                "batter": 1,
                "extras": 0,
                "total": 1
              }
            },
            {
              "batter": "PW Borren",
              "bowler": "SM Sharif",
              "non_striker": "MJG Rippon",
              "runs": {
                "batter": 0,
                "extras": 0,
                "total": 0
              }
            }
          ]
        },
        {
          "over": 4,
          "deliveries": [
            {
              "batter": "MJG Rippon",
              "bowler": "JH Davey",
              "non_striker": "PW Borren",
              "runs": {
                "batter": 0,
                "extras": 0,
                "total": 0
              }
            },
            {
              "batter": "MJG Rippon",
              "bowler": "JH Davey",
              "non_striker": "PW Borren",
              "runs": {
                "batter": 0,
                "extras": 0,
                "total": 0
              }
            },
            {
              "batter": "MJG Rippon",
              "bowler": "JH Davey",
              "non_striker": "PW Borren",
              "runs": {
                "batter": 0,
                "extras": 0,
                "total": 0
              }
            },
            {
              "batter": "MJG Rippon",
              "bowler": "JH Davey",
              "non_striker": "PW Borren",
              "runs": {
                "batter": 1,
                "extras": 0,
                "total": 1
              }
            },
            {
              "batter": "PW Borren",
              "bowler": "JH Davey",
              "non_striker": "MJG Rippon",
              "runs": {
                "batter": 0,
                "extras": 0,
                "total": 0
              }
            },
            {
              "batter": "PW Borren",
              "bowler": "JH Davey",
              "non_striker": "MJG Rippon",
              "runs": {
                "batter": 0,
                "extras": 0,
                "total": 0
              }
            }
          ]
        },
        {
          "over": 5,
          "deliveries": [
            {
              "batter": "MJG Rippon",
              "bowler": "SM Sharif",
              "non_striker": "PW Borren",
              "runs": {
                "batter": 1,
                "extras": 0,
                "total": 1
              }
            },
            {
              "batter": "PW Borren",
              "bowler": "SM Sharif",
              "non_striker": "MJG Rippon",
              "runs": {
                "batter": 0,
                "extras": 0,
                "total": 0
              }
            },
            {
              "batter": "PW Borren",
              "bowler": "SM Sharif",
              "non_striker": "MJG Rippon",
              "runs": {
                "batter": 0,
                "extras": 0,
                "total": 0
              }
            },
            {
              "batter": "PW Borren",
              "bowler": "SM Sharif",
              "non_striker": "MJG Rippon",
              "runs": {
                "batter": 1,
                "extras": 0,
                "total": 1
              }
            },
            {
              "batter": "MJG Rippon",
              "bowler": "SM Sharif",
              "non_striker": "PW Borren",
              "runs": {
                "batter": 3,
                "extras": 0,
                "total": 3
              }
            },
            {
              "batter": "PW Borren",
              "bowler": "SM Sharif",
              "non_striker": "MJG Rippon",
              "runs": {
                "batter": 0,
                "extras": 0,
                "total": 0
              }
            }
          ]
        },
        {
          "over": 6,
          "deliveries": [
            {
              "batter": "MJG Rippon",
              "bowler": "JH Davey",
              "non_striker": "PW Borren",
              "runs": {
                "batter": 1,
                "extras": 0,
                "total": 1
              }
            },
            {
              "batter": "PW Borren",
              "bowler": "JH Davey",
              "non_striker": "MJG Rippon",
              "runs": {
                "batter": 0,
                "extras": 0,
                "total": 0
              }
            },
            {
              "batter": "PW Borren",
              "bowler": "JH Davey",
              "non_striker": "MJG Rippon",
              "runs": {
                "batter": 0,
                "extras": 0,
                "total": 0
              }
            },
            {
              "batter": "PW Borren",
              "bowler": "JH Davey",
              "non_striker": "MJG Rippon",
              "runs": {
                "batter": 0,
                "extras": 0,
                "total": 0
              }
            },
            {
              "batter": "PW Borren",
              "bowler": "JH Davey",
              "non_striker": "MJG Rippon",
              "runs": {
                "batter": 0,
                "extras": 0,
                "total": 0
              }
            },
            {
              "batter": "PW Borren",
              "bowler": "JH Davey",
              "non_striker": "MJG Rippon",
              "runs": {
                "batter": 0,
                "extras": 0,
                "total": 0
              }
            }
          ]
        },
        {
          "over": 7,
          "deliveries": [
            {
              "batter": "MJG Rippon",
              "bowler": "AC Evans",
              "non_striker": "PW Borren",
              "runs": {
                "batter": 1,
                "extras": 0,
                "total": 1
              }
            },
            {
              "batter": "PW Borren",
              "bowler": "AC Evans",
              "non_striker": "MJG Rippon",
              "runs": {
                "batter": 0,
                "extras": 0,
                "total": 0
              }
            },
            {
              "batter": "PW Borren",
              "bowler": "AC Evans",
              "non_striker": "MJG Rippon",
              "runs": {
                "batter": 0,
                "extras": 0,
                "total": 0
              }
            },
            {
              "batter": "PW Borren",
              "bowler": "AC Evans",
              "non_striker": "MJG Rippon",
              "runs": {
                "batter": 0,
                "extras": 0,
                "total": 0
              }
            },
            {
              "batter": "PW Borren",
              "bowler": "AC Evans",
              "non_striker": "MJG Rippon",
              "runs": {
                "batter": 0,
                "extras": 0,
                "total": 0
              }
            },
            {
              "batter": "PW Borren",
              "bowler": "AC Evans",
              "non_striker": "MJG Rippon",
              "runs": {
                "batter": 1,
                "extras": 0,
                "total": 1
              }
            }
          ]
        },
        {
          "over": 8,
          "deliveries": [
            {
              "batter": "PW Borren",
              "bowler": "JH Davey",
              "non_striker": "MJG Rippon",
              "runs": {
                "batter": 0,
                "extras": 0,
                "total": 0
              }
            },
            {
              "batter": "PW Borren",
              "bowler": "JH Davey",
              "extras": {
                "legbyes": 1
              },
              "non_striker": "MJG Rippon",
              "runs": {
                "batter": 0,
                "extras": 1,
                "total": 1
              }
            },
            {
              "batter": "MJG Rippon",
              "bowler": "JH Davey",
              "non_striker": "PW Borren",
              "runs": {
                "batter": 0,
                "extras": 0,
                "total": 0
              },
              "wickets": [
                {
                  "kind": "lbw",
                  "player_out": "MJG Rippon"
                }
              ]
            },
            {
              "batter": "W Barresi",
              "bowler": "JH Davey",
              "non_striker": "PW Borren",
              "runs": {
                "batter": 0,
                "extras": 0,
                "total": 0
              }
            },
            {
              "batter": "W Barresi",
              "bowler": "JH Davey",
              "non_striker": "PW Borren",
              "runs": {
                "batter": 0,
                "extras": 0,
                "total": 0
              }
            },
            {
              "batter": "W Barresi",
              "bowler": "JH Davey",
              "non_striker": "PW Borren",
              "runs": {
                "batter": 0,
                "extras": 0,
                "total": 0
              }
            }
          ]
        },
        {
          "over": 9,
          "deliveries": [
            {
              "batter": "PW Borren",
              "bowler": "AC Evans",
              "non_striker": "W Barresi",
              "runs": {
                "batter": 0,
                "extras": 0,
                "total": 0
              },
              "wickets": [
                {
                  "kind": "caught",
                  "player_out": "PW Borren",
                  "fielders": [
                    {
                      "name": "CS MacLeod"
                    }
                  ]
                }
              ]
            },
            {
              "batter": "RE van der Merwe",
              "bowler": "AC Evans",
              "non_striker": "W Barresi",
              "runs": {
                "batter": 0,
                "extras": 0,
                "total": 0
              }
            },
            {
              "batter": "RE van der Merwe",
              "bowler": "AC Evans",
              "non_striker": "W Barresi",
              "runs": {
                "batter": 0,
                "extras": 0,
                "total": 0
              }
            },
            {
              "batter": "RE van der Merwe",
              "bowler": "AC Evans",
              "non_striker": "W Barresi",
              "runs": {
                "batter": 0,
                "extras": 0,
                "total": 0
              }
            },
            {
              "batter": "RE van der Merwe",
              "bowler": "AC Evans",
              "non_striker": "W Barresi",
              "runs": {
                "batter": 0,
                "extras": 0,
                "total": 0
              }
            },
            {
              "batter": "RE van der Merwe",
              "bowler": "AC Evans",
              "non_striker": "W Barresi",
              "runs": {
                "batter": 0,
                "extras": 0,
                "total": 0
              }
            }
          ]
        },
        {
          "over": 10,
          "deliveries": [
            {
              "batter": "W Barresi",
              "bowler": "JH Davey",
              "non_striker": "RE van der Merwe",
              "runs": {
                "batter": 0,
                "extras": 0,
                "total": 0
              }
            },
            {
              "batter": "W Barresi",
              "bowler": "JH Davey",
              "non_striker": "RE van der Merwe",
              "runs": {
                "batter": 0,
                "extras": 0,
                "total": 0
              }
            },
            {
              "batter": "W Barresi",
              "bowler": "JH Davey",
              "non_striker": "RE van der Merwe",
              "runs": {
                "batter": 4,
                "extras": 0,
                "total": 4
              }
            },
            {
              "batter": "W Barresi",
              "bowler": "JH Davey",
              "non_striker": "RE van der Merwe",
              "runs": {
                "batter": 0,
                "extras": 0,
                "total": 0
              }
            },
            {
              "batter": "W Barresi",
              "bowler": "JH Davey",
              "non_striker": "RE van der Merwe",
              "runs": {
                "batter": 0,
                "extras": 0,
                "total": 0
              }
            },
            {
              "batter": "W Barresi",
              "bowler": "JH Davey",
              "non_striker": "RE van der Merwe",
              "runs": {
                "batter": 0,
                "extras": 0,
                "total": 0
              }
            }
          ]
        },
        {
          "over": 11,
          "deliveries": [
            {
              "batter": "RE van der Merwe",
              "bowler": "AC Evans",
              "non_striker": "W Barresi",
              "runs": {
                "batter": 4,
                "extras": 0,
                "total": 4
              }
            },
            {
              "batter": "RE van der Merwe",
              "bowler": "AC Evans",
              "non_striker": "W Barresi",
              "runs": {
                "batter": 2,
                "extras": 0,
                "total": 2
              }
            },
            {
              "batter": "RE van der Merwe",
              "bowler": "AC Evans",
              "non_striker": "W Barresi",
              "runs": {
                "batter": 0,
                "extras": 0,
                "total": 0
              }
            },
            {
              "batter": "RE van der Merwe",
              "bowler": "AC Evans",
              "non_striker": "W Barresi",
              "runs": {
                "batter": 0,
                "extras": 0,
                "total": 0
              }
            },
            {
              "batter": "RE van der Merwe",
              "bowler": "AC Evans",
              "non_striker": "W Barresi",
              "runs": {
                "batter": 0,
                "extras": 0,
                "total": 0
              }
            },
            {
              "batter": "RE van der Merwe",
              "bowler": "AC Evans",
              "non_striker": "W Barresi",
              "runs": {
                "batter": 4,
                "extras": 0,
                "total": 4
              }
            }
          ]
        },
        {
          "over": 12,
          "deliveries": [
            {
              "batter": "W Barresi",
              "bowler": "RD Berrington",
              "non_striker": "RE van der Merwe",
              "runs": {
                "batter": 0,
                "extras": 0,
                "total": 0
              },
              "wickets": [
                {
                  "kind": "caught",
                  "player_out": "W Barresi",
                  "fielders": [
                    {
                      "name": "MH Cross"
                    }
                  ]
                }
              ]
            },
            {
              "batter": "PM Seelaar",
              "bowler": "RD Berrington",
              "non_striker": "RE van der Merwe",
              "runs": {
                "batter": 0,
                "extras": 0,
                "total": 0
              }
            },
            {
              "batter": "PM Seelaar",
              "bowler": "RD Berrington",
              "non_striker": "RE van der Merwe",
              "runs": {
                "batter": 0,
                "extras": 0,
                "total": 0
              }
            },
            {
              "batter": "PM Seelaar",
              "bowler": "RD Berrington",
              "non_striker": "RE van der Merwe",
              "runs": {
                "batter": 0,
                "extras": 0,
                "total": 0
              }
            },
            {
              "batter": "PM Seelaar",
              "bowler": "RD Berrington",
              "non_striker": "RE van der Merwe",
              "runs": {
                "batter": 0,
                "extras": 0,
                "total": 0
              }
            },
            {
              "batter": "PM Seelaar",
              "bowler": "RD Berrington",
              "non_striker": "RE van der Merwe",
              "runs": {
                "batter": 0,
                "extras": 0,
                "total": 0
              }
            }
          ]
        },
        {
          "over": 13,
          "deliveries": [
            {
              "batter": "RE van der Merwe",
              "bowler": "AC Evans",
              "non_striker": "PM Seelaar",
              "runs": {
                "batter": 1,
                "extras": 0,
                "total": 1
              }
            },
            {
              "batter": "PM Seelaar",
              "bowler": "AC Evans",
              "non_striker": "RE van der Merwe",
              "runs": {
                "batter": 0,
                "extras": 0,
                "total": 0
              }
            },
            {
              "batter": "PM Seelaar",
              "bowler": "AC Evans",
              "non_striker": "RE van der Merwe",
              "runs": {
                "batter": 1,
                "extras": 0,
                "total": 1
              }
            },
            {
              "batter": "RE van der Merwe",
              "bowler": "AC Evans",
              "extras": {
                "wides": 1
              },
              "non_striker": "PM Seelaar",
              "runs": {
                "batter": 0,
                "extras": 1,
                "total": 1
              }
            },
            {
              "batter": "RE van der Merwe",
              "bowler": "AC Evans",
              "non_striker": "PM Seelaar",
              "runs": {
                "batter": 0,
                "extras": 0,
                "total": 0
              }
            },
            {
              "batter": "RE van der Merwe",
              "bowler": "AC Evans",
              "non_striker": "PM Seelaar",
              "runs": {
                "batter": 0,
                "extras": 0,
                "total": 0
              }
            },
            {
              "batter": "RE van der Merwe",
              "bowler": "AC Evans",
              "non_striker": "PM Seelaar",
              "runs": {
                "batter": 1,
                "extras": 0,
                "total": 1
              }
            }
          ]
        },
        {
          "over": 14,
          "deliveries": [
            {
              "batter": "RE van der Merwe",
              "bowler": "RD Berrington",
              "non_striker": "PM Seelaar",
              "runs": {
                "batter": 0,
                "extras": 0,
                "total": 0
              }
            },
            {
              "batter": "RE van der Merwe",
              "bowler": "RD Berrington",
              "non_striker": "PM Seelaar",
              "runs": {
                "batter": 0,
                "extras": 0,
                "total": 0
              }
            },
            {
              "batter": "RE van der Merwe",
              "bowler": "RD Berrington",
              "non_striker": "PM Seelaar",
              "runs": {
                "batter": 1,
                "extras": 0,
                "total": 1
              }
            },
            {
              "batter": "PM Seelaar",
              "bowler": "RD Berrington",
              "non_striker": "RE van der Merwe",
              "runs": {
                "batter": 2,
                "extras": 0,
                "total": 2
              }
            },
            {
              "batter": "PM Seelaar",
              "bowler": "RD Berrington",
              "non_striker": "RE van der Merwe",
              "runs": {
                "batter": 2,
                "extras": 0,
                "total": 2
              }
            },
            {
              "batter": "PM Seelaar",
              "bowler": "RD Berrington",
              "non_striker": "RE van der Merwe",
              "runs": {
                "batter": 0,
                "extras": 0,
                "total": 0
              }
            }
          ]
        },
        {
          "over": 15,
          "deliveries": [
            {
              "batter": "RE van der Merwe",
              "bowler": "SM Sharif",
              "non_striker": "PM Seelaar",
              "runs": {
                "batter": 0,
                "extras": 0,
                "total": 0
              }
            },
            {
              "batter": "RE van der Merwe",
              "bowler": "SM Sharif",
              "non_striker": "PM Seelaar",
              "runs": {
                "batter": 0,
                "extras": 0,
                "total": 0
              }
            },
            {
              "batter": "RE van der Merwe",
              "bowler": "SM Sharif",
              "non_striker": "PM Seelaar",
              "runs": {
                "batter": 0,
                "extras": 0,
                "total": 0
              }
            },
            {
              "batter": "RE van der Merwe",
              "bowler": "SM Sharif",
              "non_striker": "PM Seelaar",
              "runs": {
                "batter": 1,
                "extras": 0,
                "total": 1
              }
            },
            {
              "batter": "PM Seelaar",
              "bowler": "SM Sharif",
              "non_striker": "RE van der Merwe",
              "runs": {
                "batter": 0,
                "extras": 0,
                "total": 0
              }
            },
            {
              "batter": "PM Seelaar",
              "bowler": "SM Sharif",
              "non_striker": "RE van der Merwe",
              "runs": {
                "batter": 1,
                "extras": 0,
                "total": 1
              }
            }
          ]
        },
        {
          "over": 16,
          "deliveries": [
            {
              "batter": "PM Seelaar",
              "bowler": "RD Berrington",
              "non_striker": "RE van der Merwe",
              "runs": {
                "batter": 0,
                "extras": 0,
                "total": 0
              }
            },
            {
              "batter": "PM Seelaar",
              "bowler": "RD Berrington",
              "non_striker": "RE van der Merwe",
              "runs": {
                "batter": 0,
                "extras": 0,
                "total": 0
              }
            },
            {
              "batter": "PM Seelaar",
              "bowler": "RD Berrington",
              "non_striker": "RE van der Merwe",
              "runs": {
                "batter": 1,
                "extras": 0,
                "total": 1
              }
            },
            {
              "batter": "RE van der Merwe",
              "bowler": "RD Berrington",
              "non_striker": "PM Seelaar",
              "runs": {
                "batter": 0,
                "extras": 0,
                "total": 0
              }
            },
            {
              "batter": "RE van der Merwe",
              "bowler": "RD Berrington",
              "non_striker": "PM Seelaar",
              "runs": {
                "batter": 2,
                "extras": 0,
                "total": 2
              }
            },
            {
              "batter": "RE van der Merwe",
              "bowler": "RD Berrington",
              "extras": {
                "wides": 1
              },
              "non_striker": "PM Seelaar",
              "runs": {
                "batter": 0,
                "extras": 1,
                "total": 1
              }
            },
            {
              "batter": "RE van der Merwe",
              "bowler": "RD Berrington",
              "non_striker": "PM Seelaar",
              "runs": {
                "batter": 0,
                "extras": 0,
                "total": 0
              }
            }
          ]
        },
        {
          "over": 17,
          "deliveries": [
            {
              "batter": "PM Seelaar",
              "bowler": "SM Sharif",
              "extras": {
                "wides": 1
              },
              "non_striker": "RE van der Merwe",
              "runs": {
                "batter": 0,
                "extras": 1,
                "total": 1
              }
            },
            {
              "batter": "PM Seelaar",
              "bowler": "SM Sharif",
              "non_striker": "RE van der Merwe",
              "runs": {
                "batter": 4,
                "extras": 0,
                "total": 4
              }
            },
            {
              "batter": "PM Seelaar",
              "bowler": "SM Sharif",
              "non_striker": "RE van der Merwe",
              "runs": {
                "batter": 0,
                "extras": 0,
                "total": 0
              }
            },
            {
              "batter": "PM Seelaar",
              "bowler": "SM Sharif",
              "non_striker": "RE van der Merwe",
              "runs": {
                "batter": 0,
                "extras": 0,
                "total": 0
              }
            },
            {
              "batter": "PM Seelaar",
              "bowler": "SM Sharif",
              "non_striker": "RE van der Merwe",
              "runs": {
                "batter": 1,
                "extras": 0,
                "total": 1
              }
            },
            {
              "batter": "RE van der Merwe",
              "bowler": "SM Sharif",
              "non_striker": "PM Seelaar",
              "runs": {
                "batter": 0,
                "extras": 0,
                "total": 0
              }
            },
            {
              "batter": "RE van der Merwe",
              "bowler": "SM Sharif",
              "non_striker": "PM Seelaar",
              "runs": {
                "batter": 1,
                "extras": 0,
                "total": 1
              }
            }
          ]
        },
        {
          "over": 18,
          "deliveries": [
            {
              "batter": "RE van der Merwe",
              "bowler": "RD Berrington",
              "non_striker": "PM Seelaar",
              "runs": {
                "batter": 1,
                "extras": 0,
                "total": 1
              }
            },
            {
              "batter": "PM Seelaar",
              "bowler": "RD Berrington",
              "non_striker": "RE van der Merwe",
              "runs": {
                "batter": 3,
                "extras": 0,
                "total": 3
              }
            },
            {
              "batter": "RE van der Merwe",
              "bowler": "RD Berrington",
              "non_striker": "PM Seelaar",
              "runs": {
                "batter": 0,
                "extras": 0,
                "total": 0
              }
            },
            {
              "batter": "RE van der Merwe",
              "bowler": "RD Berrington",
              "non_striker": "PM Seelaar",
              "runs": {
                "batter": 0,
                "extras": 0,
                "total": 0
              }
            },
            {
              "batter": "RE van der Merwe",
              "bowler": "RD Berrington",
              "non_striker": "PM Seelaar",
              "runs": {
                "batter": 1,
                "extras": 0,
                "total": 1
              }
            },
            {
              "batter": "PM Seelaar",
              "bowler": "RD Berrington",
              "non_striker": "RE van der Merwe",
              "runs": {
                "batter": 0,
                "extras": 0,
                "total": 0
              }
            }
          ]
        },
        {
          "over": 19,
          "deliveries": [
            {
              "batter": "RE van der Merwe",
              "bowler": "JH Davey",
              "non_striker": "PM Seelaar",
              "runs": {
                "batter": 0,
                "extras": 0,
                "total": 0
              }
            },
            {
              "batter": "RE van der Merwe",
              "bowler": "JH Davey",
              "non_striker": "PM Seelaar",
              "runs": {
                "batter": 0,
                "extras": 0,
                "total": 0
              }
            },
            {
              "batter": "RE van der Merwe",
              "bowler": "JH Davey",
              "non_striker": "PM Seelaar",
              "runs": {
                "batter": 1,
                "extras": 0,
                "total": 1
              }
            },
            {
              "batter": "PM Seelaar",
              "bowler": "JH Davey",
              "non_striker": "RE van der Merwe",
              "runs": {
                "batter": 0,
                "extras": 0,
                "total": 0
              }
            },
            {
              "batter": "PM Seelaar",
              "bowler": "JH Davey",
              "non_striker": "RE van der Merwe",
              "runs": {
                "batter": 0,
                "extras": 0,
                "total": 0
              }
            },
            {
              "batter": "PM Seelaar",
              "bowler": "JH Davey",
              "non_striker": "RE van der Merwe",
              "runs": {
                "batter": 0,
                "extras": 0,
                "total": 0
              }
            }
          ]
        },
        {
          "over": 20,
          "deliveries": [
            {
              "batter": "RE van der Merwe",
              "bowler": "SM Sharif",
              "non_striker": "PM Seelaar",
              "runs": {
                "batter": 0,
                "extras": 0,
                "total": 0
              }
            },
            {
              "batter": "RE van der Merwe",
              "bowler": "SM Sharif",
              "non_striker": "PM Seelaar",
              "runs": {
                "batter": 0,
                "extras": 0,
                "total": 0
              }
            },
            {
              "batter": "RE van der Merwe",
              "bowler": "SM Sharif",
              "non_striker": "PM Seelaar",
              "runs": {
                "batter": 1,
                "extras": 0,
                "total": 1
              }
            },
            {
              "batter": "PM Seelaar",
              "bowler": "SM Sharif",
              "non_striker": "RE van der Merwe",
              "runs": {
                "batter": 0,
                "extras": 0,
                "total": 0
              }
            },
            {
              "batter": "PM Seelaar",
              "bowler": "SM Sharif",
              "non_striker": "RE van der Merwe",
              "runs": {
                "batter": 0,
                "extras": 0,
                "total": 0
              }
            },
            {
              "batter": "PM Seelaar",
              "bowler": "SM Sharif",
              "non_striker": "RE van der Merwe",
              "runs": {
                "batter": 0,
                "extras": 0,
                "total": 0
              }
            }
          ]
        },
        {
          "over": 21,
          "deliveries": [
            {
              "batter": "RE van der Merwe",
              "bowler": "AC Evans",
              "non_striker": "PM Seelaar",
              "runs": {
                "batter": 1,
                "extras": 0,
                "total": 1
              }
            },
            {
              "batter": "PM Seelaar",
              "bowler": "AC Evans",
              "non_striker": "RE van der Merwe",
              "runs": {
                "batter": 0,
                "extras": 0,
                "total": 0
              }
            },
            {
              "batter": "PM Seelaar",
              "bowler": "AC Evans",
              "non_striker": "RE van der Merwe",
              "runs": {
                "batter": 0,
                "extras": 0,
                "total": 0
              }
            },
            {
              "batter": "PM Seelaar",
              "bowler": "AC Evans",
              "non_striker": "RE van der Merwe",
              "runs": {
                "batter": 0,
                "extras": 0,
                "total": 0
              }
            },
            {
              "batter": "PM Seelaar",
              "bowler": "AC Evans",
              "non_striker": "RE van der Merwe",
              "runs": {
                "batter": 0,
                "extras": 0,
                "total": 0
              }
            },
            {
              "batter": "PM Seelaar",
              "bowler": "AC Evans",
              "extras": {
                "legbyes": 1
              },
              "non_striker": "RE van der Merwe",
              "runs": {
                "batter": 0,
                "extras": 1,
                "total": 1
              }
            }
          ]
        },
        {
          "over": 22,
          "deliveries": [
            {
              "batter": "PM Seelaar",
              "bowler": "KJ Coetzer",
              "non_striker": "RE van der Merwe",
              "runs": {
                "batter": 0,
                "extras": 0,
                "total": 0
              }
            },
            {
              "batter": "PM Seelaar",
              "bowler": "KJ Coetzer",
              "non_striker": "RE van der Merwe",
              "runs": {
                "batter": 4,
                "extras": 0,
                "total": 4
              }
            },
            {
              "batter": "PM Seelaar",
              "bowler": "KJ Coetzer",
              "non_striker": "RE van der Merwe",
              "runs": {
                "batter": 0,
                "extras": 0,
                "total": 0
              }
            },
            {
              "batter": "PM Seelaar",
              "bowler": "KJ Coetzer",
              "non_striker": "RE van der Merwe",
              "runs": {
                "batter": 1,
                "extras": 0,
                "total": 1
              }
            },
            {
              "batter": "RE van der Merwe",
              "bowler": "KJ Coetzer",
              "non_striker": "PM Seelaar",
              "runs": {
                "batter": 1,
                "extras": 0,
                "total": 1
              }
            },
            {
              "batter": "PM Seelaar",
              "bowler": "KJ Coetzer",
              "non_striker": "RE van der Merwe",
              "runs": {
                "batter": 1,
                "extras": 0,
                "total": 1
              }
            }
          ]
        },
        {
          "over": 23,
          "deliveries": [
            {
              "batter": "PM Seelaar",
              "bowler": "AC Evans",
              "non_striker": "RE van der Merwe",
              "runs": {
                "batter": 0,
                "extras": 0,
                "total": 0
              }
            },
            {
              "batter": "PM Seelaar",
              "bowler": "AC Evans",
              "non_striker": "RE van der Merwe",
              "runs": {
                "batter": 0,
                "extras": 0,
                "total": 0
              }
            },
            {
              "batter": "PM Seelaar",
              "bowler": "AC Evans",
              "non_striker": "RE van der Merwe",
              "runs": {
                "batter": 1,
                "extras": 0,
                "total": 1
              }
            },
            {
              "batter": "RE van der Merwe",
              "bowler": "AC Evans",
              "non_striker": "PM Seelaar",
              "runs": {
                "batter": 1,
                "extras": 0,
                "total": 1
              }
            },
            {
              "batter": "PM Seelaar",
              "bowler": "AC Evans",
              "non_striker": "RE van der Merwe",
              "runs": {
                "batter": 0,
                "extras": 0,
                "total": 0
              }
            },
            {
              "batter": "PM Seelaar",
              "bowler": "AC Evans",
              "non_striker": "RE van der Merwe",
              "runs": {
                "batter": 0,
                "extras": 0,
                "total": 0
              }
            }
          ]
        },
        {
          "over": 24,
          "deliveries": [
            {
              "batter": "RE van der Merwe",
              "bowler": "JH Davey",
              "non_striker": "PM Seelaar",
              "runs": {
                "batter": 0,
                "extras": 0,
                "total": 0
              }
            },
            {
              "batter": "RE van der Merwe",
              "bowler": "JH Davey",
              "non_striker": "PM Seelaar",
              "runs": {
                "batter": 0,
                "extras": 0,
                "total": 0
              }
            },
            {
              "batter": "RE van der Merwe",
              "bowler": "JH Davey",
              "non_striker": "PM Seelaar",
              "runs": {
                "batter": 0,
                "extras": 0,
                "total": 0
              }
            },
            {
              "batter": "RE van der Merwe",
              "bowler": "JH Davey",
              "non_striker": "PM Seelaar",
              "runs": {
                "batter": 0,
                "extras": 0,
                "total": 0
              }
            },
            {
              "batter": "RE van der Merwe",
              "bowler": "JH Davey",
              "non_striker": "PM Seelaar",
              "runs": {
                "batter": 0,
                "extras": 0,
                "total": 0
              }
            },
            {
              "batter": "RE van der Merwe",
              "bowler": "JH Davey",
              "non_striker": "PM Seelaar",
              "runs": {
                "batter": 0,
                "extras": 0,
                "total": 0
              }
            }
          ]
        },
        {
          "over": 25,
          "deliveries": [
            {
              "batter": "PM Seelaar",
              "bowler": "SM Sharif",
              "non_striker": "RE van der Merwe",
              "runs": {
                "batter": 0,
                "extras": 0,
                "total": 0
              }
            },
            {
              "batter": "PM Seelaar",
              "bowler": "SM Sharif",
              "non_striker": "RE van der Merwe",
              "runs": {
                "batter": 2,
                "extras": 0,
                "total": 2
              }
            },
            {
              "batter": "PM Seelaar",
              "bowler": "SM Sharif",
              "non_striker": "RE van der Merwe",
              "runs": {
                "batter": 0,
                "extras": 0,
                "total": 0
              }
            },
            {
              "batter": "PM Seelaar",
              "bowler": "SM Sharif",
              "non_striker": "RE van der Merwe",
              "runs": {
                "batter": 0,
                "extras": 0,
                "total": 0
              }
            },
            {
              "batter": "PM Seelaar",
              "bowler": "SM Sharif",
              "non_striker": "RE van der Merwe",
              "runs": {
                "batter": 0,
                "extras": 0,
                "total": 0
              }
            },
            {
              "batter": "PM Seelaar",
              "bowler": "SM Sharif",
              "non_striker": "RE van der Merwe",
              "runs": {
                "batter": 1,
                "extras": 0,
                "total": 1
              }
            }
          ]
        },
        {
          "over": 26,
          "deliveries": [
            {
              "batter": "PM Seelaar",
              "bowler": "JH Davey",
              "non_striker": "RE van der Merwe",
              "runs": {
                "batter": 1,
                "extras": 0,
                "total": 1
              }
            },
            {
              "batter": "RE van der Merwe",
              "bowler": "JH Davey",
              "non_striker": "PM Seelaar",
              "runs": {
                "batter": 0,
                "extras": 0,
                "total": 0
              }
            },
            {
              "batter": "RE van der Merwe",
              "bowler": "JH Davey",
              "non_striker": "PM Seelaar",
              "runs": {
                "batter": 2,
                "extras": 0,
                "total": 2
              }
            },
            {
              "batter": "RE van der Merwe",
              "bowler": "JH Davey",
              "non_striker": "PM Seelaar",
              "runs": {
                "batter": 1,
                "extras": 0,
                "total": 1
              }
            },
            {
              "batter": "PM Seelaar",
              "bowler": "JH Davey",
              "non_striker": "RE van der Merwe",
              "runs": {
                "batter": 2,
                "extras": 0,
                "total": 2
              }
            },
            {
              "batter": "PM Seelaar",
              "bowler": "JH Davey",
              "non_striker": "RE van der Merwe",
              "runs": {
                "batter": 1,
                "extras": 0,
                "total": 1
              }
            }
          ]
        },
        {
          "over": 27,
          "deliveries": [
            {
              "batter": "PM Seelaar",
              "bowler": "CD de Lange",
              "extras": {
                "wides": 1
              },
              "non_striker": "RE van der Merwe",
              "runs": {
                "batter": 0,
                "extras": 1,
                "total": 1
              }
            },
            {
              "batter": "PM Seelaar",
              "bowler": "CD de Lange",
              "non_striker": "RE van der Merwe",
              "runs": {
                "batter": 4,
                "extras": 0,
                "total": 4
              }
            },
            {
              "batter": "PM Seelaar",
              "bowler": "CD de Lange",
              "non_striker": "RE van der Merwe",
              "runs": {
                "batter": 2,
                "extras": 0,
                "total": 2
              }
            },
            {
              "batter": "PM Seelaar",
              "bowler": "CD de Lange",
              "non_striker": "RE van der Merwe",
              "runs": {
                "batter": 0,
                "extras": 0,
                "total": 0
              }
            },
            {
              "batter": "PM Seelaar",
              "bowler": "CD de Lange",
              "non_striker": "RE van der Merwe",
              "runs": {
                "batter": 1,
                "extras": 0,
                "total": 1
              }
            },
            {
              "batter": "RE van der Merwe",
              "bowler": "CD de Lange",
              "non_striker": "PM Seelaar",
              "runs": {
                "batter": 0,
                "extras": 0,
                "total": 0
              }
            },
            {
              "batter": "RE van der Merwe",
              "bowler": "CD de Lange",
              "non_striker": "PM Seelaar",
              "runs": {
                "batter": 1,
                "extras": 0,
                "total": 1
              }
            }
          ]
        },
        {
          "over": 28,
          "deliveries": [
            {
              "batter": "RE van der Merwe",
              "bowler": "RD Berrington",
              "non_striker": "PM Seelaar",
              "runs": {
                "batter": 2,
                "extras": 0,
                "total": 2
              }
            },
            {
              "batter": "RE van der Merwe",
              "bowler": "RD Berrington",
              "non_striker": "PM Seelaar",
              "runs": {
                "batter": 2,
                "extras": 0,
                "total": 2
              }
            },
            {
              "batter": "RE van der Merwe",
              "bowler": "RD Berrington",
              "non_striker": "PM Seelaar",
              "runs": {
                "batter": 0,
                "extras": 0,
                "total": 0
              }
            },
            {
              "batter": "RE van der Merwe",
              "bowler": "RD Berrington",
              "non_striker": "PM Seelaar",
              "runs": {
                "batter": 1,
                "extras": 0,
                "total": 1
              }
            },
            {
              "batter": "PM Seelaar",
              "bowler": "RD Berrington",
              "non_striker": "RE van der Merwe",
              "runs": {
                "batter": 0,
                "extras": 0,
                "total": 0
              }
            },
            {
              "batter": "PM Seelaar",
              "bowler": "RD Berrington",
              "non_striker": "RE van der Merwe",
              "runs": {
                "batter": 0,
                "extras": 0,
                "total": 0
              }
            }
          ]
        },
        {
          "over": 29,
          "deliveries": [
            {
              "batter": "RE van der Merwe",
              "bowler": "CD de Lange",
              "non_striker": "PM Seelaar",
              "runs": {
                "batter": 1,
                "extras": 0,
                "total": 1
              }
            },
            {
              "batter": "PM Seelaar",
              "bowler": "CD de Lange",
              "non_striker": "RE van der Merwe",
              "runs": {
                "batter": 0,
                "extras": 0,
                "total": 0
              }
            },
            {
              "batter": "PM Seelaar",
              "bowler": "CD de Lange",
              "non_striker": "RE van der Merwe",
              "runs": {
                "batter": 1,
                "extras": 0,
                "total": 1
              }
            },
            {
              "batter": "RE van der Merwe",
              "bowler": "CD de Lange",
              "non_striker": "PM Seelaar",
              "runs": {
                "batter": 1,
                "extras": 0,
                "total": 1
              }
            },
            {
              "batter": "PM Seelaar",
              "bowler": "CD de Lange",
              "non_striker": "RE van der Merwe",
              "runs": {
                "batter": 0,
                "extras": 0,
                "total": 0
              }
            },
            {
              "batter": "PM Seelaar",
              "bowler": "CD de Lange",
              "non_striker": "RE van der Merwe",
              "runs": {
                "batter": 1,
                "extras": 0,
                "total": 1
              }
            }
          ]
        },
        {
          "over": 30,
          "deliveries": [
            {
              "batter": "PM Seelaar",
              "bowler": "RD Berrington",
              "non_striker": "RE van der Merwe",
              "runs": {
                "batter": 1,
                "extras": 0,
                "total": 1
              }
            },
            {
              "batter": "RE van der Merwe",
              "bowler": "RD Berrington",
              "non_striker": "PM Seelaar",
              "runs": {
                "batter": 1,
                "extras": 0,
                "total": 1
              }
            },
            {
              "batter": "PM Seelaar",
              "bowler": "RD Berrington",
              "non_striker": "RE van der Merwe",
              "runs": {
                "batter": 2,
                "extras": 0,
                "total": 2
              }
            },
            {
              "batter": "PM Seelaar",
              "bowler": "RD Berrington",
              "non_striker": "RE van der Merwe",
              "runs": {
                "batter": 0,
                "extras": 0,
                "total": 0
              }
            },
            {
              "batter": "PM Seelaar",
              "bowler": "RD Berrington",
              "non_striker": "RE van der Merwe",
              "runs": {
                "batter": 1,
                "extras": 0,
                "total": 1
              }
            },
            {
              "batter": "RE van der Merwe",
              "bowler": "RD Berrington",
              "non_striker": "PM Seelaar",
              "runs": {
                "batter": 0,
                "extras": 0,
                "total": 0
              }
            }
          ]
        },
        {
          "over": 31,
          "deliveries": [
            {
              "batter": "PM Seelaar",
              "bowler": "CD de Lange",
              "non_striker": "RE van der Merwe",
              "runs": {
                "batter": 0,
                "extras": 0,
                "total": 0
              }
            },
            {
              "batter": "PM Seelaar",
              "bowler": "CD de Lange",
              "non_striker": "RE van der Merwe",
              "runs": {
                "batter": 0,
                "extras": 0,
                "total": 0
              }
            },
            {
              "batter": "PM Seelaar",
              "bowler": "CD de Lange",
              "non_striker": "RE van der Merwe",
              "runs": {
                "batter": 0,
                "extras": 0,
                "total": 0
              }
            },
            {
              "batter": "PM Seelaar",
              "bowler": "CD de Lange",
              "non_striker": "RE van der Merwe",
              "runs": {
                "batter": 0,
                "extras": 0,
                "total": 0
              }
            },
            {
              "batter": "PM Seelaar",
              "bowler": "CD de Lange",
              "non_striker": "RE van der Merwe",
              "runs": {
                "batter": 3,
                "extras": 0,
                "total": 3
              }
            },
            {
              "batter": "RE van der Merwe",
              "bowler": "CD de Lange",
              "non_striker": "PM Seelaar",
              "runs": {
                "batter": 1,
                "extras": 0,
                "total": 1
              }
            }
          ]
        },
        {
          "over": 32,
          "deliveries": [
            {
              "batter": "RE van der Merwe",
              "bowler": "AC Evans",
              "non_striker": "PM Seelaar",
              "runs": {
                "batter": 1,
                "extras": 0,
                "total": 1
              }
            },
            {
              "batter": "PM Seelaar",
              "bowler": "AC Evans",
              "non_striker": "RE van der Merwe",
              "runs": {
                "batter": 2,
                "extras": 0,
                "total": 2
              }
            },
            {
              "batter": "PM Seelaar",
              "bowler": "AC Evans",
              "non_striker": "RE van der Merwe",
              "runs": {
                "batter": 0,
                "extras": 0,
                "total": 0
              }
            },
            {
              "batter": "PM Seelaar",
              "bowler": "AC Evans",
              "non_striker": "RE van der Merwe",
              "runs": {
                "batter": 0,
                "extras": 0,
                "total": 0
              }
            },
            {
              "batter": "PM Seelaar",
              "bowler": "AC Evans",
              "non_striker": "RE van der Merwe",
              "runs": {
                "batter": 0,
                "extras": 0,
                "total": 0
              }
            },
            {
              "batter": "PM Seelaar",
              "bowler": "AC Evans",
              "non_striker": "RE van der Merwe",
              "runs": {
                "batter": 1,
                "extras": 0,
                "total": 1
              }
            }
          ]
        },
        {
          "over": 33,
          "deliveries": [
            {
              "batter": "PM Seelaar",
              "bowler": "CD de Lange",
              "non_striker": "RE van der Merwe",
              "runs": {
                "batter": 1,
                "extras": 0,
                "total": 1
              }
            },
            {
              "batter": "RE van der Merwe",
              "bowler": "CD de Lange",
              "non_striker": "PM Seelaar",
              "runs": {
                "batter": 1,
                "extras": 0,
                "total": 1
              }
            },
            {
              "batter": "PM Seelaar",
              "bowler": "CD de Lange",
              "non_striker": "RE van der Merwe",
              "runs": {
                "batter": 1,
                "extras": 0,
                "total": 1
              }
            },
            {
              "batter": "RE van der Merwe",
              "bowler": "CD de Lange",
              "non_striker": "PM Seelaar",
              "runs": {
                "batter": 0,
                "extras": 0,
                "total": 0
              }
            },
            {
              "batter": "RE van der Merwe",
              "bowler": "CD de Lange",
              "non_striker": "PM Seelaar",
              "runs": {
                "batter": 4,
                "extras": 0,
                "total": 4
              }
            },
            {
              "batter": "RE van der Merwe",
              "bowler": "CD de Lange",
              "non_striker": "PM Seelaar",
              "runs": {
                "batter": 1,
                "extras": 0,
                "total": 1
              }
            }
          ]
        },
        {
          "over": 34,
          "deliveries": [
            {
              "batter": "RE van der Merwe",
              "bowler": "AC Evans",
              "non_striker": "PM Seelaar",
              "runs": {
                "batter": 0,
                "extras": 0,
                "total": 0
              }
            },
            {
              "batter": "RE van der Merwe",
              "bowler": "AC Evans",
              "non_striker": "PM Seelaar",
              "runs": {
                "batter": 0,
                "extras": 0,
                "total": 0
              }
            },
            {
              "batter": "RE van der Merwe",
              "bowler": "AC Evans",
              "non_striker": "PM Seelaar",
              "runs": {
                "batter": 0,
                "extras": 0,
                "total": 0
              }
            },
            {
              "batter": "RE van der Merwe",
              "bowler": "AC Evans",
              "non_striker": "PM Seelaar",
              "runs": {
                "batter": 1,
                "extras": 0,
                "total": 1
              }
            },
            {
              "batter": "PM Seelaar",
              "bowler": "AC Evans",
              "non_striker": "RE van der Merwe",
              "runs": {
                "batter": 1,
                "extras": 0,
                "total": 1
              }
            },
            {
              "batter": "RE van der Merwe",
              "bowler": "AC Evans",
              "non_striker": "PM Seelaar",
              "runs": {
                "batter": 1,
                "extras": 0,
                "total": 1
              }
            }
          ]
        },
        {
          "over": 35,
          "deliveries": [
            {
              "batter": "RE van der Merwe",
              "bowler": "MA Leask",
              "non_striker": "PM Seelaar",
              "runs": {
                "batter": 1,
                "extras": 0,
                "total": 1
              }
            },
            {
              "batter": "PM Seelaar",
              "bowler": "MA Leask",
              "non_striker": "RE van der Merwe",
              "runs": {
                "batter": 1,
                "extras": 0,
                "total": 1
              }
            },
            {
              "batter": "RE van der Merwe",
              "bowler": "MA Leask",
              "non_striker": "PM Seelaar",
              "runs": {
                "batter": 0,
                "extras": 0,
                "total": 0
              }
            },
            {
              "batter": "RE van der Merwe",
              "bowler": "MA Leask",
              "non_striker": "PM Seelaar",
              "runs": {
                "batter": 1,
                "extras": 0,
                "total": 1
              }
            },
            {
              "batter": "PM Seelaar",
              "bowler": "MA Leask",
              "extras": {
                "legbyes": 1
              },
              "non_striker": "RE van der Merwe",
              "runs": {
                "batter": 0,
                "extras": 1,
                "total": 1
              }
            },
            {
              "batter": "RE van der Merwe",
              "bowler": "MA Leask",
              "non_striker": "PM Seelaar",
              "runs": {
                "batter": 0,
                "extras": 0,
                "total": 0
              }
            }
          ]
        },
        {
          "over": 36,
          "deliveries": [
            {
              "batter": "PM Seelaar",
              "bowler": "CD de Lange",
              "non_striker": "RE van der Merwe",
              "runs": {
                "batter": 1,
                "extras": 0,
                "total": 1
              }
            },
            {
              "batter": "RE van der Merwe",
              "bowler": "CD de Lange",
              "non_striker": "PM Seelaar",
              "runs": {
                "batter": 0,
                "extras": 0,
                "total": 0
              }
            },
            {
              "batter": "RE van der Merwe",
              "bowler": "CD de Lange",
              "non_striker": "PM Seelaar",
              "runs": {
                "batter": 1,
                "extras": 0,
                "total": 1
              }
            },
            {
              "batter": "PM Seelaar",
              "bowler": "CD de Lange",
              "non_striker": "RE van der Merwe",
              "runs": {
                "batter": 0,
                "extras": 0,
                "total": 0
              }
            },
            {
              "batter": "PM Seelaar",
              "bowler": "CD de Lange",
              "non_striker": "RE van der Merwe",
              "runs": {
                "batter": 0,
                "extras": 0,
                "total": 0
              }
            },
            {
              "batter": "PM Seelaar",
              "bowler": "CD de Lange",
              "non_striker": "RE van der Merwe",
              "runs": {
                "batter": 1,
                "extras": 0,
                "total": 1
              }
            }
          ]
        },
        {
          "over": 37,
          "deliveries": [
            {
              "batter": "PM Seelaar",
              "bowler": "MA Leask",
              "non_striker": "RE van der Merwe",
              "runs": {
                "batter": 0,
                "extras": 0,
                "total": 0
              }
            },
            {
              "batter": "PM Seelaar",
              "bowler": "MA Leask",
              "non_striker": "RE van der Merwe",
              "runs": {
                "batter": 0,
                "extras": 0,
                "total": 0
              }
            },
            {
              "batter": "PM Seelaar",
              "bowler": "MA Leask",
              "non_striker": "RE van der Merwe",
              "runs": {
                "batter": 1,
                "extras": 0,
                "total": 1
              }
            },
            {
              "batter": "RE van der Merwe",
              "bowler": "MA Leask",
              "non_striker": "PM Seelaar",
              "runs": {
                "batter": 1,
                "extras": 0,
                "total": 1
              }
            },
            {
              "batter": "PM Seelaar",
              "bowler": "MA Leask",
              "non_striker": "RE van der Merwe",
              "runs": {
                "batter": 1,
                "extras": 0,
                "total": 1
              }
            },
            {
              "batter": "RE van der Merwe",
              "bowler": "MA Leask",
              "non_striker": "PM Seelaar",
              "runs": {
                "batter": 1,
                "extras": 0,
                "total": 1
              }
            }
          ]
        },
        {
          "over": 38,
          "deliveries": [
            {
              "batter": "RE van der Merwe",
              "bowler": "CD de Lange",
              "non_striker": "PM Seelaar",
              "runs": {
                "batter": 1,
                "extras": 0,
                "total": 1
              }
            },
            {
              "batter": "PM Seelaar",
              "bowler": "CD de Lange",
              "non_striker": "RE van der Merwe",
              "runs": {
                "batter": 0,
                "extras": 0,
                "total": 0
              }
            },
            {
              "batter": "PM Seelaar",
              "bowler": "CD de Lange",
              "non_striker": "RE van der Merwe",
              "runs": {
                "batter": 6,
                "extras": 0,
                "total": 6
              }
            },
            {
              "batter": "PM Seelaar",
              "bowler": "CD de Lange",
              "non_striker": "RE van der Merwe",
              "runs": {
                "batter": 1,
                "extras": 0,
                "total": 1
              }
            },
            {
              "batter": "RE van der Merwe",
              "bowler": "CD de Lange",
              "non_striker": "PM Seelaar",
              "runs": {
                "batter": 0,
                "extras": 0,
                "total": 0
              }
            },
            {
              "batter": "RE van der Merwe",
              "bowler": "CD de Lange",
              "non_striker": "PM Seelaar",
              "runs": {
                "batter": 0,
                "extras": 0,
                "total": 0
              }
            }
          ]
        },
        {
          "over": 39,
          "deliveries": [
            {
              "batter": "PM Seelaar",
              "bowler": "MA Leask",
              "non_striker": "RE van der Merwe",
              "runs": {
                "batter": 0,
                "extras": 0,
                "total": 0
              }
            },
            {
              "batter": "PM Seelaar",
              "bowler": "MA Leask",
              "non_striker": "RE van der Merwe",
              "runs": {
                "batter": 1,
                "extras": 0,
                "total": 1
              }
            },
            {
              "batter": "RE van der Merwe",
              "bowler": "MA Leask",
              "non_striker": "PM Seelaar",
              "runs": {
                "batter": 0,
                "extras": 0,
                "total": 0
              }
            },
            {
              "batter": "RE van der Merwe",
              "bowler": "MA Leask",
              "non_striker": "PM Seelaar",
              "runs": {
                "batter": 0,
                "extras": 0,
                "total": 0
              }
            },
            {
              "batter": "RE van der Merwe",
              "bowler": "MA Leask",
              "non_striker": "PM Seelaar",
              "runs": {
                "batter": 0,
                "extras": 0,
                "total": 0
              }
            },
            {
              "batter": "RE van der Merwe",
              "bowler": "MA Leask",
              "non_striker": "PM Seelaar",
              "runs": {
                "batter": 1,
                "extras": 0,
                "total": 1
              }
            }
          ]
        },
        {
          "over": 40,
          "deliveries": [
            {
              "batter": "RE van der Merwe",
              "bowler": "RD Berrington",
              "non_striker": "PM Seelaar",
              "runs": {
                "batter": 1,
                "extras": 0,
                "total": 1
              }
            },
            {
              "batter": "PM Seelaar",
              "bowler": "RD Berrington",
              "non_striker": "RE van der Merwe",
              "runs": {
                "batter": 0,
                "extras": 0,
                "total": 0
              }
            },
            {
              "batter": "PM Seelaar",
              "bowler": "RD Berrington",
              "non_striker": "RE van der Merwe",
              "runs": {
                "batter": 0,
                "extras": 0,
                "total": 0
              }
            },
            {
              "batter": "PM Seelaar",
              "bowler": "RD Berrington",
              "non_striker": "RE van der Merwe",
              "runs": {
                "batter": 0,
                "extras": 0,
                "total": 0
              }
            },
            {
              "batter": "PM Seelaar",
              "bowler": "RD Berrington",
              "non_striker": "RE van der Merwe",
              "runs": {
                "batter": 1,
                "extras": 0,
                "total": 1
              }
            },
            {
              "batter": "RE van der Merwe",
              "bowler": "RD Berrington",
              "non_striker": "PM Seelaar",
              "runs": {
                "batter": 1,
                "extras": 0,
                "total": 1
              }
            }
          ]
        },
        {
          "over": 41,
          "deliveries": [
            {
              "batter": "RE van der Merwe",
              "bowler": "MA Leask",
              "non_striker": "PM Seelaar",
              "runs": {
                "batter": 1,
                "extras": 0,
                "total": 1
              }
            },
            {
              "batter": "PM Seelaar",
              "bowler": "MA Leask",
              "non_striker": "RE van der Merwe",
              "runs": {
                "batter": 0,
                "extras": 0,
                "total": 0
              }
            },
            {
              "batter": "PM Seelaar",
              "bowler": "MA Leask",
              "non_striker": "RE van der Merwe",
              "runs": {
                "batter": 0,
                "extras": 0,
                "total": 0
              }
            },
            {
              "batter": "PM Seelaar",
              "bowler": "MA Leask",
              "non_striker": "RE van der Merwe",
              "runs": {
                "batter": 1,
                "extras": 0,
                "total": 1
              }
            },
            {
              "batter": "RE van der Merwe",
              "bowler": "MA Leask",
              "non_striker": "PM Seelaar",
              "runs": {
                "batter": 0,
                "extras": 0,
                "total": 0
              }
            },
            {
              "batter": "RE van der Merwe",
              "bowler": "MA Leask",
              "non_striker": "PM Seelaar",
              "runs": {
                "batter": 1,
                "extras": 0,
                "total": 1
              }
            }
          ]
        },
        {
          "over": 42,
          "deliveries": [
            {
              "batter": "RE van der Merwe",
              "bowler": "AC Evans",
              "non_striker": "PM Seelaar",
              "runs": {
                "batter": 4,
                "extras": 0,
                "total": 4
              }
            },
            {
              "batter": "RE van der Merwe",
              "bowler": "AC Evans",
              "non_striker": "PM Seelaar",
              "runs": {
                "batter": 1,
                "extras": 0,
                "total": 1
              }
            },
            {
              "batter": "PM Seelaar",
              "bowler": "AC Evans",
              "non_striker": "RE van der Merwe",
              "runs": {
                "batter": 0,
                "extras": 0,
                "total": 0
              }
            },
            {
              "batter": "PM Seelaar",
              "bowler": "AC Evans",
              "non_striker": "RE van der Merwe",
              "runs": {
                "batter": 2,
                "extras": 0,
                "total": 2
              }
            },
            {
              "batter": "PM Seelaar",
              "bowler": "AC Evans",
              "non_striker": "RE van der Merwe",
              "runs": {
                "batter": 0,
                "extras": 0,
                "total": 0
              }
            },
            {
              "batter": "PM Seelaar",
              "bowler": "AC Evans",
              "non_striker": "RE van der Merwe",
              "runs": {
                "batter": 0,
                "extras": 0,
                "total": 0
              },
              "wickets": [
                {
                  "kind": "bowled",
                  "player_out": "PM Seelaar"
                }
              ]
            }
          ]
        }
      ],
      "powerplays": [
        {
          "from": 0.1,
          "to": 9.6,
          "type": "mandatory"
        },
        {
          "from": 10.1,
          "to": 39.6,
          "type": "mandatory"
        },
        {
          "from": 40.1,
          "to": 42.6,
          "type": "mandatory"
        }
      ]
    }
  ]
}