{
  "meta": {
    "data_version": "1.0.0",
    "created": "2016-05-28",
    "revision": 4
  },
  "info": {
    "balls_per_over": 6,
    "city": "St Martin",
    "dates": [
      "2016-05-27"
    ],
    "event": {
      "name": "ICC World Cricket League Division Five"
    },
    "gender": "male",
    "match_type": "ODM",
    "officials": {
      "match_referees": [
        "DT Jukes"
      ],
      "reserve_umpires": [
        "AJT Dowdalls"
      ],
      "umpires": [
        "HKG Jansen",
        "JM Williams"
      ]
    },
    "outcome": {
      "by": {
        "wickets": 10
      },
      "winner": "Jersey"
    },
    "overs": 50,
    "player_of_match": [
      "B Kynman"
    ],
    "players": {
      "Jersey": [
        "PW Gough",
        "NAT Watkins",
        "BDH Stevens",
        "JW Jenner",
        "C Bisson",
        "CJ Bodenstein",
        "AW Hawkins-Kay",
        "B Kynman",
        "CW Perchard",
        "R McBey",
        "JE Dunford"
      ],
      "Nigeria": [
        "AJ Ayannaike",
        "Azeez Salako",
        "SO Olayinka",
        "AA Onikoyi",
        "OJ Bejide",
        "CN Onwuzulike",
        "JO Adedeji",
        "AP Adegbola",
        "AM Oyede",
        "OA Olympio",
        "IO Okpe"
      ]
    },
    "registry": {
      "people": {
        "AA Onikoyi": "409ce380",
        "AJ Ayannaike": "f74b682b",
        "AJT Dowdalls": "f06852e3",
        "AM Oyede": "21946d0d",
        "AP Adegbola": "7e061aeb",
        "AW Hawkins-Kay": "8160713d",
        "Azeez Salako": "2765b981",
        "B Kynman": "b6980844",
        "BDH Stevens": "f8035c2a",
        "C Bisson": "85ba5659",
        "CJ Bodenstein": "e05fcb17",
        "CN Onwuzulike": "715dbf27",
        "CW Perchard": "9f998ed8",
        "DT Jukes": "7c215d14",
        "HKG Jansen": "6e9d5add",
        "IO Okpe": "1c5c3dce",
        "JE Dunford": "89a7dd4a",
        "JM Williams": "b61d9d70",
        "JO Adedeji": "abee08c7",
        "JW Jenner": "32a8161e",
        "NAT Watkins": "80089b3a",
        "OA Olympio": "0c8e89cc",
        "OJ Bejide": "687e9b96",
        "PW Gough": "eca301ed",
        "R McBey": "9652e347",
        "SO Olayinka": "0f8e08ad"
      }
    },
    "season": 2016,
    "team_type": "international",
    "teams": [
      "Jersey",
      "Nigeria"
    ],
    "toss": {
      "decision": "field",
      "winner": "Jersey"
    },
    "venue": "Farmers Cricket Club Ground"
  },
  "innings": [
    {
      "team": "Nigeria",
      "overs": [
        {
          "over": 0,
          "deliveries": [
            {
              "batter": "AJ Ayannaike",
              "bowler": "AW Hawkins-Kay",
              "non_striker": "Azeez Salako",
              "runs": {
                "batter": 0,
                "extras": 0,
                "total": 0
              }
            },
            {
              "batter": "AJ Ayannaike",
              "bowler": "AW Hawkins-Kay",
              "non_striker": "Azeez Salako",
              "runs": {
                "batter": 1,
                "extras": 0,
                "total": 1
              }
            },
            {
              "batter": "Azeez Salako",
              "bowler": "AW Hawkins-Kay",
              "extras": {
                "legbyes": 4
              },
              "non_striker": "AJ Ayannaike",
              "runs": {
                "batter": 0,
                "extras": 4,
                "total": 4
              }
            },
            {
              "batter": "Azeez Salako",
              "bowler": "AW Hawkins-Kay",
              "non_striker": "AJ Ayannaike",
              "runs": {
                "batter": 0,
                "extras": 0,
                "total": 0
              }
            },
            {
              "batter": "Azeez Salako",
              "bowler": "AW Hawkins-Kay",
              "extras": {
                "legbyes": 1
              },
              "non_striker": "AJ Ayannaike",
              "runs": {
                "batter": 0,
                "extras": 1,
                "total": 1
              }
            },
            {
              "batter": "AJ Ayannaike",
              "bowler": "AW Hawkins-Kay",
              "non_striker": "Azeez Salako",
              "runs": {
                "batter": 0,
                "extras": 0,
                "total": 0
              }
            }
          ]
        },
        {
          "over": 1,
          "deliveries": [
            {
              "batter": "Azeez Salako",
              "bowler": "R McBey",
              "extras": {
                "wides": 1
              },
              "non_striker": "AJ Ayannaike",
              "runs": {
                "batter": 0,
                "extras": 1,
                "total": 1
              }
            },
            {
              "batter": "Azeez Salako",
              "bowler": "R McBey",
              "non_striker": "AJ Ayannaike",
              "runs": {
                "batter": 0,
                "extras": 0,
                "total": 0
              }
            },
            {
              "batter": "Azeez Salako",
              "bowler": "R McBey",
              "non_striker": "AJ Ayannaike",
              "runs": {
                "batter": 0,
                "extras": 0,
                "total": 0
              }
            },
            {
              "batter": "Azeez Salako",
              "bowler": "R McBey",
              "non_striker": "AJ Ayannaike",
              "runs": {
                "batter": 0,
                "extras": 0,
                "total": 0
              }
            },
            {
              "batter": "Azeez Salako",
              "bowler": "R McBey",
              "non_striker": "AJ Ayannaike",
              "runs": {
                "batter": 0,
                "extras": 0,
                "total": 0
              }
            },
            {
              "batter": "Azeez Salako",
              "bowler": "R McBey",
              "non_striker": "AJ Ayannaike",
              "runs": {
                "batter": 0,
                "extras": 0,
                "total": 0
              },
              "wickets": [
                {
                  "kind": "caught",
                  "player_out": "Azeez Salako",
                  "fielders": [
                    {
                      "name": "JE Dunford"
                    }
                  ]
                }
              ]
            },
            {
              "batter": "SO Olayinka",
              "bowler": "R McBey",
              "non_striker": "AJ Ayannaike",
              "runs": {
                "batter": 0,
                "extras": 0,
                "total": 0
              }
            }
          ]
        },
        {
          "over": 2,
          "deliveries": [
            {
              "batter": "AJ Ayannaike",
              "bowler": "AW Hawkins-Kay",
              "non_striker": "SO Olayinka",
              "runs": {
                "batter": 2,
                "extras": 0,
                "total": 2
              }
            },
            {
              "batter": "AJ Ayannaike",
              "bowler": "AW Hawkins-Kay",
              "non_striker": "SO Olayinka",
              "runs": {
                "batter": 0,
                "extras": 0,
                "total": 0
              }
            },
            {
              "batter": "AJ Ayannaike",
              "bowler": "AW Hawkins-Kay",
              "non_striker": "SO Olayinka",
              "runs": {
                "batter": 0,
                "extras": 0,
                "total": 0
              }
            },
            {
              "batter": "AJ Ayannaike",
              "bowler": "AW Hawkins-Kay",
              "non_striker": "SO Olayinka",
              "runs": {
                "batter": 0,
                "extras": 0,
                "total": 0
              }
            },
            {
              "batter": "AJ Ayannaike",
              "bowler": "AW Hawkins-Kay",
              "non_striker": "SO Olayinka",
              "runs": {
                "batter": 1,
                "extras": 0,
                "total": 1
              }
            },
            {
              "batter": "SO Olayinka",
              "bowler": "AW Hawkins-Kay",
              "non_striker": "AJ Ayannaike",
              "runs": {
                "batter": 0,
                "extras": 0,
                "total": 0
              }
            }
          ]
        },
        {
          "over": 3,
          "deliveries": [
            {
              "batter": "AJ Ayannaike",
              "bowler": "R McBey",
              "non_striker": "SO Olayinka",
              "runs": {
                "batter": 0,
                "extras": 0,
                "total": 0
              }
            },
            {
              "batter": "AJ Ayannaike",
              "bowler": "R McBey",
              "extras": {
                "wides": 1
              },
              "non_striker": "SO Olayinka",
              "runs": {
                "batter": 0,
                "extras": 1,
                "total": 1
              }
            },
            {
              "batter": "AJ Ayannaike",
              "bowler": "R McBey",
              "non_striker": "SO Olayinka",
              "runs": {
                "batter": 0,
                "extras": 0,
                "total": 0
              }
            },
            {
              "batter": "AJ Ayannaike",
              "bowler": "R McBey",
              "extras": {
                "wides": 1
              },
              "non_striker": "SO Olayinka",
              "runs": {
                "batter": 0,
                "extras": 1,
                "total": 1
              }
            },
            {
              "batter": "AJ Ayannaike",
              "bowler": "R McBey",
              "non_striker": "SO Olayinka",
              "runs": {
                "batter": 0,
                "extras": 0,
                "total": 0
              }
            },
            {
              "batter": "AJ Ayannaike",
              "bowler": "R McBey",
              "non_striker": "SO Olayinka",
              "runs": {
                "batter": 0,
                "extras": 0,
                "total": 0
              }
            },
            {
              "batter": "AJ Ayannaike",
              "bowler": "R McBey",
              "non_striker": "SO Olayinka",
              "runs": {
                "batter": 0,
                "extras": 0,
                "total": 0
              }
            },
            {
              "batter": "AJ Ayannaike",
              "bowler": "R McBey",
              "non_striker": "SO Olayinka",
              "runs": {
                "batter": 0,
                "extras": 0,
                "total": 0
              }
            }
          ]
        },
        {
          "over": 4,
          "deliveries": [
            {
              "batter": "SO Olayinka",
              "bowler": "AW Hawkins-Kay",
              "non_striker": "AJ Ayannaike",
              "runs": {
                "batter": 0,
                "extras": 0,
                "total": 0
              },
              "wickets": [
                {
                  "kind": "caught",
                  "player_out": "SO Olayinka",
                  "fielders": [
                    {
                      "name": "PW Gough"
                    }
                  ]
                }
              ]
            },
            {
              "batter": "AJ Ayannaike",
              "bowler": "AW Hawkins-Kay",
              "non_striker": "AA Onikoyi",
              "runs": {
                "batter": 1,
                "extras": 0,
                "total": 1
              }
            },
            {
              "batter": "AA Onikoyi",
              "bowler": "AW Hawkins-Kay",
              "non_striker": "AJ Ayannaike",
              "runs": {
                "batter": 0,
                "extras": 0,
                "total": 0
              }
            },
            {
              "batter": "AA Onikoyi",
              "bowler": "AW Hawkins-Kay",
              "non_striker": "AJ Ayannaike",
              "runs": {
                "batter": 6,
                "extras": 0,
                "total": 6
              }
            },
            {
              "batter": "AA Onikoyi",
              "bowler": "AW Hawkins-Kay",
              "non_striker": "AJ Ayannaike",
              "runs": {
                "batter": 6,
                "extras": 0,
                "total": 6
              }
            },
            {
              "batter": "AA Onikoyi",
              "bowler": "AW Hawkins-Kay",
              "non_striker": "AJ Ayannaike",
              "runs": {
                "batter": 0,
                "extras": 0,
                "total": 0
              }
            }
          ]
        },
        {
          "over": 5,
          "deliveries": [
            {
              "batter": "AJ Ayannaike",
              "bowler": "R McBey",
              "non_striker": "AA Onikoyi",
              "runs": {
                "batter": 1,
                "extras": 0,
                "total": 1
              }
            },
            {
              "batter": "AA Onikoyi",
              "bowler": "R McBey",
              "non_striker": "AJ Ayannaike",
              "runs": {
                "batter": 4,
                "extras": 0,
                "total": 4
              }
            },
            {
              "batter": "AA Onikoyi",
              "bowler": "R McBey",
              "non_striker": "AJ Ayannaike",
              "runs": {
                "batter": 3,
                "extras": 0,
                "total": 3
              }
            },
            {
              "batter": "AJ Ayannaike",
              "bowler": "R McBey",
              "extras": {
                "wides": 1
              },
              "non_striker": "AA Onikoyi",
              "runs": {
                "batter": 0,
                "extras": 1,
                "total": 1
              }
            },
            {
              "batter": "AJ Ayannaike",
              "bowler": "R McBey",
              "non_striker": "AA Onikoyi",
              "runs": {
                "batter": 4,
                "extras": 0,
                "total": 4
              }
            },
            {
              "batter": "AJ Ayannaike",
              "bowler": "R McBey",
              "non_striker": "AA Onikoyi",
              "runs": {
                "batter": 1,
                "extras": 0,
                "total": 1
              }
            },
            {
              "batter": "AA Onikoyi",
              "bowler": "R McBey",
              "non_striker": "AJ Ayannaike",
              "runs": {
                "batter": 0,
                "extras": 0,
                "total": 0
              },
              "wickets": [
                {
                  "kind": "caught",
                  "player_out": "AA Onikoyi",
                  "fielders": [
                    {
                      "name": "JE Dunford"
                    }
                  ]
                }
              ]
            }
          ]
        },
        {
          "over": 6,
          "deliveries": [
            {
              "batter": "AJ Ayannaike",
              "bowler": "AW Hawkins-Kay",
              "non_striker": "OJ Bejide",
              "runs": {
                "batter": 0,
                "extras": 0,
                "total": 0
              }
            },
            {
              "batter": "AJ Ayannaike",
              "bowler": "AW Hawkins-Kay",
              "non_striker": "OJ Bejide",
              "runs": {
                "batter": 0,
                "extras": 0,
                "total": 0
              }
            },
            {
              "batter": "AJ Ayannaike",
              "bowler": "AW Hawkins-Kay",
              "non_striker": "OJ Bejide",
              "runs": {
                "batter": 0,
                "extras": 0,
                "total": 0
              }
            },
            {
              "batter": "AJ Ayannaike",
              "bowler": "AW Hawkins-Kay",
              "non_striker": "OJ Bejide",
              "runs": {
                "batter": 1,
                "extras": 0,
                "total": 1
              }
            },
            {
              "batter": "OJ Bejide",
              "bowler": "AW Hawkins-Kay",
              "non_striker": "AJ Ayannaike",
              "runs": {
                "batter": 1,
                "extras": 0,
                "total": 1
              }
            },
            {
              "batter": "AJ Ayannaike",
              "bowler": "AW Hawkins-Kay",
              "non_striker": "OJ Bejide",
              "runs": {
                "batter": 0,
                "extras": 0,
                "total": 0
              }
            }
          ]
        },
        {
          "over": 7,
          "deliveries": [
            {
              "batter": "OJ Bejide",
              "bowler": "NAT Watkins",
              "non_striker": "AJ Ayannaike",
              "runs": {
                "batter": 0,
                "extras": 0,
                "total": 0
              }
            },
            {
              "batter": "OJ Bejide",
              "bowler": "NAT Watkins",
              "non_striker": "AJ Ayannaike",
              "runs": {
                "batter": 0,
                "extras": 0,
                "total": 0
              }
            },
            {
              "batter": "OJ Bejide",
              "bowler": "NAT Watkins",
              "non_striker": "AJ Ayannaike",
              "runs": {
                "batter": 0,
                "extras": 0,
                "total": 0
              }
            },
            {
              "batter": "OJ Bejide",
              "bowler": "NAT Watkins",
              "non_striker": "AJ Ayannaike",
              "runs": {
                "batter": 0,
                "extras": 0,
                "total": 0
              }
            },
            {
              "batter": "OJ Bejide",
              "bowler": "NAT Watkins",
              "non_striker": "AJ Ayannaike",
              "runs": {
                "batter": 0,
                "extras": 0,
                "total": 0
              }
            },
            {
              "batter": "OJ Bejide",
              "bowler": "NAT Watkins",
              "non_striker": "AJ Ayannaike",
              "runs": {
                "batter": 0,
                "extras": 0,
                "total": 0
              }
            }
          ]
        },
        {
          "over": 8,
          "deliveries": [
            {
              "batter": "AJ Ayannaike",
              "bowler": "B Kynman",
              "extras": {
                "wides": 1
              },
              "non_striker": "OJ Bejide",
              "runs": {
                "batter": 0,
                "extras": 1,
                "total": 1
              }
            },
            {
              "batter": "AJ Ayannaike",
              "bowler": "B Kynman",
              "non_striker": "OJ Bejide",
              "runs": {
                "batter": 0,
                "extras": 0,
                "total": 0
              }
            },
            {
              "batter": "AJ Ayannaike",
              "bowler": "B Kynman",
              "non_striker": "OJ Bejide",
              "runs": {
                "batter": 0,
                "extras": 0,
                "total": 0
              }
            },
            {
              "batter": "AJ Ayannaike",
              "bowler": "B Kynman",
              "non_striker": "OJ Bejide",
              "runs": {
                "batter": 0,
                "extras": 0,
                "total": 0
              }
            },
            {
              "batter": "AJ Ayannaike",
              "bowler": "B Kynman",
              "non_striker": "OJ Bejide",
              "runs": {
                "batter": 0,
                "extras": 0,
                "total": 0
              }
            },
            {
              "batter": "AJ Ayannaike",
              "bowler": "B Kynman",
              "non_striker": "OJ Bejide",
              "runs": {
                "batter": 0,
                "extras": 0,
                "total": 0
              }
            },
            {
              "batter": "AJ Ayannaike",
              "bowler": "B Kynman",
              "non_striker": "OJ Bejide",
              "runs": {
                "batter": 0,
                "extras": 0,
                "total": 0
              }
            }
          ]
        },
        {
          "over": 9,
          "deliveries": [
            {
              "batter": "OJ Bejide",
              "bowler": "NAT Watkins",
              "non_striker": "AJ Ayannaike",
              "runs": {
                "batter": 0,
                "extras": 0,
                "total": 0
              }
            },
            {
              "batter": "OJ Bejide",
              "bowler": "NAT Watkins",
              "non_striker": "AJ Ayannaike",
              "runs": {
                "batter": 0,
                "extras": 0,
                "total": 0
              }
            },
            {
              "batter": "OJ Bejide",
              "bowler": "NAT Watkins",
              "non_striker": "AJ Ayannaike",
              "runs": {
                "batter": 1,
                "extras": 0,
                "total": 1
              }
            },
            {
              "batter": "AJ Ayannaike",
              "bowler": "NAT Watkins",
              "non_striker": "OJ Bejide",
              "runs": {
                "batter": 2,
                "extras": 0,
                "total": 2
              }
            },
            {
              "batter": "AJ Ayannaike",
              "bowler": "NAT Watkins",
              "non_striker": "OJ Bejide",
              "runs": {
                "batter": 0,
                "extras": 0,
                "total": 0
              }
            },
            {
              "batter": "AJ Ayannaike",
              "bowler": "NAT Watkins",
              "non_striker": "OJ Bejide",
              "runs": {
                "batter": 0,
                "extras": 0,
                "total": 0
              }
            }
          ]
        },
        {
          "over": 10,
          "deliveries": [
            {
              "batter": "OJ Bejide",
              "bowler": "B Kynman",
              "non_striker": "AJ Ayannaike",
              "runs": {
                "batter": 0,
                "extras": 0,
                "total": 0
              }
            },
            {
              "batter": "OJ Bejide",
              "bowler": "B Kynman",
              "non_striker": "AJ Ayannaike",
              "runs": {
                "batter": 0,
                "extras": 0,
                "total": 0
              }
            },
            {
              "batter": "OJ Bejide",
              "bowler": "B Kynman",
              "non_striker": "AJ Ayannaike",
              "runs": {
                "batter": 0,
                "extras": 0,
                "total": 0
              }
            },
            {
              "batter": "OJ Bejide",
              "bowler": "B Kynman",
              "non_striker": "AJ Ayannaike",
              "runs": {
                "batter": 0,
                "extras": 0,
                "total": 0
              }
            },
            {
              "batter": "OJ Bejide",
              "bowler": "B Kynman",
              "non_striker": "AJ Ayannaike",
              "runs": {
                "batter": 0,
                "extras": 0,
                "total": 0
              },
              "wickets": [
                {
                  "kind": "caught",
                  "player_out": "OJ Bejide",
                  "fielders": [
                    {
                      "name": "JE Dunford"
                    }
                  ]
                }
              ]
            },
            {
              "batter": "CN Onwuzulike",
              "bowler": "B Kynman",
              "non_striker": "AJ Ayannaike",
              "runs": {
                "batter": 0,
                "extras": 0,
                "total": 0
              }
            }
          ]
        },
        {
          "over": 11,
          "deliveries": [
            {
              "batter": "AJ Ayannaike",
              "bowler": "R McBey",
              "non_striker": "CN Onwuzulike",
              "runs": {
                "batter": 0,
                "extras": 0,
                "total": 0
              }
            },
            {
              "batter": "AJ Ayannaike",
              "bowler": "R McBey",
              "non_striker": "CN Onwuzulike",
              "runs": {
                "batter": 1,
                "extras": 0,
                "total": 1
              }
            },
            {
              "batter": "CN Onwuzulike",
              "bowler": "R McBey",
              "non_striker": "AJ Ayannaike",
              "runs": {
                "batter": 0,
                "extras": 0,
                "total": 0
              }
            },
            {
              "batter": "CN Onwuzulike",
              "bowler": "R McBey",
              "non_striker": "AJ Ayannaike",
              "runs": {
                "batter": 1,
                "extras": 0,
                "total": 1
              }
            },
            {
              "batter": "AJ Ayannaike",
              "bowler": "R McBey",
              "non_striker": "CN Onwuzulike",
              "runs": {
                "batter": 0,
                "extras": 0,
                "total": 0
              }
            },
            {
              "batter": "AJ Ayannaike",
              "bowler": "R McBey",
              "non_striker": "CN Onwuzulike",
              "runs": {
                "batter": 1,
                "extras": 0,
                "total": 1
              }
            }
          ]
        },
        {
          "over": 12,
          "deliveries": [
            {
              "batter": "AJ Ayannaike",
              "bowler": "B Kynman",
              "non_striker": "CN Onwuzulike",
              "runs": {
                "batter": 0,
                "extras": 0,
                "total": 0
              },
              "wickets": [
                {
                  "kind": "caught",
                  "player_out": "AJ Ayannaike",
                  "fielders": [
                    {
                      "name": "NAT Watkins"
                    }
                  ]
                }
              ]
            },
            {
              "batter": "CN Onwuzulike",
              "bowler": "B Kynman",
              "non_striker": "JO Adedeji",
              "runs": {
                "batter": 1,
                "extras": 0,
                "total": 1
              }
            },
            {
              "batter": "JO Adedeji",
              "bowler": "B Kynman",
              "non_striker": "CN Onwuzulike",
              "runs": {
                "batter": 0,
                "extras": 0,
                "total": 0
              }
            },
            {
              "batter": "JO Adedeji",
              "bowler": "B Kynman",
              "non_striker": "CN Onwuzulike",
              "runs": {
                "batter": 0,
                "extras": 0,
                "total": 0
              }
            },
            {
              "batter": "JO Adedeji",
              "bowler": "B Kynman",
              "non_striker": "CN Onwuzulike",
              "runs": {
                "batter": 0,
                "extras": 0,
                "total": 0
              }
            },
            {
              "batter": "JO Adedeji",
              "bowler": "B Kynman",
              "non_striker": "CN Onwuzulike",
              "runs": {
                "batter": 0,
                "extras": 0,
                "total": 0
              }
            }
          ]
        },
        {
          "over": 13,
          "deliveries": [
            {
              "batter": "CN Onwuzulike",
              "bowler": "R McBey",
              "non_striker": "JO Adedeji",
              "runs": {
                "batter": 0,
                "extras": 0,
                "total": 0
              }
            },
            {
              "batter": "CN Onwuzulike",
              "bowler": "R McBey",
              "non_striker": "JO Adedeji",
              "runs": {
                "batter": 0,
                "extras": 0,
                "total": 0
              }
            },
            {
              "batter": "CN Onwuzulike",
              "bowler": "R McBey",
              "non_striker": "JO Adedeji",
              "runs": {
                "batter": 1,
                "extras": 0,
                "total": 1
              }
            },
            {
              "batter": "JO Adedeji",
              "bowler": "R McBey",
              "non_striker": "CN Onwuzulike",
              "runs": {
                "batter": 0,
                "extras": 0,
                "total": 0
              }
            },
            {
              "batter": "JO Adedeji",
              "bowler": "R McBey",
              "non_striker": "CN Onwuzulike",
              "runs": {
                "batter": 0,
                "extras": 0,
                "total": 0
              }
            },
            {
              "batter": "JO Adedeji",
              "bowler": "R McBey",
              "non_striker": "CN Onwuzulike",
              "runs": {
                "batter": 0,
                "extras": 0,
                "total": 0
              }
            }
          ]
        },
        {
          "over": 14,
          "deliveries": [
            {
              "batter": "CN Onwuzulike",
              "bowler": "B Kynman",
              "non_striker": "JO Adedeji",
              "runs": {
                "batter": 4,
                "extras": 0,
                "total": 4
              }
            },
            {
              "batter": "CN Onwuzulike",
              "bowler": "B Kynman",
              "extras": {
                "wides": 1
              },
              "non_striker": "JO Adedeji",
              "runs": {
                "batter": 0,
                "extras": 1,
                "total": 1
              }
            },
            {
              "batter": "CN Onwuzulike",
              "bowler": "B Kynman",
              "non_striker": "JO Adedeji",
              "runs": {
                "batter": 0,
                "extras": 0,
                "total": 0
              }
            },
            {
              "batter": "CN Onwuzulike",
              "bowler": "B Kynman",
              "non_striker": "JO Adedeji",
              "runs": {
                "batter": 0,
                "extras": 0,
                "total": 0
              }
            },
            {
              "batter": "CN Onwuzulike",
              "bowler": "B Kynman",
              "non_striker": "JO Adedeji",
              "runs": {
                "batter": 4,
                "extras": 0,
                "total": 4
              }
            },
            {
              "batter": "CN Onwuzulike",
              "bowler": "B Kynman",
              "non_striker": "JO Adedeji",
              "runs": {
                "batter": 0,
                "extras": 0,
                "total": 0
              },
              "wickets": [
                {
                  "kind": "bowled",
                  "player_out": "CN Onwuzulike"
                }
              ]
            },
            {
              "batter": "AP Adegbola",
              "bowler": "B Kynman",
              "non_striker": "JO Adedeji",
              "runs": {
                "batter": 1,
                "extras": 0,
                "total": 1
              }
            }
          ]
        },
        {
          "over": 15,
          "deliveries": [
            {
              "batter": "AP Adegbola",
              "bowler": "BDH Stevens",
              "non_striker": "JO Adedeji",
              "runs": {
                "batter": 0,
                "extras": 0,
                "total": 0
              }
            },
            {
              "batter": "AP Adegbola",
              "bowler": "BDH Stevens",
              "non_striker": "JO Adedeji",
              "runs": {
                "batter": 1,
                "extras": 0,
                "total": 1
              }
            },
            {
              "batter": "JO Adedeji",
              "bowler": "BDH Stevens",
              "non_striker": "AP Adegbola",
              "runs": {
                "batter": 0,
                "extras": 0,
                "total": 0
              }
            },
            {
              "batter": "JO Adedeji",
              "bowler": "BDH Stevens",
              "non_striker": "AP Adegbola",
              "runs": {
                "batter": 0,
                "extras": 0,
                "total": 0
              }
            },
            {
              "batter": "JO Adedeji",
              "bowler": "BDH Stevens",
              "non_striker": "AP Adegbola",
              "runs": {
                "batter": 0,
                "extras": 0,
                "total": 0
              }
            },
            {
              "batter": "JO Adedeji",
              "bowler": "BDH Stevens",
              "non_striker": "AP Adegbola",
              "runs": {
                "batter": 0,
                "extras": 0,
                "total": 0
              }
            }
          ]
        },
        {
          "over": 16,
          "deliveries": [
            {
              "batter": "AP Adegbola",
              "bowler": "B Kynman",
              "non_striker": "JO Adedeji",
              "runs": {
                "batter": 2,
                "extras": 0,
                "total": 2
              }
            },
            {
              "batter": "AP Adegbola",
              "bowler": "B Kynman",
              "non_striker": "JO Adedeji",
              "runs": {
                "batter": 0,
                "extras": 0,
                "total": 0
              }
            },
            {
              "batter": "AP Adegbola",
              "bowler": "B Kynman",
              "non_striker": "JO Adedeji",
              "runs": {
                "batter": 1,
                "extras": 0,
                "total": 1
              }
            },
            {
              "batter": "JO Adedeji",
              "bowler": "B Kynman",
              "non_striker": "AP Adegbola",
              "runs": {
                "batter": 0,
                "extras": 0,
                "total": 0
              }
            },
            {
              "batter": "JO Adedeji",
              "bowler": "B Kynman",
              "non_striker": "AP Adegbola",
              "runs": {
                "batter": 1,
                "extras": 0,
                "total": 1
              }
            },
            {
              "batter": "AP Adegbola",
              "bowler": "B Kynman",
              "non_striker": "JO Adedeji",
              "runs": {
                "batter": 0,
                "extras": 0,
                "total": 0
              }
            }
          ]
        },
        {
          "over": 17,
          "deliveries": [
            {
              "batter": "JO Adedeji",
              "bowler": "NAT Watkins",
              "non_striker": "AP Adegbola",
              "runs": {
                "batter": 0,
                "extras": 0,
                "total": 0
              }
            },
            {
              "batter": "JO Adedeji",
              "bowler": "NAT Watkins",
              "non_striker": "AP Adegbola",
              "runs": {
                "batter": 2,
                "extras": 0,
                "total": 2
              }
            },
            {
              "batter": "JO Adedeji",
              "bowler": "NAT Watkins",
              "non_striker": "AP Adegbola",
              "runs": {
                "batter": 0,
                "extras": 0,
                "total": 0
              }
            },
            {
              "batter": "JO Adedeji",
              "bowler": "NAT Watkins",
              "non_striker": "AP Adegbola",
              "runs": {
                "batter": 0,
                "extras": 0,
                "total": 0
              }
            },
            {
              "batter": "JO Adedeji",
              "bowler": "NAT Watkins",
              "non_striker": "AP Adegbola",
              "runs": {
                "batter": 0,
                "extras": 0,
                "total": 0
              }
            },
            {
              "batter": "JO Adedeji",
              "bowler": "NAT Watkins",
              "non_striker": "AP Adegbola",
              "runs": {
                "batter": 0,
                "extras": 0,
                "total": 0
              }
            }
          ]
        },
        {
          "over": 18,
          "deliveries": [
            {
              "batter": "AP Adegbola",
              "bowler": "BDH Stevens",
              "non_striker": "JO Adedeji",
              "runs": {
                "batter": 2,
                "extras": 0,
                "total": 2
              }
            },
            {
              "batter": "AP Adegbola",
              "bowler": "BDH Stevens",
              "non_striker": "JO Adedeji",
              "runs": {
                "batter": 0,
                "extras": 0,
                "total": 0
              }
            },
            {
              "batter": "AP Adegbola",
              "bowler": "BDH Stevens",
              "non_striker": "JO Adedeji",
              "runs": {
                "batter": 2,
                "extras": 0,
                "total": 2
              }
            },
            {
              "batter": "AP Adegbola",
              "bowler": "BDH Stevens",
              "non_striker": "JO Adedeji",
              "runs": {
                "batter": 0,
                "extras": 0,
                "total": 0
              }
            },
            {
              "batter": "AP Adegbola",
              "bowler": "BDH Stevens",
              "non_striker": "JO Adedeji",
              "runs": {
                "batter": 3,
                "extras": 0,
                "total": 3
              }
            },
            {
              "batter": "JO Adedeji",
              "bowler": "BDH Stevens",
              "non_striker": "AP Adegbola",
              "runs": {
                "batter": 0,
                "extras": 0,
                "total": 0
              }
            }
          ]
        },
        {
          "over": 19,
          "deliveries": [
            {
              "batter": "AP Adegbola",
              "bowler": "NAT Watkins",
              "non_striker": "JO Adedeji",
              "runs": {
                "batter": 0,
                "extras": 0,
                "total": 0
              }
            },
            {
              "batter": "AP Adegbola",
              "bowler": "NAT Watkins",
              "non_striker": "JO Adedeji",
              "runs": {
                "batter": 0,
                "extras": 0,
                "total": 0
              }
            },
            {
              "batter": "AP Adegbola",
              "bowler": "NAT Watkins",
              "non_striker": "JO Adedeji",
              "runs": {
                "batter": 2,
                "extras": 0,
                "total": 2
              }
            },
            {
              "batter": "AP Adegbola",
              "bowler": "NAT Watkins",
              "extras": {
                "wides": 1
              },
              "non_striker": "JO Adedeji",
              "runs": {
                "batter": 0,
                "extras": 1,
                "total": 1
              }
            },
            {
              "batter": "AP Adegbola",
              "bowler": "NAT Watkins",
              "extras": {
                "wides": 1
              },
              "non_striker": "JO Adedeji",
              "runs": {
                "batter": 0,
                "extras": 1,
                "total": 1
              }
            },
            {
              "batter": "AP Adegbola",
              "bowler": "NAT Watkins",
              "non_striker": "JO Adedeji",
              "runs": {
                "batter": 0,
                "extras": 0,
                "total": 0
              }
            },
            {
              "batter": "AP Adegbola",
              "bowler": "NAT Watkins",
              "non_striker": "JO Adedeji",
              "runs": {
                "batter": 0,
                "extras": 0,
                "total": 0
              }
            },
            {
              "batter": "AP Adegbola",
              "bowler": "NAT Watkins",
              "non_striker": "JO Adedeji",
              "runs": {
                "batter": 1,
                "extras": 0,
                "total": 1
              }
            }
          ]
        },
        {
          "over": 20,
          "deliveries": [
            {
              "batter": "AP Adegbola",
              "bowler": "BDH Stevens",
              "non_striker": "JO Adedeji",
              "runs": {
                "batter": 0,
                "extras": 0,
                "total": 0
              }
            },
            {
              "batter": "AP Adegbola",
              "bowler": "BDH Stevens",
              "non_striker": "JO Adedeji",
              "runs": {
                "batter": 0,
                "extras": 0,
                "total": 0
              }
            },
            {
              "batter": "AP Adegbola",
              "bowler": "BDH Stevens",
              "non_striker": "JO Adedeji",
              "runs": {
                "batter": 0,
                "extras": 0,
                "total": 0
              }
            },
            {
              "batter": "AP Adegbola",
              "bowler": "BDH Stevens",
              "non_striker": "JO Adedeji",
              "runs": {
                "batter": 0,
                "extras": 0,
                "total": 0
              }
            },
            {
              "batter": "AP Adegbola",
              "bowler": "BDH Stevens",
              "non_striker": "JO Adedeji",
              "runs": {
                "batter": 0,
                "extras": 0,
                "total": 0
              }
            },
            {
              "batter": "AP Adegbola",
              "bowler": "BDH Stevens",
              "non_striker": "JO Adedeji",
              "runs": {
                "batter": 1,
                "extras": 0,
                "total": 1
              }
            }
          ]
        },
        {
          "over": 21,
          "deliveries": [
            {
              "batter": "AP Adegbola",
              "bowler": "NAT Watkins",
              "non_striker": "JO Adedeji",
              "runs": {
                "batter": 0,
                "extras": 0,
                "total": 0
              }
            },
            {
              "batter": "AP Adegbola",
              "bowler": "NAT Watkins",
              "non_striker": "JO Adedeji",
              "runs": {
                "batter": 0,
                "extras": 0,
                "total": 0
              }
            },
            {
              "batter": "AP Adegbola",
              "bowler": "NAT Watkins",
              "non_striker": "JO Adedeji",
              "runs": {
                "batter": 0,
                "extras": 0,
                "total": 0
              }
            },
            {
              "batter": "AP Adegbola",
              "bowler": "NAT Watkins",
              "non_striker": "JO Adedeji",
              "runs": {
                "batter": 0,
                "extras": 0,
                "total": 0
              }
            },
            {
              "batter": "AP Adegbola",
              "bowler": "NAT Watkins",
              "non_striker": "JO Adedeji",
              "runs": {
                "batter": 1,
                "extras": 0,
                "total": 1
              }
            },
            {
              "batter": "JO Adedeji",
              "bowler": "NAT Watkins",
              "non_striker": "AP Adegbola",
              "runs": {
                "batter": 1,
                "extras": 0,
                "total": 1
              }
            }
          ]
        },
        {
          "over": 22,
          "deliveries": [
            {
              "batter": "JO Adedeji",
              "bowler": "BDH Stevens",
              "non_striker": "AP Adegbola",
              "runs": {
                "batter": 0,
                "extras": 0,
                "total": 0
              }
            },
            {
              "batter": "JO Adedeji",
              "bowler": "BDH Stevens",
              "non_striker": "AP Adegbola",
              "runs": {
                "batter": 1,
                "extras": 0,
                "total": 1
              }
            },
            {
              "batter": "AP Adegbola",
              "bowler": "BDH Stevens",
              "non_striker": "JO Adedeji",
              "runs": {
                "batter": 1,
                "extras": 0,
                "total": 1
              }
            },
            {
              "batter": "JO Adedeji",
              "bowler": "BDH Stevens",
              "non_striker": "AP Adegbola",
              "runs": {
                "batter": 0,
                "extras": 0,
                "total": 0
              }
            },
            {
              "batter": "JO Adedeji",
              "bowler": "BDH Stevens",
              "non_striker": "AP Adegbola",
              "runs": {
                "batter": 0,
                "extras": 0,
                "total": 0
              }
            },
            {
              "batter": "JO Adedeji",
              "bowler": "BDH Stevens",
              "non_striker": "AP Adegbola",
              "runs": {
                "batter": 0,
                "extras": 0,
                "total": 0
              }
            }
          ]
        },
        {
          "over": 23,
          "deliveries": [
            {
              "batter": "AP Adegbola",
              "bowler": "NAT Watkins",
              "non_striker": "JO Adedeji",
              "runs": {
                "batter": 0,
                "extras": 0,
                "total": 0
              }
            },
            {
              "batter": "AP Adegbola",
              "bowler": "NAT Watkins",
              "non_striker": "JO Adedeji",
              "runs": {
                "batter": 0,
                "extras": 0,
                "total": 0
              }
            },
            {
              "batter": "AP Adegbola",
              "bowler": "NAT Watkins",
              "non_striker": "JO Adedeji",
              "runs": {
                "batter": 1,
                "extras": 0,
                "total": 1
              }
            },
            {
              "batter": "JO Adedeji",
              "bowler": "NAT Watkins",
              "non_striker": "AP Adegbola",
              "runs": {
                "batter": 0,
                "extras": 0,
                "total": 0
              }
            },
            {
              "batter": "JO Adedeji",
              "bowler": "NAT Watkins",
              "non_striker": "AP Adegbola",
              "runs": {
                "batter": 6,
                "extras": 0,
                "total": 6
              }
            },
            {
              "batter": "JO Adedeji",
              "bowler": "NAT Watkins",
              "non_striker": "AP Adegbola",
              "runs": {
                "batter": 0,
                "extras": 0,
                "total": 0
              }
            }
          ]
        },
        {
          "over": 24,
          "deliveries": [
            {
              "batter": "AP Adegbola",
              "bowler": "B Kynman",
              "non_striker": "JO Adedeji",
              "runs": {
                "batter": 0,
                "extras": 0,
                "total": 0
              }
            },
            {
              "batter": "AP Adegbola",
              "bowler": "B Kynman",
              "non_striker": "JO Adedeji",
              "runs": {
                "batter": 1,
                "extras": 0,
                "total": 1
              }
            },
            {
              "batter": "JO Adedeji",
              "bowler": "B Kynman",
              "non_striker": "AP Adegbola",
              "runs": {
                "batter": 0,
                "extras": 0,
                "total": 0
              },
              "wickets": [
                {
                  "kind": "bowled",
                  "player_out": "JO Adedeji"
                }
              ]
            },
            {
              "batter": "AM Oyede",
              "bowler": "B Kynman",
              "non_striker": "AP Adegbola",
              "runs": {
                "batter": 0,
                "extras": 0,
                "total": 0
              },
              "wickets": [
                {
                  "kind": "bowled",
                  "player_out": "AM Oyede"
                }
              ]
            },
            {
              "batter": "OA Olympio",
              "bowler": "B Kynman",
              "non_striker": "AP Adegbola",
              "runs": {
                "batter": 0,
                "extras": 0,
                "total": 0
              }
            },
            {
              "batter": "OA Olympio",
              "bowler": "B Kynman",
              "non_striker": "AP Adegbola",
              "runs": {
                "batter": 1,
                "extras": 0,
                "total": 1
              }
            }
          ]
        },
        {
          "over": 25,
          "deliveries": [
            {
              "batter": "OA Olympio",
              "bowler": "NAT Watkins",
              "non_striker": "AP Adegbola",
              "runs": {
                "batter": 0,
                "extras": 0,
                "total": 0
              }
            },
            {
              "batter": "OA Olympio",
              "bowler": "NAT Watkins",
              "non_striker": "AP Adegbola",
              "runs": {
                "batter": 0,
                "extras": 0,
                "total": 0
              }
            },
            {
              "batter": "OA Olympio",
              "bowler": "NAT Watkins",
              "non_striker": "AP Adegbola",
              "runs": {
                "batter": 0,
                "extras": 0,
                "total": 0
              }
            },
            {
              "batter": "OA Olympio",
              "bowler": "NAT Watkins",
              "non_striker": "AP Adegbola",
              "runs": {
                "batter": 0,
                "extras": 0,
                "total": 0
              },
              "wickets": [
                {
                  "kind": "caught and bowled",
                  "player_out": "OA Olympio"
                }
              ]
            },
            {
              "batter": "IO Okpe",
              "bowler": "NAT Watkins",
              "non_striker": "AP Adegbola",
              "runs": {
                "batter": 0,
                "extras": 0,
                "total": 0
              }
            },
            {
              "batter": "IO Okpe",
              "bowler": "NAT Watkins",
              "non_striker": "AP Adegbola",
              "runs": {
                "batter": 0,
                "extras": 0,
                "total": 0
              }
            }
          ]
        },
        {
          "over": 26,
          "deliveries": [
            {
              "batter": "AP Adegbola",
              "bowler": "B Kynman",
              "non_striker": "IO Okpe",
              "runs": {
                "batter": 0,
                "extras": 0,
                "total": 0
              }
            },
            {
              "batter": "AP Adegbola",
              "bowler": "B Kynman",
              "non_striker": "IO Okpe",
              "runs": {
                "batter": 0,
                "extras": 0,
                "total": 0
              }
            },
            {
              "batter": "AP Adegbola",
              "bowler": "B Kynman",
              "non_striker": "IO Okpe",
              "runs": {
                "batter": 0,
                "extras": 0,
                "total": 0
              },
              "wickets": [
                {
                  "kind": "lbw",
                  "player_out": "AP Adegbola"
                }
              ]
            }
          ]
        }
      ],
      "powerplays": [
        {
          "from": 0.1,
          "to": 9.6,
          "type": "mandatory"
        },
        {
          "from": 10.1,
          "to": 26.3,
          "type": "mandatory"
        }
      ]
    },
    {
      "team": "Jersey",
      "overs": [
        {
          "over": 0,
          "deliveries": [
            {
              "batter": "PW Gough",
              "bowler": "CN Onwuzulike",
              "non_striker": "NAT Watkins",
              "runs": {
                "batter": 0,
                "extras": 0,
                "total": 0
              }
            },
            {
              "batter": "PW Gough",
              "bowler": "CN Onwuzulike",
              "non_striker": "NAT Watkins",
              "runs": {
                "batter": 0,
                "extras": 0,
                "total": 0
              }
            },
            {
              "batter": "PW Gough",
              "bowler": "CN Onwuzulike",
              "non_striker": "NAT Watkins",
              "runs": {
                "batter": 0,
                "extras": 0,
                "total": 0
              }
            },
            {
              "batter": "PW Gough",
              "bowler": "CN Onwuzulike",
              "non_striker": "NAT Watkins",
              "runs": {
                "batter": 0,
                "extras": 0,
                "total": 0
              }
            },
            {
              "batter": "PW Gough",
              "bowler": "CN Onwuzulike",
              "non_striker": "NAT Watkins",
              "runs": {
                "batter": 0,
                "extras": 0,
                "total": 0
              }
            },
            {
              "batter": "PW Gough",
              "bowler": "CN Onwuzulike",
              "non_striker": "NAT Watkins",
              "runs": {
                "batter": 0,
                "extras": 0,
                "total": 0
              }
            }
          ]
        },
        {
          "over": 1,
          "deliveries": [
            {
              "batter": "NAT Watkins",
              "bowler": "IO Okpe",
              "non_striker": "PW Gough",
              "runs": {
                "batter": 0,
                "extras": 0,
                "total": 0
              }
            },
            {
              "batter": "NAT Watkins",
              "bowler": "IO Okpe",
              "non_striker": "PW Gough",
              "runs": {
                "batter": 4,
                "extras": 0,
                "total": 4
              }
            },
            {
              "batter": "NAT Watkins",
              "bowler": "IO Okpe",
              "non_striker": "PW Gough",
              "runs": {
                "batter": 0,
                "extras": 0,
                "total": 0
              }
            },
            {
              "batter": "NAT Watkins",
              "bowler": "IO Okpe",
              "non_striker": "PW Gough",
              "runs": {
                "batter": 0,
                "extras": 0,
                "total": 0
              }
            },
            {
              "batter": "NAT Watkins",
              "bowler": "IO Okpe",
              "non_striker": "PW Gough",
              "runs": {
                "batter": 0,
                "extras": 0,
                "total": 0
              }
            },
            {
              "batter": "NAT Watkins",
              "bowler": "IO Okpe",
              "non_striker": "PW Gough",
              "runs": {
                "batter": 0,
                "extras": 0,
                "total": 0
              }
            }
          ]
        },
        {
          "over": 2,
          "deliveries": [
            {
              "batter": "PW Gough",
              "bowler": "CN Onwuzulike",
              "non_striker": "NAT Watkins",
              "runs": {
                "batter": 4,
                "extras": 0,
                "total": 4
              }
            },
            {
              "batter": "PW Gough",
              "bowler": "CN Onwuzulike",
              "non_striker": "NAT Watkins",
              "runs": {
                "batter": 4,
                "extras": 0,
                "total": 4
              }
            },
            {
              "batter": "PW Gough",
              "bowler": "CN Onwuzulike",
              "non_striker": "NAT Watkins",
              "runs": {
                "batter": 0,
                "extras": 0,
                "total": 0
              }
            },
            {
              "batter": "PW Gough",
              "bowler": "CN Onwuzulike",
              "non_striker": "NAT Watkins",
              "runs": {
                "batter": 1,
                "extras": 0,
                "total": 1
              }
            },
            {
              "batter": "NAT Watkins",
              "bowler": "CN Onwuzulike",
              "non_striker": "PW Gough",
              "runs": {
                "batter": 0,
                "extras": 0,
                "total": 0
              }
            },
            {
              "batter": "NAT Watkins",
              "bowler": "CN Onwuzulike",
              "non_striker": "PW Gough",
              "runs": {
                "batter": 0,
                "extras": 0,
                "total": 0
              }
            }
          ]
        },
        {
          "over": 3,
          "deliveries": [
            {
              "batter": "PW Gough",
              "bowler": "IO Okpe",
              "non_striker": "NAT Watkins",
              "runs": {
                "batter": 0,
                "extras": 0,
                "total": 0
              }
            },
            {
              "batter": "PW Gough",
              "bowler": "IO Okpe",
              "non_striker": "NAT Watkins",
              "runs": {
                "batter": 1,
                "extras": 0,
                "total": 1
              }
            },
            {
              "batter": "NAT Watkins",
              "bowler": "IO Okpe",
              "non_striker": "PW Gough",
              "runs": {
                "batter": 0,
                "extras": 0,
                "total": 0
              }
            },
            {
              "batter": "NAT Watkins",
              "bowler": "IO Okpe",
              "non_striker": "PW Gough",
              "runs": {
                "batter": 4,
                "extras": 0,
                "total": 4
              }
            },
            {
              "batter": "NAT Watkins",
              "bowler": "IO Okpe",
              "non_striker": "PW Gough",
              "runs": {
                "batter": 4,
                "extras": 0,
                "total": 4
              }
            },
            {
              "batter": "NAT Watkins",
              "bowler": "IO Okpe",
              "non_striker": "PW Gough",
              "runs": {
                "batter": 0,
                "extras": 0,
                "total": 0
              }
            }
          ]
        },
        {
          "over": 4,
          "deliveries": [
            {
              "batter": "PW Gough",
              "bowler": "CN Onwuzulike",
              "non_striker": "NAT Watkins",
              "runs": {
                "batter": 0,
                "extras": 0,
                "total": 0
              }
            },
            {
              "batter": "PW Gough",
              "bowler": "CN Onwuzulike",
              "non_striker": "NAT Watkins",
              "runs": {
                "batter": 4,
                "extras": 0,
                "total": 4
              }
            },
            {
              "batter": "PW Gough",
              "bowler": "CN Onwuzulike",
              "non_striker": "NAT Watkins",
              "runs": {
                "batter": 0,
                "extras": 0,
                "total": 0
              }
            },
            {
              "batter": "PW Gough",
              "bowler": "CN Onwuzulike",
              "non_striker": "NAT Watkins",
              "runs": {
                "batter": 0,
                "extras": 0,
                "total": 0
              }
            },
            {
              "batter": "PW Gough",
              "bowler": "CN Onwuzulike",
              "non_striker": "NAT Watkins",
              "runs": {
                "batter": 1,
                "extras": 0,
                "total": 1
              }
            },
            {
              "batter": "NAT Watkins",
              "bowler": "CN Onwuzulike",
              "non_striker": "PW Gough",
              "runs": {
                "batter": 2,
                "extras": 0,
                "total": 2
              }
            }
          ]
        },
        {
          "over": 5,
          "deliveries": [
            {
              "batter": "PW Gough",
              "bowler": "IO Okpe",
              "non_striker": "NAT Watkins",
              "runs": {
                "batter": 0,
                "extras": 0,
                "total": 0
              }
            },
            {
              "batter": "PW Gough",
              "bowler": "IO Okpe",
              "non_striker": "NAT Watkins",
              "runs": {
                "batter": 1,
                "extras": 0,
                "total": 1
              }
            },
            {
              "batter": "NAT Watkins",
              "bowler": "IO Okpe",
              "non_striker": "PW Gough",
              "runs": {
                "batter": 1,
                "extras": 0,
                "total": 1
              }
            },
            {
              "batter": "PW Gough",
              "bowler": "IO Okpe",
              "non_striker": "NAT Watkins",
              "runs": {
                "batter": 4,
                "extras": 0,
                "total": 4
              }
            },
            {
              "batter": "PW Gough",
              "bowler": "IO Okpe",
              "non_striker": "NAT Watkins",
              "runs": {
                "batter": 0,
                "extras": 0,
                "total": 0
              }
            },
            {
              "batter": "PW Gough",
              "bowler": "IO Okpe",
              "non_striker": "NAT Watkins",
              "runs": {
                "batter": 0,
                "extras": 0,
                "total": 0
              }
            }
          ]
        },
        {
          "over": 6,
          "deliveries": [
            {
              "batter": "NAT Watkins",
              "bowler": "OA Olympio",
              "non_striker": "PW Gough",
              "runs": {
                "batter": 0,
                "extras": 0,
                "total": 0
              }
            },
            {
              "batter": "NAT Watkins",
              "bowler": "OA Olympio",
              "non_striker": "PW Gough",
              "runs": {
                "batter": 0,
                "extras": 0,
                "total": 0
              }
            },
            {
              "batter": "NAT Watkins",
              "bowler": "OA Olympio",
              "non_striker": "PW Gough",
              "runs": {
                "batter": 4,
                "extras": 0,
                "total": 4
              }
            },
            {
              "batter": "NAT Watkins",
              "bowler": "OA Olympio",
              "non_striker": "PW Gough",
              "runs": {
                "batter": 4,
                "extras": 0,
                "total": 4
              }
            },
            {
              "batter": "NAT Watkins",
              "bowler": "OA Olympio",
              "non_striker": "PW Gough",
              "runs": {
                "batter": 0,
                "extras": 0,
                "total": 0
              }
            },
            {
              "batter": "NAT Watkins",
              "bowler": "OA Olympio",
              "non_striker": "PW Gough",
              "runs": {
                "batter": 0,
                "extras": 0,
                "total": 0
              }
            }
          ]
        },
        {
          "over": 7,
          "deliveries": [
            {
              "batter": "PW Gough",
              "bowler": "IO Okpe",
              "non_striker": "NAT Watkins",
              "runs": {
                "batter": 0,
                "extras": 0,
                "total": 0
              }
            },
            {
              "batter": "PW Gough",
              "bowler": "IO Okpe",
              "non_striker": "NAT Watkins",
              "runs": {
                "batter": 4,
                "extras": 0,
                "total": 4
              }
            },
            {
              "batter": "PW Gough",
              "bowler": "IO Okpe",
              "non_striker": "NAT Watkins",
              "runs": {
                "batter": 0,
                "extras": 0,
                "total": 0
              }
            },
            {
              "batter": "PW Gough",
              "bowler": "IO Okpe",
              "extras": {
                "wides": 1
              },
              "non_striker": "NAT Watkins",
              "runs": {
                "batter": 0,
                "extras": 1,
                "total": 1
              }
            },
            {
              "batter": "PW Gough",
              "bowler": "IO Okpe",
              "non_striker": "NAT Watkins",
              "runs": {
                "batter": 0,
                "extras": 0,
                "total": 0
              }
            },
            {
              "batter": "PW Gough",
              "bowler": "IO Okpe",
              "non_striker": "NAT Watkins",
              "runs": {
                "batter": 1,
                "extras": 0,
                "total": 1
              }
            },
            {
              "batter": "NAT Watkins",
              "bowler": "IO Okpe",
              "non_striker": "PW Gough",
              "runs": {
                "batter": 4,
                "extras": 0,
                "total": 4
              }
            }
          ]
        },
        {
          "over": 8,
          "deliveries": [
            {
              "batter": "PW Gough",
              "bowler": "JO Adedeji",
              "non_striker": "NAT Watkins",
              "runs": {
                "batter": 0,
                "extras": 0,
                "total": 0
              }
            },
            {
              "batter": "PW Gough",
              "bowler": "JO Adedeji",
              "non_striker": "NAT Watkins",
              "runs": {
                "batter": 0,
                "extras": 0,
                "total": 0
              }
            },
            {
              "batter": "PW Gough",
              "bowler": "JO Adedeji",
              "non_striker": "NAT Watkins",
              "runs": {
                "batter": 0,
                "extras": 0,
                "total": 0
              }
            },
            {
              "batter": "PW Gough",
              "bowler": "JO Adedeji",
              "non_striker": "NAT Watkins",
              "runs": {
                "batter": 4,
                "extras": 0,
                "total": 4
              }
            },
            {
              "batter": "PW Gough",
              "bowler": "JO Adedeji",
              "non_striker": "NAT Watkins",
              "runs": {
                "batter": 0,
                "extras": 0,
                "total": 0
              }
            },
            {
              "batter": "PW Gough",
              "bowler": "JO Adedeji",
              "non_striker": "NAT Watkins",
              "runs": {
                "batter": 1,
                "extras": 0,
                "total": 1
              }
            }
          ]
        },
        {
          "over": 9,
          "deliveries": [
            {
              "batter": "PW Gough",
              "bowler": "OJ Bejide",
              "non_striker": "NAT Watkins",
              "runs": {
                "batter": 4,
                "extras": 0,
                "total": 4
              }
            },
            {
              "batter": "PW Gough",
              "bowler": "OJ Bejide",
              "non_striker": "NAT Watkins",
              "runs": {
                "batter": 0,
                "extras": 0,
                "total": 0
              }
            },
            {
              "batter": "PW Gough",
              "bowler": "OJ Bejide",
              "non_striker": "NAT Watkins",
              "runs": {
                "batter": 1,
                "extras": 0,
                "total": 1
              }
            },
            {
              "batter": "NAT Watkins",
              "bowler": "OJ Bejide",
              "non_striker": "PW Gough",
              "runs": {
                "batter": 0,
                "extras": 0,
                "total": 0
              }
            },
            {
              "batter": "NAT Watkins",
              "bowler": "OJ Bejide",
              "non_striker": "PW Gough",
              "runs": {
                "batter": 0,
                "extras": 0,
                "total": 0
              }
            },
            {
              "batter": "NAT Watkins",
              "bowler": "OJ Bejide",
              "non_striker": "PW Gough",
              "runs": {
                "batter": 1,
                "extras": 0,
                "total": 1
              }
            }
          ]
        },
        {
          "over": 10,
          "deliveries": [
            {
              "batter": "NAT Watkins",
              "bowler": "JO Adedeji",
              "non_striker": "PW Gough",
              "runs": {
                "batter": 1,
                "extras": 0,
                "total": 1
              }
            },
            {
              "batter": "PW Gough",
              "bowler": "JO Adedeji",
              "non_striker": "NAT Watkins",
              "runs": {
                "batter": 1,
                "extras": 0,
                "total": 1
              }
            },
            {
              "batter": "NAT Watkins",
              "bowler": "JO Adedeji",
              "non_striker": "PW Gough",
              "runs": {
                "batter": 1,
                "extras": 0,
                "total": 1
              }
            },
            {
              "batter": "PW Gough",
              "bowler": "JO Adedeji",
              "non_striker": "NAT Watkins",
              "runs": {
                "batter": 1,
                "extras": 0,
                "total": 1
              }
            },
            {
              "batter": "NAT Watkins",
              "bowler": "JO Adedeji",
              "non_striker": "PW Gough",
              "runs": {
                "batter": 1,
                "extras": 0,
                "total": 1
              }
            },
            {
              "batter": "PW Gough",
              "bowler": "JO Adedeji",
              "non_striker": "NAT Watkins",
              "runs": {
                "batter": 2,
                "extras": 0,
                "total": 2
              }
            }
          ]
        },
        {
          "over": 11,
          "deliveries": [
            {
              "batter": "NAT Watkins",
              "bowler": "OJ Bejide",
              "non_striker": "PW Gough",
              "runs": {
                "batter": 0,
                "extras": 0,
                "total": 0
              }
            },
            {
              "batter": "NAT Watkins",
              "bowler": "OJ Bejide",
              "non_striker": "PW Gough",
              "runs": {
                "batter": 0,
                "extras": 0,
                "total": 0
              }
            },
            {
              "batter": "NAT Watkins",
              "bowler": "OJ Bejide",
              "non_striker": "PW Gough",
              "runs": {
                "batter": 4,
                "extras": 0,
                "total": 4
              }
            },
            {
              "batter": "NAT Watkins",
              "bowler": "OJ Bejide",
              "non_striker": "PW Gough",
              "runs": {
                "batter": 0,
                "extras": 0,
                "total": 0
              }
            },
            {
              "batter": "NAT Watkins",
              "bowler": "OJ Bejide",
              "non_striker": "PW Gough",
              "runs": {
                "batter": 4,
                "extras": 0,
                "total": 4
              }
            },
            {
              "batter": "NAT Watkins",
              "bowler": "OJ Bejide",
              "non_striker": "PW Gough",
              "runs": {
                "batter": 2,
                "extras": 0,
                "total": 2
              }
            }
          ]
        },
        {
          "over": 12,
          "deliveries": [
            {
              "batter": "PW Gough",
              "bowler": "AA Onikoyi",
              "non_striker": "NAT Watkins",
              "runs": {
                "batter": 0,
                "extras": 0,
                "total": 0
              }
            },
            {
              "batter": "PW Gough",
              "bowler": "AA Onikoyi",
              "non_striker": "NAT Watkins",
              "runs": {
                "batter": 1,
                "extras": 0,
                "total": 1
              }
            },
            {
              "batter": "NAT Watkins",
              "bowler": "AA Onikoyi",
              "extras": {
                "wides": 1
              },
              "non_striker": "PW Gough",
              "runs": {
                "batter": 0,
                "extras": 1,
                "total": 1
              }
            },
            {
              "batter": "NAT Watkins",
              "bowler": "AA Onikoyi",
              "non_striker": "PW Gough",
              "runs": {
                "batter": 1,
                "extras": 0,
                "total": 1
              }
            },
            {
              "batter": "PW Gough",
              "bowler": "AA Onikoyi",
              "extras": {
                "wides": 1
              },
              "non_striker": "NAT Watkins",
              "runs": {
                "batter": 0,
                "extras": 1,
                "total": 1
              }
            },
            {
              "batter": "PW Gough",
              "bowler": "AA Onikoyi",
              "non_striker": "NAT Watkins",
              "runs": {
                "batter": 0,
                "extras": 0,
                "total": 0
              }
            },
            {
              "batter": "PW Gough",
              "bowler": "AA Onikoyi",
              "non_striker": "NAT Watkins",
              "runs": {
                "batter": 1,
                "extras": 0,
                "total": 1
              }
            },
            {
              "batter": "NAT Watkins",
              "bowler": "AA Onikoyi",
              "non_striker": "PW Gough",
              "runs": {
                "batter": 1,
                "extras": 0,
                "total": 1
              }
            }
          ]
        },
        {
          "over": 13,
          "deliveries": [
            {
              "batter": "NAT Watkins",
              "bowler": "AM Oyede",
              "non_striker": "PW Gough",
              "runs": {
                "batter": 0,
                "extras": 0,
                "total": 0
              }
            },
            {
              "batter": "NAT Watkins",
              "bowler": "AM Oyede",
              "non_striker": "PW Gough",
              "runs": {
                "batter": 0,
                "extras": 0,
                "total": 0
              }
            },
            {
              "batter": "NAT Watkins",
              "bowler": "AM Oyede",
              "non_striker": "PW Gough",
              "runs": {
                "batter": 0,
                "extras": 0,
                "total": 0
              }
            },
            {
              "batter": "NAT Watkins",
              "bowler": "AM Oyede",
              "non_striker": "PW Gough",
              "runs": {
                "batter": 0,
                "extras": 0,
                "total": 0
              }
            },
            {
              "batter": "NAT Watkins",
              "bowler": "AM Oyede",
              "non_striker": "PW Gough",
              "runs": {
                "batter": 3,
                "extras": 0,
                "total": 3
              }
            },
            {
              "batter": "PW Gough",
              "bowler": "AM Oyede",
              "non_striker": "NAT Watkins",
              "runs": {
                "batter": 0,
                "extras": 0,
                "total": 0
              }
            }
          ]
        },
        {
          "over": 14,
          "deliveries": [
            {
              "batter": "NAT Watkins",
              "bowler": "AA Onikoyi",
              "non_striker": "PW Gough",
              "runs": {
                "batter": 4,
                "extras": 0,
                "total": 4
              }
            }
          ]
        }
      ],
      "powerplays": [
        {
          "from": 0.1,
          "to": 9.6,
          "type": "mandatory"
        },
        {
          "from": 10.1,
          "to": 14.1,
          "type": "mandatory"
        }
      ],
      "target": {
        "overs": 50,
        "runs": 94
      }
    }
  ]
}