{
  "meta": {
    "data_version": "1.0.0",
    "created": "2016-05-26",
    "revision": 2
  },
  "info": {
    "balls_per_over": 6,
    "city": "St Saviour",
    "dates": [
      "2016-05-25"
    ],
    "event": {
      "name": "ICC World Cricket League Division Five"
    },
    "gender": "male",
    "match_type": "ODM",
    "missing": [
      "player_of_match"
    ],
    "officials": {
      "match_referees": [
        "DT Jukes"
      ],
      "reserve_umpires": [
        "Tabarak Dar"
      ],
      "umpires": [
        "HKG Jansen",
        "AJ Neill"
      ]
    },
    "outcome": {
      "by": {
        "wickets": 9
      },
      "winner": "Oman"
    },
    "overs": 50,
    "players": {
      "Oman": [
        "Zeeshan Maqsood",
        "Khawar Ali",
        "VS Wategaonkar",
        "KN Riaz",
        "Jatinder Singh",
        "Aamir Kaleem",
        "AV Lalcheta",
        "Sufyan Mehmood",
        "RJ Ranpura",
        "SS Khadye",
        "M Ansari"
      ],
      "Tanzania": [
        "AR Patwa",
        "Jitin Singh",
        "AA Jasani",
        "K Nassoro",
        "Shaheed Dhanani",
        "AD Kamania",
        "RK Kiseto",
        "KZ Rehmtullah",
        "A Dagar",
        "A Mpeka",
        "N Mapunda"
      ]
    },
    "registry": {
      "people": {
        "A Dagar": "397462b9",
        "A Mpeka": "7e8ffb67",
        "AA Jasani": "1fb04d31",
        "AD Kamania": "b692049a",
        "AJ Neill": "7ffe0ce3",
        "AR Patwa": "b43f7a6a",
        "AV Lalcheta": "b858be20",
        "Aamir Kaleem": "7ecb9a14",
        "DT Jukes": "7c215d14",
        "HKG Jansen": "6e9d5add",
        "Jatinder Singh": "b80dd12c",
        "Jitin Singh": "b7db83eb",
        "K Nassoro": "29ee9bf9",
        "KN Riaz": "71f7d315",
        "KZ Rehmtullah": "995aedfe",
        "Khawar Ali": "934b36a6",
        "M Ansari": "681af475",
        "N Mapunda": "a94c2947",
        "RJ Ranpura": "c024db94",
        "RK Kiseto": "780d1997",
        "SS Khadye": "04ff561c",
        "Shaheed Dhanani": "23c9372d",
        "Sufyan Mehmood": "bf172ae6",
        "Tabarak Dar": "2259c12d",
        "VS Wategaonkar": "dd340ef9",
        "Zeeshan Maqsood": "34464143"
      }
    },
    "season": 2016,
    "team_type": "international",
    "teams": [
      "Oman",
      "Tanzania"
    ],
    "toss": {
      "decision": "field",
      "winner": "Oman"
    },
    "venue": "Grainville"
  },
  "innings": [
    {
      "team": "Tanzania",
      "overs": [
        {
          "over": 0,
          "deliveries": [
            {
              "batter": "AR Patwa",
              "bowler": "AV Lalcheta",
              "non_striker": "Jitin Singh",
              "runs": {
                "batter": 0,
                "extras": 0,
                "total": 0
              }
            },
            {
              "batter": "AR Patwa",
              "bowler": "AV Lalcheta",
              "non_striker": "Jitin Singh",
              "runs": {
                "batter": 0,
                "extras": 0,
                "total": 0
              }
            },
            {
              "batter": "AR Patwa",
              "bowler": "AV Lalcheta",
              "non_striker": "Jitin Singh",
              "runs": {
                "batter": 0,
                "extras": 0,
                "total": 0
              }
            },
            {
              "batter": "AR Patwa",
              "bowler": "AV Lalcheta",
              "non_striker": "Jitin Singh",
              "runs": {
                "batter": 0,
                "extras": 0,
                "total": 0
              }
            },
            {
              "batter": "AR Patwa",
              "bowler": "AV Lalcheta",
              "non_striker": "Jitin Singh",
              "runs": {
                "batter": 0,
                "extras": 0,
                "total": 0
              }
            },
            {
              "batter": "AR Patwa",
              "bowler": "AV Lalcheta",
              "non_striker": "Jitin Singh",
              "runs": {
                "batter": 0,
                "extras": 0,
                "total": 0
              }
            }
          ]
        },
        {
          "over": 1,
          "deliveries": [
            {
              "batter": "Jitin Singh",
              "bowler": "RJ Ranpura",
              "non_striker": "AR Patwa",
              "runs": {
                "batter": 0,
                "extras": 0,
                "total": 0
              }
            },
            {
              "batter": "Jitin Singh",
              "bowler": "RJ Ranpura",
              "non_striker": "AR Patwa",
              "runs": {
                "batter": 0,
                "extras": 0,
                "total": 0
              }
            },
            {
              "batter": "Jitin Singh",
              "bowler": "RJ Ranpura",
              "non_striker": "AR Patwa",
              "runs": {
                "batter": 0,
                "extras": 0,
                "total": 0
              }
            },
            {
              "batter": "Jitin Singh",
              "bowler": "RJ Ranpura",
              "non_striker": "AR Patwa",
              "runs": {
                "batter": 0,
                "extras": 0,
                "total": 0
              }
            },
            {
              "batter": "Jitin Singh",
              "bowler": "RJ Ranpura",
              "non_striker": "AR Patwa",
              "runs": {
                "batter": 0,
                "extras": 0,
                "total": 0
              },
              "wickets": [
                {
                  "kind": "caught",
                  "player_out": "Jitin Singh",
                  "fielders": [
                    {
                      "name": "SS Khadye"
                    }
                  ]
                }
              ]
            },
            {
              "batter": "AA Jasani",
              "bowler": "RJ Ranpura",
              "non_striker": "AR Patwa",
              "runs": {
                "batter": 0,
                "extras": 0,
                "total": 0
              }
            }
          ]
        },
        {
          "over": 2,
          "deliveries": [
            {
              "batter": "AR Patwa",
              "bowler": "AV Lalcheta",
              "non_striker": "AA Jasani",
              "runs": {
                "batter": 0,
                "extras": 0,
                "total": 0
              }
            },
            {
              "batter": "AR Patwa",
              "bowler": "AV Lalcheta",
              "non_striker": "AA Jasani",
              "runs": {
                "batter": 0,
                "extras": 0,
                "total": 0
              }
            },
            {
              "batter": "AR Patwa",
              "bowler": "AV Lalcheta",
              "non_striker": "AA Jasani",
              "runs": {
                "batter": 1,
                "extras": 0,
                "total": 1
              }
            },
            {
              "batter": "AA Jasani",
              "bowler": "AV Lalcheta",
              "non_striker": "AR Patwa",
              "runs": {
                "batter": 0,
                "extras": 0,
                "total": 0
              }
            },
            {
              "batter": "AA Jasani",
              "bowler": "AV Lalcheta",
              "non_striker": "AR Patwa",
              "runs": {
                "batter": 0,
                "extras": 0,
                "total": 0
              }
            },
            {
              "batter": "AA Jasani",
              "bowler": "AV Lalcheta",
              "non_striker": "AR Patwa",
              "runs": {
                "batter": 0,
                "extras": 0,
                "total": 0
              }
            }
          ]
        },
        {
          "over": 3,
          "deliveries": [
            {
              "batter": "AR Patwa",
              "bowler": "RJ Ranpura",
              "non_striker": "AA Jasani",
              "runs": {
                "batter": 0,
                "extras": 0,
                "total": 0
              }
            },
            {
              "batter": "AR Patwa",
              "bowler": "RJ Ranpura",
              "non_striker": "AA Jasani",
              "runs": {
                "batter": 1,
                "extras": 0,
                "total": 1
              }
            },
            {
              "batter": "AA Jasani",
              "bowler": "RJ Ranpura",
              "non_striker": "AR Patwa",
              "runs": {
                "batter": 0,
                "extras": 0,
                "total": 0
              },
              "wickets": [
                {
                  "kind": "bowled",
                  "player_out": "AA Jasani"
                }
              ]
            },
            {
              "batter": "K Nassoro",
              "bowler": "RJ Ranpura",
              "non_striker": "AR Patwa",
              "runs": {
                "batter": 0,
                "extras": 0,
                "total": 0
              }
            },
            {
              "batter": "K Nassoro",
              "bowler": "RJ Ranpura",
              "non_striker": "AR Patwa",
              "runs": {
                "batter": 0,
                "extras": 0,
                "total": 0
              }
            },
            {
              "batter": "K Nassoro",
              "bowler": "RJ Ranpura",
              "non_striker": "AR Patwa",
              "runs": {
                "batter": 0,
                "extras": 0,
                "total": 0
              }
            }
          ]
        },
        {
          "over": 4,
          "deliveries": [
            {
              "batter": "AR Patwa",
              "bowler": "AV Lalcheta",
              "non_striker": "K Nassoro",
              "runs": {
                "batter": 0,
                "extras": 0,
                "total": 0
              }
            },
            {
              "batter": "AR Patwa",
              "bowler": "AV Lalcheta",
              "non_striker": "K Nassoro",
              "runs": {
                "batter": 0,
                "extras": 0,
                "total": 0
              }
            },
            {
              "batter": "AR Patwa",
              "bowler": "AV Lalcheta",
              "non_striker": "K Nassoro",
              "runs": {
                "batter": 0,
                "extras": 0,
                "total": 0
              }
            },
            {
              "batter": "AR Patwa",
              "bowler": "AV Lalcheta",
              "extras": {
                "wides": 2
              },
              "non_striker": "K Nassoro",
              "runs": {
                "batter": 0,
                "extras": 2,
                "total": 2
              }
            },
            {
              "batter": "K Nassoro",
              "bowler": "AV Lalcheta",
              "non_striker": "AR Patwa",
              "runs": {
                "batter": 0,
                "extras": 0,
                "total": 0
              }
            },
            {
              "batter": "K Nassoro",
              "bowler": "AV Lalcheta",
              "non_striker": "AR Patwa",
              "runs": {
                "batter": 0,
                "extras": 0,
                "total": 0
              }
            },
            {
              "batter": "K Nassoro",
              "bowler": "AV Lalcheta",
              "non_striker": "AR Patwa",
              "runs": {
                "batter": 0,
                "extras": 0,
                "total": 0
              }
            }
          ]
        },
        {
          "over": 5,
          "deliveries": [
            {
              "batter": "AR Patwa",
              "bowler": "RJ Ranpura",
              "non_striker": "K Nassoro",
              "runs": {
                "batter": 0,
                "extras": 0,
                "total": 0
              }
            },
            {
              "batter": "AR Patwa",
              "bowler": "RJ Ranpura",
              "non_striker": "K Nassoro",
              "runs": {
                "batter": 1,
                "extras": 0,
                "total": 1
              }
            },
            {
              "batter": "K Nassoro",
              "bowler": "RJ Ranpura",
              "extras": {
                "wides": 1
              },
              "non_striker": "AR Patwa",
              "runs": {
                "batter": 0,
                "extras": 1,
                "total": 1
              }
            },
            {
              "batter": "K Nassoro",
              "bowler": "RJ Ranpura",
              "extras": {
                "wides": 1
              },
              "non_striker": "AR Patwa",
              "runs": {
                "batter": 0,
                "extras": 1,
                "total": 1
              }
            },
            {
              "batter": "K Nassoro",
              "bowler": "RJ Ranpura",
              "non_striker": "AR Patwa",
              "runs": {
                "batter": 0,
                "extras": 0,
                "total": 0
              }
            },
            {
              "batter": "K Nassoro",
              "bowler": "RJ Ranpura",
              "non_striker": "AR Patwa",
              "runs": {
                "batter": 0,
                "extras": 0,
                "total": 0
              }
            },
            {
              "batter": "K Nassoro",
              "bowler": "RJ Ranpura",
              "non_striker": "AR Patwa",
              "runs": {
                "batter": 0,
                "extras": 0,
                "total": 0
              }
            },
            {
              "batter": "K Nassoro",
              "bowler": "RJ Ranpura",
              "non_striker": "AR Patwa",
              "runs": {
                "batter": 0,
                "extras": 0,
                "total": 0
              }
            }
          ]
        },
        {
          "over": 6,
          "deliveries": [
            {
              "batter": "AR Patwa",
              "bowler": "AV Lalcheta",
              "non_striker": "K Nassoro",
              "runs": {
                "batter": 0,
                "extras": 0,
                "total": 0
              }
            },
            {
              "batter": "AR Patwa",
              "bowler": "AV Lalcheta",
              "non_striker": "K Nassoro",
              "runs": {
                "batter": 0,
                "extras": 0,
                "total": 0
              }
            },
            {
              "batter": "AR Patwa",
              "bowler": "AV Lalcheta",
              "non_striker": "K Nassoro",
              "runs": {
                "batter": 0,
                "extras": 0,
                "total": 0
              }
            },
            {
              "batter": "AR Patwa",
              "bowler": "AV Lalcheta",
              "non_striker": "K Nassoro",
              "runs": {
                "batter": 0,
                "extras": 0,
                "total": 0
              }
            },
            {
              "batter": "AR Patwa",
              "bowler": "AV Lalcheta",
              "non_striker": "K Nassoro",
              "runs": {
                "batter": 0,
                "extras": 0,
                "total": 0
              }
            },
            {
              "batter": "AR Patwa",
              "bowler": "AV Lalcheta",
              "non_striker": "K Nassoro",
              "runs": {
                "batter": 4,
                "extras": 0,
                "total": 4
              }
            }
          ]
        },
        {
          "over": 7,
          "deliveries": [
            {
              "batter": "K Nassoro",
              "bowler": "RJ Ranpura",
              "non_striker": "AR Patwa",
              "runs": {
                "batter": 0,
                "extras": 0,
                "total": 0
              }
            },
            {
              "batter": "K Nassoro",
              "bowler": "RJ Ranpura",
              "non_striker": "AR Patwa",
              "runs": {
                "batter": 0,
                "extras": 0,
                "total": 0
              }
            },
            {
              "batter": "K Nassoro",
              "bowler": "RJ Ranpura",
              "non_striker": "AR Patwa",
              "runs": {
                "batter": 0,
                "extras": 0,
                "total": 0
              }
            },
            {
              "batter": "K Nassoro",
              "bowler": "RJ Ranpura",
              "non_striker": "AR Patwa",
              "runs": {
                "batter": 4,
                "extras": 0,
                "total": 4
              }
            },
            {
              "batter": "K Nassoro",
              "bowler": "RJ Ranpura",
              "non_striker": "AR Patwa",
              "runs": {
                "batter": 0,
                "extras": 0,
                "total": 0
              }
            },
            {
              "batter": "K Nassoro",
              "bowler": "RJ Ranpura",
              "non_striker": "AR Patwa",
              "runs": {
                "batter": 0,
                "extras": 0,
                "total": 0
              }
            }
          ]
        },
        {
          "over": 8,
          "deliveries": [
            {
              "batter": "AR Patwa",
              "bowler": "M Ansari",
              "extras": {
                "wides": 1
              },
              "non_striker": "K Nassoro",
              "runs": {
                "batter": 0,
                "extras": 1,
                "total": 1
              }
            },
            {
              "batter": "AR Patwa",
              "bowler": "M Ansari",
              "non_striker": "K Nassoro",
              "runs": {
                "batter": 0,
                "extras": 0,
                "total": 0
              }
            },
            {
              "batter": "AR Patwa",
              "bowler": "M Ansari",
              "non_striker": "K Nassoro",
              "runs": {
                "batter": 0,
                "extras": 0,
                "total": 0
              }
            },
            {
              "batter": "AR Patwa",
              "bowler": "M Ansari",
              "non_striker": "K Nassoro",
              "runs": {
                "batter": 1,
                "extras": 0,
                "total": 1
              }
            },
            {
              "batter": "K Nassoro",
              "bowler": "M Ansari",
              "non_striker": "AR Patwa",
              "runs": {
                "batter": 0,
                "extras": 0,
                "total": 0
              }
            },
            {
              "batter": "K Nassoro",
              "bowler": "M Ansari",
              "non_striker": "AR Patwa",
              "runs": {
                "batter": 1,
                "extras": 0,
                "total": 1
              }
            },
            {
              "batter": "AR Patwa",
              "bowler": "M Ansari",
              "non_striker": "K Nassoro",
              "runs": {
                "batter": 0,
                "extras": 0,
                "total": 0
              }
            }
          ]
        },
        {
          "over": 9,
          "deliveries": [
            {
              "batter": "K Nassoro",
              "bowler": "RJ Ranpura",
              "non_striker": "AR Patwa",
              "runs": {
                "batter": 0,
                "extras": 0,
                "total": 0
              }
            },
            {
              "batter": "K Nassoro",
              "bowler": "RJ Ranpura",
              "non_striker": "AR Patwa",
              "runs": {
                "batter": 0,
                "extras": 0,
                "total": 0
              }
            },
            {
              "batter": "K Nassoro",
              "bowler": "RJ Ranpura",
              "non_striker": "AR Patwa",
              "runs": {
                "batter": 2,
                "extras": 0,
                "total": 2
              }
            },
            {
              "batter": "K Nassoro",
              "bowler": "RJ Ranpura",
              "non_striker": "AR Patwa",
              "runs": {
                "batter": 0,
                "extras": 0,
                "total": 0
              }
            },
            {
              "batter": "K Nassoro",
              "bowler": "RJ Ranpura",
              "non_striker": "AR Patwa",
              "runs": {
                "batter": 0,
                "extras": 0,
                "total": 0
              }
            },
            {
              "batter": "K Nassoro",
              "bowler": "RJ Ranpura",
              "non_striker": "AR Patwa",
              "runs": {
                "batter": 1,
                "extras": 0,
                "total": 1
              }
            }
          ]
        },
        {
          "over": 10,
          "deliveries": [
            {
              "batter": "K Nassoro",
              "bowler": "M Ansari",
              "non_striker": "AR Patwa",
              "runs": {
                "batter": 1,
                "extras": 0,
                "total": 1
              }
            },
            {
              "batter": "AR Patwa",
              "bowler": "M Ansari",
              "non_striker": "K Nassoro",
              "runs": {
                "batter": 0,
                "extras": 0,
                "total": 0
              }
            },
            {
              "batter": "AR Patwa",
              "bowler": "M Ansari",
              "non_striker": "K Nassoro",
              "runs": {
                "batter": 4,
                "extras": 0,
                "total": 4
              }
            },
            {
              "batter": "AR Patwa",
              "bowler": "M Ansari",
              "non_striker": "K Nassoro",
              "runs": {
                "batter": 1,
                "extras": 0,
                "total": 1
              }
            },
            {
              "batter": "K Nassoro",
              "bowler": "M Ansari",
              "non_striker": "AR Patwa",
              "runs": {
                "batter": 0,
                "extras": 0,
                "total": 0
              }
            },
            {
              "batter": "K Nassoro",
              "bowler": "M Ansari",
              "non_striker": "AR Patwa",
              "runs": {
                "batter": 0,
                "extras": 0,
                "total": 0
              }
            }
          ]
        },
        {
          "over": 11,
          "deliveries": [
            {
              "batter": "AR Patwa",
              "bowler": "RJ Ranpura",
              "non_striker": "K Nassoro",
              "runs": {
                "batter": 0,
                "extras": 0,
                "total": 0
              }
            },
            {
              "batter": "AR Patwa",
              "bowler": "RJ Ranpura",
              "non_striker": "K Nassoro",
              "runs": {
                "batter": 2,
                "extras": 0,
                "total": 2
              }
            },
            {
              "batter": "AR Patwa",
              "bowler": "RJ Ranpura",
              "non_striker": "K Nassoro",
              "runs": {
                "batter": 4,
                "extras": 0,
                "total": 4
              }
            },
            {
              "batter": "AR Patwa",
              "bowler": "RJ Ranpura",
              "non_striker": "K Nassoro",
              "runs": {
                "batter": 0,
                "extras": 0,
                "total": 0
              }
            },
            {
              "batter": "AR Patwa",
              "bowler": "RJ Ranpura",
              "non_striker": "K Nassoro",
              "runs": {
                "batter": 0,
                "extras": 0,
                "total": 0
              }
            },
            {
              "batter": "AR Patwa",
              "bowler": "RJ Ranpura",
              "non_striker": "K Nassoro",
              "runs": {
                "batter": 1,
                "extras": 0,
                "total": 1
              }
            }
          ]
        },
        {
          "over": 12,
          "deliveries": [
            {
              "batter": "AR Patwa",
              "bowler": "M Ansari",
              "non_striker": "K Nassoro",
              "runs": {
                "batter": 0,
                "extras": 0,
                "total": 0
              }
            },
            {
              "batter": "AR Patwa",
              "bowler": "M Ansari",
              "non_striker": "K Nassoro",
              "runs": {
                "batter": 0,
                "extras": 0,
                "total": 0
              }
            },
            {
              "batter": "AR Patwa",
              "bowler": "M Ansari",
              "non_striker": "K Nassoro",
              "runs": {
                "batter": 0,
                "extras": 0,
                "total": 0
              }
            },
            {
              "batter": "AR Patwa",
              "bowler": "M Ansari",
              "non_striker": "K Nassoro",
              "runs": {
                "batter": 0,
                "extras": 0,
                "total": 0
              }
            },
            {
              "batter": "AR Patwa",
              "bowler": "M Ansari",
              "non_striker": "K Nassoro",
              "runs": {
                "batter": 0,
                "extras": 0,
                "total": 0
              }
            },
            {
              "batter": "AR Patwa",
              "bowler": "M Ansari",
              "non_striker": "K Nassoro",
              "runs": {
                "batter": 0,
                "extras": 0,
                "total": 0
              }
            }
          ]
        },
        {
          "over": 13,
          "deliveries": [
            {
              "batter": "K Nassoro",
              "bowler": "Sufyan Mehmood",
              "non_striker": "AR Patwa",
              "runs": {
                "batter": 0,
                "extras": 0,
                "total": 0
              },
              "wickets": [
                {
                  "kind": "bowled",
                  "player_out": "K Nassoro"
                }
              ]
            },
            {
              "batter": "Shaheed Dhanani",
              "bowler": "Sufyan Mehmood",
              "non_striker": "AR Patwa",
              "runs": {
                "batter": 0,
                "extras": 0,
                "total": 0
              }
            },
            {
              "batter": "Shaheed Dhanani",
              "bowler": "Sufyan Mehmood",
              "non_striker": "AR Patwa",
              "runs": {
                "batter": 0,
                "extras": 0,
                "total": 0
              }
            },
            {
              "batter": "Shaheed Dhanani",
              "bowler": "Sufyan Mehmood",
              "non_striker": "AR Patwa",
              "runs": {
                "batter": 0,
                "extras": 0,
                "total": 0
              }
            },
            {
              "batter": "Shaheed Dhanani",
              "bowler": "Sufyan Mehmood",
              "extras": {
                "wides": 1
              },
              "non_striker": "AR Patwa",
              "runs": {
                "batter": 0,
                "extras": 1,
                "total": 1
              }
            },
            {
              "batter": "Shaheed Dhanani",
              "bowler": "Sufyan Mehmood",
              "non_striker": "AR Patwa",
              "runs": {
                "batter": 0,
                "extras": 0,
                "total": 0
              }
            },
            {
              "batter": "Shaheed Dhanani",
              "bowler": "Sufyan Mehmood",
              "non_striker": "AR Patwa",
              "runs": {
                "batter": 0,
                "extras": 0,
                "total": 0
              }
            }
          ]
        },
        {
          "over": 14,
          "deliveries": [
            {
              "batter": "AR Patwa",
              "bowler": "M Ansari",
              "non_striker": "Shaheed Dhanani",
              "runs": {
                "batter": 4,
                "extras": 0,
                "total": 4
              }
            },
            {
              "batter": "AR Patwa",
              "bowler": "M Ansari",
              "non_striker": "Shaheed Dhanani",
              "runs": {
                "batter": 1,
                "extras": 0,
                "total": 1
              }
            },
            {
              "batter": "Shaheed Dhanani",
              "bowler": "M Ansari",
              "non_striker": "AR Patwa",
              "runs": {
                "batter": 0,
                "extras": 0,
                "total": 0
              }
            },
            {
              "batter": "Shaheed Dhanani",
              "bowler": "M Ansari",
              "non_striker": "AR Patwa",
              "runs": {
                "batter": 0,
                "extras": 0,
                "total": 0
              }
            },
            {
              "batter": "Shaheed Dhanani",
              "bowler": "M Ansari",
              "non_striker": "AR Patwa",
              "runs": {
                "batter": 4,
                "extras": 0,
                "total": 4
              }
            },
            {
              "batter": "Shaheed Dhanani",
              "bowler": "M Ansari",
              "non_striker": "AR Patwa",
              "runs": {
                "batter": 0,
                "extras": 0,
                "total": 0
              }
            }
          ]
        },
        {
          "over": 15,
          "deliveries": [
            {
              "batter": "AR Patwa",
              "bowler": "Sufyan Mehmood",
              "non_striker": "Shaheed Dhanani",
              "runs": {
                "batter": 0,
                "extras": 0,
                "total": 0
              }
            },
            {
              "batter": "AR Patwa",
              "bowler": "Sufyan Mehmood",
              "non_striker": "Shaheed Dhanani",
              "runs": {
                "batter": 0,
                "extras": 0,
                "total": 0
              }
            },
            {
              "batter": "AR Patwa",
              "bowler": "Sufyan Mehmood",
              "non_striker": "Shaheed Dhanani",
              "runs": {
                "batter": 0,
                "extras": 0,
                "total": 0
              }
            },
            {
              "batter": "AR Patwa",
              "bowler": "Sufyan Mehmood",
              "non_striker": "Shaheed Dhanani",
              "runs": {
                "batter": 0,
                "extras": 0,
                "total": 0
              }
            },
            {
              "batter": "AR Patwa",
              "bowler": "Sufyan Mehmood",
              "non_striker": "Shaheed Dhanani",
              "runs": {
                "batter": 0,
                "extras": 0,
                "total": 0
              }
            },
            {
              "batter": "AR Patwa",
              "bowler": "Sufyan Mehmood",
              "non_striker": "Shaheed Dhanani",
              "runs": {
                "batter": 3,
                "extras": 0,
                "total": 3
              }
            }
          ]
        },
        {
          "over": 16,
          "deliveries": [
            {
              "batter": "AR Patwa",
              "bowler": "Aamir Kaleem",
              "non_striker": "Shaheed Dhanani",
              "runs": {
                "batter": 0,
                "extras": 0,
                "total": 0
              }
            },
            {
              "batter": "AR Patwa",
              "bowler": "Aamir Kaleem",
              "non_striker": "Shaheed Dhanani",
              "runs": {
                "batter": 0,
                "extras": 0,
                "total": 0
              }
            },
            {
              "batter": "AR Patwa",
              "bowler": "Aamir Kaleem",
              "non_striker": "Shaheed Dhanani",
              "runs": {
                "batter": 0,
                "extras": 0,
                "total": 0
              }
            },
            {
              "batter": "AR Patwa",
              "bowler": "Aamir Kaleem",
              "non_striker": "Shaheed Dhanani",
              "runs": {
                "batter": 0,
                "extras": 0,
                "total": 0
              }
            },
            {
              "batter": "AR Patwa",
              "bowler": "Aamir Kaleem",
              "non_striker": "Shaheed Dhanani",
              "runs": {
                "batter": 0,
                "extras": 0,
                "total": 0
              },
              "wickets": [
                {
                  "kind": "caught",
                  "player_out": "AR Patwa",
                  "fielders": [
                    {
                      "name": "AV Lalcheta"
                    }
                  ]
                }
              ]
            },
            {
              "batter": "AD Kamania",
              "bowler": "Aamir Kaleem",
              "non_striker": "Shaheed Dhanani",
              "runs": {
                "batter": 0,
                "extras": 0,
                "total": 0
              },
              "wickets": [
                {
                  "kind": "caught",
                  "player_out": "AD Kamania",
                  "fielders": [
                    {
                      "name": "SS Khadye"
                    }
                  ]
                }
              ]
            }
          ]
        },
        {
          "over": 17,
          "deliveries": [
            {
              "batter": "Shaheed Dhanani",
              "bowler": "Sufyan Mehmood",
              "non_striker": "RK Kiseto",
              "runs": {
                "batter": 0,
                "extras": 0,
                "total": 0
              }
            },
            {
              "batter": "Shaheed Dhanani",
              "bowler": "Sufyan Mehmood",
              "non_striker": "RK Kiseto",
              "runs": {
                "batter": 0,
                "extras": 0,
                "total": 0
              }
            },
            {
              "batter": "Shaheed Dhanani",
              "bowler": "Sufyan Mehmood",
              "non_striker": "RK Kiseto",
              "runs": {
                "batter": 0,
                "extras": 0,
                "total": 0
              }
            },
            {
              "batter": "Shaheed Dhanani",
              "bowler": "Sufyan Mehmood",
              "non_striker": "RK Kiseto",
              "runs": {
                "batter": 1,
                "extras": 0,
                "total": 1
              }
            },
            {
              "batter": "RK Kiseto",
              "bowler": "Sufyan Mehmood",
              "non_striker": "Shaheed Dhanani",
              "runs": {
                "batter": 0,
                "extras": 0,
                "total": 0
              }
            },
            {
              "batter": "RK Kiseto",
              "bowler": "Sufyan Mehmood",
              "non_striker": "Shaheed Dhanani",
              "runs": {
                "batter": 0,
                "extras": 0,
                "total": 0
              }
            }
          ]
        },
        {
          "over": 18,
          "deliveries": [
            {
              "batter": "Shaheed Dhanani",
              "bowler": "Aamir Kaleem",
              "non_striker": "RK Kiseto",
              "runs": {
                "batter": 0,
                "extras": 0,
                "total": 0
              }
            },
            {
              "batter": "Shaheed Dhanani",
              "bowler": "Aamir Kaleem",
              "non_striker": "RK Kiseto",
              "runs": {
                "batter": 1,
                "extras": 0,
                "total": 1
              }
            },
            {
              "batter": "RK Kiseto",
              "bowler": "Aamir Kaleem",
              "non_striker": "Shaheed Dhanani",
              "runs": {
                "batter": 0,
                "extras": 0,
                "total": 0
              }
            },
            {
              "batter": "RK Kiseto",
              "bowler": "Aamir Kaleem",
              "non_striker": "Shaheed Dhanani",
              "runs": {
                "batter": 0,
                "extras": 0,
                "total": 0
              }
            },
            {
              "batter": "RK Kiseto",
              "bowler": "Aamir Kaleem",
              "extras": {
                "wides": 1
              },
              "non_striker": "Shaheed Dhanani",
              "runs": {
                "batter": 0,
                "extras": 1,
                "total": 1
              }
            },
            {
              "batter": "RK Kiseto",
              "bowler": "Aamir Kaleem",
              "non_striker": "Shaheed Dhanani",
              "runs": {
                "batter": 0,
                "extras": 0,
                "total": 0
              }
            },
            {
              "batter": "RK Kiseto",
              "bowler": "Aamir Kaleem",
              "non_striker": "Shaheed Dhanani",
              "runs": {
                "batter": 2,
                "extras": 0,
                "total": 2
              }
            }
          ]
        },
        {
          "over": 19,
          "deliveries": [
            {
              "batter": "Shaheed Dhanani",
              "bowler": "Zeeshan Maqsood",
              "non_striker": "RK Kiseto",
              "runs": {
                "batter": 0,
                "extras": 0,
                "total": 0
              }
            },
            {
              "batter": "Shaheed Dhanani",
              "bowler": "Zeeshan Maqsood",
              "non_striker": "RK Kiseto",
              "runs": {
                "batter": 0,
                "extras": 0,
                "total": 0
              }
            },
            {
              "batter": "Shaheed Dhanani",
              "bowler": "Zeeshan Maqsood",
              "non_striker": "RK Kiseto",
              "runs": {
                "batter": 4,
                "extras": 0,
                "total": 4
              }
            },
            {
              "batter": "Shaheed Dhanani",
              "bowler": "Zeeshan Maqsood",
              "non_striker": "RK Kiseto",
              "runs": {
                "batter": 0,
                "extras": 0,
                "total": 0
              }
            },
            {
              "batter": "Shaheed Dhanani",
              "bowler": "Zeeshan Maqsood",
              "non_striker": "RK Kiseto",
              "runs": {
                "batter": 0,
                "extras": 0,
                "total": 0
              }
            },
            {
              "batter": "Shaheed Dhanani",
              "bowler": "Zeeshan Maqsood",
              "non_striker": "RK Kiseto",
              "runs": {
                "batter": 0,
                "extras": 0,
                "total": 0
              }
            }
          ]
        },
        {
          "over": 20,
          "deliveries": [
            {
              "batter": "RK Kiseto",
              "bowler": "Aamir Kaleem",
              "non_striker": "Shaheed Dhanani",
              "runs": {
                "batter": 0,
                "extras": 0,
                "total": 0
              }
            },
            {
              "batter": "RK Kiseto",
              "bowler": "Aamir Kaleem",
              "non_striker": "Shaheed Dhanani",
              "runs": {
                "batter": 0,
                "extras": 0,
                "total": 0
              }
            },
            {
              "batter": "RK Kiseto",
              "bowler": "Aamir Kaleem",
              "non_striker": "Shaheed Dhanani",
              "runs": {
                "batter": 0,
                "extras": 0,
                "total": 0
              }
            },
            {
              "batter": "RK Kiseto",
              "bowler": "Aamir Kaleem",
              "non_striker": "Shaheed Dhanani",
              "runs": {
                "batter": 0,
                "extras": 0,
                "total": 0
              }
            },
            {
              "batter": "RK Kiseto",
              "bowler": "Aamir Kaleem",
              "non_striker": "Shaheed Dhanani",
              "runs": {
                "batter": 1,
                "extras": 0,
                "total": 1
              }
            },
            {
              "batter": "Shaheed Dhanani",
              "bowler": "Aamir Kaleem",
              "non_striker": "RK Kiseto",
              "runs": {
                "batter": 0,
                "extras": 0,
                "total": 0
              }
            }
          ]
        },
        {
          "over": 21,
          "deliveries": [
            {
              "batter": "RK Kiseto",
              "bowler": "Zeeshan Maqsood",
              "non_striker": "Shaheed Dhanani",
              "runs": {
                "batter": 0,
                "extras": 0,
                "total": 0
              }
            },
            {
              "batter": "RK Kiseto",
              "bowler": "Zeeshan Maqsood",
              "non_striker": "Shaheed Dhanani",
              "runs": {
                "batter": 0,
                "extras": 0,
                "total": 0
              }
            },
            {
              "batter": "RK Kiseto",
              "bowler": "Zeeshan Maqsood",
              "non_striker": "Shaheed Dhanani",
              "runs": {
                "batter": 0,
                "extras": 0,
                "total": 0
              }
            },
            {
              "batter": "RK Kiseto",
              "bowler": "Zeeshan Maqsood",
              "non_striker": "Shaheed Dhanani",
              "runs": {
                "batter": 0,
                "extras": 0,
                "total": 0
              }
            },
            {
              "batter": "RK Kiseto",
              "bowler": "Zeeshan Maqsood",
              "non_striker": "Shaheed Dhanani",
              "runs": {
                "batter": 0,
                "extras": 0,
                "total": 0
              }
            },
            {
              "batter": "RK Kiseto",
              "bowler": "Zeeshan Maqsood",
              "non_striker": "Shaheed Dhanani",
              "runs": {
                "batter": 4,
                "extras": 0,
                "total": 4
              }
            }
          ]
        },
        {
          "over": 22,
          "deliveries": [
            {
              "batter": "Shaheed Dhanani",
              "bowler": "Aamir Kaleem",
              "non_striker": "RK Kiseto",
              "runs": {
                "batter": 0,
                "extras": 0,
                "total": 0
              }
            },
            {
              "batter": "Shaheed Dhanani",
              "bowler": "Aamir Kaleem",
              "non_striker": "RK Kiseto",
              "runs": {
                "batter": 0,
                "extras": 0,
                "total": 0
              }
            },
            {
              "batter": "Shaheed Dhanani",
              "bowler": "Aamir Kaleem",
              "non_striker": "RK Kiseto",
              "runs": {
                "batter": 0,
                "extras": 0,
                "total": 0
              }
            },
            {
              "batter": "Shaheed Dhanani",
              "bowler": "Aamir Kaleem",
              "non_striker": "RK Kiseto",
              "runs": {
                "batter": 2,
                "extras": 0,
                "total": 2
              }
            },
            {
              "batter": "Shaheed Dhanani",
              "bowler": "Aamir Kaleem",
              "non_striker": "RK Kiseto",
              "runs": {
                "batter": 0,
                "extras": 0,
                "total": 0
              }
            },
            {
              "batter": "Shaheed Dhanani",
              "bowler": "Aamir Kaleem",
              "extras": {
                "byes": 1
              },
              "non_striker": "RK Kiseto",
              "runs": {
                "batter": 0,
                "extras": 1,
                "total": 1
              }
            }
          ]
        },
        {
          "over": 23,
          "deliveries": [
            {
              "batter": "Shaheed Dhanani",
              "bowler": "Zeeshan Maqsood",
              "non_striker": "RK Kiseto",
              "runs": {
                "batter": 1,
                "extras": 0,
                "total": 1
              }
            },
            {
              "batter": "RK Kiseto",
              "bowler": "Zeeshan Maqsood",
              "non_striker": "Shaheed Dhanani",
              "runs": {
                "batter": 0,
                "extras": 0,
                "total": 0
              }
            },
            {
              "batter": "RK Kiseto",
              "bowler": "Zeeshan Maqsood",
              "non_striker": "Shaheed Dhanani",
              "runs": {
                "batter": 0,
                "extras": 0,
                "total": 0
              }
            },
            {
              "batter": "RK Kiseto",
              "bowler": "Zeeshan Maqsood",
              "non_striker": "Shaheed Dhanani",
              "runs": {
                "batter": 0,
                "extras": 0,
                "total": 0
              }
            },
            {
              "batter": "RK Kiseto",
              "bowler": "Zeeshan Maqsood",
              "non_striker": "Shaheed Dhanani",
              "runs": {
                "batter": 0,
                "extras": 0,
                "total": 0
              }
            },
            {
              "batter": "RK Kiseto",
              "bowler": "Zeeshan Maqsood",
              "non_striker": "Shaheed Dhanani",
              "runs": {
                "batter": 1,
                "extras": 0,
                "total": 1
              }
            }
          ]
        },
        {
          "over": 24,
          "deliveries": [
            {
              "batter": "RK Kiseto",
              "bowler": "Aamir Kaleem",
              "non_striker": "Shaheed Dhanani",
              "runs": {
                "batter": 3,
                "extras": 0,
                "total": 3
              }
            },
            {
              "batter": "Shaheed Dhanani",
              "bowler": "Aamir Kaleem",
              "non_striker": "RK Kiseto",
              "runs": {
                "batter": 0,
                "extras": 0,
                "total": 0
              }
            },
            {
              "batter": "Shaheed Dhanani",
              "bowler": "Aamir Kaleem",
              "non_striker": "RK Kiseto",
              "runs": {
                "batter": 2,
                "extras": 0,
                "total": 2
              }
            },
            {
              "batter": "Shaheed Dhanani",
              "bowler": "Aamir Kaleem",
              "non_striker": "RK Kiseto",
              "runs": {
                "batter": 0,
                "extras": 0,
                "total": 0
              }
            },
            {
              "batter": "Shaheed Dhanani",
              "bowler": "Aamir Kaleem",
              "non_striker": "RK Kiseto",
              "runs": {
                "batter": 0,
                "extras": 0,
                "total": 0
              }
            },
            {
              "batter": "Shaheed Dhanani",
              "bowler": "Aamir Kaleem",
              "non_striker": "RK Kiseto",
              "runs": {
                "batter": 0,
                "extras": 0,
                "total": 0
              }
            }
          ]
        },
        {
          "over": 25,
          "deliveries": [
            {
              "batter": "RK Kiseto",
              "bowler": "Zeeshan Maqsood",
              "non_striker": "Shaheed Dhanani",
              "runs": {
                "batter": 0,
                "extras": 0,
                "total": 0
              }
            },
            {
              "batter": "RK Kiseto",
              "bowler": "Zeeshan Maqsood",
              "non_striker": "Shaheed Dhanani",
              "runs": {
                "batter": 0,
                "extras": 0,
                "total": 0
              }
            },
            {
              "batter": "RK Kiseto",
              "bowler": "Zeeshan Maqsood",
              "non_striker": "Shaheed Dhanani",
              "runs": {
                "batter": 1,
                "extras": 0,
                "total": 1
              }
            },
            {
              "batter": "Shaheed Dhanani",
              "bowler": "Zeeshan Maqsood",
              "non_striker": "RK Kiseto",
              "runs": {
                "batter": 1,
                "extras": 0,
                "total": 1
              }
            },
            {
              "batter": "RK Kiseto",
              "bowler": "Zeeshan Maqsood",
              "non_striker": "Shaheed Dhanani",
              "runs": {
                "batter": 0,
                "extras": 0,
                "total": 0
              }
            },
            {
              "batter": "RK Kiseto",
              "bowler": "Zeeshan Maqsood",
              "non_striker": "Shaheed Dhanani",
              "runs": {
                "batter": 0,
                "extras": 0,
                "total": 0
              }
            }
          ]
        },
        {
          "over": 26,
          "deliveries": [
            {
              "batter": "Shaheed Dhanani",
              "bowler": "Aamir Kaleem",
              "non_striker": "RK Kiseto",
              "runs": {
                "batter": 0,
                "extras": 0,
                "total": 0
              }
            },
            {
              "batter": "Shaheed Dhanani",
              "bowler": "Aamir Kaleem",
              "non_striker": "RK Kiseto",
              "runs": {
                "batter": 0,
                "extras": 0,
                "total": 0
              }
            },
            {
              "batter": "Shaheed Dhanani",
              "bowler": "Aamir Kaleem",
              "non_striker": "RK Kiseto",
              "runs": {
                "batter": 3,
                "extras": 0,
                "total": 3
              }
            },
            {
              "batter": "RK Kiseto",
              "bowler": "Aamir Kaleem",
              "non_striker": "Shaheed Dhanani",
              "runs": {
                "batter": 0,
                "extras": 0,
                "total": 0
              },
              "wickets": [
                {
                  "kind": "caught",
                  "player_out": "RK Kiseto",
                  "fielders": [
                    {
                      "name": "M Ansari"
                    }
                  ]
                }
              ]
            },
            {
              "batter": "KZ Rehmtullah",
              "bowler": "Aamir Kaleem",
              "non_striker": "Shaheed Dhanani",
              "runs": {
                "batter": 0,
                "extras": 0,
                "total": 0
              }
            },
            {
              "batter": "KZ Rehmtullah",
              "bowler": "Aamir Kaleem",
              "non_striker": "Shaheed Dhanani",
              "runs": {
                "batter": 0,
                "extras": 0,
                "total": 0
              }
            }
          ]
        },
        {
          "over": 27,
          "deliveries": [
            {
              "batter": "Shaheed Dhanani",
              "bowler": "AV Lalcheta",
              "non_striker": "KZ Rehmtullah",
              "runs": {
                "batter": 1,
                "extras": 0,
                "total": 1
              }
            },
            {
              "batter": "KZ Rehmtullah",
              "bowler": "AV Lalcheta",
              "non_striker": "Shaheed Dhanani",
              "runs": {
                "batter": 0,
                "extras": 0,
                "total": 0
              }
            },
            {
              "batter": "KZ Rehmtullah",
              "bowler": "AV Lalcheta",
              "non_striker": "Shaheed Dhanani",
              "runs": {
                "batter": 0,
                "extras": 0,
                "total": 0
              }
            },
            {
              "batter": "KZ Rehmtullah",
              "bowler": "AV Lalcheta",
              "non_striker": "Shaheed Dhanani",
              "runs": {
                "batter": 0,
                "extras": 0,
                "total": 0
              },
              "wickets": [
                {
                  "kind": "lbw",
                  "player_out": "KZ Rehmtullah"
                }
              ]
            },
            {
              "batter": "A Dagar",
              "bowler": "AV Lalcheta",
              "non_striker": "Shaheed Dhanani",
              "runs": {
                "batter": 0,
                "extras": 0,
                "total": 0
              }
            },
            {
              "batter": "A Dagar",
              "bowler": "AV Lalcheta",
              "non_striker": "Shaheed Dhanani",
              "runs": {
                "batter": 0,
                "extras": 0,
                "total": 0
              }
            }
          ]
        },
        {
          "over": 28,
          "deliveries": [
            {
              "batter": "Shaheed Dhanani",
              "bowler": "Aamir Kaleem",
              "non_striker": "A Dagar",
              "runs": {
                "batter": 0,
                "extras": 0,
                "total": 0
              }
            },
            {
              "batter": "Shaheed Dhanani",
              "bowler": "Aamir Kaleem",
              "non_striker": "A Dagar",
              "runs": {
                "batter": 0,
                "extras": 0,
                "total": 0
              }
            },
            {
              "batter": "Shaheed Dhanani",
              "bowler": "Aamir Kaleem",
              "non_striker": "A Dagar",
              "runs": {
                "batter": 2,
                "extras": 0,
                "total": 2
              }
            },
            {
              "batter": "Shaheed Dhanani",
              "bowler": "Aamir Kaleem",
              "non_striker": "A Dagar",
              "runs": {
                "batter": 0,
                "extras": 0,
                "total": 0
              }
            },
            {
              "batter": "Shaheed Dhanani",
              "bowler": "Aamir Kaleem",
              "non_striker": "A Dagar",
              "runs": {
                "batter": 1,
                "extras": 0,
                "total": 1
              }
            },
            {
              "batter": "A Dagar",
              "bowler": "Aamir Kaleem",
              "non_striker": "Shaheed Dhanani",
              "runs": {
                "batter": 0,
                "extras": 0,
                "total": 0
              }
            }
          ]
        },
        {
          "over": 29,
          "deliveries": [
            {
              "batter": "Shaheed Dhanani",
              "bowler": "AV Lalcheta",
              "non_striker": "A Dagar",
              "runs": {
                "batter": 0,
                "extras": 0,
                "total": 0
              }
            },
            {
              "batter": "Shaheed Dhanani",
              "bowler": "AV Lalcheta",
              "non_striker": "A Dagar",
              "runs": {
                "batter": 0,
                "extras": 0,
                "total": 0
              }
            },
            {
              "batter": "Shaheed Dhanani",
              "bowler": "AV Lalcheta",
              "non_striker": "A Dagar",
              "runs": {
                "batter": 4,
                "extras": 0,
                "total": 4
              }
            },
            {
              "batter": "Shaheed Dhanani",
              "bowler": "AV Lalcheta",
              "non_striker": "A Dagar",
              "runs": {
                "batter": 0,
                "extras": 0,
                "total": 0
              }
            },
            {
              "batter": "Shaheed Dhanani",
              "bowler": "AV Lalcheta",
              "non_striker": "A Dagar",
              "runs": {
                "batter": 0,
                "extras": 0,
                "total": 0
              }
            },
            {
              "batter": "Shaheed Dhanani",
              "bowler": "AV Lalcheta",
              "non_striker": "A Dagar",
              "runs": {
                "batter": 4,
                "extras": 0,
                "total": 4
              }
            }
          ]
        },
        {
          "over": 30,
          "deliveries": [
            {
              "batter": "A Dagar",
              "bowler": "Aamir Kaleem",
              "non_striker": "Shaheed Dhanani",
              "runs": {
                "batter": 4,
                "extras": 0,
                "total": 4
              }
            },
            {
              "batter": "A Dagar",
              "bowler": "Aamir Kaleem",
              "non_striker": "Shaheed Dhanani",
              "runs": {
                "batter": 0,
                "extras": 0,
                "total": 0
              }
            },
            {
              "batter": "A Dagar",
              "bowler": "Aamir Kaleem",
              "non_striker": "Shaheed Dhanani",
              "runs": {
                "batter": 0,
                "extras": 0,
                "total": 0
              }
            },
            {
              "batter": "A Dagar",
              "bowler": "Aamir Kaleem",
              "non_striker": "Shaheed Dhanani",
              "runs": {
                "batter": 0,
                "extras": 0,
                "total": 0
              }
            },
            {
              "batter": "A Dagar",
              "bowler": "Aamir Kaleem",
              "non_striker": "Shaheed Dhanani",
              "runs": {
                "batter": 0,
                "extras": 0,
                "total": 0
              }
            },
            {
              "batter": "A Dagar",
              "bowler": "Aamir Kaleem",
              "non_striker": "Shaheed Dhanani",
              "runs": {
                "batter": 0,
                "extras": 0,
                "total": 0
              }
            }
          ]
        },
        {
          "over": 31,
          "deliveries": [
            {
              "batter": "Shaheed Dhanani",
              "bowler": "AV Lalcheta",
              "non_striker": "A Dagar",
              "runs": {
                "batter": 1,
                "extras": 0,
                "total": 1
              }
            },
            {
              "batter": "A Dagar",
              "bowler": "AV Lalcheta",
              "non_striker": "Shaheed Dhanani",
              "runs": {
                "batter": 0,
                "extras": 0,
                "total": 0
              }
            },
            {
              "batter": "A Dagar",
              "bowler": "AV Lalcheta",
              "non_striker": "Shaheed Dhanani",
              "runs": {
                "batter": 0,
                "extras": 0,
                "total": 0
              }
            },
            {
              "batter": "A Dagar",
              "bowler": "AV Lalcheta",
              "non_striker": "Shaheed Dhanani",
              "runs": {
                "batter": 0,
                "extras": 0,
                "total": 0
              },
              "wickets": [
                {
                  "kind": "caught",
                  "player_out": "A Dagar",
                  "fielders": [
                    {
                      "name": "Jatinder Singh"
                    }
                  ]
                }
              ]
            },
            {
              "batter": "A Mpeka",
              "bowler": "AV Lalcheta",
              "non_striker": "Shaheed Dhanani",
              "runs": {
                "batter": 0,
                "extras": 0,
                "total": 0
              }
            },
            {
              "batter": "A Mpeka",
              "bowler": "AV Lalcheta",
              "non_striker": "Shaheed Dhanani",
              "runs": {
                "batter": 0,
                "extras": 0,
                "total": 0
              }
            }
          ]
        },
        {
          "over": 32,
          "deliveries": [
            {
              "batter": "Shaheed Dhanani",
              "bowler": "Aamir Kaleem",
              "non_striker": "A Mpeka",
              "runs": {
                "batter": 0,
                "extras": 0,
                "total": 0
              },
              "wickets": [
                {
                  "kind": "caught",
                  "player_out": "Shaheed Dhanani",
                  "fielders": [
                    {
                      "name": "AV Lalcheta"
                    }
                  ]
                }
              ]
            },
            {
              "batter": "N Mapunda",
              "bowler": "Aamir Kaleem",
              "non_striker": "A Mpeka",
              "runs": {
                "batter": 1,
                "extras": 0,
                "total": 1
              }
            },
            {
              "batter": "A Mpeka",
              "bowler": "Aamir Kaleem",
              "non_striker": "N Mapunda",
              "runs": {
                "batter": 0,
                "extras": 0,
                "total": 0
              }
            },
            {
              "batter": "A Mpeka",
              "bowler": "Aamir Kaleem",
              "non_striker": "N Mapunda",
              "runs": {
                "batter": 0,
                "extras": 0,
                "total": 0
              }
            },
            {
              "batter": "A Mpeka",
              "bowler": "Aamir Kaleem",
              "non_striker": "N Mapunda",
              "runs": {
                "batter": 0,
                "extras": 0,
                "total": 0
              },
              "wickets": [
                {
                  "kind": "caught",
                  "player_out": "A Mpeka",
                  "fielders": [
                    {
                      "name": "KN Riaz"
                    }
                  ]
                }
              ]
            }
          ]
        }
      ],
      "powerplays": [
        {
          "from": 0.1,
          "to": 9.6,
          "type": "mandatory"
        },
        {
          "from": 10.1,
          "to": 32.5,
          "type": "mandatory"
        }
      ]
    },
    {
      "team": "Oman",
      "overs": [
        {
          "over": 0,
          "deliveries": [
            {
              "batter": "Zeeshan Maqsood",
              "bowler": "KZ Rehmtullah",
              "non_striker": "Khawar Ali",
              "runs": {
                "batter": 2,
                "extras": 0,
                "total": 2
              }
            },
            {
              "batter": "Zeeshan Maqsood",
              "bowler": "KZ Rehmtullah",
              "non_striker": "Khawar Ali",
              "runs": {
                "batter": 0,
                "extras": 0,
                "total": 0
              }
            },
            {
              "batter": "Zeeshan Maqsood",
              "bowler": "KZ Rehmtullah",
              "non_striker": "Khawar Ali",
              "runs": {
                "batter": 0,
                "extras": 0,
                "total": 0
              }
            },
            {
              "batter": "Zeeshan Maqsood",
              "bowler": "KZ Rehmtullah",
              "non_striker": "Khawar Ali",
              "runs": {
                "batter": 4,
                "extras": 0,
                "total": 4
              }
            },
            {
              "batter": "Zeeshan Maqsood",
              "bowler": "KZ Rehmtullah",
              "non_striker": "Khawar Ali",
              "runs": {
                "batter": 0,
                "extras": 0,
                "total": 0
              }
            },
            {
              "batter": "Zeeshan Maqsood",
              "bowler": "KZ Rehmtullah",
              "non_striker": "Khawar Ali",
              "runs": {
                "batter": 0,
                "extras": 0,
                "total": 0
              }
            }
          ]
        },
        {
          "over": 1,
          "deliveries": [
            {
              "batter": "Khawar Ali",
              "bowler": "K Nassoro",
              "non_striker": "Zeeshan Maqsood",
              "runs": {
                "batter": 0,
                "extras": 0,
                "total": 0
              }
            },
            {
              "batter": "Khawar Ali",
              "bowler": "K Nassoro",
              "non_striker": "Zeeshan Maqsood",
              "runs": {
                "batter": 0,
                "extras": 0,
                "total": 0
              }
            },
            {
              "batter": "Khawar Ali",
              "bowler": "K Nassoro",
              "non_striker": "Zeeshan Maqsood",
              "runs": {
                "batter": 0,
                "extras": 0,
                "total": 0
              }
            },
            {
              "batter": "Khawar Ali",
              "bowler": "K Nassoro",
              "non_striker": "Zeeshan Maqsood",
              "runs": {
                "batter": 0,
                "extras": 0,
                "total": 0
              }
            },
            {
              "batter": "Khawar Ali",
              "bowler": "K Nassoro",
              "non_striker": "Zeeshan Maqsood",
              "runs": {
                "batter": 0,
                "extras": 0,
                "total": 0
              }
            },
            {
              "batter": "Khawar Ali",
              "bowler": "K Nassoro",
              "non_striker": "Zeeshan Maqsood",
              "runs": {
                "batter": 0,
                "extras": 0,
                "total": 0
              }
            }
          ]
        },
        {
          "over": 2,
          "deliveries": [
            {
              "batter": "Zeeshan Maqsood",
              "bowler": "KZ Rehmtullah",
              "non_striker": "Khawar Ali",
              "runs": {
                "batter": 4,
                "extras": 0,
                "total": 4
              }
            },
            {
              "batter": "Zeeshan Maqsood",
              "bowler": "KZ Rehmtullah",
              "non_striker": "Khawar Ali",
              "runs": {
                "batter": 0,
                "extras": 0,
                "total": 0
              }
            },
            {
              "batter": "Zeeshan Maqsood",
              "bowler": "KZ Rehmtullah",
              "non_striker": "Khawar Ali",
              "runs": {
                "batter": 2,
                "extras": 0,
                "total": 2
              }
            },
            {
              "batter": "Zeeshan Maqsood",
              "bowler": "KZ Rehmtullah",
              "non_striker": "Khawar Ali",
              "runs": {
                "batter": 1,
                "extras": 0,
                "total": 1
              }
            },
            {
              "batter": "Khawar Ali",
              "bowler": "KZ Rehmtullah",
              "non_striker": "Zeeshan Maqsood",
              "runs": {
                "batter": 0,
                "extras": 0,
                "total": 0
              }
            },
            {
              "batter": "Khawar Ali",
              "bowler": "KZ Rehmtullah",
              "non_striker": "Zeeshan Maqsood",
              "runs": {
                "batter": 2,
                "extras": 0,
                "total": 2
              }
            }
          ]
        },
        {
          "over": 3,
          "deliveries": [
            {
              "batter": "Zeeshan Maqsood",
              "bowler": "K Nassoro",
              "non_striker": "Khawar Ali",
              "runs": {
                "batter": 0,
                "extras": 0,
                "total": 0
              }
            },
            {
              "batter": "Zeeshan Maqsood",
              "bowler": "K Nassoro",
              "non_striker": "Khawar Ali",
              "runs": {
                "batter": 0,
                "extras": 0,
                "total": 0
              }
            },
            {
              "batter": "Zeeshan Maqsood",
              "bowler": "K Nassoro",
              "non_striker": "Khawar Ali",
              "runs": {
                "batter": 0,
                "extras": 0,
                "total": 0
              }
            },
            {
              "batter": "Zeeshan Maqsood",
              "bowler": "K Nassoro",
              "non_striker": "Khawar Ali",
              "runs": {
                "batter": 4,
                "extras": 0,
                "total": 4
              }
            },
            {
              "batter": "Zeeshan Maqsood",
              "bowler": "K Nassoro",
              "non_striker": "Khawar Ali",
              "runs": {
                "batter": 1,
                "extras": 0,
                "total": 1
              }
            },
            {
              "batter": "Khawar Ali",
              "bowler": "K Nassoro",
              "non_striker": "Zeeshan Maqsood",
              "runs": {
                "batter": 0,
                "extras": 0,
                "total": 0
              }
            }
          ]
        },
        {
          "over": 4,
          "deliveries": [
            {
              "batter": "Zeeshan Maqsood",
              "bowler": "A Dagar",
              "non_striker": "Khawar Ali",
              "runs": {
                "batter": 1,
                "extras": 0,
                "total": 1
              }
            },
            {
              "batter": "Khawar Ali",
              "bowler": "A Dagar",
              "non_striker": "Zeeshan Maqsood",
              "runs": {
                "batter": 0,
                "extras": 0,
                "total": 0
              }
            },
            {
              "batter": "Khawar Ali",
              "bowler": "A Dagar",
              "non_striker": "Zeeshan Maqsood",
              "runs": {
                "batter": 0,
                "extras": 0,
                "total": 0
              }
            },
            {
              "batter": "Khawar Ali",
              "bowler": "A Dagar",
              "non_striker": "Zeeshan Maqsood",
              "runs": {
                "batter": 1,
                "extras": 0,
                "total": 1
              }
            },
            {
              "batter": "Zeeshan Maqsood",
              "bowler": "A Dagar",
              "non_striker": "Khawar Ali",
              "runs": {
                "batter": 2,
                "extras": 0,
                "total": 2
              }
            },
            {
              "batter": "Zeeshan Maqsood",
              "bowler": "A Dagar",
              "non_striker": "Khawar Ali",
              "runs": {
                "batter": 1,
                "extras": 0,
                "total": 1
              }
            }
          ]
        },
        {
          "over": 5,
          "deliveries": [
            {
              "batter": "Zeeshan Maqsood",
              "bowler": "K Nassoro",
              "non_striker": "Khawar Ali",
              "runs": {
                "batter": 4,
                "extras": 0,
                "total": 4
              }
            },
            {
              "batter": "Zeeshan Maqsood",
              "bowler": "K Nassoro",
              "non_striker": "Khawar Ali",
              "runs": {
                "batter": 0,
                "extras": 0,
                "total": 0
              }
            },
            {
              "batter": "Zeeshan Maqsood",
              "bowler": "K Nassoro",
              "non_striker": "Khawar Ali",
              "runs": {
                "batter": 0,
                "extras": 0,
                "total": 0
              }
            },
            {
              "batter": "Zeeshan Maqsood",
              "bowler": "K Nassoro",
              "non_striker": "Khawar Ali",
              "runs": {
                "batter": 0,
                "extras": 0,
                "total": 0
              }
            },
            {
              "batter": "Zeeshan Maqsood",
              "bowler": "K Nassoro",
              "non_striker": "Khawar Ali",
              "runs": {
                "batter": 0,
                "extras": 0,
                "total": 0
              }
            },
            {
              "batter": "Zeeshan Maqsood",
              "bowler": "K Nassoro",
              "non_striker": "Khawar Ali",
              "runs": {
                "batter": 0,
                "extras": 0,
                "total": 0
              }
            }
          ]
        },
        {
          "over": 6,
          "deliveries": [
            {
              "batter": "Khawar Ali",
              "bowler": "A Dagar",
              "non_striker": "Zeeshan Maqsood",
              "runs": {
                "batter": 0,
                "extras": 0,
                "total": 0
              }
            },
            {
              "batter": "Khawar Ali",
              "bowler": "A Dagar",
              "non_striker": "Zeeshan Maqsood",
              "runs": {
                "batter": 0,
                "extras": 0,
                "total": 0
              }
            },
            {
              "batter": "Khawar Ali",
              "bowler": "A Dagar",
              "non_striker": "Zeeshan Maqsood",
              "runs": {
                "batter": 4,
                "extras": 0,
                "total": 4
              }
            },
            {
              "batter": "Khawar Ali",
              "bowler": "A Dagar",
              "non_striker": "Zeeshan Maqsood",
              "runs": {
                "batter": 0,
                "extras": 0,
                "total": 0
              }
            },
            {
              "batter": "Khawar Ali",
              "bowler": "A Dagar",
              "non_striker": "Zeeshan Maqsood",
              "runs": {
                "batter": 0,
                "extras": 0,
                "total": 0
              }
            },
            {
              "batter": "Khawar Ali",
              "bowler": "A Dagar",
              "non_striker": "Zeeshan Maqsood",
              "runs": {
                "batter": 4,
                "extras": 0,
                "total": 4
              }
            }
          ]
        },
        {
          "over": 7,
          "deliveries": [
            {
              "batter": "Zeeshan Maqsood",
              "bowler": "A Mpeka",
              "non_striker": "Khawar Ali",
              "runs": {
                "batter": 0,
                "extras": 0,
                "total": 0
              }
            },
            {
              "batter": "Zeeshan Maqsood",
              "bowler": "A Mpeka",
              "non_striker": "Khawar Ali",
              "runs": {
                "batter": 1,
                "extras": 0,
                "total": 1
              }
            },
            {
              "batter": "Khawar Ali",
              "bowler": "A Mpeka",
              "non_striker": "Zeeshan Maqsood",
              "runs": {
                "batter": 0,
                "extras": 0,
                "total": 0
              }
            },
            {
              "batter": "Khawar Ali",
              "bowler": "A Mpeka",
              "non_striker": "Zeeshan Maqsood",
              "runs": {
                "batter": 0,
                "extras": 0,
                "total": 0
              }
            },
            {
              "batter": "Khawar Ali",
              "bowler": "A Mpeka",
              "non_striker": "Zeeshan Maqsood",
              "runs": {
                "batter": 0,
                "extras": 0,
                "total": 0
              }
            },
            {
              "batter": "Khawar Ali",
              "bowler": "A Mpeka",
              "non_striker": "Zeeshan Maqsood",
              "runs": {
                "batter": 0,
                "extras": 0,
                "total": 0
              }
            }
          ]
        },
        {
          "over": 8,
          "deliveries": [
            {
              "batter": "Zeeshan Maqsood",
              "bowler": "K Nassoro",
              "non_striker": "Khawar Ali",
              "runs": {
                "batter": 0,
                "extras": 0,
                "total": 0
              }
            },
            {
              "batter": "Zeeshan Maqsood",
              "bowler": "K Nassoro",
              "non_striker": "Khawar Ali",
              "runs": {
                "batter": 0,
                "extras": 0,
                "total": 0
              }
            },
            {
              "batter": "Zeeshan Maqsood",
              "bowler": "K Nassoro",
              "non_striker": "Khawar Ali",
              "runs": {
                "batter": 1,
                "extras": 0,
                "total": 1
              }
            },
            {
              "batter": "Khawar Ali",
              "bowler": "K Nassoro",
              "non_striker": "Zeeshan Maqsood",
              "runs": {
                "batter": 4,
                "extras": 0,
                "total": 4
              }
            },
            {
              "batter": "Khawar Ali",
              "bowler": "K Nassoro",
              "non_striker": "Zeeshan Maqsood",
              "runs": {
                "batter": 0,
                "extras": 0,
                "total": 0
              },
              "wickets": [
                {
                  "kind": "stumped",
                  "player_out": "Khawar Ali",
                  "fielders": [
                    {
                      "name": "N Mapunda"
                    }
                  ]
                }
              ]
            },
            {
              "batter": "VS Wategaonkar",
              "bowler": "K Nassoro",
              "non_striker": "Zeeshan Maqsood",
              "runs": {
                "batter": 0,
                "extras": 0,
                "total": 0
              }
            }
          ]
        },
        {
          "over": 9,
          "deliveries": [
            {
              "batter": "Zeeshan Maqsood",
              "bowler": "A Mpeka",
              "non_striker": "VS Wategaonkar",
              "runs": {
                "batter": 0,
                "extras": 0,
                "total": 0
              }
            },
            {
              "batter": "Zeeshan Maqsood",
              "bowler": "A Mpeka",
              "non_striker": "VS Wategaonkar",
              "runs": {
                "batter": 0,
                "extras": 0,
                "total": 0
              }
            },
            {
              "batter": "Zeeshan Maqsood",
              "bowler": "A Mpeka",
              "non_striker": "VS Wategaonkar",
              "runs": {
                "batter": 1,
                "extras": 0,
                "total": 1
              }
            },
            {
              "batter": "VS Wategaonkar",
              "bowler": "A Mpeka",
              "non_striker": "Zeeshan Maqsood",
              "runs": {
                "batter": 0,
                "extras": 0,
                "total": 0
              }
            },
            {
              "batter": "VS Wategaonkar",
              "bowler": "A Mpeka",
              "non_striker": "Zeeshan Maqsood",
              "runs": {
                "batter": 0,
                "extras": 0,
                "total": 0
              }
            },
            {
              "batter": "VS Wategaonkar",
              "bowler": "A Mpeka",
              "non_striker": "Zeeshan Maqsood",
              "runs": {
                "batter": 0,
                "extras": 0,
                "total": 0
              }
            }
          ]
        },
        {
          "over": 10,
          "deliveries": [
            {
              "batter": "Zeeshan Maqsood",
              "bowler": "K Nassoro",
              "non_striker": "VS Wategaonkar",
              "runs": {
                "batter": 0,
                "extras": 0,
                "total": 0
              }
            },
            {
              "batter": "Zeeshan Maqsood",
              "bowler": "K Nassoro",
              "non_striker": "VS Wategaonkar",
              "runs": {
                "batter": 0,
                "extras": 0,
                "total": 0
              }
            },
            {
              "batter": "Zeeshan Maqsood",
              "bowler": "K Nassoro",
              "non_striker": "VS Wategaonkar",
              "runs": {
                "batter": 0,
                "extras": 0,
                "total": 0
              }
            },
            {
              "batter": "Zeeshan Maqsood",
              "bowler": "K Nassoro",
              "non_striker": "VS Wategaonkar",
              "runs": {
                "batter": 1,
                "extras": 0,
                "total": 1
              }
            },
            {
              "batter": "VS Wategaonkar",
              "bowler": "K Nassoro",
              "non_striker": "Zeeshan Maqsood",
              "runs": {
                "batter": 0,
                "extras": 0,
                "total": 0
              }
            },
            {
              "batter": "VS Wategaonkar",
              "bowler": "K Nassoro",
              "non_striker": "Zeeshan Maqsood",
              "runs": {
                "batter": 0,
                "extras": 0,
                "total": 0
              }
            }
          ]
        },
        {
          "over": 11,
          "deliveries": [
            {
              "batter": "Zeeshan Maqsood",
              "bowler": "A Mpeka",
              "non_striker": "VS Wategaonkar",
              "runs": {
                "batter": 0,
                "extras": 0,
                "total": 0
              }
            },
            {
              "batter": "Zeeshan Maqsood",
              "bowler": "A Mpeka",
              "non_striker": "VS Wategaonkar",
              "runs": {
                "batter": 2,
                "extras": 0,
                "total": 2
              }
            },
            {
              "batter": "Zeeshan Maqsood",
              "bowler": "A Mpeka",
              "non_striker": "VS Wategaonkar",
              "runs": {
                "batter": 4,
                "extras": 0,
                "total": 4
              }
            },
            {
              "batter": "Zeeshan Maqsood",
              "bowler": "A Mpeka",
              "non_striker": "VS Wategaonkar",
              "runs": {
                "batter": 0,
                "extras": 0,
                "total": 0
              }
            },
            {
              "batter": "Zeeshan Maqsood",
              "bowler": "A Mpeka",
              "non_striker": "VS Wategaonkar",
              "runs": {
                "batter": 4,
                "extras": 0,
                "total": 4
              }
            },
            {
              "batter": "Zeeshan Maqsood",
              "bowler": "A Mpeka",
              "non_striker": "VS Wategaonkar",
              "runs": {
                "batter": 0,
                "extras": 0,
                "total": 0
              }
            }
          ]
        },
        {
          "over": 12,
          "deliveries": [
            {
              "batter": "VS Wategaonkar",
              "bowler": "K Nassoro",
              "non_striker": "Zeeshan Maqsood",
              "runs": {
                "batter": 0,
                "extras": 0,
                "total": 0
              }
            },
            {
              "batter": "VS Wategaonkar",
              "bowler": "K Nassoro",
              "non_striker": "Zeeshan Maqsood",
              "runs": {
                "batter": 0,
                "extras": 0,
                "total": 0
              }
            },
            {
              "batter": "VS Wategaonkar",
              "bowler": "K Nassoro",
              "non_striker": "Zeeshan Maqsood",
              "runs": {
                "batter": 1,
                "extras": 0,
                "total": 1
              }
            },
            {
              "batter": "Zeeshan Maqsood",
              "bowler": "K Nassoro",
              "non_striker": "VS Wategaonkar",
              "runs": {
                "batter": 4,
                "extras": 0,
                "total": 4
              }
            },
            {
              "batter": "Zeeshan Maqsood",
              "bowler": "K Nassoro",
              "non_striker": "VS Wategaonkar",
              "runs": {
                "batter": 0,
                "extras": 0,
                "total": 0
              }
            },
            {
              "batter": "Zeeshan Maqsood",
              "bowler": "K Nassoro",
              "non_striker": "VS Wategaonkar",
              "runs": {
                "batter": 0,
                "extras": 0,
                "total": 0
              }
            }
          ]
        },
        {
          "over": 13,
          "deliveries": [
            {
              "batter": "VS Wategaonkar",
              "bowler": "A Dagar",
              "non_striker": "Zeeshan Maqsood",
              "runs": {
                "batter": 0,
                "extras": 0,
                "total": 0
              }
            },
            {
              "batter": "VS Wategaonkar",
              "bowler": "A Dagar",
              "non_striker": "Zeeshan Maqsood",
              "runs": {
                "batter": 0,
                "extras": 0,
                "total": 0
              }
            },
            {
              "batter": "VS Wategaonkar",
              "bowler": "A Dagar",
              "non_striker": "Zeeshan Maqsood",
              "runs": {
                "batter": 2,
                "extras": 0,
                "total": 2
              }
            },
            {
              "batter": "VS Wategaonkar",
              "bowler": "A Dagar",
              "non_striker": "Zeeshan Maqsood",
              "runs": {
                "batter": 1,
                "extras": 0,
                "total": 1
              }
            },
            {
              "batter": "Zeeshan Maqsood",
              "bowler": "A Dagar",
              "non_striker": "VS Wategaonkar",
              "runs": {
                "batter": 1,
                "extras": 0,
                "total": 1
              }
            },
            {
              "batter": "VS Wategaonkar",
              "bowler": "A Dagar",
              "non_striker": "Zeeshan Maqsood",
              "runs": {
                "batter": 0,
                "extras": 0,
                "total": 0
              }
            }
          ]
        },
        {
          "over": 14,
          "deliveries": [
            {
              "batter": "Zeeshan Maqsood",
              "bowler": "K Nassoro",
              "non_striker": "VS Wategaonkar",
              "runs": {
                "batter": 2,
                "extras": 0,
                "total": 2
              }
            },
            {
              "batter": "Zeeshan Maqsood",
              "bowler": "K Nassoro",
              "non_striker": "VS Wategaonkar",
              "runs": {
                "batter": 4,
                "extras": 0,
                "total": 4
              }
            },
            {
              "batter": "Zeeshan Maqsood",
              "bowler": "K Nassoro",
              "non_striker": "VS Wategaonkar",
              "runs": {
                "batter": 0,
                "extras": 0,
                "total": 0
              }
            },
            {
              "batter": "Zeeshan Maqsood",
              "bowler": "K Nassoro",
              "non_striker": "VS Wategaonkar",
              "runs": {
                "batter": 3,
                "extras": 0,
                "total": 3
              }
            },
            {
              "batter": "VS Wategaonkar",
              "bowler": "K Nassoro",
              "non_striker": "Zeeshan Maqsood",
              "runs": {
                "batter": 0,
                "extras": 0,
                "total": 0
              }
            },
            {
              "batter": "VS Wategaonkar",
              "bowler": "K Nassoro",
              "non_striker": "Zeeshan Maqsood",
              "runs": {
                "batter": 1,
                "extras": 0,
                "total": 1
              }
            }
          ]
        },
        {
          "over": 15,
          "deliveries": [
            {
              "batter": "VS Wategaonkar",
              "bowler": "A Dagar",
              "non_striker": "Zeeshan Maqsood",
              "runs": {
                "batter": 1,
                "extras": 0,
                "total": 1
              }
            },
            {
              "batter": "Zeeshan Maqsood",
              "bowler": "A Dagar",
              "non_striker": "VS Wategaonkar",
              "runs": {
                "batter": 1,
                "extras": 0,
                "total": 1
              }
            },
            {
              "batter": "VS Wategaonkar",
              "bowler": "A Dagar",
              "non_striker": "Zeeshan Maqsood",
              "runs": {
                "batter": 0,
                "extras": 0,
                "total": 0
              }
            },
            {
              "batter": "VS Wategaonkar",
              "bowler": "A Dagar",
              "non_striker": "Zeeshan Maqsood",
              "runs": {
                "batter": 2,
                "extras": 0,
                "total": 2
              }
            },
            {
              "batter": "VS Wategaonkar",
              "bowler": "A Dagar",
              "non_striker": "Zeeshan Maqsood",
              "runs": {
                "batter": 1,
                "extras": 0,
                "total": 1
              }
            },
            {
              "batter": "Zeeshan Maqsood",
              "bowler": "A Dagar",
              "non_striker": "VS Wategaonkar",
              "runs": {
                "batter": 0,
                "extras": 0,
                "total": 0
              }
            }
          ]
        },
        {
          "over": 16,
          "deliveries": [
            {
              "batter": "VS Wategaonkar",
              "bowler": "RK Kiseto",
              "non_striker": "Zeeshan Maqsood",
              "runs": {
                "batter": 4,
                "extras": 0,
                "total": 4
              }
            },
            {
              "batter": "VS Wategaonkar",
              "bowler": "RK Kiseto",
              "non_striker": "Zeeshan Maqsood",
              "runs": {
                "batter": 1,
                "extras": 0,
                "total": 1
              }
            },
            {
              "batter": "Zeeshan Maqsood",
              "bowler": "RK Kiseto",
              "non_striker": "VS Wategaonkar",
              "runs": {
                "batter": 4,
                "extras": 0,
                "total": 4
              }
            },
            {
              "batter": "Zeeshan Maqsood",
              "bowler": "RK Kiseto",
              "non_striker": "VS Wategaonkar",
              "runs": {
                "batter": 1,
                "extras": 0,
                "total": 1
              }
            },
            {
              "batter": "VS Wategaonkar",
              "bowler": "RK Kiseto",
              "non_striker": "Zeeshan Maqsood",
              "runs": {
                "batter": 1,
                "extras": 0,
                "total": 1
              }
            },
            {
              "batter": "Zeeshan Maqsood",
              "bowler": "RK Kiseto",
              "non_striker": "VS Wategaonkar",
              "runs": {
                "batter": 1,
                "extras": 0,
                "total": 1
              }
            }
          ]
        },
        {
          "over": 17,
          "deliveries": [
            {
              "batter": "Zeeshan Maqsood",
              "bowler": "A Dagar",
              "non_striker": "VS Wategaonkar",
              "runs": {
                "batter": 0,
                "extras": 0,
                "total": 0
              }
            },
            {
              "batter": "Zeeshan Maqsood",
              "bowler": "A Dagar",
              "non_striker": "VS Wategaonkar",
              "runs": {
                "batter": 1,
                "extras": 0,
                "total": 1
              }
            },
            {
              "batter": "VS Wategaonkar",
              "bowler": "A Dagar",
              "non_striker": "Zeeshan Maqsood",
              "runs": {
                "batter": 4,
                "extras": 0,
                "total": 4
              }
            }
          ]
        }
      ],
      "powerplays": [
        {
          "from": 0.1,
          "to": 9.6,
          "type": "mandatory"
        },
        {
          "from": 10.1,
          "to": 17.3,
          "type": "mandatory"
        }
      ],
      "target": {
        "overs": 50,
        "runs": 95
      }
    }
  ]
}